candidate_id,y_true,y_pred
Ca3(GaN2)2__NaLiTe,0.31898516,0.24136974
Ca3(GaN2)2__NaLiTe,0.4236051,0.5123544
Ca3(GaN2)2__NaLiTe,0.5006012,0.48301372
Ca3(GaN2)2__NaLiTe,0.52742606,0.6124781
K5Na(Ti2Se9)3__SbF4,0.44208333,0.6395933
K5Na(Ti2Se9)3__SbF4,0.5380718,0.53993225
K5Na(Ti2Se9)3__SbF4,0.44324347,0.42892143
K5Na(Ti2Se9)3__SbF4,0.99218863,0.9751942
KTiPSe5__ZnCN2,0.16282193,0.14707357
KTiPSe5__ZnCN2,1.665134,1.7581044
KTiPSe5__ZnCN2,0.62340504,0.6164087
KTiPSe5__ZnCN2,0.32342178,0.34959605
Na6P4Pb3S16__NaH2N,0.7511573,0.7285334
Na6P4Pb3S16__NaH2N,0.5391862,0.45954168
Na6P4Pb3S16__NaH2N,0.54153955,0.50050396
Na6P4Pb3S16__NaH2N,0.1610299,0.1627469
KPbO2__K2ZnS2,0.081442624,0.092690066
KPbO2__K2ZnS2,0.44289085,0.39762375
KPbO2__K2ZnS2,0.55682856,0.55566746
KPbO2__K2ZnS2,0.17967305,0.19254908
NaSb5O13__Na2PS3,0.71571183,0.6226811
NaSb5O13__Na2PS3,0.63546836,0.4963404
NaSb5O13__Na2PS3,0.43223718,0.4712389
NaSb5O13__Na2PS3,0.13757439,0.12849861
Li2Te2O5__K6Ti2O7,1.347444,1.1032374
Li2Te2O5__K6Ti2O7,0.40219474,0.31114614
Li2Te2O5__K6Ti2O7,1.2236135,1.0029149
Li2Te2O5__K6Ti2O7,0.65283245,0.60450274
Ca3(Si4P7)2__Li2ZnSnS4,1.483714,1.332493
Ca3(Si4P7)2__Li2ZnSnS4,0.6831678,0.6584332
Ca3(Si4P7)2__Li2ZnSnS4,1.6004169,1.5425137
Ca3(Si4P7)2__Li2ZnSnS4,0.30368757,0.26669854
Cd3SiO5__NaGaGeO4,0.61680603,0.5678863
Cd3SiO5__NaGaGeO4,0.69133687,0.5991234
Cd3SiO5__NaGaGeO4,0.4976204,0.56347466
Cd3SiO5__NaGaGeO4,1.288821,1.1776687
Na4Al3Ge3IO12__K2TeH6SO10,0.10162085,0.09019309
Na4Al3Ge3IO12__K2TeH6SO10,0.87136066,0.9076307
Na4Al3Ge3IO12__K2TeH6SO10,0.18518454,0.13368994
Na4Al3Ge3IO12__K2TeH6SO10,0.47403017,0.35951266
Ca11InSb9__Zn3PBr3,0.22466306,0.26672077
Ca11InSb9__Zn3PBr3,0.62321717,0.62216985
Ca11InSb9__Zn3PBr3,0.82009524,0.8601372
Ca11InSb9__Zn3PBr3,0.6329478,0.6487195
NaGe__Ga(IO3)3,0.2850844,0.27281994
NaGe__Ga(IO3)3,0.4848618,0.5275367
NaGe__Ga(IO3)3,0.5686209,0.5888969
NaGe__Ga(IO3)3,0.14841087,0.16405824
KPS3__AsClF8,1.5351423,1.4844748
KPS3__AsClF8,0.661088,0.7173193
KPS3__AsClF8,0.39646453,0.38132277
KPS3__AsClF8,0.21962625,0.23901263
Li2TeS3__Cd(NO3)2,1.0407642,0.90629816
Li2TeS3__Cd(NO3)2,1.8859893,1.8006254
Li2TeS3__Cd(NO3)2,0.22579138,0.21800655
Li2TeS3__Cd(NO3)2,0.61107874,0.5351237
Na8TiAs4__Na3Ga3(TeO6)2,0.75145197,0.7699033
Na8TiAs4__Na3Ga3(TeO6)2,1.5748676,1.1545632
Na8TiAs4__Na3Ga3(TeO6)2,0.50246567,0.4919346
Na8TiAs4__Na3Ga3(TeO6)2,0.4564573,0.4159694
TePb__NaAlAsO4F,0.8051706,0.66679364
TePb__NaAlAsO4F,0.104554445,0.07205228
TePb__NaAlAsO4F,0.25300977,0.22056681
TePb__NaAlAsO4F,1.2161674,1.0789409
K2Zn3O4__Zn2Te3O8,0.876866,0.9048922
K2Zn3O4__Zn2Te3O8,0.3436918,0.3113292
K2Zn3O4__Zn2Te3O8,0.19386826,0.23431492
K2Zn3O4__Zn2Te3O8,0.42077225,0.41123942
Ca2Ge__KH3(SeO4)2,0.8468401,0.78781587
Ca2Ge__KH3(SeO4)2,0.61902493,0.62828827
Ca2Ge__KH3(SeO4)2,1.1950637,1.2525107
Ca2Ge__KH3(SeO4)2,0.4400265,0.46957067
Na3In2(AsO4)3__KInAs3H7O13,0.53890973,0.32625836
Na3In2(AsO4)3__KInAs3H7O13,0.9580207,0.8621693
Na3In2(AsO4)3__KInAs3H7O13,1.9435222,1.9809374
Na3In2(AsO4)3__KInAs3H7O13,0.6484926,0.5550898
K2PbO2__GeAsSe,1.1576548,1.2883989
K2PbO2__GeAsSe,1.2721747,1.3743582
K2PbO2__GeAsSe,0.5971153,0.5943105
K2PbO2__GeAsSe,1.1391505,1.1743091
Cd2SnO4__S3(NO7)2,0.43985796,0.4561733
Cd2SnO4__S3(NO7)2,1.6721852,1.6714222
Cd2SnO4__S3(NO7)2,0.15731461,0.16438933
Cd2SnO4__S3(NO7)2,1.1959742,0.9945828
SnF2__K11Cd2Sb5,0.78828704,0.81718576
SnF2__K11Cd2Sb5,1.1656281,1.1483428
SnF2__K11Cd2Sb5,0.29705092,0.24240658
SnF2__K11Cd2Sb5,0.23329477,0.203206
HI3__Na3CdPCO7,0.2590902,0.2934727
HI3__Na3CdPCO7,0.20795164,0.1837596
HI3__Na3CdPCO7,1.131081,1.1696565
HI3__Na3CdPCO7,0.60453266,0.6246864
NaS2__Na2TiZn2GeO7,0.2684891,0.26481757
NaS2__Na2TiZn2GeO7,0.93705654,0.9869336
NaS2__Na2TiZn2GeO7,0.47855774,0.47733685
NaS2__Na2TiZn2GeO7,0.13573341,0.15216658
Na2Te__KHS,0.53043586,0.3951437
Na2Te__KHS,0.94126594,0.8385234
Na2Te__KHS,0.16232322,0.12502329
Na2Te__KHS,0.97641,1.0370346
SbBrF8__Li3SbS4,0.24636947,0.23825893
SbBrF8__Li3SbS4,1.8589288,1.7703791
SbBrF8__Li3SbS4,0.15470421,0.16679406
SbBrF8__Li3SbS4,0.8795813,0.87122893
Ca2PI__NaIn(GeO3)2,1.0561398,1.0729947
Ca2PI__NaIn(GeO3)2,1.1472635,1.3412098
Ca2PI__NaIn(GeO3)2,0.14534536,0.14913139
Ca2PI__NaIn(GeO3)2,0.3388799,0.38183916
NaZnAs__K2Ge2PbS6,1.0001656,0.9906528
NaZnAs__K2Ge2PbS6,0.064678214,0.060870476
NaZnAs__K2Ge2PbS6,1.5814112,1.4533155
NaZnAs__K2Ge2PbS6,0.53463835,0.6229805
TPD__SbBr3,1.3945369,1.3294977
TPD__SbBr3,0.19208425,0.20345014
TPD__SbBr3,0.20156778,0.23668331
TPD__SbBr3,0.4175211,0.4229684
Pb3SeO5__Ca(AlSe2)2,0.06666101,0.095056705
Pb3SeO5__Ca(AlSe2)2,1.1495163,1.220954
Pb3SeO5__Ca(AlSe2)2,0.6085331,0.7370866
Pb3SeO5__Ca(AlSe2)2,0.3952349,0.4926909
K5Zn4Sn5H4S17N__Na2Ti6O13,0.07292331,0.18465766
K5Zn4Sn5H4S17N__Na2Ti6O13,0.7224438,1.6831527
K5Zn4Sn5H4S17N__Na2Ti6O13,0.46093276,1.0448464
K5Zn4Sn5H4S17N__Na2Ti6O13,0.30765593,0.7524837
K2NaAlP2__Cd4As2Cl3,1.21039,1.1338314
K2NaAlP2__Cd4As2Cl3,0.33425754,0.2946639
K2NaAlP2__Cd4As2Cl3,0.23458815,0.2142792
K2NaAlP2__Cd4As2Cl3,0.9261854,0.93956494
K2SbCl5__AlInS3,0.63141674,0.64843386
K2SbCl5__AlInS3,0.4177969,0.3774489
K2SbCl5__AlInS3,0.78903836,0.77520686
K2SbCl5__AlInS3,0.050695267,0.058812156
NaLi2Sb__Na5AlO4,1.1789047,1.1236823
NaLi2Sb__Na5AlO4,0.16502962,0.19145986
NaLi2Sb__Na5AlO4,0.50606817,0.6434326
NaLi2Sb__Na5AlO4,0.40783858,0.48432457
KP__K6ZnSe4,0.21816345,0.1735327
KP__K6ZnSe4,0.11358872,0.08277147
KP__K6ZnSe4,0.44845662,0.29956183
KP__K6ZnSe4,0.91972387,0.75343335
Zn(InSe2)2__Ca3(AlAs2)2,0.45454183,0.5672112
Zn(InSe2)2__Ca3(AlAs2)2,0.1936919,0.25573707
Zn(InSe2)2__Ca3(AlAs2)2,0.36522812,0.508172
Zn(InSe2)2__Ca3(AlAs2)2,0.26056978,0.37123188
K2Sn2O3__Ca5P8,0.42242333,0.4698914
K2Sn2O3__Ca5P8,0.40101397,0.4258621
K2Sn2O3__Ca5P8,0.69032115,0.7569526
K2Sn2O3__Ca5P8,0.41030392,0.4359788
KCdGeAs2__InCl,1.2457671,1.3296458
KCdGeAs2__InCl,0.17933993,0.2355164
KCdGeAs2__InCl,0.12692514,0.14416927
KCdGeAs2__InCl,1.0824974,1.2079381
InBr__NaPS3,1.0610294,1.1349647
InBr__NaPS3,1.197125,1.0366943
InBr__NaPS3,0.7904057,0.62555444
InBr__NaPS3,0.695898,0.52425134
Na6S2O9__InOF,0.07543107,0.06280811
Na6S2O9__InOF,0.5500873,0.4421095
Na6S2O9__InOF,0.44586822,0.40804857
Na6S2O9__InOF,0.26376656,0.2203548
Li2TeS3__CdI2,1.1548924,1.0389544
Li2TeS3__CdI2,0.7030914,0.599848
Li2TeS3__CdI2,0.22069877,0.18481083
Li2TeS3__CdI2,0.59527135,0.49047056
KGaTe2__SbCl5,1.4448129,1.5095582
KGaTe2__SbCl5,1.1815778,1.1682161
KGaTe2__SbCl5,0.27612552,0.2554139
KGaTe2__SbCl5,0.19745153,0.17686331
AlGaAs2__NaGaO2,1.0666624,1.029444
AlGaAs2__NaGaO2,0.4171198,0.3375564
AlGaAs2__NaGaO2,0.7205247,0.63084984
AlGaAs2__NaGaO2,0.09339587,0.08058545
Na2TiS2O__K5LiGe2O7,0.74549156,0.6712571
Na2TiS2O__K5LiGe2O7,0.5595461,0.5040882
Na2TiS2O__K5LiGe2O7,0.60031986,0.5793446
Na2TiS2O__K5LiGe2O7,0.19121693,0.1605643
K2In(PSe4)2__Na2Cd3(P2O7)2,1.070586,1.0899181
K2In(PSe4)2__Na2Cd3(P2O7)2,0.6002291,0.63597333
K2In(PSe4)2__Na2Cd3(P2O7)2,1.4710983,1.4195431
K2In(PSe4)2__Na2Cd3(P2O7)2,0.50832653,0.54067725
Ca3AlAs3__Na2SeO4,0.62547946,0.65135205
Ca3AlAs3__Na2SeO4,0.120446555,0.12485425
Ca3AlAs3__Na2SeO4,0.8437893,0.96501565
Ca3AlAs3__Na2SeO4,0.93395084,0.9373986
NaTiSe4__CdCN2,0.09956001,0.1190867
NaTiSe4__CdCN2,1.7798481,2.4795513
NaTiSe4__CdCN2,1.5874541,2.3016973
NaTiSe4__CdCN2,0.92279994,1.038617
K7LiSi8__K2SnO2,0.8354838,0.8330337
K7LiSi8__K2SnO2,0.21315378,0.22664784
K7LiSi8__K2SnO2,0.4581251,0.4043393
K7LiSi8__K2SnO2,0.19519824,0.15592377
LiZnAs__LiGa5O8,1.2893925,1.37892
LiZnAs__LiGa5O8,0.2429101,0.28912333
LiZnAs__LiGa5O8,0.51782936,0.56954265
LiZnAs__LiGa5O8,0.32224244,0.34260273
K2CdGeO4__AlInS3,0.0689656,0.05255396
K2CdGeO4__AlInS3,0.67551845,0.58680665
K2CdGeO4__AlInS3,0.12095538,0.09422168
K2CdGeO4__AlInS3,0.26369086,0.23315907
K4PbO4__KLiS,0.30366236,0.31842688
K4PbO4__KLiS,0.8032224,0.74465096
K4PbO4__KLiS,0.68405324,0.68974185
K4PbO4__KLiS,0.2424576,0.20395948
Ca(ZnP)2__Ca2Si,0.75486547,0.7597237
Ca(ZnP)2__Ca2Si,0.25019225,0.20008233
Ca(ZnP)2__Ca2Si,0.16962394,0.16545954
Ca(ZnP)2__Ca2Si,1.3392016,1.0665032
InSb2S4Br__KNO3,2.611568,2.0138445
InSb2S4Br__KNO3,0.61586183,0.49881023
InSb2S4Br__KNO3,0.21639064,0.19184348
InSb2S4Br__KNO3,0.9022001,0.80601645
Li2SnN2__KIO4,1.9469057,1.3993452
Li2SnN2__KIO4,1.5605817,1.1840817
Li2SnN2__KIO4,1.5478785,1.1827887
Li2SnN2__KIO4,0.732355,0.4701584
P4S9__InCl3,1.1204875,0.85964006
P4S9__InCl3,1.1391681,1.0799966
P4S9__InCl3,1.5493648,1.2836363
P4S9__InCl3,0.49173412,0.36796957
K(SiAs)3__AlICl6,0.30220076,0.31717607
K(SiAs)3__AlICl6,0.13712858,0.15685588
K(SiAs)3__AlICl6,1.7351582,1.8426977
K(SiAs)3__AlICl6,0.03846547,0.06647503
Li2SnO3__CaTe2O5,0.6281846,0.65855694
Li2SnO3__CaTe2O5,0.278124,0.24528658
Li2SnO3__CaTe2O5,0.1798855,0.10604008
Li2SnO3__CaTe2O5,0.24461688,0.14409442
K2LiGaAs2__Ca3Zn3(TeO6)2,0.4035264,0.42823642
K2LiGaAs2__Ca3Zn3(TeO6)2,0.28724056,0.26938048
K2LiGaAs2__Ca3Zn3(TeO6)2,1.141369,1.1433765
K2LiGaAs2__Ca3Zn3(TeO6)2,1.0763397,1.2030503
ICl3__Na2Ti2Se9,0.12693344,0.11866305
ICl3__Na2Ti2Se9,0.37321788,0.3769069
ICl3__Na2Ti2Se9,0.6906758,0.71627945
ICl3__Na2Ti2Se9,1.8157992,1.75764
Na5SnP3__Na5InS4,0.2994437,0.2490054
Na5SnP3__Na5InS4,0.5688887,0.510699
Na5SnP3__Na5InS4,0.37186477,0.37433332
Na5SnP3__Na5InS4,1.6546023,1.6369039
Li2TeS3__K2ZnSe2,1.0030743,0.92213327
Li2TeS3__K2ZnSe2,0.7193321,0.58107996
Li2TeS3__K2ZnSe2,0.6494399,0.610851
Li2TeS3__K2ZnSe2,0.36895692,0.2848904
Zn2AsHO5__K2LiSn4,0.6095671,0.58765215
Zn2AsHO5__K2LiSn4,0.7405286,0.7693059
Zn2AsHO5__K2LiSn4,0.35835296,0.3762721
Zn2AsHO5__K2LiSn4,1.5342147,1.4501113
Alq3__Ti6CCl14,0.87596893,0.8851144
Alq3__Ti6CCl14,0.1697359,0.16299124
Alq3__Ti6CCl14,0.15430367,0.15721512
Alq3__Ti6CCl14,0.23001382,0.1943818
K2Ga2As3__K6CdO4,0.49299762,0.45453635
K2Ga2As3__K6CdO4,0.7101441,0.72837836
K2Ga2As3__K6CdO4,0.49612635,0.39229488
K2Ga2As3__K6CdO4,0.36330244,0.30026513
Zn3Cd3(TeO6)2__TPD,0.41556823,0.31850186
Zn3Cd3(TeO6)2__TPD,0.73849267,0.4511315
Zn3Cd3(TeO6)2__TPD,1.9235775,1.5169479
Zn3Cd3(TeO6)2__TPD,0.77215445,0.65531874
Ca3(GeAs2)2__NaAsO3,1.1202239,1.0732741
Ca3(GeAs2)2__NaAsO3,0.28238025,0.35172012
Ca3(GeAs2)2__NaAsO3,0.5117573,0.5896556
Ca3(GeAs2)2__NaAsO3,0.84870994,0.8713814
Sb2Se3__Sn2SI2,0.15566748,0.06294568
Sb2Se3__Sn2SI2,1.6955837,1.4100704
Sb2Se3__Sn2SI2,1.4608009,1.3944811
Sb2Se3__Sn2SI2,0.7491758,0.52504784
K2SbPO6__Na2Ti6O13,0.026282627,0.09129374
K2SbPO6__Na2Ti6O13,0.3784751,0.8372966
K2SbPO6__Na2Ti6O13,0.17205806,0.29515347
K2SbPO6__Na2Ti6O13,0.3823756,0.8040652
K4CdAs2__K3Al2As3,0.08518479,0.08288367
K4CdAs2__K3Al2As3,0.050200265,0.053097785
K4CdAs2__K3Al2As3,0.37832305,0.23460114
K4CdAs2__K3Al2As3,0.97634083,0.8062146
Sn(SO4)2__Ca3AlAs3,0.72937924,0.6872942
Sn(SO4)2__Ca3AlAs3,0.14973685,0.18149075
Sn(SO4)2__Ca3AlAs3,0.33103228,0.36251467
Sn(SO4)2__Ca3AlAs3,0.32296425,0.36134654
K3AsO4__InAs(H2O3)2,0.22952166,0.17566964
K3AsO4__InAs(H2O3)2,1.369094,1.1845293
K3AsO4__InAs(H2O3)2,0.65356594,0.62655914
K3AsO4__InAs(H2O3)2,0.5382145,0.44648945
Ca11InSb9__S(IO3)2,0.18503924,0.15806016
Ca11InSb9__S(IO3)2,0.42844072,0.38315728
Ca11InSb9__S(IO3)2,0.77099454,0.6883212
Ca11InSb9__S(IO3)2,0.75389504,0.82319504
NaAs__CdP4,0.16384113,0.21073931
NaAs__CdP4,0.1819588,0.22359705
NaAs__CdP4,0.34349236,0.3647391
NaAs__CdP4,0.2805552,0.25332826
Na4TiP2O9__SeO2,0.86364853,0.84879005
Na4TiP2O9__SeO2,2.3004782,2.1500378
Na4TiP2O9__SeO2,1.7647461,1.9443494
Na4TiP2O9__SeO2,0.2105928,0.22331738
MEH-PPV__NaP3(PbO3)4,0.7540951,1.4661615
MEH-PPV__NaP3(PbO3)4,0.2730587,0.4357386
MEH-PPV__NaP3(PbO3)4,0.7992431,1.3753158
MEH-PPV__NaP3(PbO3)4,0.5045633,0.7515417
K2NaAlH6__Zn3Te2P2(PbO7)2,0.15454927,0.16661552
K2NaAlH6__Zn3Te2P2(PbO7)2,0.3857911,0.37288716
K2NaAlH6__Zn3Te2P2(PbO7)2,0.9264073,0.78693986
K2NaAlH6__Zn3Te2P2(PbO7)2,0.6049745,0.5662603
K5SnAs3__CaTi4(PO4)6,0.5262949,0.4977211
K5SnAs3__CaTi4(PO4)6,0.6102334,0.6230789
K5SnAs3__CaTi4(PO4)6,0.69695604,0.7217541
K5SnAs3__CaTi4(PO4)6,0.4582971,0.43274057
InSbS3__CaPSe3,1.2491213,1.2469906
InSbS3__CaPSe3,0.4111705,0.26377156
InSbS3__CaPSe3,1.1807647,0.8324819
InSbS3__CaPSe3,0.30733714,0.25071895
AlAs3S5Cl4__Na3As4H5O14,0.83896416,0.76526874
AlAs3S5Cl4__Na3As4H5O14,0.3710106,0.29130214
AlAs3S5Cl4__Na3As4H5O14,0.49793,0.48770928
AlAs3S5Cl4__Na3As4H5O14,1.2793643,1.100358
TeSe2__Na3SbO3,1.5679516,1.5009917
TeSe2__Na3SbO3,1.3246746,1.1079159
TeSe2__Na3SbO3,1.3196025,1.3005137
TeSe2__Na3SbO3,0.34586248,0.36455715
K4P21I__Ga2Sn2S5,0.4030802,0.3689928
K4P21I__Ga2Sn2S5,0.42552426,0.7303093
K4P21I__Ga2Sn2S5,0.29273596,0.31007347
K4P21I__Ga2Sn2S5,0.26655862,0.18272738
AlPI8__Na4SnO4,0.5554425,0.39517134
AlPI8__Na4SnO4,0.89625406,0.6689944
AlPI8__Na4SnO4,1.0819297,0.88314235
AlPI8__Na4SnO4,0.2461192,0.2254613
Ca2Sb2O7__K3P11,0.13557823,0.13767588
Ca2Sb2O7__K3P11,0.17557247,0.1527982
Ca2Sb2O7__K3P11,0.58334816,0.54418755
Ca2Sb2O7__K3P11,0.34779316,0.30329326
Zn3TeO6__K2GaSb2,0.73557764,0.71639097
Zn3TeO6__K2GaSb2,0.16608648,0.19619325
Zn3TeO6__K2GaSb2,0.11651098,0.14764683
Zn3TeO6__K2GaSb2,0.4198501,0.43787065
Zn(InTe2)2__TePbO3,0.8096551,0.7793268
Zn(InTe2)2__TePbO3,0.90934414,0.9220542
Zn(InTe2)2__TePbO3,0.7722198,0.8709011
Zn(InTe2)2__TePbO3,0.52436364,0.5711304
LiH__Li3AlN2,0.13935013,0.13924688
LiH__Li3AlN2,0.18678577,0.14578426
LiH__Li3AlN2,0.06460117,0.053268135
LiH__Li3AlN2,0.5950444,0.6136219
Na5GaO4__CaTe2O5,0.81503963,0.7985271
Na5GaO4__CaTe2O5,1.2990844,1.211933
Na5GaO4__CaTe2O5,1.5035828,1.3431774
Na5GaO4__CaTe2O5,0.7077125,0.83433515
NaAsS2__K4Sb2O5,0.21800868,0.23382002
NaAsS2__K4Sb2O5,0.93651426,0.9924646
NaAsS2__K4Sb2O5,0.6314118,0.59665525
NaAsS2__K4Sb2O5,0.28904295,0.26734868
CdS__Ti2PCl13,1.0654333,1.0154717
CdS__Ti2PCl13,0.23775902,0.2595678
CdS__Ti2PCl13,1.1318233,1.110347
CdS__Ti2PCl13,0.053814244,0.07583078
Na6ZnO4__P3BrCl14,0.4721971,0.48695454
Na6ZnO4__P3BrCl14,0.31022468,0.27018723
Na6ZnO4__P3BrCl14,0.1333491,0.11157106
Na6ZnO4__P3BrCl14,0.7317491,0.7127236
K5LiGe2O7__KH,0.20666812,0.22087145
K5LiGe2O7__KH,0.55660826,0.40798894
K5LiGe2O7__KH,0.9576805,0.8750406
K5LiGe2O7__KH,0.7408559,0.44375545
Na2TiSiO5__Ca4Al6TeO12,0.41558498,0.38110453
Na2TiSiO5__Ca4Al6TeO12,0.4396962,0.46654066
Na2TiSiO5__Ca4Al6TeO12,0.6017183,0.57176566
Na2TiSiO5__Ca4Al6TeO12,1.0995543,1.058874
In2(SeO4)3__NaZnSiHO4,0.08590401,0.11253406
In2(SeO4)3__NaZnSiHO4,0.23465143,0.35879382
In2(SeO4)3__NaZnSiHO4,0.056160495,0.117503405
In2(SeO4)3__NaZnSiHO4,0.12248758,0.17829894
KGaSb2__GePbS3,1.2585008,1.4739335
KGaSb2__GePbS3,0.32056424,0.36967137
KGaSb2__GePbS3,0.65949416,0.68229824
KGaSb2__GePbS3,0.33929008,0.47308323
Ti2Sb2Pb4O13__SbSCl9,0.24922894,0.25619534
Ti2Sb2Pb4O13__SbSCl9,0.14541419,0.15917508
Ti2Sb2Pb4O13__SbSCl9,1.4478714,1.5423539
Ti2Sb2Pb4O13__SbSCl9,0.1538116,0.1492419
NaCdPO4__LiInSiO4,1.1945927,1.0562931
NaCdPO4__LiInSiO4,0.12809446,0.119166456
NaCdPO4__LiInSiO4,0.66505885,0.58672106
NaCdPO4__LiInSiO4,1.1400874,1.0035934
Li10Si(PSe6)2__In2(CN2)3,1.1693428,0.9251617
Li10Si(PSe6)2__In2(CN2)3,0.3984008,0.32050774
Li10Si(PSe6)2__In2(CN2)3,0.31975886,0.21882008
Li10Si(PSe6)2__In2(CN2)3,0.81495684,0.6139364
PCBM__NaAlSe2,2.0567186,1.8641486
PCBM__NaAlSe2,1.8056686,1.6443434
PCBM__NaAlSe2,0.986277,0.98865104
PCBM__NaAlSe2,0.3946981,0.48729727
KInAs3H7O13__LiGaS2,1.26245,1.0834144
KInAs3H7O13__LiGaS2,0.06495549,0.06514219
KInAs3H7O13__LiGaS2,0.28538513,0.25567532
KInAs3H7O13__LiGaS2,0.1758918,0.14225502
K2TeSe3__CaTiO3,0.59198076,0.6056536
K2TeSe3__CaTiO3,0.17612766,0.15094416
K2TeSe3__CaTiO3,0.64895415,0.5530318
K2TeSe3__CaTiO3,0.6767173,0.61104
Te3(PbO4)2__TeO2,0.3387991,0.4213454
Te3(PbO4)2__TeO2,0.7155325,0.81815803
Te3(PbO4)2__TeO2,0.7715709,1.0091894
Te3(PbO4)2__TeO2,0.37616146,0.40178642
KCa(H2N)3__Ca5(IO6)2,0.48206028,0.4047154
KCa(H2N)3__Ca5(IO6)2,0.34179574,0.3337019
KCa(H2N)3__Ca5(IO6)2,1.0604122,1.0362072
KCa(H2N)3__Ca5(IO6)2,0.78901464,0.69958365
Na4GeSe4__BrNO3,0.3860696,0.70948803
Na4GeSe4__BrNO3,0.30095485,0.53374875
Na4GeSe4__BrNO3,0.44365066,0.7393261
Na4GeSe4__BrNO3,0.12196933,0.2142097
Ga10GePb3O20__CdH2SeO5,0.4840782,0.47690824
Ga10GePb3O20__CdH2SeO5,0.2882313,0.29759157
Ga10GePb3O20__CdH2SeO5,0.94549394,0.9354774
Ga10GePb3O20__CdH2SeO5,0.4655832,0.41959056
S(IO3)2__BrCl,0.2268856,0.22688237
S(IO3)2__BrCl,0.33737412,0.38241473
S(IO3)2__BrCl,0.8316579,0.82818794
S(IO3)2__BrCl,0.114236526,0.12285453
P2S5__K3LiGe4,1.4729176,1.4269761
P2S5__K3LiGe4,1.2732943,1.1885158
P2S5__K3LiGe4,0.27239105,0.2626636
P2S5__K3LiGe4,1.1351213,1.071709
ZnSe__KSb2PO8,0.30599794,0.29263905
ZnSe__KSb2PO8,0.15105215,0.14124104
ZnSe__KSb2PO8,1.4255271,1.4525646
ZnSe__KSb2PO8,0.9795533,0.9437623
Li2GePbS4__AsClF8,1.5883299,1.9164553
Li2GePbS4__AsClF8,0.5052135,0.5561259
Li2GePbS4__AsClF8,0.36116216,0.3655737
Li2GePbS4__AsClF8,1.9588156,2.3739946
KNaS__CdS,0.08802159,0.09622991
KNaS__CdS,0.87822807,0.9315903
KNaS__CdS,0.63599104,0.667897
KNaS__CdS,0.8174011,0.86699057
Sn2OF2__H3C3N5,1.3695816,1.3354644
Sn2OF2__H3C3N5,0.36044294,0.30217007
Sn2OF2__H3C3N5,0.1772545,0.21435046
Sn2OF2__H3C3N5,1.0904316,1.221324
GeBr4__In2(Se2O5)3,0.40831834,0.2894348
GeBr4__In2(Se2O5)3,0.85621756,0.53172565
GeBr4__In2(Se2O5)3,0.088264935,0.08735618
GeBr4__In2(Se2O5)3,0.5910986,0.5063019
Na2O__Li5SbS3I2,0.16733465,0.14501883
Na2O__Li5SbS3I2,0.694959,0.59961385
Na2O__Li5SbS3I2,0.3709151,0.34594107
Na2O__Li5SbS3I2,0.23479679,0.20876953
TeS7Cl2__KTi2(PO4)3,0.09712128,0.14013246
TeS7Cl2__KTi2(PO4)3,0.7416667,0.7699337
TeS7Cl2__KTi2(PO4)3,0.22308032,0.2739189
TeS7Cl2__KTi2(PO4)3,0.5119326,0.5375824
Ca3(SiP2)2__S5(IO9)2,1.5132787,1.5144135
Ca3(SiP2)2__S5(IO9)2,1.1307184,1.1478947
Ca3(SiP2)2__S5(IO9)2,1.4089258,1.4874369
Ca3(SiP2)2__S5(IO9)2,0.42258862,0.41801384
K3SbTe3__TePbO3,0.37115607,0.3428557
K3SbTe3__TePbO3,0.40562347,0.38499424
K3SbTe3__TePbO3,0.46051487,0.48718032
K3SbTe3__TePbO3,0.66697687,0.6688965
SIO3F__Sb2PbO6,0.23475762,0.22292593
SIO3F__Sb2PbO6,0.4204576,0.44502977
SIO3F__Sb2PbO6,1.2967576,1.2685426
SIO3F__Sb2PbO6,0.55604464,0.54350364
HS2IO8__ZnH2SeO5,0.810998,0.7589635
HS2IO8__ZnH2SeO5,0.2504263,0.23725107
HS2IO8__ZnH2SeO5,1.6276455,1.644637
HS2IO8__ZnH2SeO5,0.16738652,0.15618485
LiAs__NaS,0.9163146,0.9266381
LiAs__NaS,0.7608336,0.80182064
LiAs__NaS,0.8472532,0.8985039
LiAs__NaS,1.2651063,1.2750129
NClO3__NaPS3,0.48758703,0.4372771
NClO3__NaPS3,0.6139806,0.5903035
NClO3__NaPS3,1.9321009,2.057826
NClO3__NaPS3,1.1897589,1.0953008
PbI2__Li2GeN2,0.60823774,1.0729936
PbI2__Li2GeN2,0.2426102,0.32828775
PbI2__Li2GeN2,0.7987426,1.3200854
PbI2__Li2GeN2,0.07077228,0.11282574
K2NaH10IO10__KSiSbO5,1.0898719,0.9345145
K2NaH10IO10__KSiSbO5,0.20887302,0.1508279
K2NaH10IO10__KSiSbO5,0.041837048,0.07240395
K2NaH10IO10__KSiSbO5,1.2107621,1.3623894
Zn2Te3O8__SbClF8,0.8574843,0.8298188
Zn2Te3O8__SbClF8,0.19825114,0.15309873
Zn2Te3O8__SbClF8,0.30628353,0.28000975
Zn2Te3O8__SbClF8,0.4401267,0.40458986
NaSbS2__K3GaSe3,0.081135035,0.0879699
NaSbS2__K3GaSe3,0.57436407,0.6176938
NaSbS2__K3GaSe3,1.219918,1.0422883
NaSbS2__K3GaSe3,0.9886275,1.0388062
Cd3SiO5__K4P21I,1.0156,0.9128623
Cd3SiO5__K4P21I,0.39577246,0.3689166
Cd3SiO5__K4P21I,0.2638227,0.24335408
Cd3SiO5__K4P21I,0.7269709,0.693326
LiInTe2__GePbS3,0.04572626,0.056818407
LiInTe2__GePbS3,0.24742028,0.25546658
LiInTe2__GePbS3,0.05039089,0.06425284
LiInTe2__GePbS3,0.3243675,0.35991558
KSb2PO8__K2Zn(SnSe3)2,0.39058346,0.3607789
KSb2PO8__K2Zn(SnSe3)2,0.91505843,0.8463826
KSb2PO8__K2Zn(SnSe3)2,0.60790086,0.5591829
KSb2PO8__K2Zn(SnSe3)2,0.8750661,0.8295432
Na6S2O9__K2PS3,0.0991689,0.08594695
Na6S2O9__K2PS3,1.2527261,1.338522
Na6S2O9__K2PS3,1.4720552,1.2111897
Na6S2O9__K2PS3,0.40811878,0.3340619
CdSe__Na3H5(SeO4)4,0.75669104,0.60112154
CdSe__Na3H5(SeO4)4,0.66274494,0.60266006
CdSe__Na3H5(SeO4)4,0.70481807,0.63878655
CdSe__Na3H5(SeO4)4,0.5301414,0.48542795
GeTe__K2CdSiO4,1.3674047,1.4137312
GeTe__K2CdSiO4,0.10536866,0.113063805
GeTe__K2CdSiO4,1.7927536,1.6609412
GeTe__K2CdSiO4,0.25498575,0.28407326
Na2ZnH4(SeO5)2__Te4P2O13,0.09376193,0.08511484
Na2ZnH4(SeO5)2__Te4P2O13,0.4929492,0.40846804
Na2ZnH4(SeO5)2__Te4P2O13,0.9902184,0.9272256
Na2ZnH4(SeO5)2__Te4P2O13,1.3499681,1.2780051
SbBr5F6__KInTe2,0.20129961,0.20635763
SbBr5F6__KInTe2,0.43573806,0.44876486
SbBr5F6__KInTe2,0.15584654,0.15288618
SbBr5F6__KInTe2,0.6841879,0.7337252
NaInSn2__K2Pb2O3,0.5249841,0.44218284
NaInSn2__K2Pb2O3,0.9052049,0.8571163
NaInSn2__K2Pb2O3,0.054482196,0.0352628
NaInSn2__K2Pb2O3,0.84952605,0.79592067
Zn(InTe2)2__Sb7Se8F35,1.0097026,1.0807949
Zn(InTe2)2__Sb7Se8F35,1.3372135,1.3253256
Zn(InTe2)2__Sb7Se8F35,0.46362346,0.41483727
Zn(InTe2)2__Sb7Se8F35,1.704633,1.7413625
KNa4GaO4__Na2SnO2,0.4736057,0.44489798
KNa4GaO4__Na2SnO2,1.2380942,1.3562626
KNa4GaO4__Na2SnO2,0.19340687,0.20442268
KNa4GaO4__Na2SnO2,0.4963635,0.49898502
Ga2Te5__P3BrCl14,0.21849857,0.25577897
Ga2Te5__P3BrCl14,0.70746034,0.71595776
Ga2Te5__P3BrCl14,1.3572998,1.3628737
Ga2Te5__P3BrCl14,0.3559602,0.37487897
Na10Zn4O9__Na5IO6,0.40464383,0.3562884
Na10Zn4O9__Na5IO6,0.4920053,0.3922555
Na10Zn4O9__Na5IO6,0.95319927,0.86629605
Na10Zn4O9__Na5IO6,0.44246128,0.34314337
LiAsS2__Ca2Si5N8,0.24873033,0.2741846
LiAsS2__Ca2Si5N8,0.38685843,0.4158804
LiAsS2__Ca2Si5N8,0.43575424,0.46954224
LiAsS2__Ca2Si5N8,0.14100698,0.15776864
KTeP2__Ti6CCl14,0.4168003,0.29603007
KTeP2__Ti6CCl14,1.2726221,0.88565147
KTeP2__Ti6CCl14,0.41593358,0.39404395
KTeP2__Ti6CCl14,0.6583928,0.55944455
Cd7(P2Cl3)2__P2H9(CBr)3,0.6207829,0.5604119
Cd7(P2Cl3)2__P2H9(CBr)3,1.0755602,1.0791614
Cd7(P2Cl3)2__P2H9(CBr)3,0.79821575,0.71299887
Cd7(P2Cl3)2__P2H9(CBr)3,0.15843543,0.13987763
K3SnSe3__LiGaO2,0.0733964,0.06643679
K3SnSe3__LiGaO2,0.2820343,0.26857218
K3SnSe3__LiGaO2,1.1489859,1.0401528
K3SnSe3__LiGaO2,0.082098946,0.07589101
K6Zn4Sn5S17__NaSbCl6,0.55963814,0.47614726
K6Zn4Sn5S17__NaSbCl6,1.2965885,1.1970083
K6Zn4Sn5S17__NaSbCl6,0.066387035,0.0687484
K6Zn4Sn5S17__NaSbCl6,0.5293273,0.4471102
Ca3(GaP2)2__In2S3,0.76271904,0.62008524
Ca3(GaP2)2__In2S3,0.2414639,0.25173405
Ca3(GaP2)2__In2S3,0.25152874,0.23010918
Ca3(GaP2)2__In2S3,0.9228772,0.8207973
Na5Al3H14__LiGa(H2N)4,0.21011993,0.18665215
Na5Al3H14__LiGa(H2N)4,0.89193684,0.9356239
Na5Al3H14__LiGa(H2N)4,0.18575741,0.14003012
Na5Al3H14__LiGa(H2N)4,0.2481561,0.1697374
KSnPS4__NClO3,1.109289,0.8511137
KSnPS4__NClO3,0.17094003,0.146842
KSnPS4__NClO3,0.7540985,0.6266495
KSnPS4__NClO3,0.61962366,0.525806
KInBr3__KGeCl3,0.49617288,0.33373582
KInBr3__KGeCl3,0.31703678,0.2174407
KInBr3__KGeCl3,1.3128753,1.2004385
KInBr3__KGeCl3,0.15497623,0.10750129
Na3AsO4__KTe3O6F,0.125168,0.15165593
Na3AsO4__KTe3O6F,0.15720208,0.22063789
Na3AsO4__KTe3O6F,0.41419303,0.5093319
Na3AsO4__KTe3O6F,0.8943832,1.1663622
TeI4__P,0.22952215,0.21698001
TeI4__P,0.12913574,0.12268541
TeI4__P,0.33500195,0.28948203
TeI4__P,0.10734009,0.07430187
NaSe__Ca5P3H,0.06946951,0.057597477
NaSe__Ca5P3H,0.22077584,0.118241176
NaSe__Ca5P3H,0.17288044,0.12402207
NaSe__Ca5P3H,0.42873043,0.3734987
Na5(InTe3)2__Ca3(AlAs2)2,0.3035411,0.36845767
Na5(InTe3)2__Ca3(AlAs2)2,0.35322186,0.3423565
Na5(InTe3)2__Ca3(AlAs2)2,0.4079156,0.5318276
Na5(InTe3)2__Ca3(AlAs2)2,0.12841477,0.21611695
Na5SiAs3__K4Sb2O5,0.26524737,0.25345555
Na5SiAs3__K4Sb2O5,0.22650217,0.23060668
Na5SiAs3__K4Sb2O5,0.20154169,0.19604123
Na5SiAs3__K4Sb2O5,0.8492688,0.7908664
TeO3__NaLiZnS2,0.57588524,0.5552385
TeO3__NaLiZnS2,0.80754924,0.75515276
TeO3__NaLiZnS2,1.1171137,1.1334193
TeO3__NaLiZnS2,0.6294601,0.60669416
Na5SnP3__K2Sb4O11,0.07707937,0.071184605
Na5SnP3__K2Sb4O11,1.3676442,1.2697731
Na5SnP3__K2Sb4O11,0.14063267,0.10649983
Na5SnP3__K2Sb4O11,0.32292107,0.2829542
Pb(IO3)2__NaHO,0.8483402,0.67282706
Pb(IO3)2__NaHO,1.3072202,1.3412308
Pb(IO3)2__NaHO,0.14275798,0.14386705
Pb(IO3)2__NaHO,1.2668458,1.0519735
NaZnAsO4__K2TiSi3(HO5)2,0.6990319,0.4590284
NaZnAsO4__K2TiSi3(HO5)2,0.7217568,0.65940136
NaZnAsO4__K2TiSi3(HO5)2,0.7487303,0.86262167
NaZnAsO4__K2TiSi3(HO5)2,0.23381096,0.14915991
Zn(SbO3)2__Cd(AsO3)2,0.037538406,0.041842125
Zn(SbO3)2__Cd(AsO3)2,0.6303512,0.793043
Zn(SbO3)2__Cd(AsO3)2,0.18452008,0.1930956
Zn(SbO3)2__Cd(AsO3)2,0.09080165,0.08974359
CdHOF__Li2ZnGeS4,0.23576686,0.2475957
CdHOF__Li2ZnGeS4,1.077507,1.1125473
CdHOF__Li2ZnGeS4,0.86757094,0.7418194
CdHOF__Li2ZnGeS4,0.46081486,0.47036356
Na2SnGe2(HO4)2__ZnSeO4,0.4297037,0.38861373
Na2SnGe2(HO4)2__ZnSeO4,0.56418896,0.4695006
Na2SnGe2(HO4)2__ZnSeO4,0.5234559,0.5270041
Na2SnGe2(HO4)2__ZnSeO4,0.32507342,0.30493665
Sb2Te2O9__TiSn6F16,0.24439691,0.24138874
Sb2Te2O9__TiSn6F16,0.45598838,0.31412196
Sb2Te2O9__TiSn6F16,0.13795848,0.09617255
Sb2Te2O9__TiSn6F16,0.07832235,0.058032647
InI2__SbAs2Cl13,0.7158683,0.7064586
InI2__SbAs2Cl13,0.32261413,0.31354773
InI2__SbAs2Cl13,1.8960328,1.6178473
InI2__SbAs2Cl13,1.2079709,1.2361432
SiAs__Na2HF4,0.14348668,0.11715793
SiAs__Na2HF4,1.7305453,1.5959243
SiAs__Na2HF4,0.22117348,0.2034676
SiAs__Na2HF4,0.18855245,0.19644415
Li2SnTeO6__Al2ZnSe4,0.069107875,0.070437565
Li2SnTeO6__Al2ZnSe4,0.029666077,0.03563726
Li2SnTeO6__Al2ZnSe4,1.0981611,1.1216079
Li2SnTeO6__Al2ZnSe4,0.16082981,0.12645832
Na5AlO4__PbF4,0.19308615,0.1935505
Na5AlO4__PbF4,0.6701111,0.60785073
Na5AlO4__PbF4,0.51949793,0.49948615
Na5AlO4__PbF4,0.35231847,0.33796608
KSn2(PO4)3__TeCl4,0.56453735,0.44090188
KSn2(PO4)3__TeCl4,0.9669017,0.8626547
KSn2(PO4)3__TeCl4,0.37257642,0.34787348
KSn2(PO4)3__TeCl4,1.7604973,1.6878084
NaP3(PbO3)4__SIO3F,0.36023423,0.4147171
NaP3(PbO3)4__SIO3F,0.22837812,0.30318996
NaP3(PbO3)4__SIO3F,0.37789738,0.39847055
NaP3(PbO3)4__SIO3F,0.6750041,0.7161767
AlP__Na2Zn(GeS3)2,0.75719506,0.7669222
AlP__Na2Zn(GeS3)2,0.14745894,0.14982554
AlP__Na2Zn(GeS3)2,0.400075,0.38527465
AlP__Na2Zn(GeS3)2,0.8209858,0.7832739
Na3Ca3AlAs4__SnCl2,0.39171362,0.38984722
Na3Ca3AlAs4__SnCl2,1.914275,2.057154
Na3Ca3AlAs4__SnCl2,0.17033225,0.16365278
Na3Ca3AlAs4__SnCl2,0.27923203,0.29803935
SbBr5F6__NaP15,0.43956396,0.46441603
SbBr5F6__NaP15,1.6147739,1.6175697
SbBr5F6__NaP15,0.12302357,0.12768888
SbBr5F6__NaP15,1.4877901,1.5638624
Al4CdO7__Te(S2O7)2,0.12979193,0.121411085
Al4CdO7__Te(S2O7)2,0.4980877,0.42311063
Al4CdO7__Te(S2O7)2,0.04490168,0.041039705
Al4CdO7__Te(S2O7)2,0.7081138,0.65647626
SnTe3O8__As2Pb3O8,0.85828257,0.5550637
SnTe3O8__As2Pb3O8,0.05399912,0.04637114
SnTe3O8__As2Pb3O8,0.20191908,0.12900865
SnTe3O8__As2Pb3O8,0.15170226,0.09035163
Cd2AsO4F__Br2O3,0.6119868,0.517187
Cd2AsO4F__Br2O3,0.2084574,0.20732063
Cd2AsO4F__Br2O3,0.31025645,0.26104522
Cd2AsO4F__Br2O3,1.8030107,1.840632
ZnI2__P2Pb3O8,0.578615,0.45101103
ZnI2__P2Pb3O8,0.20870277,0.20185062
ZnI2__P2Pb3O8,0.100833066,0.14384323
ZnI2__P2Pb3O8,0.3655784,0.37936947
Zn2AsHO5__HC2N3,0.36069572,0.33960387
Zn2AsHO5__HC2N3,0.7666243,0.7130072
Zn2AsHO5__HC2N3,1.1588161,1.0465094
Zn2AsHO5__HC2N3,0.4354458,0.5536307
K10Zn4Sn4S17__Sb9S4F39,0.44828555,0.43385723
K10Zn4Sn4S17__Sb9S4F39,0.14677942,0.15241757
K10Zn4Sn4S17__Sb9S4F39,0.2586287,0.274691
K10Zn4Sn4S17__Sb9S4F39,0.7723417,0.7769401
Na2Zn2Si2O7__P2Pb3O8,1.0507241,1.1840411
Na2Zn2Si2O7__P2Pb3O8,1.2911321,1.1422306
Na2Zn2Si2O7__P2Pb3O8,1.266144,1.2333274
Na2Zn2Si2O7__P2Pb3O8,0.85228354,0.7248274
CaAlH5__NaLi3(H2N)4,1.4632152,1.2902392
CaAlH5__NaLi3(H2N)4,0.30447105,0.27922508
CaAlH5__NaLi3(H2N)4,0.8501611,0.78564805
CaAlH5__NaLi3(H2N)4,0.7636369,0.7801555
K6ZnSe4__As3Pb5ClO12,0.7729954,0.80081344
K6ZnSe4__As3Pb5ClO12,0.47958684,0.4458455
K6ZnSe4__As3Pb5ClO12,0.1189094,0.11026086
K6ZnSe4__As3Pb5ClO12,0.9399315,1.002585
Ca4SiN4__CaGeN2,0.22861256,0.31918356
Ca4SiN4__CaGeN2,0.070233874,0.08248248
Ca4SiN4__CaGeN2,0.4667446,0.52496105
Ca4SiN4__CaGeN2,0.84750986,1.2982632
Ca2Ti3O8__SbAs2Cl13,0.33528388,0.32389405
Ca2Ti3O8__SbAs2Cl13,1.664556,1.8001707
Ca2Ti3O8__SbAs2Cl13,0.15584907,0.1683647
Ca2Ti3O8__SbAs2Cl13,0.50400907,0.41287592
PICl6__Na6Ge2S7,0.89191014,0.68639594
PICl6__Na6Ge2S7,1.5122446,1.2500794
PICl6__Na6Ge2S7,0.14698641,0.12466016
PICl6__Na6Ge2S7,0.45670354,0.44751915
NaAsSe2__LiTiPO5,1.0260379,1.0317754
NaAsSe2__LiTiPO5,0.24814959,0.26817802
NaAsSe2__LiTiPO5,0.21311654,0.23325042
NaAsSe2__LiTiPO5,0.57895666,0.535231
KSbS2__BrF3,0.81480217,1.223864
KSbS2__BrF3,0.5703983,0.9504038
KSbS2__BrF3,0.6310126,1.0755464
KSbS2__BrF3,0.8213428,1.2440728
Ca21(Zn2As9)2__NClO3,0.17727497,0.15607266
Ca21(Zn2As9)2__NClO3,0.4572819,0.3252268
Ca21(Zn2As9)2__NClO3,0.8459368,0.63429594
Ca21(Zn2As9)2__NClO3,0.5159149,0.41143712
NaInSn2__CdSe2,0.6219293,0.45372817
NaInSn2__CdSe2,0.87515086,0.708362
NaInSn2__CdSe2,0.13350531,0.12957004
NaInSn2__CdSe2,1.4990727,1.2506448
SeBr4__Li5SiP3,0.8012404,0.7682224
SeBr4__Li5SiP3,1.3518214,1.2554591
SeBr4__Li5SiP3,0.35555267,0.43803445
SeBr4__Li5SiP3,0.3092337,0.32142255
K6ZnSe4__CaTiN2,0.15352565,0.15530264
K6ZnSe4__CaTiN2,0.06544775,0.084703095
K6ZnSe4__CaTiN2,0.03724216,0.026712283
K6ZnSe4__CaTiN2,0.061349347,0.06880361
In2(PS3)3__TiPCl9,1.1858326,0.9165163
In2(PS3)3__TiPCl9,0.7279668,0.553702
In2(PS3)3__TiPCl9,0.070542894,0.0814834
In2(PS3)3__TiPCl9,0.29916954,0.29952407
K4PbO4__LiAlSe2,0.15252382,0.15661103
K4PbO4__LiAlSe2,0.64012825,0.58785737
K4PbO4__LiAlSe2,0.25424948,0.24392566
K4PbO4__LiAlSe2,1.7051382,1.5157797
In3SnI5__Na2Se2O7,0.2395529,0.19968927
In3SnI5__Na2Se2O7,0.3738661,0.32576525
In3SnI5__Na2Se2O7,0.4178142,0.3370721
In3SnI5__Na2Se2O7,0.10423258,0.10095057
K6Sn3As5__TiGeS3,0.5495935,0.4690503
K6Sn3As5__TiGeS3,0.21537337,0.2021503
K6Sn3As5__TiGeS3,0.32749018,0.33676898
K6Sn3As5__TiGeS3,0.17048319,0.18177006
Na3PS4__K3SbTe3,0.81504816,0.7564358
Na3PS4__K3SbTe3,1.0724324,1.1415389
Na3PS4__K3SbTe3,0.205511,0.17370653
Na3PS4__K3SbTe3,0.3086512,0.24775773
Ca3(SiP2)2__K2Ge2S5,0.58540314,0.6158431
Ca3(SiP2)2__K2Ge2S5,1.434884,1.4764401
Ca3(SiP2)2__K2Ge2S5,1.4395678,1.4323145
Ca3(SiP2)2__K2Ge2S5,1.03084,0.99864304
NaSbTe2__LiTiAsO5,0.08496244,0.06253531
NaSbTe2__LiTiAsO5,1.5886911,1.44131
NaSbTe2__LiTiAsO5,0.56117857,0.5411073
NaSbTe2__LiTiAsO5,0.15336376,0.13168287
K3SbO4__Na2GeO3,0.152579,0.1490159
K3SbO4__Na2GeO3,0.45590356,0.52024543
K3SbO4__Na2GeO3,0.13114074,0.13866541
K3SbO4__Na2GeO3,0.39073023,0.4480012
Sb2BrF15__GaTeI7,0.2022953,0.21715468
Sb2BrF15__GaTeI7,0.7646245,0.7705004
Sb2BrF15__GaTeI7,0.28610966,0.2926298
Sb2BrF15__GaTeI7,0.19400518,0.19970664
K2Ga2As3__K4PbO4,0.3871081,0.36012298
K2Ga2As3__K4PbO4,0.565729,0.45301938
K2Ga2As3__K4PbO4,0.5924879,0.55079126
K2Ga2As3__K4PbO4,0.47360772,0.4068816
KInO2__KIn(TeO3)2,0.12508537,0.10062218
KInO2__KIn(TeO3)2,0.53520656,0.35551196
KInO2__KIn(TeO3)2,0.4700211,0.3917956
KInO2__KIn(TeO3)2,0.44981608,0.36258543
Li2TeS3__Na2Sb4O7,0.2528177,0.2689851
Li2TeS3__Na2Sb4O7,1.1287729,1.3087413
Li2TeS3__Na2Sb4O7,0.5301367,0.55292875
Li2TeS3__Na2Sb4O7,0.33100745,0.26644984
K2Sn2O3__Li2Ti6Zn3O16,0.5501003,0.59847397
K2Sn2O3__Li2Ti6Zn3O16,0.3355197,0.41464847
K2Sn2O3__Li2Ti6Zn3O16,0.28559276,0.28859013
K2Sn2O3__Li2Ti6Zn3O16,0.26608327,0.29445374
KZnSb__Na2CaTi2(GeO4)3,1.2804439,1.2776663
KZnSb__Na2CaTi2(GeO4)3,0.12548782,0.121215634
KZnSb__Na2CaTi2(GeO4)3,0.7309532,0.75011563
KZnSb__Na2CaTi2(GeO4)3,0.1472423,0.15623033
Zn(SbO3)2__KSi5N7,0.32084754,0.34077206
Zn(SbO3)2__KSi5N7,0.70323116,0.7090253
Zn(SbO3)2__KSi5N7,0.93264484,0.8578565
Zn(SbO3)2__KSi5N7,1.6481808,1.7717746
P7Pb__Na6S2O9,0.44876868,0.37072548
P7Pb__Na6S2O9,0.38433406,0.33978778
P7Pb__Na6S2O9,0.19001953,0.13739453
P7Pb__Na6S2O9,0.76590353,0.6074914
Na6GaAs3__KSnPO5,1.7202615,1.5239486
Na6GaAs3__KSnPO5,1.357879,1.2627494
Na6GaAs3__KSnPO5,0.30037978,0.26665086
Na6GaAs3__KSnPO5,1.2956334,1.2391437
IO2F__K2LiAlH6,0.57337326,0.5563452
IO2F__K2LiAlH6,1.0308417,0.8669208
IO2F__K2LiAlH6,0.665179,0.53650403
IO2F__K2LiAlH6,0.79552186,0.70060074
BrNO3__Ca2As2O7,0.88573027,0.8143524
BrNO3__Ca2As2O7,0.41208723,0.34804043
BrNO3__Ca2As2O7,0.5129847,0.38860115
BrNO3__Ca2As2O7,0.5826591,0.45128474
SbSI__Sb2IBr2F11,1.187598,1.2686815
SbSI__Sb2IBr2F11,0.14050479,0.15520376
SbSI__Sb2IBr2F11,1.0296352,1.1455901
SbSI__Sb2IBr2F11,0.38362733,0.39369097
Li3SbS4__K2SbCl5,0.39952984,0.40503556
Li3SbS4__K2SbCl5,0.26616585,0.24442238
Li3SbS4__K2SbCl5,0.15837653,0.15089306
Li3SbS4__K2SbCl5,0.786466,0.8834055
Na5SnP3__K2Li3GaO4,0.9048782,0.90767527
Na5SnP3__K2Li3GaO4,0.17585908,0.1661224
Na5SnP3__K2Li3GaO4,0.68917805,0.5895185
Na5SnP3__K2Li3GaO4,0.93331647,0.81635475
SnO2__Al6Cd4SO12,1.6109415,1.2637954
SnO2__Al6Cd4SO12,0.53882104,0.5540989
SnO2__Al6Cd4SO12,0.10828914,0.13326761
SnO2__Al6Cd4SO12,0.6345508,0.5926563
Na4Ge2PbS6__SbCl5,1.6268431,1.3978208
Na4Ge2PbS6__SbCl5,0.37343547,0.30402
Na4Ge2PbS6__SbCl5,0.5663366,0.49229887
Na4Ge2PbS6__SbCl5,0.61680335,0.5349155
HI3__LiInI4,0.31586546,0.2881566
HI3__LiInI4,0.094752274,0.104989134
HI3__LiInI4,0.8579264,0.7512804
HI3__LiInI4,0.3294583,0.34262615
KSbO3__K2Zn(GeO3)2,0.31687933,0.30349922
KSbO3__K2Zn(GeO3)2,0.30760297,-0.027963571
KSbO3__K2Zn(GeO3)2,0.28923124,0.30093247
KSbO3__K2Zn(GeO3)2,0.4744337,1.0466129
Ca2Ge__P3HT,1.2472363,0.98677695
Ca2Ge__P3HT,2.6882186,2.4382439
Ca2Ge__P3HT,0.79912007,0.6796449
Ca2Ge__P3HT,0.64059424,0.526841
K4Ti3S14__K2In2P3Se10,0.06797552,0.073292844
K4Ti3S14__K2In2P3Se10,0.47322157,0.36638126
K4Ti3S14__K2In2P3Se10,0.81639886,0.69610316
K4Ti3S14__K2In2P3Se10,0.77373487,0.77598476
TeS7Cl2__Na2LiAlH6,0.1291404,0.14573033
TeS7Cl2__Na2LiAlH6,0.7311744,0.8162849
TeS7Cl2__Na2LiAlH6,0.96176577,1.0104767
TeS7Cl2__Na2LiAlH6,1.4488968,1.3566042
K2Sb4O11__Al2Te3,0.45701715,0.3676217
K2Sb4O11__Al2Te3,1.3620552,1.1585191
K2Sb4O11__Al2Te3,1.0188149,0.80145293
K2Sb4O11__Al2Te3,0.1746971,0.1756241
K4PbO3__SICl7,0.4065026,0.40557608
K4PbO3__SICl7,0.3313959,0.33075637
K4PbO3__SICl7,0.43199426,0.40428573
K4PbO3__SICl7,2.0613503,2.0135446
Na2SnAs2__CaTeO3,1.304891,1.1454196
Na2SnAs2__CaTeO3,0.094335824,0.082652204
Na2SnAs2__CaTeO3,0.5737289,0.49252352
Na2SnAs2__CaTeO3,0.7924696,0.7769556
Sb2O5__K3Li3TeO6,1.5588669,1.7423446
Sb2O5__K3Li3TeO6,0.7930602,0.7138887
Sb2O5__K3Li3TeO6,2.0252802,2.1054566
Sb2O5__K3Li3TeO6,0.1369595,0.12859295
K2Pb2O3__Ca2PN3,0.23737128,0.2059663
K2Pb2O3__Ca2PN3,0.9714792,0.8948864
K2Pb2O3__Ca2PN3,0.23378278,0.22021642
K2Pb2O3__Ca2PN3,0.4658454,0.4245935
SCl4__NaGa(SeO3)2,0.6862379,0.62143266
SCl4__NaGa(SeO3)2,0.46467966,0.45771322
SCl4__NaGa(SeO3)2,1.6953567,1.7690109
SCl4__NaGa(SeO3)2,1.7882254,1.7319447
TeHO3__Cd(GaTe2)2,0.11028171,0.120563015
TeHO3__Cd(GaTe2)2,0.16364004,0.17305319
TeHO3__Cd(GaTe2)2,0.63599473,0.64455926
TeHO3__Cd(GaTe2)2,0.62654227,0.60249436
K2GeSe3__CdPbF6,0.5056219,0.4702621
K2GeSe3__CdPbF6,0.35707915,0.31019232
K2GeSe3__CdPbF6,0.5365732,0.48807803
K2GeSe3__CdPbF6,1.6514367,1.788425
Pentacene__LiCaAlN2,0.5621792,0.58744293
Pentacene__LiCaAlN2,0.3014089,0.34434968
Pentacene__LiCaAlN2,0.33214557,0.36099553
Pentacene__LiCaAlN2,0.11453818,0.1498774
SbBr5F6__Na2In2GeS6,0.88953185,0.90124154
SbBr5F6__Na2In2GeS6,0.16595192,0.17592488
SbBr5F6__Na2In2GeS6,0.17966469,0.18410905
SbBr5F6__Na2In2GeS6,0.19386953,0.18759838
Li3As7(H3N)13__Na2Se2O7,0.44672978,0.45819297
Li3As7(H3N)13__Na2Se2O7,1.4005369,1.5546955
Li3As7(H3N)13__Na2Se2O7,0.66410255,0.63444287
Li3As7(H3N)13__Na2Se2O7,0.47548556,0.4038791
LiZnN__Ca(AlSe2)2,0.19723576,0.21540327
LiZnN__Ca(AlSe2)2,1.9030473,2.160629
LiZnN__Ca(AlSe2)2,0.53398883,0.61506325
LiZnN__Ca(AlSe2)2,0.3721016,0.4487478
Na5GeP3__K2Zn3O4,0.31466046,0.22671619
Na5GeP3__K2Zn3O4,0.13047144,0.13156804
Na5GeP3__K2Zn3O4,0.051593147,0.053304143
Na5GeP3__K2Zn3O4,0.62787515,0.5692104
Ti(SeO3)2__Sb2S19F12,1.2545604,1.2434937
Ti(SeO3)2__Sb2S19F12,0.089106254,0.1016188
Ti(SeO3)2__Sb2S19F12,0.08727118,0.077862576
Ti(SeO3)2__Sb2S19F12,1.14165,1.1909702
Li10Sn(PSe6)2__NaInS2,0.18945365,0.22770596
Li10Sn(PSe6)2__NaInS2,0.5045581,0.54003155
Li10Sn(PSe6)2__NaInS2,0.5552074,0.7172071
Li10Sn(PSe6)2__NaInS2,1.0557482,1.0413529
K5In3(SiO3)7__SnTe3O8,1.7117553,1.5317925
K5In3(SiO3)7__SnTe3O8,0.9634142,0.8289565
K5In3(SiO3)7__SnTe3O8,0.22046748,0.25425917
K5In3(SiO3)7__SnTe3O8,0.7744459,0.7190349
LiCa11Sb9__KPSe6,0.5261298,0.49409407
LiCa11Sb9__KPSe6,0.2565185,0.33461687
LiCa11Sb9__KPSe6,0.039558176,0.028405644
LiCa11Sb9__KPSe6,0.16959773,0.19465616
PTCDA__TeBrO3F5,0.19692826,0.1868175
PTCDA__TeBrO3F5,1.4218634,1.1572131
PTCDA__TeBrO3F5,0.888437,0.6214854
PTCDA__TeBrO3F5,0.15817684,0.14689282
In5S5Br__AlPI8,0.16266721,0.15153968
In5S5Br__AlPI8,0.5434592,0.46393305
In5S5Br__AlPI8,0.2626795,0.28611222
In5S5Br__AlPI8,0.19084091,0.16387594
LiSb3O8__TeSe,0.060673997,0.08886558
LiSb3O8__TeSe,0.06750811,0.10301675
LiSb3O8__TeSe,0.08250705,0.12477684
LiSb3O8__TeSe,0.21062309,0.21075982
ZnSe2__NaH2N,0.08420978,0.09481011
ZnSe2__NaH2N,0.25073507,0.29198217
ZnSe2__NaH2N,0.86424154,0.67922914
ZnSe2__NaH2N,1.5249776,1.3833898
Na2SnAs2__SnPCl9,0.14729758,0.17466387
Na2SnAs2__SnPCl9,0.88206816,0.96158123
Na2SnAs2__SnPCl9,1.0331547,1.0701759
Na2SnAs2__SnPCl9,0.78717697,0.7683348
KGaI4__SbS8Cl3,1.0613726,1.1255919
KGaI4__SbS8Cl3,1.556826,1.6878403
KGaI4__SbS8Cl3,0.665435,0.6294337
KGaI4__SbS8Cl3,1.0756603,1.0793967
Si__ZnSe2O5,0.29389834,0.31533474
Si__ZnSe2O5,0.15108106,0.17491233
Si__ZnSe2O5,1.5838163,1.4950643
Si__ZnSe2O5,0.6392974,0.56690085
IBr__K4Ge(PS3)4,1.6924205,1.5799547
IBr__K4Ge(PS3)4,0.4656948,0.3855108
IBr__K4Ge(PS3)4,0.57538337,0.48626584
IBr__K4Ge(PS3)4,0.43124282,0.35478738
Li2S__P2Pb3S8,0.407894,0.33927023
Li2S__P2Pb3S8,0.10370187,0.09512861
Li2S__P2Pb3S8,0.5041909,0.48753944
Li2S__P2Pb3S8,0.31936392,0.22982097
K6Ti2S6O__PbBr2,0.12013322,0.118642814
K6Ti2S6O__PbBr2,0.50169057,0.47667572
K6Ti2S6O__PbBr2,1.0019683,1.0558219
K6Ti2S6O__PbBr2,1.1093013,1.0828074
BrF5__K2ZnTe2,0.18724498,0.1785196
BrF5__K2ZnTe2,0.3905938,0.3643263
BrF5__K2ZnTe2,0.17609708,0.2025958
BrF5__K2ZnTe2,0.21728106,0.24753463
Al2PbSe4__SbPO5,0.79392695,0.78540385
Al2PbSe4__SbPO5,0.06332436,0.048312783
Al2PbSe4__SbPO5,0.084491596,0.088480085
Al2PbSe4__SbPO5,0.6750564,0.59904426
Na7Al2Sb5__Na6ZnSe4,0.8082366,0.90707994
Na7Al2Sb5__Na6ZnSe4,1.0071263,1.104339
Na7Al2Sb5__Na6ZnSe4,0.91991234,0.9178806
Na7Al2Sb5__Na6ZnSe4,0.350335,0.38363484
K3LiGe4__P2H9(CBr)3,0.2565325,0.25702792
K3LiGe4__P2H9(CBr)3,1.9369562,1.9472741
K3LiGe4__P2H9(CBr)3,0.15594149,0.18993735
K3LiGe4__P2H9(CBr)3,0.85606843,0.84684384
SnSe__GeSe,0.027878981,0.09032563
SnSe__GeSe,0.15193239,0.32466677
SnSe__GeSe,0.10834227,0.2533797
SnSe__GeSe,0.06646957,0.12201479
Ca3GaN3__Na10Zn4O9,0.13297215,0.13517278
Ca3GaN3__Na10Zn4O9,0.32898977,0.22285062
Ca3GaN3__Na10Zn4O9,0.58126307,0.60198
Ca3GaN3__Na10Zn4O9,0.268191,0.26488933
GeS2__SbClF8,0.18372056,0.15936555
GeS2__SbClF8,0.16868305,0.16192043
GeS2__SbClF8,0.15987319,0.16442654
GeS2__SbClF8,0.20306048,0.17087029
TiSnP2SO12__KSiSbO5,0.4300588,0.36883333
TiSnP2SO12__KSiSbO5,0.48859423,0.37129942
TiSnP2SO12__KSiSbO5,0.05673313,0.058382355
TiSnP2SO12__KSiSbO5,0.42124474,0.34891173
Na3TiF8__Sn5O6,0.48347133,0.4623746
Na3TiF8__Sn5O6,0.5049793,0.47218895
Na3TiF8__Sn5O6,0.87282056,0.733817
Na3TiF8__Sn5O6,0.3592701,0.54520464
In2Si2Pb2O9__H4CSN2,1.035092,1.0714732
In2Si2Pb2O9__H4CSN2,0.946295,0.869208
In2Si2Pb2O9__H4CSN2,1.2262306,1.2336383
In2Si2Pb2O9__H4CSN2,1.694796,1.9483798
K4I2O9__SbBr(OF3)2,0.582063,0.5515477
K4I2O9__SbBr(OF3)2,0.15657176,0.14334705
K4I2O9__SbBr(OF3)2,0.4781305,0.324266
K4I2O9__SbBr(OF3)2,0.8409169,0.6610192
SnO__K2Ga2As3,0.7860146,0.7538829
SnO__K2Ga2As3,0.4058468,0.37523547
SnO__K2Ga2As3,1.3113201,1.2772496
SnO__K2Ga2As3,0.8959088,0.74750435
Li2TiO3__Sn(SO4)2,0.7095518,0.4372454
Li2TiO3__Sn(SO4)2,0.8243524,0.9131041
Li2TiO3__Sn(SO4)2,0.7064662,0.74885654
Li2TiO3__Sn(SO4)2,0.17954949,0.19502765
SbPS4__CdSiP2,0.5347279,0.5580841
SbPS4__CdSiP2,0.8737327,0.9514235
SbPS4__CdSiP2,0.07809501,0.0511628
SbPS4__CdSiP2,0.49357235,0.48285648
Na3AsO4__Ca2SnO4,1.2232696,1.1065754
Na3AsO4__Ca2SnO4,0.67838275,0.6751816
Na3AsO4__Ca2SnO4,0.055172738,0.051379263
Na3AsO4__Ca2SnO4,0.11028538,0.110298656
K4Ti3S14__P4S9,1.5119622,1.6153196
K4Ti3S14__P4S9,0.54444104,0.5357768
K4Ti3S14__P4S9,0.52932423,0.53432447
K4Ti3S14__P4S9,0.40944323,0.41290924
Li2CdGeO4__Rubrene,0.41975683,0.41931456
Li2CdGeO4__Rubrene,1.1900222,1.1656204
Li2CdGeO4__Rubrene,0.17776178,0.18511859
Li2CdGeO4__Rubrene,2.9498236,2.9103508
Li2CdGeS4__CaSiN2,0.36576253,0.288992
Li2CdGeS4__CaSiN2,0.40825254,0.40463156
Li2CdGeS4__CaSiN2,0.6202287,0.5744841
Li2CdGeS4__CaSiN2,0.100157425,0.086599775
SbCl(OF3)2__Na4Al3Ge3IO12,1.141203,0.9920075
SbCl(OF3)2__Na4Al3Ge3IO12,0.3122827,0.2978206
SbCl(OF3)2__Na4Al3Ge3IO12,0.039879724,0.020631589
SbCl(OF3)2__Na4Al3Ge3IO12,0.53596836,0.48139897
K2Sn2Se5__CaSb10(S3O5)2,1.1951123,1.255027
K2Sn2Se5__CaSb10(S3O5)2,1.0727971,0.99523306
K2Sn2Se5__CaSb10(S3O5)2,1.4178475,1.402571
K2Sn2Se5__CaSb10(S3O5)2,0.353184,0.36750698
Ca3In2(GeO4)3__K2Zn(H2N)4,0.13902617,0.14278863
Ca3In2(GeO4)3__K2Zn(H2N)4,2.031085,2.041699
Ca3In2(GeO4)3__K2Zn(H2N)4,0.23390558,0.21211244
Ca3In2(GeO4)3__K2Zn(H2N)4,0.3775299,0.34931484
Sn(SeO3)2__Zn(IO3)2,0.3650931,0.22972032
Sn(SeO3)2__Zn(IO3)2,0.17020139,0.124768086
Sn(SeO3)2__Zn(IO3)2,0.44704777,0.3608573
Sn(SeO3)2__Zn(IO3)2,0.79325795,0.58049905
KSb(PO4)2__Li2Se,1.6341478,1.9093981
KSb(PO4)2__Li2Se,0.17427349,0.15040208
KSb(PO4)2__Li2Se,1.060409,1.054643
KSb(PO4)2__Li2Se,0.27654165,0.23503354
Li3N__K2O,0.3383019,0.30708405
Li3N__K2O,0.67198616,0.54185784
Li3N__K2O,0.38754794,0.3108861
Li3N__K2O,0.77210724,0.5700467
Sn2SI2__SnTe3O8,0.76444197,0.74494517
Sn2SI2__SnTe3O8,0.40661463,0.39816812
Sn2SI2__SnTe3O8,1.1875714,1.1726168
Sn2SI2__SnTe3O8,0.24330921,0.25656906
GaSbO4__LiGa5O8,0.18227632,0.2035448
GaSbO4__LiGa5O8,1.1759088,1.3939847
GaSbO4__LiGa5O8,0.5200373,0.5562402
GaSbO4__LiGa5O8,0.09578187,0.10503898
SbBr5F6__I2O5,0.5780338,0.632026
SbBr5F6__I2O5,0.47980672,0.46960267
SbBr5F6__I2O5,0.45465627,0.4148415
SbBr5F6__I2O5,0.69408995,0.7838128
K2GaAs2__K2NaGaP2,0.63976836,0.37888205
K2GaAs2__K2NaGaP2,0.21779242,0.18385229
K2GaAs2__K2NaGaP2,0.23414515,0.18140563
K2GaAs2__K2NaGaP2,0.17485765,0.18213913
CdIn2O4__Cd2AsHO5,0.5177831,0.4129211
CdIn2O4__Cd2AsHO5,1.1613156,0.9652623
CdIn2O4__Cd2AsHO5,0.8842564,0.75238526
CdIn2O4__Cd2AsHO5,0.16859588,0.20439854
K2SnO2__SeO2,0.89839566,1.056449
K2SnO2__SeO2,0.5022733,0.49536234
K2SnO2__SeO2,0.5629977,0.5534835
K2SnO2__SeO2,1.8218586,1.9928049
In2(SeO4)3__NaTi2(PO4)3,0.8587613,0.9419558
In2(SeO4)3__NaTi2(PO4)3,0.22773917,0.20098668
In2(SeO4)3__NaTi2(PO4)3,0.82050246,0.7336035
In2(SeO4)3__NaTi2(PO4)3,0.8456384,0.8574885
Na2ZnO2__SnO,0.21463735,0.18075597
Na2ZnO2__SnO,0.6364615,0.5153872
Na2ZnO2__SnO,0.12324694,0.11838576
Na2ZnO2__SnO,0.7062916,0.6251724
K4ZnAs2__Na2SnO3,0.08400894,0.13116792
K4ZnAs2__Na2SnO3,1.1236354,1.1154188
K4ZnAs2__Na2SnO3,0.8470443,0.8089125
K4ZnAs2__Na2SnO3,0.24656269,0.32602733
NaS__KSi5N7,0.9971798,0.85439855
NaS__KSi5N7,1.0199208,0.99351805
NaS__KSi5N7,1.1045831,1.0051465
NaS__KSi5N7,0.49874908,0.4945128
Ti4S24Cl6O__K5Na(Ti2Se9)3,0.24265715,0.25309533
Ti4S24Cl6O__K5Na(Ti2Se9)3,0.6141937,0.57745284
Ti4S24Cl6O__K5Na(Ti2Se9)3,0.26899257,0.2851619
Ti4S24Cl6O__K5Na(Ti2Se9)3,0.3059298,0.2869418
Na6ZnSe4__Ca3In2(GeO4)3,1.1048744,1.1324404
Na6ZnSe4__Ca3In2(GeO4)3,0.47479397,0.43826666
Na6ZnSe4__Ca3In2(GeO4)3,0.2550658,0.2185556
Na6ZnSe4__Ca3In2(GeO4)3,0.7535393,0.76437783
K9InSe7__GaAsO4,0.78441876,0.74912554
K9InSe7__GaAsO4,0.5722394,0.536866
K9InSe7__GaAsO4,0.5574327,0.5751375
K9InSe7__GaAsO4,1.9264523,1.9108723
ZnGeP2__K2Ge(IO3)6,0.40366703,0.36986026
ZnGeP2__K2Ge(IO3)6,0.88774383,0.7985756
ZnGeP2__K2Ge(IO3)6,0.64698523,0.6155616
ZnGeP2__K2Ge(IO3)6,0.5023617,0.48834625
KNa7Pb2O7__K3Na2InO4,0.26297286,0.2390998
KNa7Pb2O7__K3Na2InO4,0.7267886,0.63738364
KNa7Pb2O7__K3Na2InO4,0.25959682,0.23606575
KNa7Pb2O7__K3Na2InO4,1.3805906,1.3095428
Cd3(PO4)2__Al(IO3)3,0.34844226,0.29960072
Cd3(PO4)2__Al(IO3)3,0.9803224,1.0693843
Cd3(PO4)2__Al(IO3)3,0.44238326,0.3838955
Cd3(PO4)2__Al(IO3)3,0.09587407,0.084356695
Ca4CN4__KSbO2,0.8190461,0.62493724
Ca4CN4__KSbO2,0.70107365,0.7109687
Ca4CN4__KSbO2,0.0448836,0.055194277
Ca4CN4__KSbO2,0.06563232,0.08304505
K4CdAs2__K5InO4,0.31783426,0.34077734
K4CdAs2__K5InO4,1.2777711,1.2049465
K4CdAs2__K5InO4,0.25127906,0.25461048
K4CdAs2__K5InO4,0.3130853,0.32040358
KZnSb__In6Te10Pb,0.2412062,0.116084196
KZnSb__In6Te10Pb,0.19157776,0.13754153
KZnSb__In6Te10Pb,1.0219091,0.67694867
KZnSb__In6Te10Pb,0.1468871,0.059959255
K2Sb4O11__GeBr4,0.19355822,0.19830635
K2Sb4O11__GeBr4,0.51642793,0.5174226
K2Sb4O11__GeBr4,1.3395846,1.4157467
K2Sb4O11__GeBr4,1.1506927,1.0928179
KLiS__AsS,0.38079193,0.3701948
KLiS__AsS,1.2167445,1.049018
KLiS__AsS,0.073358856,0.12073907
KLiS__AsS,0.47279054,0.4560041
KNaTe__KGaI4,0.82951784,0.73663485
KNaTe__KGaI4,0.17748137,0.17609759
KNaTe__KGaI4,0.40974003,0.36693576
KNaTe__KGaI4,0.08712709,0.10027356
LiInSiO4__AsN(OF3)2,1.9268112,2.0774167
LiInSiO4__AsN(OF3)2,0.6864282,0.7150512
LiInSiO4__AsN(OF3)2,1.1103367,0.96076137
LiInSiO4__AsN(OF3)2,0.9212236,0.8384698
K2Na3SiP3__CaSnN2,0.1179193,0.114124954
K2Na3SiP3__CaSnN2,0.1465182,0.0935865
K2Na3SiP3__CaSnN2,0.56488264,0.37817037
K2Na3SiP3__CaSnN2,0.3912985,0.2416186
AlI3__TeHO3,0.24724887,0.23204952
AlI3__TeHO3,0.3746561,0.34088314
AlI3__TeHO3,1.2109613,1.1121655
AlI3__TeHO3,0.6952661,0.5541125
Ca3(GaP2)2__Al2Se3,0.37994835,0.35639486
Ca3(GaP2)2__Al2Se3,0.89755285,0.9116219
Ca3(GaP2)2__Al2Se3,0.29649565,0.2592635
Ca3(GaP2)2__Al2Se3,0.62234014,0.5860816
Cd(InTe2)2__Ca4As3,0.063377395,0.0831862
Cd(InTe2)2__Ca4As3,1.583844,1.5739727
Cd(InTe2)2__Ca4As3,0.85138315,0.83949673
Cd(InTe2)2__Ca4As3,0.7296554,0.8689413
KNaSe__Al2Cd3(GeO4)3,0.9481769,1.0013942
KNaSe__Al2Cd3(GeO4)3,0.32886773,0.30949056
KNaSe__Al2Cd3(GeO4)3,0.24845822,0.22503659
KNaSe__Al2Cd3(GeO4)3,0.6126625,0.5914633
InSiTe3__SbBr3,1.7128991,1.7632765
InSiTe3__SbBr3,1.6362411,1.490477
InSiTe3__SbBr3,0.517465,0.5596875
InSiTe3__SbBr3,0.47777158,0.5428509
KCdGeAs2__Cd3(PO4)2,1.0862666,1.1746593
KCdGeAs2__Cd3(PO4)2,0.111313365,0.12922487
KCdGeAs2__Cd3(PO4)2,0.38897875,0.4165047
KCdGeAs2__Cd3(PO4)2,1.5506433,1.5895258
K2Al2Sb3__In2Se3,0.69049686,0.6331331
K2Al2Sb3__In2Se3,0.36094868,0.31657338
K2Al2Sb3__In2Se3,0.50862956,0.5089095
K2Al2Sb3__In2Se3,1.0644614,1.3011495
Li3AsH16(SO2)4__KBrF4,0.2624667,0.33220768
Li3AsH16(SO2)4__KBrF4,0.07058748,0.08998829
Li3AsH16(SO2)4__KBrF4,0.18010922,0.20642832
Li3AsH16(SO2)4__KBrF4,0.29508045,0.30287784
Ca2PI__K2TiCl6,0.8230448,0.6826782
Ca2PI__K2TiCl6,0.13751484,0.14590625
Ca2PI__K2TiCl6,0.34952575,0.24255556
Ca2PI__K2TiCl6,0.079226226,0.06917116
Na6Ge2S7__PICl6,0.056271583,0.06000358
Na6Ge2S7__PICl6,0.657282,0.679946
Na6Ge2S7__PICl6,0.73031735,0.6781049
Na6Ge2S7__PICl6,0.36817667,0.34666407
Ca4Sb2O__LiInI4,0.7247978,0.7567432
Ca4Sb2O__LiInI4,0.27088502,0.24789917
Ca4Sb2O__LiInI4,0.9588431,0.9353999
Ca4Sb2O__LiInI4,0.6603571,0.6499949
K2CdSiO4__GaSeBr7,0.4559626,0.3973582
K2CdSiO4__GaSeBr7,0.82129794,0.6718187
K2CdSiO4__GaSeBr7,0.16489275,0.14082305
K2CdSiO4__GaSeBr7,0.44716248,0.4136156
Na2GeSe3__K2Na(H2N)3,0.24884503,0.2032723
Na2GeSe3__K2Na(H2N)3,0.5921677,0.5121914
Na2GeSe3__K2Na(H2N)3,0.14272211,0.1450037
Na2GeSe3__K2Na(H2N)3,0.110576764,0.13760918
Na6P4Pb3S16__K2SnCl6,0.72698605,1.4476483
Na6P4Pb3S16__K2SnCl6,0.043507475,0.08235232
Na6P4Pb3S16__K2SnCl6,0.17372142,0.33734864
Na6P4Pb3S16__K2SnCl6,0.48398998,0.89340645
Sb2S3__Na4GeO4,0.49888128,0.4906276
Sb2S3__Na4GeO4,0.2995463,0.31222823
Sb2S3__Na4GeO4,0.1444594,0.14949785
Sb2S3__Na4GeO4,1.0848376,1.0937587
CaGaGeH__Sn2S3,0.4584717,0.44020268
CaGaGeH__Sn2S3,0.21440095,0.19237268
CaGaGeH__Sn2S3,0.9925966,0.78090763
CaGaGeH__Sn2S3,0.57546276,0.4432766
NaP__CaTi2(HO3)2,0.8311861,0.7127796
NaP__CaTi2(HO3)2,0.21527915,0.21514773
NaP__CaTi2(HO3)2,1.4352652,1.2564858
NaP__CaTi2(HO3)2,1.2677057,1.3174719
InBr3__Al2(SeO4)3,0.29185644,0.22799098
InBr3__Al2(SeO4)3,0.44217327,0.44663164
InBr3__Al2(SeO4)3,0.4362343,0.33010602
InBr3__Al2(SeO4)3,0.14683022,0.11651009
Li2ZnGeS4__CBP,1.8592432,1.8455547
Li2ZnGeS4__CBP,0.7655264,0.78952295
Li2ZnGeS4__CBP,0.65279496,0.6445859
Li2ZnGeS4__CBP,0.7413257,0.73018235
K3GeTe3__CaH3NO5,0.23519987,0.23341528
K3GeTe3__CaH3NO5,1.3135322,1.3245467
K3GeTe3__CaH3NO5,0.1845561,0.17149329
K3GeTe3__CaH3NO5,1.1122646,1.1008209
Ca3(GeP2)2__SiH17S3N5,0.13231476,0.11855265
Ca3(GeP2)2__SiH17S3N5,0.64851975,0.670552
Ca3(GeP2)2__SiH17S3N5,0.24839675,0.2862351
Ca3(GeP2)2__SiH17S3N5,0.89253896,0.9873092
K4I2O9__Li2GeN2,0.117922924,0.18286237
K4I2O9__Li2GeN2,0.25544146,0.3617424
K4I2O9__Li2GeN2,0.13758506,0.22263724
K4I2O9__Li2GeN2,0.22194616,0.2827193
CdSO4__InPO4,0.18552762,0.19970194
CdSO4__InPO4,0.3724805,0.32439077
CdSO4__InPO4,0.25974572,0.26311192
CdSO4__InPO4,1.052532,0.9751953
Br2O3__LiGaTe2,0.12627852,0.16850099
Br2O3__LiGaTe2,0.6848109,0.70074856
Br2O3__LiGaTe2,0.3382257,0.4044183
Br2O3__LiGaTe2,0.118849985,0.14571296
NOF__LiTiAsO5,0.36874118,0.35426366
NOF__LiTiAsO5,0.13619536,0.14997874
NOF__LiTiAsO5,0.93687314,0.76793754
NOF__LiTiAsO5,0.418019,0.39828584
Cd(GaSe2)2__K4SiO4,1.4359145,1.5810441
Cd(GaSe2)2__K4SiO4,0.40478808,0.4270878
Cd(GaSe2)2__K4SiO4,0.10734296,0.1384075
Cd(GaSe2)2__K4SiO4,0.92550194,0.96034735
TiI4__Al2ZnSe4,1.211323,1.2159811
TiI4__Al2ZnSe4,0.312108,0.26865378
TiI4__Al2ZnSe4,0.21534355,0.19818616
TiI4__Al2ZnSe4,0.3031989,0.2684844
K2Ti2O5__Zn(SbO3)2,0.9734671,0.98508817
K2Ti2O5__Zn(SbO3)2,0.7565532,0.9127889
K2Ti2O5__Zn(SbO3)2,0.4667287,0.48027208
K2Ti2O5__Zn(SbO3)2,0.50380015,0.4111425
TeI4__SbH36S4N11,1.1217903,0.8923373
TeI4__SbH36S4N11,0.5440988,0.66021943
TeI4__SbH36S4N11,0.07377805,0.052442335
TeI4__SbH36S4N11,0.49854594,0.32773608
ZnSb4H18S7N6__Te2O3F2,0.4992981,0.5351099
ZnSb4H18S7N6__Te2O3F2,0.07279288,0.0644777
ZnSb4H18S7N6__Te2O3F2,0.753577,0.8305688
ZnSb4H18S7N6__Te2O3F2,1.3536246,1.5735916
ICl3__GaP,0.34366405,0.4174442
ICl3__GaP,0.9472088,0.97367847
ICl3__GaP,0.21154179,0.25346196
ICl3__GaP,0.25883543,0.29777303
SiH17S3N5__Na6GaP3,0.8009314,0.75373596
SiH17S3N5__Na6GaP3,1.0520403,1.0593144
SiH17S3N5__Na6GaP3,0.16858575,0.15794073
SiH17S3N5__Na6GaP3,0.17155163,0.17504232
Na2PbO3__K3As11,0.5109734,0.52276117
Na2PbO3__K3As11,0.51354885,0.47774425
Na2PbO3__K3As11,1.2172221,1.1803448
Na2PbO3__K3As11,0.14842059,0.12915598
TiSO5__Li4Zn(H2N)6,1.0099174,1.0988696
TiSO5__Li4Zn(H2N)6,0.2874278,0.37365553
TiSO5__Li4Zn(H2N)6,0.07168867,0.099713124
TiSO5__Li4Zn(H2N)6,0.19337694,0.17543142
Na3SiTe3__SbPO5,0.20056613,0.20336777
Na3SiTe3__SbPO5,0.78099096,0.70524144
Na3SiTe3__SbPO5,0.4545241,0.41983697
Na3SiTe3__SbPO5,0.19257775,0.18418066
KSb(PO4)2__Ca3Ga2(GeO4)3,0.05565532,0.059466913
KSb(PO4)2__Ca3Ga2(GeO4)3,1.0044657,0.71671337
KSb(PO4)2__Ca3Ga2(GeO4)3,0.7496348,0.6586001
KSb(PO4)2__Ca3Ga2(GeO4)3,0.335164,0.29031116
Ti(SO4)2__Sn2(SO4)3,0.5410659,0.3999939
Ti(SO4)2__Sn2(SO4)3,0.359605,0.33518013
Ti(SO4)2__Sn2(SO4)3,0.058608145,0.053048193
Ti(SO4)2__Sn2(SO4)3,0.5404901,0.43226996
Li7SbN4__Ti5(PO5)4,0.89785534,0.8765495
Li7SbN4__Ti5(PO5)4,0.30347064,0.2777472
Li7SbN4__Ti5(PO5)4,0.6321045,0.4889015
Li7SbN4__Ti5(PO5)4,0.9343442,0.70659804
KSb(PSe3)2__KH(IO3)2,1.1170679,1.0262632
KSb(PSe3)2__KH(IO3)2,0.7054782,0.61363083
KSb(PSe3)2__KH(IO3)2,1.2599918,1.28591
KSb(PSe3)2__KH(IO3)2,0.34359038,0.31962365
Ca11InSb9__Ga2PbO4,0.968249,1.6100693
Ca11InSb9__Ga2PbO4,1.0723313,1.8564448
Ca11InSb9__Ga2PbO4,0.79645556,1.3200034
Ca11InSb9__Ga2PbO4,0.9564847,1.5041698
K2Se5__K3AlSe3,0.8781709,0.72756624
K2Se5__K3AlSe3,0.38624877,0.44810593
K2Se5__K3AlSe3,0.92609084,1.0200845
K2Se5__K3AlSe3,0.27111128,0.3158876
NaInS2__CaPS3,0.13488282,0.14144179
NaInS2__CaPS3,0.59052676,0.69665295
NaInS2__CaPS3,0.7189655,0.86173713
NaInS2__CaPS3,0.92830926,0.9927858
K2GeTe4__Na3GeSe3,0.8953414,0.71533155
K2GeTe4__Na3GeSe3,0.15384966,0.14033532
K2GeTe4__Na3GeSe3,0.20123664,0.17124733
K2GeTe4__Na3GeSe3,0.40385202,0.35437527
AlP__Zn(GaO2)2,1.1240284,0.97826135
AlP__Zn(GaO2)2,0.05362447,0.042573296
AlP__Zn(GaO2)2,0.6444193,0.37408033
AlP__Zn(GaO2)2,0.45915276,0.33579254
Na5InTe4__ICl,0.42300218,0.45384082
Na5InTe4__ICl,0.1366226,0.17663848
Na5InTe4__ICl,0.6090461,0.63519573
Na5InTe4__ICl,0.23870641,0.26030248
Ga2PbSe4__Ca3CdO4,0.16433392,0.29562974
Ga2PbSe4__Ca3CdO4,0.10792009,0.1471504
Ga2PbSe4__Ca3CdO4,0.061579302,0.112270504
Ga2PbSe4__Ca3CdO4,0.21032432,0.99293506
KIO3__NaCdPO4,0.24407157,0.30084488
KIO3__NaCdPO4,0.2953771,0.30945516
KIO3__NaCdPO4,0.04814368,0.07833858
KIO3__NaCdPO4,0.28093094,0.292609
LiCa3As2H__SiI3,1.6931499,1.866272
LiCa3As2H__SiI3,0.26518166,0.22614175
LiCa3As2H__SiI3,1.7666738,1.9011039
LiCa3As2H__SiI3,0.4763831,0.45601177
K2Sn2Se5__InSb3Pb4O13,0.11657735,0.12272613
K2Sn2Se5__InSb3Pb4O13,1.0051364,0.9322566
K2Sn2Se5__InSb3Pb4O13,0.8995299,0.77882355
K2Sn2Se5__InSb3Pb4O13,1.7345318,1.0181004
C__KH2(IO3)3,0.59921247,0.65915686
C__KH2(IO3)3,1.2027688,1.2858905
C__KH2(IO3)3,0.12940402,0.14509349
C__KH2(IO3)3,0.7018542,0.7835938
CaHN__AsI3,0.39138764,0.3391948
CaHN__AsI3,0.5509939,0.5126729
CaHN__AsI3,1.4018605,1.6459023
CaHN__AsI3,1.053176,1.243103
Ca3(GaP2)2__Zn(InSe2)2,0.19833523,0.18181789
Ca3(GaP2)2__Zn(InSe2)2,0.25197417,0.24878314
Ca3(GaP2)2__Zn(InSe2)2,1.2217607,1.0446192
Ca3(GaP2)2__Zn(InSe2)2,0.06663223,0.048752032
ICl3__Na2SnO2,1.9200639,2.2796597
ICl3__Na2SnO2,1.1929655,1.0565572
ICl3__Na2SnO2,0.4696975,0.43056107
ICl3__Na2SnO2,0.44973367,0.38854215
SiSe2__Ca4CN4,0.089216225,0.0884846
SiSe2__Ca4CN4,0.26580465,0.2770686
SiSe2__Ca4CN4,0.18924972,0.17607436
SiSe2__Ca4CN4,0.82484823,0.84296274
CaSe__K2CdGeO4,0.79913473,0.72985584
CaSe__K2CdGeO4,0.28625777,0.22466138
CaSe__K2CdGeO4,0.27577627,0.22442888
CaSe__K2CdGeO4,1.4964371,1.1581985
K2Li(H2N)3__NaIn(GeO3)2,0.65418243,0.65603554
K2Li(H2N)3__NaIn(GeO3)2,0.11818771,0.12209524
K2Li(H2N)3__NaIn(GeO3)2,0.10116232,0.1067346
K2Li(H2N)3__NaIn(GeO3)2,0.18785837,0.14105166
K2Ge(IO3)6__Si2H2S3,0.08903338,0.073115915
K2Ge(IO3)6__Si2H2S3,0.5674411,0.47550565
K2Ge(IO3)6__Si2H2S3,0.14207143,0.1336769
K2Ge(IO3)6__Si2H2S3,0.9735639,0.827196
LiZnP__ZnPbF6,0.1692246,0.13582961
LiZnP__ZnPbF6,0.90676457,0.99133056
LiZnP__ZnPbF6,0.335766,0.348045
LiZnP__ZnPbF6,0.15793884,0.13334395
LiCaP__Ca2Al2Sn2O9,0.38426933,0.32311723
LiCaP__Ca2Al2Sn2O9,0.7044187,0.7050019
LiCaP__Ca2Al2Sn2O9,0.4386727,0.34980628
LiCaP__Ca2Al2Sn2O9,0.16462518,0.19785348
K4CdAs2__CaSn(SO4)3,0.28963533,0.26810214
K4CdAs2__CaSn(SO4)3,0.2636427,0.27840164
K4CdAs2__CaSn(SO4)3,0.1613783,0.14573953
K4CdAs2__CaSn(SO4)3,1.3603307,1.2270005
Na8Ga2O7__NClOF4,0.23524077,0.2074073
Na8Ga2O7__NClOF4,0.21254778,0.17136595
Na8Ga2O7__NClOF4,1.4778174,1.4997874
Na8Ga2O7__NClOF4,0.7213595,0.63408804
KSnS4__Cd3SiO5,0.6104489,0.65589404
KSnS4__Cd3SiO5,0.87867624,0.95999384
KSnS4__Cd3SiO5,0.24247827,0.2579638
KSnS4__Cd3SiO5,0.0673611,0.10371064
SCl__K3Si6H6N11,1.7089399,1.7988507
SCl__K3Si6H6N11,0.23365623,0.2512882
SCl__K3Si6H6N11,0.6542683,0.65796024
SCl__K3Si6H6N11,1.5685939,1.6677201
LiInSiO4__TiI2O7,0.29774597,0.46940157
LiInSiO4__TiI2O7,0.18852748,0.22015041
LiInSiO4__TiI2O7,0.2752312,0.3051616
LiInSiO4__TiI2O7,0.5498742,0.5969125
K3TiCl6__CaAlH5,0.21042232,0.20560071
K3TiCl6__CaAlH5,1.02882,0.99306023
K3TiCl6__CaAlH5,1.0537347,1.0370897
K3TiCl6__CaAlH5,1.0815847,1.1233605
GeS__SnBr2,0.79480916,0.70817834
GeS__SnBr2,0.3927988,0.4017688
GeS__SnBr2,0.7895097,0.71461207
GeS__SnBr2,0.73808455,0.7109921
Na5InS4__Ca3Ga2Si(SnO6)2,0.96709406,0.9833512
Na5InS4__Ca3Ga2Si(SnO6)2,0.30751127,0.23461562
Na5InS4__Ca3Ga2Si(SnO6)2,0.48755592,0.42087933
Na5InS4__Ca3Ga2Si(SnO6)2,0.21246368,0.23131791
CdP14Pb__Sb2Te2O9,0.35364443,0.35654294
CdP14Pb__Sb2Te2O9,0.1475858,0.15201482
CdP14Pb__Sb2Te2O9,0.44551554,0.43707293
CdP14Pb__Sb2Te2O9,0.15961958,0.17326622
Na2Si2Se5__K4GeS4,0.21967918,0.2123445
Na2Si2Se5__K4GeS4,0.8657618,0.8452176
Na2Si2Se5__K4GeS4,0.054717526,0.08523861
Na2Si2Se5__K4GeS4,0.031125557,0.05642069
Ca(GaSe2)2__KAlSe2,0.0676815,0.07555689
Ca(GaSe2)2__KAlSe2,0.411856,0.41926554
Ca(GaSe2)2__KAlSe2,0.29494664,0.32675415
Ca(GaSe2)2__KAlSe2,0.3811873,0.35649192
SiAs2__Na4SeO5,0.78792953,1.3794299
SiAs2__Na4SeO5,0.11617875,0.075725086
SiAs2__Na4SeO5,0.21028642,0.11535666
SiAs2__Na4SeO5,0.22524653,0.13890518
K2CdO2__Cd2Te2O7,0.30674425,0.28336173
K2CdO2__Cd2Te2O7,0.45081526,0.40635365
K2CdO2__Cd2Te2O7,0.14392209,0.16279483
K2CdO2__Cd2Te2O7,0.2898289,0.27402923
As2Pb8O13__TiCl4,0.14196289,0.1287747
As2Pb8O13__TiCl4,0.49500299,0.37922695
As2Pb8O13__TiCl4,1.0798112,0.6927904
As2Pb8O13__TiCl4,0.8542419,0.7398905
Ca2BrN__Sn2(SO4)3,0.26275736,0.22626337
Ca2BrN__Sn2(SO4)3,1.013449,0.9195664
Ca2BrN__Sn2(SO4)3,0.13367128,0.11680274
Ca2BrN__Sn2(SO4)3,1.0391996,1.2130028
Al(TeCl2)2__NaP3(PbO3)4,0.041965395,0.09545802
Al(TeCl2)2__NaP3(PbO3)4,0.24165757,0.50520384
Al(TeCl2)2__NaP3(PbO3)4,0.16934845,0.32835475
Al(TeCl2)2__NaP3(PbO3)4,0.87239385,1.5898426
K3LiGe4__Li2GePbS4,0.06612434,0.16936518
K3LiGe4__Li2GePbS4,0.07904582,0.1034995
K3LiGe4__Li2GePbS4,0.036661066,0.09858302
K3LiGe4__Li2GePbS4,0.0773045,0.0771394
K2Ti2O5__CaGeO3,0.3847342,0.25710118
K2Ti2O5__CaGeO3,0.36203858,0.2970691
K2Ti2O5__CaGeO3,0.6466011,0.3496043
K2Ti2O5__CaGeO3,0.8056118,0.49588802
CdSO4__TiSnP2SO12,0.52811,0.50337476
CdSO4__TiSnP2SO12,0.24604921,0.20275068
CdSO4__TiSnP2SO12,0.58827627,0.48050445
CdSO4__TiSnP2SO12,0.97178346,0.7341516
Te3As2__LiSb3O8,0.2961178,0.24573839
Te3As2__LiSb3O8,0.6543655,0.60930693
Te3As2__LiSb3O8,0.16481923,0.15771312
Te3As2__LiSb3O8,0.14940119,0.13355687
KZnP__Li10Zn4O9,0.1507748,0.15304506
KZnP__Li10Zn4O9,0.75395215,0.71054465
KZnP__Li10Zn4O9,0.08080099,0.09739881
KZnP__Li10Zn4O9,0.35749605,0.3797864
K2ZnSe2__KH2(IO3)3,0.4080291,0.3269865
K2ZnSe2__KH2(IO3)3,0.18453108,0.1536538
K2ZnSe2__KH2(IO3)3,1.5393541,1.5885941
K2ZnSe2__KH2(IO3)3,1.0533435,1.0498229
PbSe2O5__TeO2,0.17789826,0.17585763
PbSe2O5__TeO2,0.6583105,0.6022334
PbSe2O5__TeO2,0.10100261,0.10360199
PbSe2O5__TeO2,0.39278957,0.39369842
BrF3__NaCa2IO6,0.7093528,0.7095285
BrF3__NaCa2IO6,0.56223804,0.48058996
BrF3__NaCa2IO6,1.167643,1.2043217
BrF3__NaCa2IO6,1.3418169,1.2568728
PbS__GaP,0.92933255,0.96422625
PbS__GaP,0.5288669,0.4495207
PbS__GaP,1.4036293,1.3170118
PbS__GaP,0.401137,0.43798384
GaN__TePb5O8,0.2662333,0.21782255
GaN__TePb5O8,0.31245446,0.28335792
GaN__TePb5O8,0.42139414,0.37914214
GaN__TePb5O8,1.1568483,1.0880035
K10In5Sb9__Na2In2SiS6,0.36212578,0.35180107
K10In5Sb9__Na2In2SiS6,0.9614525,1.0376935
K10In5Sb9__Na2In2SiS6,1.4616147,1.5016809
K10In5Sb9__Na2In2SiS6,0.67951614,0.7966964
Li2ZnGeO4__CBP,0.6929176,0.7203696
Li2ZnGeO4__CBP,0.6319385,0.58225286
Li2ZnGeO4__CBP,1.1222084,1.0995624
Li2ZnGeO4__CBP,0.10349343,0.1469025
SiAs__Ca(H2N)2,0.17181662,0.18846291
SiAs__Ca(H2N)2,0.26912066,0.32915476
SiAs__Ca(H2N)2,0.3473623,0.39794597
SiAs__Ca(H2N)2,1.3603323,1.5399121
K3P11__KF2,1.2735983,0.96112156
K3P11__KF2,0.17347243,0.18236515
K3P11__KF2,0.19873175,0.19949704
K3P11__KF2,3.0679011,2.3217404
K5Zn4Sn5H4S17N__Cd(InS2)2,0.1088626,0.10979089
K5Zn4Sn5H4S17N__Cd(InS2)2,0.59558076,0.55790085
K5Zn4Sn5H4S17N__Cd(InS2)2,0.06847131,0.06775831
K5Zn4Sn5H4S17N__Cd(InS2)2,0.1354838,0.10603273
KP15__K3Li3TeO6,0.07945652,0.10512831
KP15__K3Li3TeO6,0.5529556,0.5320074
KP15__K3Li3TeO6,1.2687713,1.410921
KP15__K3Li3TeO6,0.6295206,0.55603164
Cd(InSe2)2__TePCl9,0.15171923,0.15137951
Cd(InSe2)2__TePCl9,0.35994738,0.3217487
Cd(InSe2)2__TePCl9,0.7594324,0.69558483
Cd(InSe2)2__TePCl9,0.14995894,0.13032356
Na4TiP2O9__KGaI4,0.9200958,0.85116327
Na4TiP2O9__KGaI4,0.50280195,0.50409573
Na4TiP2O9__KGaI4,1.2273502,1.292087
Na4TiP2O9__KGaI4,1.7466531,1.3742719
Na2TeS3__LiIn(IO3)4,0.21611543,0.24343956
Na2TeS3__LiIn(IO3)4,0.4943391,0.48011357
Na2TeS3__LiIn(IO3)4,0.087041765,0.09902178
Na2TeS3__LiIn(IO3)4,0.9018266,0.9441838
LiZnP__TiSO5,0.5580191,0.56843925
LiZnP__TiSO5,1.8158454,1.8593091
LiZnP__TiSO5,0.16631195,0.17487761
LiZnP__TiSO5,1.0447857,1.0583385
Li3As__CdIn2O4,0.24757901,0.16306153
Li3As__CdIn2O4,0.4059571,0.27412778
Li3As__CdIn2O4,0.581604,0.50884694
Li3As__CdIn2O4,0.8666528,0.7826508
K14In4O13__Sn3(PO4)2,0.8825376,0.86807567
K14In4O13__Sn3(PO4)2,0.27802917,0.27530238
K14In4O13__Sn3(PO4)2,0.73843086,0.69341075
K14In4O13__Sn3(PO4)2,0.8755151,0.82890975
InSb3F18__NPB,1.807496,1.2669657
InSb3F18__NPB,1.7096447,1.2290348
InSb3F18__NPB,0.7371111,0.7079137
InSb3F18__NPB,2.537447,2.0257642
NaCa2IO6__Na2Ti2Si2O9,0.67489773,0.3516863
NaCa2IO6__Na2Ti2Si2O9,0.46680504,0.4037003
NaCa2IO6__Na2Ti2Si2O9,0.12851642,0.113375515
NaCa2IO6__Na2Ti2Si2O9,0.7175268,0.29560784
K3Na2InO4__K3SbSe3,0.9249085,0.8395812
K3Na2InO4__K3SbSe3,0.6197921,0.50429916
K3Na2InO4__K3SbSe3,0.20558898,0.1634311
K3Na2InO4__K3SbSe3,0.13906647,0.13941833
Cd(GaSe2)2__Na4TiP2O9,0.33130434,0.38533962
Cd(GaSe2)2__Na4TiP2O9,0.7050389,0.6932595
Cd(GaSe2)2__Na4TiP2O9,0.6601667,0.64558923
Cd(GaSe2)2__Na4TiP2O9,0.99491686,0.93456256
Na5GeP3__SnS,0.039688405,0.10746758
Na5GeP3__SnS,0.091988355,0.19809754
Na5GeP3__SnS,0.85092086,1.8693049
Na5GeP3__SnS,0.16571498,0.35760736
K2PbO2__K4SiO4,0.4846527,0.44868928
K2PbO2__K4SiO4,1.5910896,1.5608789
K2PbO2__K4SiO4,1.3005583,1.1628916
K2PbO2__K4SiO4,0.14455007,0.16624278
CdTe__Na2S5,0.7929662,0.83099926
CdTe__Na2S5,0.9455174,0.8916841
CdTe__Na2S5,0.97920245,1.0578226
CdTe__Na2S5,0.71695703,0.7245828
KGe__K6Se2O9,0.5159082,0.5210027
KGe__K6Se2O9,1.5057368,1.4950863
KGe__K6Se2O9,1.4792247,1.4408952
KGe__K6Se2O9,1.33093,1.2804103
In4SnS4__CaGeO3,1.2128553,1.2328562
In4SnS4__CaGeO3,1.3590585,1.1949588
In4SnS4__CaGeO3,0.03943844,0.0062841475
In4SnS4__CaGeO3,0.3125441,0.2929451
K2NaInSb2__Na2Zn2O3,0.7716427,0.7317262
K2NaInSb2__Na2Zn2O3,0.5499557,0.51711154
K2NaInSb2__Na2Zn2O3,0.06828157,0.05762925
K2NaInSb2__Na2Zn2O3,0.32589602,0.3111763
Na6GaAs3__Na2TiS2O,0.7605438,0.7383317
Na6GaAs3__Na2TiS2O,1.0001917,0.9636177
Na6GaAs3__Na2TiS2O,1.1008993,1.0328617
Na6GaAs3__Na2TiS2O,1.6119792,1.614586
K2Ge2Se5__AlH3,1.1126564,0.9194636
K2Ge2Se5__AlH3,1.3851491,1.328394
K2Ge2Se5__AlH3,0.22876956,0.15796319
K2Ge2Se5__AlH3,0.9770779,0.9391835
P3NCl12__Ga2PbS4,1.0728861,1.0652089
P3NCl12__Ga2PbS4,0.27901906,0.25659016
P3NCl12__Ga2PbS4,0.6608755,0.5582194
P3NCl12__Ga2PbS4,0.36112761,0.29285482
InSiTe3__K(GeAs)3,0.32593307,0.21812697
InSiTe3__K(GeAs)3,0.2393683,0.15884686
InSiTe3__K(GeAs)3,0.9705221,0.9093446
InSiTe3__K(GeAs)3,0.77113926,0.5141527
Li2TeO4__Na4As2O7,0.9673142,0.87398374
Li2TeO4__Na4As2O7,0.14090115,0.15894982
Li2TeO4__Na4As2O7,0.5362745,0.4143525
Li2TeO4__Na4As2O7,0.12685892,0.11098243
K2GeTe4__Na2CaSn2(GeO4)3,0.34264073,0.38309103
K2GeTe4__Na2CaSn2(GeO4)3,0.5421525,0.5726101
K2GeTe4__Na2CaSn2(GeO4)3,0.68678904,0.76076615
K2GeTe4__Na2CaSn2(GeO4)3,0.8307884,0.9906609
K6Si2S6O__Na3H5(SeO4)4,0.6416475,0.43282798
K6Si2S6O__Na3H5(SeO4)4,0.5423954,0.32921788
K6Si2S6O__Na3H5(SeO4)4,0.9266283,0.7450202
K6Si2S6O__Na3H5(SeO4)4,0.23582299,0.15091535
Zn2(PS3)3__LiTi2(PO4)3,1.2790529,1.2839296
Zn2(PS3)3__LiTi2(PO4)3,0.9028078,0.8388907
Zn2(PS3)3__LiTi2(PO4)3,1.6433583,1.6689883
Zn2(PS3)3__LiTi2(PO4)3,0.18485758,0.1648238
SbCl5__Li2Te,0.116560414,0.14580388
SbCl5__Li2Te,0.09908102,0.09869055
SbCl5__Li2Te,0.8309664,0.88468355
SbCl5__Li2Te,0.9900024,0.8843324
PICl6__K2SbCl5,0.38162228,0.43778452
PICl6__K2SbCl5,1.2222072,1.3129177
PICl6__K2SbCl5,1.2461601,1.279775
PICl6__K2SbCl5,0.51077765,0.43967927
K3SbSe3__Te2O3F2,0.21679507,0.24981591
K3SbSe3__Te2O3F2,0.33909687,0.44710743
K3SbSe3__Te2O3F2,1.2036456,1.3327793
K3SbSe3__Te2O3F2,0.6237985,0.70982337
K2LiGaAs2__Sb2O5,0.2626248,0.31942555
K2LiGaAs2__Sb2O5,0.04931148,0.045327432
K2LiGaAs2__Sb2O5,0.21535115,0.25943398
K2LiGaAs2__Sb2O5,0.18870187,0.21369314
AlI3__NaAlI4,1.2426068,1.14507
AlI3__NaAlI4,0.8985526,0.7029066
AlI3__NaAlI4,0.10640129,0.06499377
AlI3__NaAlI4,1.4317601,1.1801411
GeS__NaHO,0.85800445,0.8454702
GeS__NaHO,1.1482335,1.0244648
GeS__NaHO,0.36449587,0.386133
GeS__NaHO,0.1210179,0.098753005
Na2CaTi2(GeO4)3__KCd6P7O24,0.376173,0.3083606
Na2CaTi2(GeO4)3__KCd6P7O24,0.9090852,0.7685891
Na2CaTi2(GeO4)3__KCd6P7O24,1.2355164,0.9791496
Na2CaTi2(GeO4)3__KCd6P7O24,0.37128654,0.30529094
Na3TiF8__HS2IO8,0.1437358,0.16156928
Na3TiF8__HS2IO8,0.6568815,0.75980186
Na3TiF8__HS2IO8,0.60086423,0.63876605
Na3TiF8__HS2IO8,1.5028795,1.5936471
K(TeO3)2__Ge(PbS2)2,0.16151899,0.18599668
K(TeO3)2__Ge(PbS2)2,0.9652204,1.0286645
K(TeO3)2__Ge(PbS2)2,0.03167814,0.039892048
K(TeO3)2__Ge(PbS2)2,1.0155747,0.9119185
Na2TeO4__PSe,1.3341016,1.2892368
Na2TeO4__PSe,0.38034257,0.33875084
Na2TeO4__PSe,0.66695595,0.62863714
Na2TeO4__PSe,0.7141826,0.6356654
K2Zn(SnSe3)2__Al2PbS4,0.12601064,0.3130226
K2Zn(SnSe3)2__Al2PbS4,0.13921161,0.33582366
K2Zn(SnSe3)2__Al2PbS4,0.28330633,0.727839
K2Zn(SnSe3)2__Al2PbS4,0.027274482,0.09283336
LiNO3__Ca5(IO6)2,0.38376316,0.40466756
LiNO3__Ca5(IO6)2,0.76446176,0.7197566
LiNO3__Ca5(IO6)2,0.5113168,0.5071625
LiNO3__Ca5(IO6)2,0.98841596,0.8155004
Ca5(IO6)2__K3In(IO3)6,0.6068254,0.46460304
Ca5(IO6)2__K3In(IO3)6,0.8977889,0.6779581
Ca5(IO6)2__K3In(IO3)6,0.8127351,0.57177204
Ca5(IO6)2__K3In(IO3)6,0.40819865,0.34090886
KAlTe2__PTCDA,1.6243249,1.378328
KAlTe2__PTCDA,0.65117127,0.65340203
KAlTe2__PTCDA,2.5878518,2.2107124
KAlTe2__PTCDA,2.3329985,2.1652896
K(TeO3)2__ClF5,0.6024666,0.5862462
K(TeO3)2__ClF5,0.4351758,0.5100333
K(TeO3)2__ClF5,0.11860807,0.14039743
K(TeO3)2__ClF5,0.96867836,0.96051973
TiP2PbO8__Cd(NO3)2,0.12899876,0.11239983
TiP2PbO8__Cd(NO3)2,1.2512898,1.2807547
TiP2PbO8__Cd(NO3)2,0.11320529,0.089062475
TiP2PbO8__Cd(NO3)2,0.36494246,0.2943862
K3SbO4__NOF,0.6645533,0.70520854
K3SbO4__NOF,0.19279544,0.18090683
K3SbO4__NOF,1.6711453,1.4820393
K3SbO4__NOF,0.6786102,0.72505265
K14In4O13__ZnO,0.69246227,0.63920105
K14In4O13__ZnO,0.10024955,0.10103588
K14In4O13__ZnO,0.24346614,0.24460703
K14In4O13__ZnO,0.20762344,0.29173857
LiCaP__NaTi2(AsO4)3,0.22846414,0.20167246
LiCaP__NaTi2(AsO4)3,1.5899341,1.402428
LiCaP__NaTi2(AsO4)3,0.67587936,0.70024574
LiCaP__NaTi2(AsO4)3,0.30965385,0.2968784
Na4Si2PbSe6__S3(NO7)2,1.3500805,1.1849147
Na4Si2PbSe6__S3(NO7)2,0.1804182,0.19598001
Na4Si2PbSe6__S3(NO7)2,0.63141745,0.6325342
Na4Si2PbSe6__S3(NO7)2,0.66903085,0.68139166
Li7PSe6__CdI2,0.31374973,0.2471723
Li7PSe6__CdI2,0.3817603,0.33395267
Li7PSe6__CdI2,0.19722027,0.15281469
Li7PSe6__CdI2,0.30696127,0.3254063
K2CdGeO4__Na3In(PO4)2,0.9122054,0.92428696
K2CdGeO4__Na3In(PO4)2,0.62080353,0.6554529
K2CdGeO4__Na3In(PO4)2,0.8723763,1.0000292
K2CdGeO4__Na3In(PO4)2,0.62590736,0.5789848
Al(IO3)3__NPB,1.6562576,1.4187708
Al(IO3)3__NPB,2.0519314,1.3427831
Al(IO3)3__NPB,0.6824271,0.5745206
Al(IO3)3__NPB,2.7307873,2.2711482
As(BrF2)3__KSn2Cl5,0.665163,0.48985174
As(BrF2)3__KSn2Cl5,0.14334913,0.12949002
As(BrF2)3__KSn2Cl5,0.37876195,0.3580568
As(BrF2)3__KSn2Cl5,0.21150106,0.22635019
Ca3PN__Ca3AlN3,0.52563965,0.8185257
Ca3PN__Ca3AlN3,0.53426313,0.7651818
Ca3PN__Ca3AlN3,0.58484215,0.8740579
Ca3PN__Ca3AlN3,0.9009487,1.3415103
K2CdSiO4__KGaO2,0.6521607,0.5201872
K2CdSiO4__KGaO2,0.17158712,0.15794143
K2CdSiO4__KGaO2,0.32530192,0.22291765
K2CdSiO4__KGaO2,1.438774,1.3488353
CdP14Pb__K4Ti3S14,1.3945986,1.4611281
CdP14Pb__K4Ti3S14,0.73277533,0.66875345
CdP14Pb__K4Ti3S14,0.63489753,0.6704805
CdP14Pb__K4Ti3S14,1.0103179,1.087894
K2NaInAs2__NaSi,0.21485163,0.21856087
K2NaInAs2__NaSi,0.26970997,0.39118543
K2NaInAs2__NaSi,0.51452553,0.36472228
K2NaInAs2__NaSi,0.6332269,0.5574916
GeSe2__NaAsS2,0.27991757,0.21992543
GeSe2__NaAsS2,0.99039304,0.96578974
GeSe2__NaAsS2,0.8138245,0.72020113
GeSe2__NaAsS2,0.7318207,0.6862421
Te3As2__Ca3AsCl3,0.33834773,0.36982512
Te3As2__Ca3AsCl3,0.9336533,0.9788452
Te3As2__Ca3AsCl3,0.67093897,0.7522232
Te3As2__Ca3AsCl3,0.5545055,0.52714473
Ca2ZnN2__K6Ge2O7,1.5088457,1.5746628
Ca2ZnN2__K6Ge2O7,1.0353978,1.0067786
Ca2ZnN2__K6Ge2O7,0.38891655,0.43216473
Ca2ZnN2__K6Ge2O7,2.2818668,1.9582967
K2Se5__Na2SnO2,1.892709,1.9697902
K2Se5__Na2SnO2,1.5114369,1.5423684
K2Se5__Na2SnO2,0.86072665,0.786042
K2Se5__Na2SnO2,0.09803997,0.09761654
NaAs__PbBr2,0.08861115,0.09465722
NaAs__PbBr2,0.30964828,0.36677226
NaAs__PbBr2,0.9898678,0.99661666
NaAs__PbBr2,0.42011505,0.48896694
Ca(ZnP)2__SbI3Cl8,0.41858602,0.31719524
Ca(ZnP)2__SbI3Cl8,1.1102171,0.9582226
Ca(ZnP)2__SbI3Cl8,1.1399565,0.9849036
Ca(ZnP)2__SbI3Cl8,0.6081543,0.58850014
Li2ZnGeS4__Li2P7(H3N)9,0.22952634,0.25775
Li2ZnGeS4__Li2P7(H3N)9,0.39929596,0.39293933
Li2ZnGeS4__Li2P7(H3N)9,1.3279312,1.4355577
Li2ZnGeS4__Li2P7(H3N)9,0.3766522,0.37961993
AsClF8__Ca3(SiAs2)2,0.44327527,0.3764805
AsClF8__Ca3(SiAs2)2,0.5220549,0.42602095
AsClF8__Ca3(SiAs2)2,0.1467748,0.1886332
AsClF8__Ca3(SiAs2)2,0.87919694,0.8464435
LiCaGaN2__In3SnI5,0.2739091,0.25066048
LiCaGaN2__In3SnI5,0.7419324,0.7731196
LiCaGaN2__In3SnI5,0.68188626,0.61168414
LiCaGaN2__In3SnI5,0.62048024,0.58409125
K2PS3__NaCdF3,0.10622588,0.08497165
K2PS3__NaCdF3,0.47003743,0.3517641
K2PS3__NaCdF3,0.4622757,0.36319476
K2PS3__NaCdF3,0.8028916,0.6272573
Ga2Te2Cl7__KSb(PSe3)2,0.71460795,0.70879275
Ga2Te2Cl7__KSb(PSe3)2,0.5647046,0.556613
Ga2Te2Cl7__KSb(PSe3)2,0.06993289,0.056881953
Ga2Te2Cl7__KSb(PSe3)2,1.0978543,1.1238039
K4Ge(PSe3)4__Ge(PbS2)2,1.7511092,1.0015686
K4Ge(PSe3)4__Ge(PbS2)2,1.3989686,1.2221905
K4Ge(PSe3)4__Ge(PbS2)2,0.6274582,0.62123454
K4Ge(PSe3)4__Ge(PbS2)2,1.6875377,1.3106662
Cd3(PO4)2__CdH3NO5,0.6472647,0.50260895
Cd3(PO4)2__CdH3NO5,1.5954951,1.1160383
Cd3(PO4)2__CdH3NO5,0.4298765,0.4246733
Cd3(PO4)2__CdH3NO5,0.11815455,0.093192965
AsClOF8__PbBr2,0.21802804,0.23868576
AsClOF8__PbBr2,0.8913407,0.8133044
AsClOF8__PbBr2,2.315377,2.310194
AsClOF8__PbBr2,1.6088252,1.629286
CdPS3__K8Ti5P2(O4F11)2,1.2467353,1.1339
CdPS3__K8Ti5P2(O4F11)2,0.13343075,0.1372359
CdPS3__K8Ti5P2(O4F11)2,0.9847523,1.107211
CdPS3__K8Ti5P2(O4F11)2,0.22554234,0.2492195
CdSe2__Si,0.5988465,0.48492566
CdSe2__Si,0.37495372,0.4253663
CdSe2__Si,0.2134658,0.30354497
CdSe2__Si,0.104412846,0.13584891
TiZn(SO4)3__ZnCN2,0.34734592,0.27880314
TiZn(SO4)3__ZnCN2,1.6024323,1.7598333
TiZn(SO4)3__ZnCN2,0.21545711,0.22668445
TiZn(SO4)3__ZnCN2,0.29103273,0.23365007
Zn(GaS2)2__SeCl4,0.12170117,0.12336694
Zn(GaS2)2__SeCl4,0.2017675,0.23889217
Zn(GaS2)2__SeCl4,0.50791854,0.49016654
Zn(GaS2)2__SeCl4,1.864174,1.8695306
KBrF4__ClF5,1.2924875,1.4089264
KBrF4__ClF5,0.42280456,0.4549336
KBrF4__ClF5,1.2480404,1.4387285
KBrF4__ClF5,0.77328604,0.7161826
Al2CdTe4__Li4GeS4,0.90387607,0.94025445
Al2CdTe4__Li4GeS4,0.7792715,0.79721373
Al2CdTe4__Li4GeS4,1.060312,1.0969678
Al2CdTe4__Li4GeS4,0.22684388,0.20386763
NaAlSe2__Li2TiTeO6,0.5243321,0.7659918
NaAlSe2__Li2TiTeO6,0.48245913,0.63531315
NaAlSe2__Li2TiTeO6,0.32037595,0.39776292
NaAlSe2__Li2TiTeO6,0.75923777,1.2806946
K3GaO3__PbSe2O5,0.5736697,0.5052905
K3GaO3__PbSe2O5,0.7517432,0.6252106
K3GaO3__PbSe2O5,0.087463334,0.06195419
K3GaO3__PbSe2O5,1.5353556,1.6789702
KGe__AlSCl7,0.7911989,0.8207575
KGe__AlSCl7,0.5449017,0.6270751
KGe__AlSCl7,0.061645277,0.052136384
KGe__AlSCl7,1.1320218,1.0549892
K11Cd2Sb5__K4Sb2O5,1.9591005,1.5700154
K11Cd2Sb5__K4Sb2O5,1.0318042,1.0629965
K11Cd2Sb5__K4Sb2O5,0.45096397,0.5095633
K11Cd2Sb5__K4Sb2O5,1.7175652,1.881616
Ca3N2__PbO,0.15775098,0.15360536
Ca3N2__PbO,0.41521323,0.3438551
Ca3N2__PbO,0.68263084,0.50169903
Ca3N2__PbO,0.75402266,0.5466478
NaCl7__InI2,0.5116593,0.45202586
NaCl7__InI2,0.4360772,0.42017728
NaCl7__InI2,0.23630834,0.18934378
NaCl7__InI2,1.2920943,1.2077276
Cd3(PO4)2__K2LiAlH6,1.562486,1.5716203
Cd3(PO4)2__K2LiAlH6,0.47717458,0.48949692
Cd3(PO4)2__K2LiAlH6,0.540728,0.4850205
Cd3(PO4)2__K2LiAlH6,0.5670662,0.7069221
KAlTe2__Li3SbO4,0.38622436,0.3844765
KAlTe2__Li3SbO4,0.49131528,0.5501212
KAlTe2__Li3SbO4,0.5972167,0.6534183
KAlTe2__Li3SbO4,0.29674158,0.3193502
K2TiO3__Al(IO3)3,0.09999519,0.1060646
K2TiO3__Al(IO3)3,0.47521776,0.46967223
K2TiO3__Al(IO3)3,0.33261207,0.31933185
K2TiO3__Al(IO3)3,0.50899285,0.50843525
NaP7__CdF2,1.7940238,1.8842714
NaP7__CdF2,0.9999763,1.070346
NaP7__CdF2,0.19277787,0.18884164
NaP7__CdF2,1.7835948,1.8502347
K2SiP2__GaSbO4,0.33313897,0.32962704
K2SiP2__GaSbO4,0.47016126,0.36399513
K2SiP2__GaSbO4,0.3809932,0.26863956
K2SiP2__GaSbO4,1.8161744,0.78146863
AlSb__GaS,0.23959109,0.21050149
AlSb__GaS,0.41431117,0.36020094
AlSb__GaS,0.36044386,0.2689134
AlSb__GaS,0.3137885,0.24385765
Ca3PCl3__K4SnSe4,0.43385908,0.4353566
Ca3PCl3__K4SnSe4,1.3532768,1.2138449
Ca3PCl3__K4SnSe4,0.123006165,0.12870678
Ca3PCl3__K4SnSe4,0.33614263,0.286004
KSnS4__CdHOF,0.15008979,0.14033422
KSnS4__CdHOF,1.2466168,1.3683608
KSnS4__CdHOF,0.74931085,0.8046721
KSnS4__CdHOF,0.8575139,0.8789926
Ca2HN__CaSb10(S3O5)2,0.09046731,0.143165
Ca2HN__CaSb10(S3O5)2,0.42053145,0.4967046
Ca2HN__CaSb10(S3O5)2,0.44948024,0.5972702
Ca2HN__CaSb10(S3O5)2,0.073258586,0.11989425
Na2SnGe2(HO4)2__SbI3,0.07719942,0.07215038
Na2SnGe2(HO4)2__SbI3,0.20265406,0.15720129
Na2SnGe2(HO4)2__SbI3,0.9075914,0.7571256
Na2SnGe2(HO4)2__SbI3,0.043206308,0.044686295
K4Sb2O5__Ga3Sb7(S4Cl7)2,0.09998879,0.11504337
K4Sb2O5__Ga3Sb7(S4Cl7)2,0.6618867,0.6764272
K4Sb2O5__Ga3Sb7(S4Cl7)2,1.6402997,1.6365772
K4Sb2O5__Ga3Sb7(S4Cl7)2,0.14642772,0.15371633
Na3SiTe3__Ca3Ga2(GeO4)3,1.4390757,1.5855571
Na3SiTe3__Ca3Ga2(GeO4)3,0.370003,0.3495556
Na3SiTe3__Ca3Ga2(GeO4)3,0.23650444,0.19533835
Na3SiTe3__Ca3Ga2(GeO4)3,0.87282264,0.7719361
NaCdIn2(PO4)3__Ca3Si2SnO9,0.16220438,0.088006645
NaCdIn2(PO4)3__Ca3Si2SnO9,0.73575747,0.865608
NaCdIn2(PO4)3__Ca3Si2SnO9,0.46215913,0.32157302
NaCdIn2(PO4)3__Ca3Si2SnO9,0.07807968,0.073506
AsSe6IF6__Ca5(IO6)2,0.13968812,0.1848889
AsSe6IF6__Ca5(IO6)2,1.1353073,1.2500287
AsSe6IF6__Ca5(IO6)2,0.74883157,0.7744596
AsSe6IF6__Ca5(IO6)2,0.13566183,0.17469613
KGaGeO4__NO3,0.43645865,0.473628
KGaGeO4__NO3,1.846914,1.9622531
KGaGeO4__NO3,0.3994316,0.3670589
KGaGeO4__NO3,0.5583966,0.6423331
K3SnTe3__CaC2,1.1180573,1.2745776
K3SnTe3__CaC2,0.49123323,0.45701304
K3SnTe3__CaC2,0.41144383,0.3971984
K3SnTe3__CaC2,0.32120278,0.26953995
Ga2Se3__SbAsPCl13,0.15542553,0.14908047
Ga2Se3__SbAsPCl13,0.8949397,0.8284262
Ga2Se3__SbAsPCl13,0.4659507,0.46104643
Ga2Se3__SbAsPCl13,0.60587984,0.60728264
Ca3InP3__Pb2SeN2O9,1.5987482,1.9516292
Ca3InP3__Pb2SeN2O9,0.5202398,0.5598434
Ca3InP3__Pb2SeN2O9,1.1026292,1.1178106
Ca3InP3__Pb2SeN2O9,0.16565174,0.1687594
Na3PSe4__KTiPS5,0.05099117,0.057816066
Na3PSe4__KTiPS5,0.31743735,0.27337095
Na3PSe4__KTiPS5,0.10436309,0.06334011
Na3PSe4__KTiPS5,0.13870847,0.09416377
K6Sn3As5__AsClOF8,0.2676876,0.23981912
K6Sn3As5__AsClOF8,0.19441535,0.19726919
K6Sn3As5__AsClOF8,0.3514542,0.33954677
K6Sn3As5__AsClOF8,0.7084408,0.6902709
TeS7Br2__CdBr2,1.7423537,1.3408645
TeS7Br2__CdBr2,0.88057864,0.7817131
TeS7Br2__CdBr2,0.44562265,0.33776397
TeS7Br2__CdBr2,0.7046028,0.64902073
P2Pb3O8__ZnH2N2O7,1.0506827,0.90494055
P2Pb3O8__ZnH2N2O7,0.45962435,0.36975917
P2Pb3O8__ZnH2N2O7,0.18480103,0.15827447
P2Pb3O8__ZnH2N2O7,0.38538647,0.27976808
K14In4O13__Zn3S2O9,0.5473314,0.54376394
K14In4O13__Zn3S2O9,0.18330912,0.183756
K14In4O13__Zn3S2O9,0.71226037,0.68814915
K14In4O13__Zn3S2O9,1.3686998,1.5596918
Zn(GaSe2)2__K3AsS3,0.37679178,0.4218656
Zn(GaSe2)2__K3AsS3,0.64581305,0.52846
Zn(GaSe2)2__K3AsS3,1.2595501,1.4497758
Zn(GaSe2)2__K3AsS3,0.102303945,0.09915147
P3NCl12__K3P11,1.1638713,1.0232384
P3NCl12__K3P11,0.33953783,0.3110384
P3NCl12__K3P11,0.17484874,0.1831947
P3NCl12__K3P11,0.15735914,0.16701862
NaZnAs__LiCa3Si2N5,0.27791825,0.30374363
NaZnAs__LiCa3Si2N5,0.20785795,0.2021735
NaZnAs__LiCa3Si2N5,0.94785887,1.036377
NaZnAs__LiCa3Si2N5,0.22471552,0.21882716
GaSeBr7__ClO2,0.59544945,0.50295776
GaSeBr7__ClO2,2.156893,1.6860634
GaSeBr7__ClO2,1.4625033,1.0812279
GaSeBr7__ClO2,0.19748384,0.30397427
LiAl(PS3)2__K2Ti(SiO3)3,0.23924762,0.17293665
LiAl(PS3)2__K2Ti(SiO3)3,0.12923339,0.099675044
LiAl(PS3)2__K2Ti(SiO3)3,0.3885966,0.22826925
LiAl(PS3)2__K2Ti(SiO3)3,0.51181054,0.5097157
Na5SnP3__K3In3(PO4)4,0.6336823,0.62032664
Na5SnP3__K3In3(PO4)4,0.50244534,0.4880757
Na5SnP3__K3In3(PO4)4,0.15935422,0.1339846
Na5SnP3__K3In3(PO4)4,0.15911786,0.14873871
NaLiSe__K2Pb3C3O9F2,0.31076017,0.35367954
NaLiSe__K2Pb3C3O9F2,0.21738282,0.20614251
NaLiSe__K2Pb3C3O9F2,0.53035706,0.52930427
NaLiSe__K2Pb3C3O9F2,1.6025562,1.8879247
K3GaO3__KGaO2,0.6627614,1.3940839
K3GaO3__KGaO2,0.21856111,0.11770178
K3GaO3__KGaO2,0.35303915,0.13881132
K3GaO3__KGaO2,0.07849453,0.09992415
K2Al2Sb3__Na2TeSe3,0.85368145,0.63632524
K2Al2Sb3__Na2TeSe3,0.7928848,0.6031748
K2Al2Sb3__Na2TeSe3,0.33637926,0.27050304
K2Al2Sb3__Na2TeSe3,1.3677355,1.2736235
Ca21(Zn2As9)2__K3As11,0.2130983,0.10736065
Ca21(Zn2As9)2__K3As11,0.26372072,0.18658435
Ca21(Zn2As9)2__K3As11,0.23097016,0.14805987
Ca21(Zn2As9)2__K3As11,0.097074136,0.028349996
K2GeAs2__Cd4As2Br3,1.7539439,1.526581
K2GeAs2__Cd4As2Br3,0.3308999,0.33475032
K2GeAs2__Cd4As2Br3,0.46755522,0.38466892
K2GeAs2__Cd4As2Br3,0.5055678,0.4139117
Zn3(PO4)2__K3H(SeO4)2,0.11838809,0.13195056
Zn3(PO4)2__K3H(SeO4)2,0.24147747,0.15245043
Zn3(PO4)2__K3H(SeO4)2,0.2014295,0.12148216
Zn3(PO4)2__K3H(SeO4)2,0.63728505,0.5006169
NaS2__Li3PS4,0.51290077,0.44410536
NaS2__Li3PS4,0.8135801,0.73032534
NaS2__Li3PS4,1.2640465,1.1652235
NaS2__Li3PS4,0.7036219,0.5623484
CdS__LiH2BrO5,1.6374573,1.5813175
CdS__LiH2BrO5,0.8887867,0.83585596
CdS__LiH2BrO5,0.67922235,0.6722435
CdS__LiH2BrO5,0.9507404,0.8819456
Ca3PCl3__Na2Zn2Si2O7,0.23735505,0.20930079
Ca3PCl3__Na2Zn2Si2O7,0.8702324,0.76961905
Ca3PCl3__Na2Zn2Si2O7,0.26931214,0.29781973
Ca3PCl3__Na2Zn2Si2O7,0.92767483,0.8774915
Sb4H2SO10__K3InP2,0.0804378,0.105876766
Sb4H2SO10__K3InP2,0.1823984,0.20405091
Sb4H2SO10__K3InP2,0.6844535,0.6982673
Sb4H2SO10__K3InP2,0.08439314,0.097857445
NClOF4__As2S3,0.20710036,0.22993776
NClOF4__As2S3,1.8293878,1.9808024
NClOF4__As2S3,0.83487093,0.68481493
NClOF4__As2S3,0.29872155,0.2818517
KAs2HO6__Al2CdS4,0.25536525,0.22477764
KAs2HO6__Al2CdS4,0.3530122,0.3356246
KAs2HO6__Al2CdS4,0.372268,0.32585958
KAs2HO6__Al2CdS4,0.14828321,0.1318145
K6CdO4__NaNO3,0.077506855,0.049289234
K6CdO4__NaNO3,0.3851725,0.36373997
K6CdO4__NaNO3,1.6638564,1.4732056
K6CdO4__NaNO3,0.75820684,0.72074807
Cd(GaSe2)2__KP15,0.08691789,0.0898978
Cd(GaSe2)2__KP15,0.23644312,0.23790088
Cd(GaSe2)2__KP15,0.7163122,0.629005
Cd(GaSe2)2__KP15,0.39208838,0.36726898
GaSb3Pb4O13__Li2GePbS4,0.06824496,-0.14528951
GaSb3Pb4O13__Li2GePbS4,0.12222446,-0.016333796
GaSb3Pb4O13__Li2GePbS4,0.06669139,0.0071762726
GaSb3Pb4O13__Li2GePbS4,0.05183837,-0.16338053
Ca2Ge__Zn2AsHO5,0.88274956,0.926305
Ca2Ge__Zn2AsHO5,0.5268561,0.48651776
Ca2Ge__Zn2AsHO5,0.18151183,0.16813263
Ca2Ge__Zn2AsHO5,0.47872138,0.4499721
Na2In2GeSe6__ZnP2,0.2085376,0.18977961
Na2In2GeSe6__ZnP2,0.36873886,0.32036105
Na2In2GeSe6__ZnP2,0.47558534,0.4415661
Na2In2GeSe6__ZnP2,0.07496761,0.06782064
Na5SiP3__LiS4,0.56299555,0.55670077
Na5SiP3__LiS4,0.47250783,0.39494455
Na5SiP3__LiS4,2.807024,1.6331515
Na5SiP3__LiS4,2.9575417,1.7215356
Te(HO)6__K4TiO4,1.0788513,1.1191652
Te(HO)6__K4TiO4,0.12995076,0.14125985
Te(HO)6__K4TiO4,0.23599416,0.23304352
Te(HO)6__K4TiO4,1.1554909,1.2269135
KSb5S8__KGaTe2,1.0364559,0.9438846
KSb5S8__KGaTe2,0.9195539,0.8997078
KSb5S8__KGaTe2,0.44893077,0.42843404
KSb5S8__KGaTe2,0.49534157,0.46638685
K5SnAs3__Na3P11,0.18001086,0.14639533
K5SnAs3__Na3P11,0.76715183,0.6582109
K5SnAs3__Na3P11,0.27060968,0.22587618
K5SnAs3__Na3P11,0.33340526,0.26850832
Na2Cd(GeS3)2__Na2Zn2S3,0.39611858,0.4755349
Na2Cd(GeS3)2__Na2Zn2S3,0.2140789,0.15227795
Na2Cd(GeS3)2__Na2Zn2S3,0.16797194,0.1836926
Na2Cd(GeS3)2__Na2Zn2S3,0.76845896,0.48587438
NaTe3__NO2,3.1528432,2.0646672
NaTe3__NO2,1.9130311,1.3181721
NaTe3__NO2,0.29000625,0.169996
NaTe3__NO2,0.06863051,0.018701367
Zn(NO3)2__KTe,1.2006208,1.0775992
Zn(NO3)2__KTe,0.7896821,0.8233992
Zn(NO3)2__KTe,0.7394237,0.7384842
Zn(NO3)2__KTe,0.15697634,0.19052908
K4I2O9__Zn4SiTePbO10,0.2766124,0.2287041
K4I2O9__Zn4SiTePbO10,0.13240342,0.12658274
K4I2O9__Zn4SiTePbO10,0.56863385,0.26611236
K4I2O9__Zn4SiTePbO10,0.30146128,0.12789614
IF7__Ca2PbO4,0.12185045,0.18019071
IF7__Ca2PbO4,0.12555923,0.18362936
IF7__Ca2PbO4,0.50586295,0.5844881
IF7__Ca2PbO4,0.55522466,0.57714355
SiSe2__Na2GeO3,0.29691032,0.2615286
SiSe2__Na2GeO3,0.28997907,0.27498376
SiSe2__Na2GeO3,0.09292296,0.07957512
SiSe2__Na2GeO3,1.4291506,1.68564
CaS__K5In3(SiO3)7,0.30310732,0.24291617
CaS__K5In3(SiO3)7,1.6343477,1.3742173
CaS__K5In3(SiO3)7,0.95659626,0.78186715
CaS__K5In3(SiO3)7,0.3340745,0.29817393
K2TiSi3(HO5)2__As2Pb3O8,0.6195205,0.40028977
K2TiSi3(HO5)2__As2Pb3O8,0.16053802,0.13335687
K2TiSi3(HO5)2__As2Pb3O8,0.79030776,0.57564574
K2TiSi3(HO5)2__As2Pb3O8,0.16795638,0.13167
Ga2TeSe2__Li2CdSiO4,0.2639577,0.2620184
Ga2TeSe2__Li2CdSiO4,0.9675069,1.0002367
Ga2TeSe2__Li2CdSiO4,0.504864,0.5295648
Ga2TeSe2__Li2CdSiO4,1.0713935,1.2390751
Na2Ti3O7__As3Pb5ClO12,0.8391764,0.7688029
Na2Ti3O7__As3Pb5ClO12,0.087961175,0.07771735
Na2Ti3O7__As3Pb5ClO12,0.31281313,0.24461654
Na2Ti3O7__As3Pb5ClO12,1.1209164,1.094097
K2In2P3Se10__Ti6CCl14,1.3389068,1.194523
K2In2P3Se10__Ti6CCl14,0.15817182,0.17695177
K2In2P3Se10__Ti6CCl14,0.17406386,0.17295793
K2In2P3Se10__Ti6CCl14,0.9888322,0.9318309
NaH2N__SO2,2.3230953,2.105076
NaH2N__SO2,2.0162532,1.6931862
NaH2N__SO2,0.42334446,0.4139496
NaH2N__SO2,0.33153635,0.30267167
InTeO3F__Ca(Ga3Te5)2,0.40162662,0.41142553
InTeO3F__Ca(Ga3Te5)2,0.42374215,0.3518726
InTeO3F__Ca(Ga3Te5)2,1.502752,1.3941715
InTeO3F__Ca(Ga3Te5)2,0.8334352,0.84926164
Al2Cd3(GeO4)3__SCl,0.36526266,0.38333693
Al2Cd3(GeO4)3__SCl,1.3084713,1.2365228
Al2Cd3(GeO4)3__SCl,1.0727745,0.8986863
Al2Cd3(GeO4)3__SCl,0.78323144,0.7437932
Ti6In2Si2P12O49__Cd2AsHO5,0.27940843,0.26455495
Ti6In2Si2P12O49__Cd2AsHO5,0.82969093,0.83542526
Ti6In2Si2P12O49__Cd2AsHO5,1.9197111,1.8455741
Ti6In2Si2P12O49__Cd2AsHO5,0.48916805,0.46384135
Na5AlO4__Li2CdSiO4,1.4598314,1.177148
Na5AlO4__Li2CdSiO4,0.076800354,0.05709071
Na5AlO4__Li2CdSiO4,0.33444008,0.33939695
Na5AlO4__Li2CdSiO4,0.20381238,0.1416284
Na4Ge2Te5__K3P11,0.7833117,0.7157799
Na4Ge2Te5__K3P11,0.5384151,0.5148285
Na4Ge2Te5__K3P11,0.10479156,0.13275266
Na4Ge2Te5__K3P11,1.2043699,1.0336978
ZnSiPbO4__Ca(SbO3)2,0.7147428,0.5688991
ZnSiPbO4__Ca(SbO3)2,0.18821831,0.15302539
ZnSiPbO4__Ca(SbO3)2,1.2587359,1.2373654
ZnSiPbO4__Ca(SbO3)2,0.9573045,0.8287881
K11Cd2Sb5__K2In2P3Se10,0.19519876,0.21958512
K11Cd2Sb5__K2In2P3Se10,1.6710037,1.5927392
K11Cd2Sb5__K2In2P3Se10,0.57086974,0.5955634
K11Cd2Sb5__K2In2P3Se10,0.35671383,0.36718667
Na3AlAs2__SbSBr,0.2057784,0.7140758
Na3AlAs2__SbSBr,0.15887868,0.48712322
Na3AlAs2__SbSBr,0.36377442,0.46822158
Na3AlAs2__SbSBr,0.18275087,0.5258746
CaH3NO5__ZnF2,0.21777286,0.17913476
CaH3NO5__ZnF2,0.17536418,0.17782712
CaH3NO5__ZnF2,0.55203396,0.53473324
CaH3NO5__ZnF2,1.0959966,1.1648506
NO3__Sb2IBr2F11,0.29742384,0.2856057
NO3__Sb2IBr2F11,0.059894037,0.051390007
NO3__Sb2IBr2F11,0.24440879,0.27150807
NO3__Sb2IBr2F11,1.010684,0.81790125
K2GaAs2__Li2Te2O5,0.5140965,0.44020507
K2GaAs2__Li2Te2O5,0.47240677,0.4520226
K2GaAs2__Li2Te2O5,1.2662767,1.2924279
K2GaAs2__Li2Te2O5,0.8757907,0.84392166
K3GeTe3__Li2SnSe3,0.9406223,0.6760216
K3GeTe3__Li2SnSe3,1.3064064,0.9906987
K3GeTe3__Li2SnSe3,0.4366965,0.28189617
K3GeTe3__Li2SnSe3,0.31613234,0.23761119
GaSbO4__Zn3Te2P2(PbO7)2,0.63848317,0.788751
GaSbO4__Zn3Te2P2(PbO7)2,0.86894137,0.8019823
GaSbO4__Zn3Te2P2(PbO7)2,0.10431603,0.112488486
GaSbO4__Zn3Te2P2(PbO7)2,0.48832425,0.46035734
K6Na3AlSb4__Na4CdP2,0.6764836,0.61784923
K6Na3AlSb4__Na4CdP2,0.13843909,0.11421931
K6Na3AlSb4__Na4CdP2,0.7400717,0.69721365
K6Na3AlSb4__Na4CdP2,0.054309823,0.061438113
Ga10GePb3O20__K3In3(PO4)4,1.2688334,0.8917976
Ga10GePb3O20__K3In3(PO4)4,0.49847412,0.34636596
Ga10GePb3O20__K3In3(PO4)4,0.7772023,0.5848824
Ga10GePb3O20__K3In3(PO4)4,0.18140627,0.16890283
Na5GaO4__Ca2GeS4,0.14929572,0.087390624
Na5GaO4__Ca2GeS4,0.058056317,0.05385434
Na5GaO4__Ca2GeS4,0.096342355,0.08916163
Na5GaO4__Ca2GeS4,0.2563232,0.12439791
Na5GeAs3__K6ZnSe4,0.454442,0.34020638
Na5GeAs3__K6ZnSe4,0.3693519,0.27906457
Na5GeAs3__K6ZnSe4,0.7743585,0.6691848
Na5GeAs3__K6ZnSe4,0.47060055,0.39473328
ClO3__Ti(SO4)2,0.9119649,0.81226575
ClO3__Ti(SO4)2,0.40134218,0.3739621
ClO3__Ti(SO4)2,0.45118228,0.39231274
ClO3__Ti(SO4)2,0.86958265,0.8898422
SCl__LiZnAs,0.21776593,0.23783222
SCl__LiZnAs,0.05442436,0.05857489
SCl__LiZnAs,0.34114438,0.34077013
SCl__LiZnAs,0.0608622,0.06365177
InTeO3F__ZnCN2,1.1397643,0.9985502
InTeO3F__ZnCN2,0.16124375,0.1752536
InTeO3F__ZnCN2,0.5173803,0.56000495
InTeO3F__ZnCN2,0.2420269,0.2453956
K3Ga3As4__KSn2(PO4)3,0.100279085,0.07399141
K3Ga3As4__KSn2(PO4)3,0.1379675,0.15870869
K3Ga3As4__KSn2(PO4)3,0.7194051,0.59935826
K3Ga3As4__KSn2(PO4)3,1.1723804,1.1395496
As3Pb5ClO12__H2SeO4,1.3188685,0.9823967
As3Pb5ClO12__H2SeO4,0.35209754,0.32241967
As3Pb5ClO12__H2SeO4,1.5554659,1.3019469
As3Pb5ClO12__H2SeO4,1.5929888,1.2073834
Li3Sb__AsS(IF3)2,1.7083223,1.5726827
Li3Sb__AsS(IF3)2,1.1043878,1.0537882
Li3Sb__AsS(IF3)2,0.5173325,0.41598833
Li3Sb__AsS(IF3)2,0.2279798,0.19876805
Cd(GaO2)2__Ga10GePb3O20,1.2430997,1.2985822
Cd(GaO2)2__Ga10GePb3O20,0.27490106,0.30898762
Cd(GaO2)2__Ga10GePb3O20,0.9266955,0.9776004
Cd(GaO2)2__Ga10GePb3O20,0.90195274,0.9030706
In7Cl9__Li2GeTeO6,0.066257276,0.07249862
In7Cl9__Li2GeTeO6,0.5586355,0.48215976
In7Cl9__Li2GeTeO6,0.9067318,0.8343375
In7Cl9__Li2GeTeO6,0.68026733,0.7057339
SbN(OF3)2__NF2,0.19130814,0.17373097
SbN(OF3)2__NF2,0.12747623,0.11917348
SbN(OF3)2__NF2,0.5354389,0.4286393
SbN(OF3)2__NF2,0.6026169,0.63428855
Na2SnGe2(HO4)2__SbOF,1.1774989,1.0666057
Na2SnGe2(HO4)2__SbOF,1.2786107,1.3566872
Na2SnGe2(HO4)2__SbOF,0.47118887,0.4138058
Na2SnGe2(HO4)2__SbOF,0.27811447,0.26974767
K3SnTe3__K6Na3AlSb4,0.15072766,0.0922966
K3SnTe3__K6Na3AlSb4,1.0881637,0.8995057
K3SnTe3__K6Na3AlSb4,0.9937493,0.8080885
K3SnTe3__K6Na3AlSb4,0.8358719,0.7196093
Sb9S4F39__K3As(PSe3)3,0.10973935,0.10498886
Sb9S4F39__K3As(PSe3)3,0.30762368,0.28898466
Sb9S4F39__K3As(PSe3)3,1.2629284,1.339848
Sb9S4F39__K3As(PSe3)3,0.8141523,0.74942625
K4SnSe4__CdSe,0.27115497,0.26430205
K4SnSe4__CdSe,0.25582525,0.23805353
K4SnSe4__CdSe,0.09359809,0.09153949
K4SnSe4__CdSe,0.78281003,0.7164157
SnO__Cd4P6SN12,1.2011999,1.022902
SnO__Cd4P6SN12,0.20760472,0.16482782
SnO__Cd4P6SN12,0.4839405,0.4703304
SnO__Cd4P6SN12,0.27547252,0.24333906
Na4SnO4__Ti6In2Si2P12O49,0.24887104,0.14078656
Na4SnO4__Ti6In2Si2P12O49,0.22549212,0.18443993
Na4SnO4__Ti6In2Si2P12O49,0.17070149,0.16708207
Na4SnO4__Ti6In2Si2P12O49,0.52323824,0.41871557
LiCaP__KPS3,0.651377,0.6991421
LiCaP__KPS3,0.28756914,0.29756215
LiCaP__KPS3,0.35965666,0.33859894
LiCaP__KPS3,0.6415204,0.65133655
Li10Si(PSe6)2__KSnI3,0.9846974,0.9530202
Li10Si(PSe6)2__KSnI3,0.11919611,0.1373946
Li10Si(PSe6)2__KSnI3,1.0345073,1.0907898
Li10Si(PSe6)2__KSnI3,0.97127897,0.9215381
Ca3CdO4__KNO2,0.5982255,0.548375
Ca3CdO4__KNO2,0.94966644,1.0127449
Ca3CdO4__KNO2,1.4654565,1.4402393
Ca3CdO4__KNO2,0.41191915,0.321526
KSi__KInP2S7,0.03056343,0.03862957
KSi__KInP2S7,0.046078183,0.04778628
KSi__KInP2S7,0.11555691,0.12975591
KSi__KInP2S7,1.295256,1.3911368
TeO3__K4SnO4,1.2007703,1.2125646
TeO3__K4SnO4,1.571311,1.8125626
TeO3__K4SnO4,0.6533063,0.5910042
TeO3__K4SnO4,1.2876958,1.3135239
LiTiAsO5__AsSe6IF6,0.9556386,0.98586947
LiTiAsO5__AsSe6IF6,0.32126108,0.37169746
LiTiAsO5__AsSe6IF6,1.3713772,1.3670629
LiTiAsO5__AsSe6IF6,0.48682195,0.4846764
AlAs__KH2N,0.05329043,0.066890515
AlAs__KH2N,0.97173375,0.9118433
AlAs__KH2N,0.75152975,0.7600497
AlAs__KH2N,0.48850253,0.47063062
KNaTe__SnBr4,0.4331865,0.41034275
KNaTe__SnBr4,1.1895356,0.95032465
KNaTe__SnBr4,0.53727216,0.52005357
KNaTe__SnBr4,1.2238702,1.0521686
Na4SnTe4__Ca(Ga3Te5)2,1.1467414,0.830062
Na4SnTe4__Ca(Ga3Te5)2,0.58096045,0.51966953
Na4SnTe4__Ca(Ga3Te5)2,0.82480365,0.883341
Na4SnTe4__Ca(Ga3Te5)2,0.29520902,0.28008628
Na4TiP2O9__Na2Sb4O7,0.5316826,0.47795796
Na4TiP2O9__Na2Sb4O7,0.26007822,0.21495782
Na4TiP2O9__Na2Sb4O7,0.12678802,0.1491521
Na4TiP2O9__Na2Sb4O7,0.5056893,0.47261745
ClO2__SbCl(OF3)2,0.60994214,0.5203008
ClO2__SbCl(OF3)2,0.80894303,0.6828919
ClO2__SbCl(OF3)2,0.108528174,0.11013699
ClO2__SbCl(OF3)2,0.8397485,0.6626183
NaInTe2__Na2Ga2GeS6,0.12793902,0.12490115
NaInTe2__Na2Ga2GeS6,0.5771256,0.5345771
NaInTe2__Na2Ga2GeS6,0.09138887,0.0924762
NaInTe2__Na2Ga2GeS6,2.1789749,2.0050251
K6CdO4__Na2TiGeO5,0.54365134,0.50887716
K6CdO4__Na2TiGeO5,0.55843145,0.5387306
K6CdO4__Na2TiGeO5,0.1735979,0.18625414
K6CdO4__Na2TiGeO5,0.05611572,0.042716317
Ti(NO3)4__Zn(NO3)2,1.3472937,0.78241396
Ti(NO3)4__Zn(NO3)2,1.4039469,0.8294735
Ti(NO3)4__Zn(NO3)2,0.23758626,0.18375781
Ti(NO3)4__Zn(NO3)2,1.5396634,1.3089088
Na4CdP2__K2ZnSe2,0.44310427,0.401855
Na4CdP2__K2ZnSe2,0.0873746,0.07205549
Na4CdP2__K2ZnSe2,0.5038141,0.5133712
Na4CdP2__K2ZnSe2,0.49667707,0.45482144
LiIn(CN2)2__K4TiO4,0.25347465,0.23047815
LiIn(CN2)2__K4TiO4,0.9407945,0.7586519
LiIn(CN2)2__K4TiO4,0.7364932,0.62888455
LiIn(CN2)2__K4TiO4,0.25348458,0.1913321
Na2CdH4(SeO5)2__PI2,1.3648552,1.1014701
Na2CdH4(SeO5)2__PI2,1.1483312,1.1491373
Na2CdH4(SeO5)2__PI2,0.4612614,0.4034283
Na2CdH4(SeO5)2__PI2,0.44023925,0.4019688
KNa4GeAs3__KGaGeO4,0.1693657,0.16347107
KNa4GeAs3__KGaGeO4,0.3871112,0.35070527
KNa4GeAs3__KGaGeO4,1.3996185,1.2766538
KNa4GeAs3__KGaGeO4,0.86735475,0.76399237
K3Al2As3__Na2Cd(GeS3)2,1.0807283,1.0389512
K3Al2As3__Na2Cd(GeS3)2,0.9474925,0.9884231
K3Al2As3__Na2Cd(GeS3)2,1.1621795,1.1785175
K3Al2As3__Na2Cd(GeS3)2,0.40129203,0.35245457
P2Pb4O9__Cd(NO3)2,0.116284,0.09266386
P2Pb4O9__Cd(NO3)2,1.824095,1.7403425
P2Pb4O9__Cd(NO3)2,0.22035883,0.17398353
P2Pb4O9__Cd(NO3)2,0.46571392,0.33618793
K3Na2SnAs3__K2Al2Sb3,0.15071177,8.650124e-06
K3Na2SnAs3__K2Al2Sb3,0.5743842,0.34534147
K3Na2SnAs3__K2Al2Sb3,0.99589145,1.0655508
K3Na2SnAs3__K2Al2Sb3,0.84765226,0.6901283
CdTe__SiP2,1.428256,1.5165622
CdTe__SiP2,0.28262952,0.25828335
CdTe__SiP2,0.9533824,0.8345877
CdTe__SiP2,0.22392727,0.21273634
SICl7__CdH3NO5,0.7163538,0.6903335
SICl7__CdH3NO5,0.08031586,0.07302201
SICl7__CdH3NO5,1.329706,1.3538116
SICl7__CdH3NO5,1.8635906,1.7827774
NaCaAs__K2TeSe3,0.6399014,0.5854899
NaCaAs__K2TeSe3,0.23055542,0.2376
NaCaAs__K2TeSe3,0.6037617,0.6426612
NaCaAs__K2TeSe3,1.3456404,1.4635773
P2Pb4O9__CaZnAsHO5,0.9033716,0.8534179
P2Pb4O9__CaZnAsHO5,0.19874652,0.17104128
P2Pb4O9__CaZnAsHO5,0.39546153,0.3119306
P2Pb4O9__CaZnAsHO5,0.30310985,0.26441243
In2(PS3)3__K2H6PbO6,0.09735629,0.15510577
In2(PS3)3__K2H6PbO6,0.11896721,0.1359719
In2(PS3)3__K2H6PbO6,0.5785149,0.7446246
In2(PS3)3__K2H6PbO6,0.9517292,1.3066709
Na4Ge2Se5__Li2TiO3,0.61193824,0.58115447
Na4Ge2Se5__Li2TiO3,1.2991273,1.3093399
Na4Ge2Se5__Li2TiO3,0.9902145,0.98275924
Na4Ge2Se5__Li2TiO3,0.16453315,0.16860437
LiAsSe2__NaAs3H2O9,0.46283573,0.5210928
LiAsSe2__NaAs3H2O9,0.34486,0.36165825
LiAsSe2__NaAs3H2O9,0.7516209,0.7805796
LiAsSe2__NaAs3H2O9,0.2124112,0.28746393
K2SiAs2__K2TiAl(PO4)3,0.71484965,0.71217704
K2SiAs2__K2TiAl(PO4)3,0.18526758,0.19237006
K2SiAs2__K2TiAl(PO4)3,1.5139886,1.512739
K2SiAs2__K2TiAl(PO4)3,0.1542628,0.16726306
CdS__CdI2,1.3885012,1.228968
CdS__CdI2,0.3071114,0.30089468
CdS__CdI2,0.5277369,0.5178752
CdS__CdI2,0.1797039,0.1762904
Te(HO)6__NaCaAs,1.0796021,1.142713
Te(HO)6__NaCaAs,0.63919675,0.5527858
Te(HO)6__NaCaAs,1.6247537,1.4900383
Te(HO)6__NaCaAs,0.679389,0.5787531
SbI3__K2ZnH4(I2O7)2,1.2471024,1.1764666
SbI3__K2ZnH4(I2O7)2,0.7586941,0.75078744
SbI3__K2ZnH4(I2O7)2,0.8590521,0.8483928
SbI3__K2ZnH4(I2O7)2,1.7032878,1.6873229
Li2P7(H3N)9__NaHS,1.1114972,1.0195391
Li2P7(H3N)9__NaHS,0.10759896,0.09808401
Li2P7(H3N)9__NaHS,0.08694193,0.07963014
Li2P7(H3N)9__NaHS,0.2645803,0.24473989
Na14Cd2O9__Rubrene,2.2464776,2.5430512
Na14Cd2O9__Rubrene,1.6565365,1.6326016
Na14Cd2O9__Rubrene,0.49789894,0.49719357
Na14Cd2O9__Rubrene,0.22187921,0.28676334
K6Sn2S7__Sn2OF5,0.36831662,0.43009567
K6Sn2S7__Sn2OF5,1.0641862,1.4600875
K6Sn2S7__Sn2OF5,0.08685189,0.11018747
K6Sn2S7__Sn2OF5,1.1192343,1.5933043
KSb(PSe3)2__NaTi2(PO4)3,0.1655159,0.18757606
KSb(PSe3)2__NaTi2(PO4)3,0.5188622,0.36493692
KSb(PSe3)2__NaTi2(PO4)3,0.23476799,0.16552523
KSb(PSe3)2__NaTi2(PO4)3,1.0069857,1.0917357
Na4SeO5__Al6Cd4TeO12,0.804722,0.9371034
Na4SeO5__Al6Cd4TeO12,0.46112716,0.4670752
Na4SeO5__Al6Cd4TeO12,0.44013906,0.439294
Na4SeO5__Al6Cd4TeO12,0.2908859,0.26337072
KAs__Li4SnS4,0.48772255,0.47392285
KAs__Li4SnS4,0.49319658,0.52925277
KAs__Li4SnS4,0.1312215,0.15496528
KAs__Li4SnS4,0.14999866,0.1860846
Na4SiSe4__Ge4Se9,0.45752543,0.37624872
Na4SiSe4__Ge4Se9,0.1870347,0.17692192
Na4SiSe4__Ge4Se9,0.17597158,0.16923746
Na4SiSe4__Ge4Se9,0.51274204,0.43655866
Ca11Sn3C8__Sb6S2O15,0.88948876,0.8594191
Ca11Sn3C8__Sb6S2O15,0.6921064,0.7154878
Ca11Sn3C8__Sb6S2O15,0.56990844,0.57485235
Ca11Sn3C8__Sb6S2O15,1.0130341,1.0773109
NaInTe2__PCBM,0.4057764,0.46039277
NaInTe2__PCBM,0.4479787,0.43394765
NaInTe2__PCBM,0.45209625,0.46096992
NaInTe2__PCBM,0.7430046,0.8018807
Na2Zn2S3__SeCl4,2.0225565,1.986132
Na2Zn2S3__SeCl4,0.2999627,0.29760554
Na2Zn2S3__SeCl4,0.12790325,0.13783583
Na2Zn2S3__SeCl4,0.3683295,0.32644427
Ca6GaN5__Sn2OF5,0.40705585,0.46461496
Ca6GaN5__Sn2OF5,0.28874555,0.36517024
Ca6GaN5__Sn2OF5,0.47896466,0.67320436
Ca6GaN5__Sn2OF5,1.0781223,1.4422225
CaHN__K3SbS3,0.28871548,0.24045436
CaHN__K3SbS3,0.6099291,0.54359144
CaHN__K3SbS3,1.3780367,1.3508594
CaHN__K3SbS3,0.1719386,0.13401955
Pb5SO8__LiPH21S3N7,0.5724411,0.46359256
Pb5SO8__LiPH21S3N7,0.23297663,0.16380107
Pb5SO8__LiPH21S3N7,0.27390006,0.22321966
Pb5SO8__LiPH21S3N7,0.92257625,0.69678587
Na2CdH4(SeO5)2__TiCdO3,0.3012372,0.56337154
Na2CdH4(SeO5)2__TiCdO3,0.1848728,0.27612507
Na2CdH4(SeO5)2__TiCdO3,0.266802,0.3252014
Na2CdH4(SeO5)2__TiCdO3,0.5376514,0.7614602
PCBM__Li3AsH16(SO2)4,1.5554712,1.5788522
PCBM__Li3AsH16(SO2)4,0.34342867,0.34488595
PCBM__Li3AsH16(SO2)4,0.8913905,0.8688102
PCBM__Li3AsH16(SO2)4,0.3918111,0.41551527
NaAs__Ca(AlSe2)2,0.99482733,1.1261352
NaAs__Ca(AlSe2)2,0.078274205,0.08707844
NaAs__Ca(AlSe2)2,0.87513065,0.9634739
NaAs__Ca(AlSe2)2,0.35714984,0.37771627
Na2CdO2__TiPbO3,0.42166686,1.2768136
Na2CdO2__TiPbO3,0.14029345,0.31286177
Na2CdO2__TiPbO3,0.28940722,0.8753238
Na2CdO2__TiPbO3,0.04405925,0.09530135
Ca(CdP)2__SBr,1.3087308,1.143323
Ca(CdP)2__SBr,0.131816,0.14970751
Ca(CdP)2__SBr,0.5446909,0.55517036
Ca(CdP)2__SBr,0.43363273,0.41907027
Na2ZnH4(SeO5)2__ClF3,1.2589251,1.6139156
Na2ZnH4(SeO5)2__ClF3,0.21777512,0.26330882
Na2ZnH4(SeO5)2__ClF3,0.7626834,0.9059046
Na2ZnH4(SeO5)2__ClF3,0.23617873,0.24156514
Na7Al2Sb5__CdH3NO5,0.57173723,0.53421783
Na7Al2Sb5__CdH3NO5,0.2240178,0.31644565
Na7Al2Sb5__CdH3NO5,0.40561664,0.41371757
Na7Al2Sb5__CdH3NO5,1.4469633,1.4697007
GeAs__PI2,2.4559932,2.1878684
GeAs__PI2,1.5093335,1.2289326
GeAs__PI2,0.8787121,0.87734264
GeAs__PI2,0.65844566,0.6002929
NaInSe2__CaTe2O5,0.23766716,0.2873116
NaInSe2__CaTe2O5,2.0624819,2.0526059
NaInSe2__CaTe2O5,0.8635857,0.86899555
NaInSe2__CaTe2O5,0.17722155,0.17181605
Rubrene__PPbS3,0.14496827,0.43140125
Rubrene__PPbS3,0.38470477,1.0307909
Rubrene__PPbS3,0.48371714,1.4001359
Rubrene__PPbS3,0.27399436,0.7505872
K2Sn(S2O7)3__Zn2NCl,0.9300724,0.9463641
K2Sn(S2O7)3__Zn2NCl,1.0664965,1.4403013
K2Sn(S2O7)3__Zn2NCl,0.16663983,0.19409716
K2Sn(S2O7)3__Zn2NCl,0.2810729,0.22137064
Li3P__InBr2,0.2844735,0.3322501
Li3P__InBr2,1.6095405,1.6062659
Li3P__InBr2,0.61910975,0.6594754
Li3P__InBr2,0.81339175,0.818589
Al2CdS4__K5As3O10,0.15506935,0.14218932
Al2CdS4__K5As3O10,0.134642,0.11760354
Al2CdS4__K5As3O10,0.41285148,0.4051781
Al2CdS4__K5As3O10,0.09689647,0.08842485
Na3SiTe3__In2PO5,0.4542749,0.39803395
Na3SiTe3__In2PO5,0.14735253,0.1609989
Na3SiTe3__In2PO5,0.20319232,0.19486496
Na3SiTe3__In2PO5,0.26381838,0.22305138
LiSbO3__NaLi3(H2N)4,0.8579413,0.94772065
LiSbO3__NaLi3(H2N)4,0.22324143,0.26816437
LiSbO3__NaLi3(H2N)4,0.6302819,0.5737919
LiSbO3__NaLi3(H2N)4,1.0947597,1.1782534
LiAlTe2__K3As(PSe3)3,0.6738278,0.5868621
LiAlTe2__K3As(PSe3)3,0.101477124,0.09385583
LiAlTe2__K3As(PSe3)3,0.4016718,0.39427015
LiAlTe2__K3As(PSe3)3,1.2350773,1.2898214
Sb2ClO2F11__GaP2I9,0.4010947,0.38673452
Sb2ClO2F11__GaP2I9,0.14832816,0.16153347
Sb2ClO2F11__GaP2I9,0.32383463,0.30745843
Sb2ClO2F11__GaP2I9,1.543129,1.6346939
K2TiS3__TCTA,0.19161263,0.17929089
K2TiS3__TCTA,1.765963,1.4943804
K2TiS3__TCTA,1.270859,1.1040003
K2TiS3__TCTA,0.20563981,0.21929869
GaHO2__GaBr2,0.41843987,0.3327675
GaHO2__GaBr2,0.41893506,0.43024454
GaHO2__GaBr2,0.094568916,0.059943534
GaHO2__GaBr2,1.0290978,0.8785156
K2Se5__NaAs3(PbO3)4,1.3233442,1.3123618
K2Se5__NaAs3(PbO3)4,0.7707858,0.693419
K2Se5__NaAs3(PbO3)4,0.23423158,0.20884523
K2Se5__NaAs3(PbO3)4,1.6386286,1.5429212
Cd2AsO4F__K2ZnSiO4,1.136058,0.99635744
Cd2AsO4F__K2ZnSiO4,1.5358976,1.523039
Cd2AsO4F__K2ZnSiO4,0.52186483,0.47937575
Cd2AsO4F__K2ZnSiO4,1.4420053,1.319486
CdGeN2__Ga2I3,1.3685519,1.2491058
CdGeN2__Ga2I3,0.5628601,0.6131374
CdGeN2__Ga2I3,1.7497647,1.5749899
CdGeN2__Ga2I3,1.3144284,1.3340799
KTiPSe5__Na2LiGaAs2,0.1615681,0.1278981
KTiPSe5__Na2LiGaAs2,0.13893667,0.115577854
KTiPSe5__Na2LiGaAs2,0.47774658,0.50512284
KTiPSe5__Na2LiGaAs2,0.0888853,0.07759239
Ca2Al2Sn2O9__IO2F,0.439547,0.7550378
Ca2Al2Sn2O9__IO2F,0.15728803,0.28655788
Ca2Al2Sn2O9__IO2F,0.82141024,1.2920147
Ca2Al2Sn2O9__IO2F,0.2851502,0.4633468
TPD__Na5SnAs3,0.36576232,0.31624055
TPD__Na5SnAs3,0.117262505,0.13089845
TPD__Na5SnAs3,1.53461,1.4747144
TPD__Na5SnAs3,0.27510214,0.22805321
Zn3P2__Ca3AsN,0.2831559,0.4178004
Zn3P2__Ca3AsN,0.30057302,0.59238744
Zn3P2__Ca3AsN,0.2255921,0.35600594
Zn3P2__Ca3AsN,0.18774398,0.31483722
CaP__Ga2Te2Br7,0.28058785,0.25366205
CaP__Ga2Te2Br7,1.4401257,0.4298624
CaP__Ga2Te2Br7,0.7056901,0.7027191
CaP__Ga2Te2Br7,0.24464343,0.25916705
K3SbSe4__KGe,0.2580285,0.24943155
K3SbSe4__KGe,0.7074751,0.63611925
K3SbSe4__KGe,0.6476401,0.6203429
K3SbSe4__KGe,0.6898866,0.598654
GaN5O14__SnS2,0.08337288,0.08442885
GaN5O14__SnS2,0.07093378,0.066209644
GaN5O14__SnS2,0.2839133,0.2178847
GaN5O14__SnS2,0.45037353,0.5769268
Li2P7(H3N)9__P2Pb4O9,0.15531203,0.14467058
Li2P7(H3N)9__P2Pb4O9,0.7130772,0.7062352
Li2P7(H3N)9__P2Pb4O9,0.121087834,0.114679836
Li2P7(H3N)9__P2Pb4O9,0.15032707,0.12799205
Na2GeTeO6__InCl2,0.29422143,0.22332904
Na2GeTeO6__InCl2,0.736329,0.5261836
Na2GeTeO6__InCl2,0.43892208,0.2521128
Na2GeTeO6__InCl2,0.8413789,0.6335561
LiInO2__InPS4,0.38615796,0.30275348
LiInO2__InPS4,1.2684557,1.0915366
LiInO2__InPS4,0.46571913,0.36773017
LiInO2__InPS4,0.78321135,0.53394073
Ca2SnO4__Cd3(AsO4)2,0.2645535,0.28898367
Ca2SnO4__Cd3(AsO4)2,0.32617614,0.2970626
Ca2SnO4__Cd3(AsO4)2,0.80568767,0.89102364
Ca2SnO4__Cd3(AsO4)2,0.5427292,0.47824427
NaSe2__Na2In2SiS6,0.8342896,0.83604705
NaSe2__Na2In2SiS6,0.6368713,0.6331208
NaSe2__Na2In2SiS6,0.9064859,1.0269175
NaSe2__Na2In2SiS6,0.37867486,0.42924216
K3Li3TeO6__TeBrO3F5,1.0556372,1.1534113
K3Li3TeO6__TeBrO3F5,1.5779765,1.5773493
K3Li3TeO6__TeBrO3F5,0.07452845,0.09930747
K3Li3TeO6__TeBrO3F5,0.25637594,0.25809336
In2(PS3)3__Sb7Se8F35,0.9448888,0.8879089
In2(PS3)3__Sb7Se8F35,0.10338068,0.10324139
In2(PS3)3__Sb7Se8F35,0.051064473,0.036117986
In2(PS3)3__Sb7Se8F35,1.016017,0.7804772
Ca2As2O7__GeBr2,0.15806422,0.16503178
Ca2As2O7__GeBr2,0.9417524,0.921302
Ca2As2O7__GeBr2,0.28055114,0.24263367
Ca2As2O7__GeBr2,1.5934658,1.4503258
KTeP2__AsSe6IF6,0.0656694,0.06248685
KTeP2__AsSe6IF6,0.713027,0.70431995
KTeP2__AsSe6IF6,1.2187016,1.2409993
KTeP2__AsSe6IF6,0.6013812,0.5669943
Ca3CdO4__NO2,2.3280563,1.9674586
Ca3CdO4__NO2,0.16659553,0.12790786
Ca3CdO4__NO2,1.0171621,0.75966203
Ca3CdO4__NO2,1.8595859,1.4030015
LiInSe2__CaHN,0.5993829,0.6008199
LiInSe2__CaHN,0.35782993,0.38360822
LiInSe2__CaHN,0.29397228,0.3421893
LiInSe2__CaHN,0.43641979,0.46608856
Ca3PN__Na5SiAs3,0.12685876,0.10124284
Ca3PN__Na5SiAs3,0.41388106,0.43169343
Ca3PN__Na5SiAs3,0.7977132,0.89232624
Ca3PN__Na5SiAs3,1.0876608,1.1743447
C__Si2H2S3,1.3628343,1.1187633
C__Si2H2S3,0.30874103,0.29989973
C__Si2H2S3,1.7141283,1.2841843
C__Si2H2S3,0.2532636,0.18110669
CdSiP2__KZn4(SbO4)3,0.31622848,0.2743235
CdSiP2__KZn4(SbO4)3,0.40318736,0.33557418
CdSiP2__KZn4(SbO4)3,0.54176664,0.4833905
CdSiP2__KZn4(SbO4)3,0.22717935,0.17292708
ZnSe__NaAlAsO4F,0.32802635,0.34410664
ZnSe__NaAlAsO4F,0.32914746,0.32455304
ZnSe__NaAlAsO4F,0.040778633,-0.013023786
ZnSe__NaAlAsO4F,0.78790456,0.73249644
Na2ZnSe2__KSb3O5,0.17820139,0.1678325
Na2ZnSe2__KSb3O5,0.38236633,0.32144964
Na2ZnSe2__KSb3O5,0.6603147,0.68663514
Na2ZnSe2__KSb3O5,1.1104138,1.1948007
KSb3O5__LiC,0.35271168,0.3284528
KSb3O5__LiC,0.554877,0.6525166
KSb3O5__LiC,0.05691502,0.07446605
KSb3O5__LiC,0.25331062,0.3031514
SbClF8__K3Na2SnAs3,0.22655334,0.28783026
SbClF8__K3Na2SnAs3,1.5029247,1.3820137
SbClF8__K3Na2SnAs3,0.15915109,0.1741691
SbClF8__K3Na2SnAs3,0.3614846,0.3219922
S3(NO7)2__NaSe2,0.26167697,0.27615586
S3(NO7)2__NaSe2,1.4762903,1.2400643
S3(NO7)2__NaSe2,0.9275296,0.86408293
S3(NO7)2__NaSe2,0.49535456,0.53249085
KAsSe2__Zn(NO3)2,0.124096334,0.11288912
KAsSe2__Zn(NO3)2,0.6825664,0.6733547
KAsSe2__Zn(NO3)2,1.2588189,1.116546
KAsSe2__Zn(NO3)2,0.098602995,0.07348836
Al2PbSe4__Na5Al3H14,0.7084278,0.4716381
Al2PbSe4__Na5Al3H14,0.1092719,0.106277466
Al2PbSe4__Na5Al3H14,0.23551108,0.18534228
Al2PbSe4__Na5Al3H14,0.039528802,0.03535617
PICl8__TeBrO3F5,1.1608161,1.1766171
PICl8__TeBrO3F5,1.2473309,1.1959907
PICl8__TeBrO3F5,1.0446743,1.0391151
PICl8__TeBrO3F5,0.25568396,0.2169312
Cd2GeO4__ZnSe,0.62652314,0.793256
Cd2GeO4__ZnSe,0.06771555,0.10638635
Cd2GeO4__ZnSe,0.12224114,0.12421583
Cd2GeO4__ZnSe,0.27772513,0.3025498
Na2Ti2Se9__KIn(TeO3)2,0.75179315,0.68962246
Na2Ti2Se9__KIn(TeO3)2,1.0138828,0.99031967
Na2Ti2Se9__KIn(TeO3)2,0.7915684,0.86041415
Na2Ti2Se9__KIn(TeO3)2,0.4087305,0.42530534
Ca21(Zn2Sb9)2__ZnSeO4,0.12312973,0.1084666
Ca21(Zn2Sb9)2__ZnSeO4,1.2158072,1.1920362
Ca21(Zn2Sb9)2__ZnSeO4,0.14444208,0.14863804
Ca21(Zn2Sb9)2__ZnSeO4,0.7675813,0.68945146
Ge2S3Br2__Ca3Al3N5,0.3454598,0.44774932
Ge2S3Br2__Ca3Al3N5,0.6638385,0.8554848
Ge2S3Br2__Ca3Al3N5,0.3570497,0.4626911
Ge2S3Br2__Ca3Al3N5,0.20937617,0.30313525
LiZnSb__Si(PbS2)2,0.40851033,0.4604583
LiZnSb__Si(PbS2)2,0.21815036,0.24778387
LiZnSb__Si(PbS2)2,1.5560747,1.5656987
LiZnSb__Si(PbS2)2,0.94160384,0.8659226
LiTi2(PO4)3__ZnI2,1.2945762,1.3747234
LiTi2(PO4)3__ZnI2,0.32617736,0.24428561
LiTi2(PO4)3__ZnI2,0.36126283,0.27582464
LiTi2(PO4)3__ZnI2,0.654444,0.60795236
KInSnSe4__SiS2,0.4935528,0.4650466
KInSnSe4__SiS2,2.4355443,1.9841559
KInSnSe4__SiS2,1.0484694,0.93494153
KInSnSe4__SiS2,0.41178513,0.37779155
GeTe__LiPH21S3N7,1.040967,0.9862416
GeTe__LiPH21S3N7,0.5607643,0.5699681
GeTe__LiPH21S3N7,0.23514389,0.27059674
GeTe__LiPH21S3N7,0.44126648,0.4294527
KCO3__Ge19(PBr)4,0.6198711,0.5930623
KCO3__Ge19(PBr)4,0.16299793,0.1041636
KCO3__Ge19(PBr)4,0.22464713,0.213175
KCO3__Ge19(PBr)4,0.13613948,0.14094687
LiP__KP,0.25861257,0.19053224
LiP__KP,0.56151485,0.26596367
LiP__KP,0.467603,0.44091022
LiP__KP,1.0137515,1.0071528
KIn(TeO3)2__BrF5,2.5334568,2.6396065
KIn(TeO3)2__BrF5,0.90961415,0.9750452
KIn(TeO3)2__BrF5,2.116588,2.6974397
KIn(TeO3)2__BrF5,1.7976507,1.7259523
NaCO3__AlTeI7,0.6797728,0.6056315
NaCO3__AlTeI7,0.07494364,0.03497749
NaCO3__AlTeI7,0.3475769,0.27908406
NaCO3__AlTeI7,0.26243326,0.24568027
K4Na2TeO6__TiP2O7,0.25559995,0.21601848
K4Na2TeO6__TiP2O7,0.34978056,0.37009507
K4Na2TeO6__TiP2O7,0.44118226,0.4230068
K4Na2TeO6__TiP2O7,1.1996094,1.1272221
SbSBr__AsSe6IF6,0.72842425,0.6871313
SbSBr__AsSe6IF6,0.11467449,0.0753389
SbSBr__AsSe6IF6,1.0058588,0.9061588
SbSBr__AsSe6IF6,1.4664613,1.2923423
Li2P7(H3N)9__In3SnI5,0.5295957,0.5449432
Li2P7(H3N)9__In3SnI5,0.15038593,0.16337183
Li2P7(H3N)9__In3SnI5,0.9804403,1.0846775
Li2P7(H3N)9__In3SnI5,0.41301674,0.45087507
P__IO2F,0.5681724,0.6126773
P__IO2F,1.3252954,1.3271602
P__IO2F,0.99549186,1.0750393
P__IO2F,0.25889215,0.29087627
NaZnAsO4__GeO2,0.19772868,0.18007877
NaZnAsO4__GeO2,0.5029655,0.50573975
NaZnAsO4__GeO2,1.4404249,1.482085
NaZnAsO4__GeO2,0.28343952,0.26207426
K2Sn(AsS3)2__Zn(HO)2,0.5437922,0.45813286
K2Sn(AsS3)2__Zn(HO)2,0.63628584,0.5595056
K2Sn(AsS3)2__Zn(HO)2,0.62696934,0.59862775
K2Sn(AsS3)2__Zn(HO)2,1.4371547,1.4329809
Ca(GaSe2)2__Na2Li3GaO4,1.0461303,1.0545484
Ca(GaSe2)2__Na2Li3GaO4,0.1814164,0.17597502
Ca(GaSe2)2__Na2Li3GaO4,0.40715516,0.36074767
Ca(GaSe2)2__Na2Li3GaO4,0.28713438,0.2694282
InAsH2O5__Zn3TeAs2Pb3O14,0.22300732,0.15467688
InAsH2O5__Zn3TeAs2Pb3O14,0.53631425,0.41154602
InAsH2O5__Zn3TeAs2Pb3O14,0.5263909,0.41323206
InAsH2O5__Zn3TeAs2Pb3O14,0.43711093,0.35042253
Na3As4H5O14__TePCl9,1.613747,1.4339069
Na3As4H5O14__TePCl9,0.5736829,0.49204993
Na3As4H5O14__TePCl9,0.29570216,0.2531906
Na3As4H5O14__TePCl9,0.40100458,0.3735169
K2Al2Sb3__GaN5O14,0.83786976,0.75117266
K2Al2Sb3__GaN5O14,2.1142325,2.0276008
K2Al2Sb3__GaN5O14,0.8293244,0.7960881
K2Al2Sb3__GaN5O14,1.3427497,1.1623002
CdSiP2__Ca7SiN6,0.34651354,0.4159775
CdSiP2__Ca7SiN6,0.36417764,0.38708812
CdSiP2__Ca7SiN6,0.9389253,1.0731457
CdSiP2__Ca7SiN6,0.16449592,0.17335707
K3AsS3__Ca2Al2Sn2O9,1.0882308,0.49386865
K3AsS3__Ca2Al2Sn2O9,0.48705015,0.3710234
K3AsS3__Ca2Al2Sn2O9,0.3751303,0.29396695
K3AsS3__Ca2Al2Sn2O9,0.072306074,0.046500996
AlTeCl7__CaPbF6,0.47188866,0.3654592
AlTeCl7__CaPbF6,0.3507692,0.31268218
AlTeCl7__CaPbF6,1.9609252,1.4358581
AlTeCl7__CaPbF6,0.52674127,0.47063106
Na6Ge2Se7__LiAsO3,0.43538502,0.44716668
Na6Ge2Se7__LiAsO3,0.96616256,0.9793402
Na6Ge2Se7__LiAsO3,0.47465217,0.5185208
Na6Ge2Se7__LiAsO3,1.2281922,1.283249
K4As2Se5__SiP,0.5370455,0.53838146
K4As2Se5__SiP,0.38651422,0.36889377
K4As2Se5__SiP,1.5666387,1.7249049
K4As2Se5__SiP,0.91598725,0.90666497
K2GeTe4__Na2In2GeSe6,0.13860005,0.14048567
K2GeTe4__Na2In2GeSe6,0.4093768,1.1497009
K2GeTe4__Na2In2GeSe6,0.41012105,0.62905586
K2GeTe4__Na2In2GeSe6,0.06977829,0.039034747
K4GeSe4__K7NaGe8,0.25543684,0.25465477
K4GeSe4__K7NaGe8,0.8781459,0.881565
K4GeSe4__K7NaGe8,1.8204464,2.008684
K4GeSe4__K7NaGe8,0.26358858,0.24627814
Na4Cd3Se5__K2SnCl6,0.53735924,0.4606176
Na4Cd3Se5__K2SnCl6,1.133259,0.94788367
Na4Cd3Se5__K2SnCl6,1.0067766,0.87523854
Na4Cd3Se5__K2SnCl6,1.6224433,1.3336034
Ca11Sn3C8__Cd7(P2Cl3)2,0.9705861,1.1592718
Ca11Sn3C8__Cd7(P2Cl3)2,0.40088174,0.31969097
Ca11Sn3C8__Cd7(P2Cl3)2,0.25408196,0.2464484
Ca11Sn3C8__Cd7(P2Cl3)2,0.09704359,0.079709135
NaSb5O13__In6Te10Pb,1.9678693,1.3917736
NaSb5O13__In6Te10Pb,0.42662388,0.36274505
NaSb5O13__In6Te10Pb,0.8960239,0.73503464
NaSb5O13__In6Te10Pb,0.22766557,0.17355624
P__Sb2IBr2F11,0.31359756,0.34940577
P__Sb2IBr2F11,0.12531179,0.099582605
P__Sb2IBr2F11,0.12781745,0.13212767
P__Sb2IBr2F11,0.306658,0.28788048
Na2PbO3__SbCl5,0.2848727,0.20580307
Na2PbO3__SbCl5,0.511868,0.37110135
Na2PbO3__SbCl5,0.9893822,0.80667174
Na2PbO3__SbCl5,0.16207343,0.13470486
Ga7Te10__K2GeTe4,0.36337703,0.401297
Ga7Te10__K2GeTe4,0.40653276,0.384034
Ga7Te10__K2GeTe4,0.3029757,0.32076967
Ga7Te10__K2GeTe4,0.552953,0.52376467
NaCdIn2(PO4)3__GaSeBr7,0.17133589,0.15321597
NaCdIn2(PO4)3__GaSeBr7,1.0120767,0.97261626
NaCdIn2(PO4)3__GaSeBr7,1.5419723,1.5280315
NaCdIn2(PO4)3__GaSeBr7,0.6710321,0.6279395
Na2Si2Se5__Te(HO)6,0.051508766,0.03668379
Na2Si2Se5__Te(HO)6,0.6152564,0.65451646
Na2Si2Se5__Te(HO)6,0.28000882,0.26176643
Na2Si2Se5__Te(HO)6,0.62120014,0.63442624
Ca4GeN4__K2CdGeO4,0.60341114,0.5513046
Ca4GeN4__K2CdGeO4,0.18592489,0.19826531
Ca4GeN4__K2CdGeO4,0.15516475,0.16507503
Ca4GeN4__K2CdGeO4,0.17395784,0.18085769
K2SiAs2__Li2ZnSnS4,0.31903532,0.37093666
K2SiAs2__Li2ZnSnS4,0.5267732,0.51102644
K2SiAs2__Li2ZnSnS4,1.4597274,1.5330101
K2SiAs2__Li2ZnSnS4,0.94743085,0.8795726
K6Zn4Sn5S17__LiTi2(PO4)3,1.3801489,1.3771868
K6Zn4Sn5S17__LiTi2(PO4)3,0.36001313,0.27500397
K6Zn4Sn5S17__LiTi2(PO4)3,0.49711734,0.4222434
K6Zn4Sn5S17__LiTi2(PO4)3,1.0618832,1.008872
Cd(SbO3)2__Na14Cd2O9,0.21935144,0.1975475
Cd(SbO3)2__Na14Cd2O9,1.4066881,1.1611968
Cd(SbO3)2__Na14Cd2O9,0.37239593,0.3590021
Cd(SbO3)2__Na14Cd2O9,0.5859606,0.60192364
NF2__Na3AlH6,0.32703415,0.37209165
NF2__Na3AlH6,1.6347433,1.5100963
NF2__Na3AlH6,0.89887226,0.9854609
NF2__Na3AlH6,0.75587547,0.744124
Pentacene__Ge2S3Br2,1.0499773,0.8866037
Pentacene__Ge2S3Br2,1.1083935,0.9314941
Pentacene__Ge2S3Br2,1.9239624,1.861112
Pentacene__Ge2S3Br2,1.5452437,1.3044796
K2PbO2__K6Sn2S7,0.11452453,0.1618957
K2PbO2__K6Sn2S7,0.23865354,0.23907828
K2PbO2__K6Sn2S7,0.110395975,0.1690347
K2PbO2__K6Sn2S7,0.69324285,1.0976952
S3(NO7)2__Na8Ga2O7,0.27295238,0.28141698
S3(NO7)2__Na8Ga2O7,1.6209754,1.9035363
S3(NO7)2__Na8Ga2O7,0.30731928,0.3757814
S3(NO7)2__Na8Ga2O7,0.28409702,0.23433283
Sb2Se3__PbSeO4,0.7608073,0.6496791
Sb2Se3__PbSeO4,0.74855477,0.7689588
Sb2Se3__PbSeO4,0.73860115,0.673597
Sb2Se3__PbSeO4,0.50075537,0.5518269
Ca7SiN6__Ca2Al2Sn2O9,0.7206636,0.6529379
Ca7SiN6__Ca2Al2Sn2O9,1.3482785,1.3888875
Ca7SiN6__Ca2Al2Sn2O9,0.17563649,0.16703159
Ca7SiN6__Ca2Al2Sn2O9,0.44601133,0.42199543
K4CdAs2__KSn2(PO4)3,0.12551548,0.09811326
K4CdAs2__KSn2(PO4)3,0.70660037,0.64312506
K4CdAs2__KSn2(PO4)3,1.9364913,1.8341388
K4CdAs2__KSn2(PO4)3,0.8658843,0.8515146
KSn__TeO3,0.3199074,0.28875327
KSn__TeO3,0.59856147,0.5963922
KSn__TeO3,0.35986063,0.31733155
KSn__TeO3,0.30168587,0.33490965
K4TiSn3(PO5)4__GaSeBr7,0.8295952,0.6671939
K4TiSn3(PO5)4__GaSeBr7,0.0636555,0.07069326
K4TiSn3(PO5)4__GaSeBr7,0.68638575,0.6449255
K4TiSn3(PO5)4__GaSeBr7,1.1672733,0.87548834
K2Zn3O4__NaInSe2,0.36456186,0.3986639
K2Zn3O4__NaInSe2,0.20958242,0.2371768
K2Zn3O4__NaInSe2,0.08033048,0.11672236
K2Zn3O4__NaInSe2,0.5074838,0.54178524
K3Na2SnAs3__Na2LiAlP2,0.31509417,0.31570485
K3Na2SnAs3__Na2LiAlP2,0.23825921,0.27055824
K3Na2SnAs3__Na2LiAlP2,0.8100225,0.993538
K3Na2SnAs3__Na2LiAlP2,0.30823293,0.338365
K2H6PbO6__K4Ge9O20,0.875307,0.8286687
K2H6PbO6__K4Ge9O20,0.74082565,0.61859524
K2H6PbO6__K4Ge9O20,0.8683895,0.8427855
K2H6PbO6__K4Ge9O20,0.1888466,0.14655852
In2(Se2O5)3__SnPO4F,0.12571557,0.13647023
In2(Se2O5)3__SnPO4F,1.5096723,1.0660706
In2(Se2O5)3__SnPO4F,0.91696,0.51988614
In2(Se2O5)3__SnPO4F,0.9416012,0.7707114
KNaGeO3__Sb9S4F39,0.73433185,0.79170924
KNaGeO3__Sb9S4F39,0.39071384,0.53403056
KNaGeO3__Sb9S4F39,0.3828584,0.37433216
KNaGeO3__Sb9S4F39,0.18461508,0.1801996
K2Ti2O5__Rubrene,2.5713215,2.2245905
K2Ti2O5__Rubrene,1.840771,1.4103278
K2Ti2O5__Rubrene,0.2483471,0.26327944
K2Ti2O5__Rubrene,1.7547622,1.2045832
P4S7__Ge3Pb5O11,0.20399734,0.17276554
P4S7__Ge3Pb5O11,0.38209873,0.3510812
P4S7__Ge3Pb5O11,0.7278668,0.6823888
P4S7__Ge3Pb5O11,0.69571275,0.64550483
K2SnTe3__In2(SeO4)3,1.5094863,1.3190538
K2SnTe3__In2(SeO4)3,0.5279047,0.52256817
K2SnTe3__In2(SeO4)3,1.3948135,1.291953
K2SnTe3__In2(SeO4)3,0.8621819,0.75700796
Na2In2SiS6__LiC,0.105211094,0.10535566
Na2In2SiS6__LiC,0.9959741,1.0289181
Na2In2SiS6__LiC,1.0662962,0.99820244
Na2In2SiS6__LiC,0.11324965,0.10037466
K2Sn(AsS3)2__Na2In2SiS6,0.40201792,0.36491823
K2Sn(AsS3)2__Na2In2SiS6,0.116944894,0.12488172
K2Sn(AsS3)2__Na2In2SiS6,0.2086005,0.2165105
K2Sn(AsS3)2__Na2In2SiS6,0.81271356,0.91643655
TeI__SnPS3,0.62519157,1.0945389
TeI__SnPS3,0.26715168,0.54937595
TeI__SnPS3,0.20033745,0.37180582
TeI__SnPS3,0.6362804,1.2323987
Li7SbN4__Na2GeTeO6,0.085160404,0.08792034
Li7SbN4__Na2GeTeO6,0.36139238,0.533421
Li7SbN4__Na2GeTeO6,0.32287425,0.44224188
Li7SbN4__Na2GeTeO6,0.18423615,0.22735998
K5GaSe4__CdSnP14,1.0665275,1.1350759
K5GaSe4__CdSnP14,0.29151094,0.27760777
K5GaSe4__CdSnP14,1.0174037,1.0033147
K5GaSe4__CdSnP14,1.0730691,1.1320413
Li10Zn4O9__SbAs2Cl13,1.8511645,1.7100393
Li10Zn4O9__SbAs2Cl13,1.0685251,1.0512197
Li10Zn4O9__SbAs2Cl13,0.4415239,0.40672028
Li10Zn4O9__SbAs2Cl13,0.20647778,0.2454333
ZnSe__Li2ZnSn3O8,0.58009326,0.5196561
ZnSe__Li2ZnSn3O8,0.25998047,0.24302429
ZnSe__Li2ZnSn3O8,0.62020195,0.52871287
ZnSe__Li2ZnSn3O8,0.5456605,0.49833885
ZnF2__K2LiInAs2,0.2196867,0.26400122
ZnF2__K2LiInAs2,0.3614177,0.29646972
ZnF2__K2LiInAs2,0.40725237,0.33424157
ZnF2__K2LiInAs2,0.7525318,0.6166971
Sn2Sb2Pb4O13__InSb(P2O7)2,1.0062506,1.0435474
Sn2Sb2Pb4O13__InSb(P2O7)2,0.3115808,0.3356956
Sn2Sb2Pb4O13__InSb(P2O7)2,0.30342615,0.30994678
Sn2Sb2Pb4O13__InSb(P2O7)2,0.6245488,0.5894965
P3NCl12__AlInI4,0.21684454,0.2018547
P3NCl12__AlInI4,1.1852793,0.9313128
P3NCl12__AlInI4,0.5335108,0.42542008
P3NCl12__AlInI4,0.7482505,0.55897975
KSnAsS5__LiPH21S3N7,0.9500042,0.95180756
KSnAsS5__LiPH21S3N7,1.4677857,1.402682
KSnAsS5__LiPH21S3N7,0.67480624,0.6999199
KSnAsS5__LiPH21S3N7,0.18734665,0.21147755
GeClO2F5__K6Zn4Sn5S17,0.36868787,0.35809466
GeClO2F5__K6Zn4Sn5S17,0.74624515,0.75531757
GeClO2F5__K6Zn4Sn5S17,1.6532997,1.6685553
GeClO2F5__K6Zn4Sn5S17,0.4310629,0.40668055
Na3AlH6__K6Te3(H8O7)4,0.46810248,0.42662248
Na3AlH6__K6Te3(H8O7)4,1.7843486,1.8432227
Na3AlH6__K6Te3(H8O7)4,2.0234792,1.6479546
Na3AlH6__K6Te3(H8O7)4,0.6266632,0.5273634
K3AsSe4__Ca2Al2Sn2O9,0.6543842,0.6511198
K3AsSe4__Ca2Al2Sn2O9,1.4231515,1.4792424
K3AsSe4__Ca2Al2Sn2O9,0.41150796,0.38486618
K3AsSe4__Ca2Al2Sn2O9,0.47083777,0.4716089
KAs2HO6__P2Pb4O9,1.3125736,0.9687683
KAs2HO6__P2Pb4O9,0.3430042,0.22359331
KAs2HO6__P2Pb4O9,0.6828439,0.5238435
KAs2HO6__P2Pb4O9,0.260927,0.19904023
LiGaO2__SnPCl9,0.61095345,0.52323955
LiGaO2__SnPCl9,0.17215319,0.18158787
LiGaO2__SnPCl9,0.49343443,0.44231823
LiGaO2__SnPCl9,1.6461163,1.192787
P7Pb__Na2Ti2Si2O9,1.5416332,1.4893409
P7Pb__Na2Ti2Si2O9,0.15882097,0.15778872
P7Pb__Na2Ti2Si2O9,1.4286727,1.4197506
P7Pb__Na2Ti2Si2O9,0.1860751,0.18369982
Ga2O3__LiIn(IO3)4,0.8970471,0.8369101
Ga2O3__LiIn(IO3)4,0.10089129,0.09628996
Ga2O3__LiIn(IO3)4,1.1452491,1.1551908
Ga2O3__LiIn(IO3)4,0.864712,0.83997554
Zn(InSe2)2__TiZn(SO4)3,0.2758932,0.29206964
Zn(InSe2)2__TiZn(SO4)3,0.12992577,0.14256012
Zn(InSe2)2__TiZn(SO4)3,0.3348817,0.37926236
Zn(InSe2)2__TiZn(SO4)3,0.66423416,0.60881394
TeO2__KInO2,0.94396025,0.9455037
TeO2__KInO2,0.5307671,0.526688
TeO2__KInO2,0.09220774,0.107696034
TeO2__KInO2,0.6595904,0.6777432
NaLi2Sb__K2Ti2O5,0.65252984,0.70107925
NaLi2Sb__K2Ti2O5,1.2411201,1.4115181
NaLi2Sb__K2Ti2O5,0.15977275,0.1564122
NaLi2Sb__K2Ti2O5,0.37370205,0.4169814
Na6GaP3__AsI5F6,0.7705216,0.775723
Na6GaP3__AsI5F6,0.90679616,0.8683663
Na6GaP3__AsI5F6,0.21842027,0.21006286
Na6GaP3__AsI5F6,0.26422513,0.25099826
K2O__K6Pb2O5,0.21229091,0.17802261
K2O__K6Pb2O5,0.29752603,0.190352
K2O__K6Pb2O5,0.682679,0.772043
K2O__K6Pb2O5,0.067916565,0.0481601
Li2SnSe3__Na2PS3,1.2853334,1.2696979
Li2SnSe3__Na2PS3,1.6116945,1.4327984
Li2SnSe3__Na2PS3,0.17821479,0.16223586
Li2SnSe3__Na2PS3,0.9297327,0.83925796
In2(CN2)3__LiTi2(PO4)3,0.43501532,0.44810224
In2(CN2)3__LiTi2(PO4)3,1.2530023,1.157974
In2(CN2)3__LiTi2(PO4)3,1.2214395,0.9028662
In2(CN2)3__LiTi2(PO4)3,0.43127683,0.37514168
KTe__PCl5,2.1323066,2.2256052
KTe__PCl5,0.2780125,0.2883554
KTe__PCl5,0.5074024,0.51607984
KTe__PCl5,1.8594292,2.0952895
AsI5F6__Ca3In2(GeO4)3,0.90861046,0.82218015
AsI5F6__Ca3In2(GeO4)3,0.6276297,0.5882934
AsI5F6__Ca3In2(GeO4)3,1.0847783,1.0766445
AsI5F6__Ca3In2(GeO4)3,1.0637772,0.86155796
SbP2O7__KIn7S8,0.692185,0.7191779
SbP2O7__KIn7S8,1.5310205,1.4426776
SbP2O7__KIn7S8,0.6150888,0.60799533
SbP2O7__KIn7S8,0.37582958,0.36155194
Na(GeP)3__LiInSiO4,0.14209053,0.12698616
Na(GeP)3__LiInSiO4,1.4305693,1.4331299
Na(GeP)3__LiInSiO4,0.43383163,0.3680711
Na(GeP)3__LiInSiO4,0.40447733,0.3796599
Ca2Si__CdI2,0.26234782,0.3028661
Ca2Si__CdI2,0.11231615,0.13383678
Ca2Si__CdI2,0.15601107,0.1797442
Ca2Si__CdI2,0.58964854,0.66877544
Li4PbO4__TeS7Cl2,0.82574636,0.7701316
Li4PbO4__TeS7Cl2,0.43437192,0.32197246
Li4PbO4__TeS7Cl2,1.1397647,1.1224654
Li4PbO4__TeS7Cl2,0.29354483,0.27165115
LiSbO3__Ti(NO3)4,0.20999983,0.16970083
LiSbO3__Ti(NO3)4,0.1923335,0.1919423
LiSbO3__Ti(NO3)4,1.385588,1.1300098
LiSbO3__Ti(NO3)4,0.5696711,0.4994652
Li2Ca(SiN2)2__AlAs3S5Cl4,0.28014162,0.2536609
Li2Ca(SiN2)2__AlAs3S5Cl4,1.4313481,1.1030228
Li2Ca(SiN2)2__AlAs3S5Cl4,1.1946414,0.9529541
Li2Ca(SiN2)2__AlAs3S5Cl4,1.5194201,1.2386657
KSnAsO5__TiSnP2SO12,0.9921644,1.0425773
KSnAsO5__TiSnP2SO12,0.22727288,0.19044313
KSnAsO5__TiSnP2SO12,0.4025252,0.48833364
KSnAsO5__TiSnP2SO12,0.14675298,0.12727745
KSbS2__Al2ZnS4,0.0612637,0.05895845
KSbS2__Al2ZnS4,0.37536335,0.42441723
KSbS2__Al2ZnS4,0.36248767,0.371621
KSbS2__Al2ZnS4,0.25359592,0.23244414
GePbS3__Zn3PBr3,0.14975385,0.15472224
GePbS3__Zn3PBr3,0.25453335,0.19317567
GePbS3__Zn3PBr3,0.123963945,0.13671663
GePbS3__Zn3PBr3,0.6933429,0.54609275
Ca11AlSb9__Sb9S4F39,1.3381891,1.2575179
Ca11AlSb9__Sb9S4F39,0.6625856,0.6213207
Ca11AlSb9__Sb9S4F39,0.14699759,0.1624296
Ca11AlSb9__Sb9S4F39,0.1912192,0.20814693
Ca(Ga3Te5)2__LiZnN,0.89600503,0.73225534
Ca(Ga3Te5)2__LiZnN,0.66634494,0.5368968
Ca(Ga3Te5)2__LiZnN,0.38813034,0.32179472
Ca(Ga3Te5)2__LiZnN,0.13621461,0.14290269
TiBr4__LiZnPS4,0.13067408,0.13613461
TiBr4__LiZnPS4,0.11376152,0.12295847
TiBr4__LiZnPS4,0.27450445,0.24350446
TiBr4__LiZnPS4,0.10092709,0.09335376
Na2In2GeSe6__Li5SiN3,1.4949346,1.2891511
Na2In2GeSe6__Li5SiN3,0.2140726,0.18510017
Na2In2GeSe6__Li5SiN3,0.15021324,0.1147517
Na2In2GeSe6__Li5SiN3,0.64520645,0.54299027
CdSe2__Sb8(PbS5)3,0.44303238,0.3596754
CdSe2__Sb8(PbS5)3,0.40311524,0.27383485
CdSe2__Sb8(PbS5)3,0.2624777,0.17565712
CdSe2__Sb8(PbS5)3,0.73275006,0.58886564
KTi2(PO4)3__KICl4,0.60494256,0.5461835
KTi2(PO4)3__KICl4,0.5712742,0.49147558
KTi2(PO4)3__KICl4,0.49374902,0.5104001
KTi2(PO4)3__KICl4,0.33505097,0.2930638
TeSe2__Zn3Cd3(TeO6)2,0.34503186,0.2546223
TeSe2__Zn3Cd3(TeO6)2,0.942453,0.66599
TeSe2__Zn3Cd3(TeO6)2,0.18383998,0.15163049
TeSe2__Zn3Cd3(TeO6)2,0.7655131,0.53427494
K3AlSe3__Ge19(AsBr)4,0.4085856,0.3353084
K3AlSe3__Ge19(AsBr)4,0.48763442,0.48394647
K3AlSe3__Ge19(AsBr)4,0.12813333,0.11512119
K3AlSe3__Ge19(AsBr)4,0.75697327,0.62927735
KSnS4__Na6Ge2S7,1.7696764,1.2571299
KSnS4__Na6Ge2S7,0.0761687,0.0848756
KSnS4__Na6Ge2S7,0.26596794,0.22304264
KSnS4__Na6Ge2S7,0.34686065,0.30776408
CaGaGeH__In4GeS4,1.314914,1.1024209
CaGaGeH__In4GeS4,1.4211794,0.97441053
CaGaGeH__In4GeS4,0.74750715,0.61658317
CaGaGeH__In4GeS4,0.32031035,0.28985658
Ca3AlN3__Na3Sb3(AsO7)2,0.5758405,0.5471523
Ca3AlN3__Na3Sb3(AsO7)2,1.6522511,1.5045195
Ca3AlN3__Na3Sb3(AsO7)2,0.09872919,0.10828105
Ca3AlN3__Na3Sb3(AsO7)2,0.2059738,0.24056716
Na2PS3__ZnSiN2,0.90598327,0.7838014
Na2PS3__ZnSiN2,0.106990814,0.099246174
Na2PS3__ZnSiN2,1.3707659,1.3974152
Na2PS3__ZnSiN2,0.27773502,0.21562669
KAlTe2__Ca3(AlN2)2,0.2590367,0.22241068
KAlTe2__Ca3(AlN2)2,0.4742588,0.2964439
KAlTe2__Ca3(AlN2)2,0.65450156,0.7820604
KAlTe2__Ca3(AlN2)2,0.93997186,1.1825606
K4I2O9__KInAs3H7O13,0.12817648,0.12012144
K4I2O9__KInAs3H7O13,0.44228426,0.357086
K4I2O9__KInAs3H7O13,0.7503684,0.6630682
K4I2O9__KInAs3H7O13,0.43174022,0.36887434
KSeO2F__K2SbH5O6,1.1263317,0.92482173
KSeO2F__K2SbH5O6,0.41793427,0.40295234
KSeO2F__K2SbH5O6,1.5997688,1.3437994
KSeO2F__K2SbH5O6,1.261228,0.9929798
Na5Ti2Si2PO13__KSnPO5,0.12046511,0.10173389
Na5Ti2Si2PO13__KSnPO5,0.2198234,0.1838721
Na5Ti2Si2PO13__KSnPO5,0.2977696,0.29656535
Na5Ti2Si2PO13__KSnPO5,0.39291477,0.42586997
