candidate_id,y_true,y_pred
Ca3(GaN2)2__NaLiTe,0.318985158918243,0.32517698
Ca3(GaN2)2__NaLiTe,0.423605121736225,0.51492506
Ca3(GaN2)2__NaLiTe,0.5006011755816974,0.62013113
Ca3(GaN2)2__NaLiTe,0.5274260703685524,0.6886952
K5Na(Ti2Se9)3__SbF4,0.4420833297913474,0.4415746
K5Na(Ti2Se9)3__SbF4,0.5380718022765488,0.5176969
K5Na(Ti2Se9)3__SbF4,0.4432434609260633,0.38751876
K5Na(Ti2Se9)3__SbF4,0.9921886421978006,0.8444685
KTiPSe5__ZnCN2,0.1628219304873695,0.17281339
KTiPSe5__ZnCN2,1.6651339741857027,1.5737094
KTiPSe5__ZnCN2,0.623405051415754,0.5908889
KTiPSe5__ZnCN2,0.3234217821613589,0.3425329
Na6P4Pb3S16__NaH2N,0.7511572729111201,0.97438186
Na6P4Pb3S16__NaH2N,0.539186154638138,0.5962302
Na6P4Pb3S16__NaH2N,0.5415395641505593,0.5249487
Na6P4Pb3S16__NaH2N,0.1610299045052465,0.18833482
KPbO2__K2ZnS2,0.0814426270560043,0.056208365
KPbO2__K2ZnS2,0.4428908543268425,0.3627938
KPbO2__K2ZnS2,0.5568285323069684,0.50343096
KPbO2__K2ZnS2,0.1796730479924048,0.15740192
NaSb5O13__Na2PS3,0.7157118415515081,0.78804415
NaSb5O13__Na2PS3,0.6354683445523486,0.61302423
NaSb5O13__Na2PS3,0.4322371916824223,0.47652158
NaSb5O13__Na2PS3,0.1375743933172902,0.15086785
Li2Te2O5__K6Ti2O7,1.3474440716247869,1.0270164
Li2Te2O5__K6Ti2O7,0.4021947320700527,0.34046748
Li2Te2O5__K6Ti2O7,1.2236134676851704,0.9786566
Li2Te2O5__K6Ti2O7,0.6528324772228632,0.58167815
Ca3(Si4P7)2__Li2ZnSnS4,1.4837139987075096,1.2473786
Ca3(Si4P7)2__Li2ZnSnS4,0.6831677980598968,0.60159284
Ca3(Si4P7)2__Li2ZnSnS4,1.6004168540357593,1.3111211
Ca3(Si4P7)2__Li2ZnSnS4,0.303687573782686,0.25531626
Cd3SiO5__NaGaGeO4,0.6168060088064278,0.5943907
Cd3SiO5__NaGaGeO4,0.6913368647001453,0.5202573
Cd3SiO5__NaGaGeO4,0.4976203987174756,0.56387675
Cd3SiO5__NaGaGeO4,1.2888209476204724,1.1875092
Na4Al3Ge3IO12__K2TeH6SO10,0.1016208545320644,0.08195765
Na4Al3Ge3IO12__K2TeH6SO10,0.8713606885256132,0.8390362
Na4Al3Ge3IO12__K2TeH6SO10,0.1851845339128491,0.13095057
Na4Al3Ge3IO12__K2TeH6SO10,0.4740301531395569,0.4354552
Ca11InSb9__Zn3PBr3,0.2246630639979522,0.2327248
Ca11InSb9__Zn3PBr3,0.6232171792240517,0.6195877
Ca11InSb9__Zn3PBr3,0.8200952200234347,0.8786297
Ca11InSb9__Zn3PBr3,0.632947782477636,0.70147806
NaGe__Ga(IO3)3,0.2850843869380148,0.30229178
NaGe__Ga(IO3)3,0.4848617870513875,0.50563306
NaGe__Ga(IO3)3,0.5686208951310351,0.6095982
NaGe__Ga(IO3)3,0.1484108691893884,0.17182738
KPS3__AsClF8,1.5351423017742447,1.3725499
KPS3__AsClF8,0.661087984167701,0.60905063
KPS3__AsClF8,0.3964645274929127,0.34867737
KPS3__AsClF8,0.2196262436722608,0.21245997
Li2TeS3__Cd(NO3)2,1.0407642265676451,0.8638271
Li2TeS3__Cd(NO3)2,1.88598934863514,1.4117054
Li2TeS3__Cd(NO3)2,0.2257913812461406,0.24487245
Li2TeS3__Cd(NO3)2,0.6110787608141526,0.5667597
Na8TiAs4__Na3Ga3(TeO6)2,0.7514519916180575,0.7410359
Na8TiAs4__Na3Ga3(TeO6)2,1.5748676081615636,1.2701668
Na8TiAs4__Na3Ga3(TeO6)2,0.5024656437644445,0.50281316
Na8TiAs4__Na3Ga3(TeO6)2,0.4564573012776652,0.44668522
TePb__NaAlAsO4F,0.8051706070032351,0.8067404
TePb__NaAlAsO4F,0.1045544473416132,0.12861767
TePb__NaAlAsO4F,0.2530097599658317,0.2866432
TePb__NaAlAsO4F,1.2161674041786907,1.2035605
K2Zn3O4__Zn2Te3O8,0.8768659542011842,0.811969
K2Zn3O4__Zn2Te3O8,0.343691788633557,0.307555
K2Zn3O4__Zn2Te3O8,0.1938682631753396,0.21919711
K2Zn3O4__Zn2Te3O8,0.4207722450678102,0.39922425
Ca2Ge__KH3(SeO4)2,0.8468400589998464,0.8372154
Ca2Ge__KH3(SeO4)2,0.6190249530919854,0.6254654
Ca2Ge__KH3(SeO4)2,1.195063656001744,1.0468695
Ca2Ge__KH3(SeO4)2,0.4400264822170819,0.40295702
Na3In2(AsO4)3__KInAs3H7O13,0.5389097126836911,0.43187815
Na3In2(AsO4)3__KInAs3H7O13,0.9580206713324964,0.8535134
Na3In2(AsO4)3__KInAs3H7O13,1.943522189314196,1.6953409
Na3In2(AsO4)3__KInAs3H7O13,0.6484925692500385,0.5823804
K2PbO2__GeAsSe,1.1576547466349418,1.2426654
K2PbO2__GeAsSe,1.2721747106063512,1.3297795
K2PbO2__GeAsSe,0.5971152733098468,0.62082297
K2PbO2__GeAsSe,1.139150445219565,1.1813861
Cd2SnO4__S3(NO7)2,0.4398579594038372,0.4392578
Cd2SnO4__S3(NO7)2,1.6721852286480785,1.6426494
Cd2SnO4__S3(NO7)2,0.1573146124307723,0.15536067
Cd2SnO4__S3(NO7)2,1.1959742632967063,1.0698462
SnF2__K11Cd2Sb5,0.7882870687288329,0.7526216
SnF2__K11Cd2Sb5,1.1656280341036742,1.1637969
SnF2__K11Cd2Sb5,0.2970509145778219,0.26694223
SnF2__K11Cd2Sb5,0.2332947658031841,0.19595796
HI3__Na3CdPCO7,0.2590901973711864,0.24941127
HI3__Na3CdPCO7,0.2079516388584968,0.18496205
HI3__Na3CdPCO7,1.1310809669982795,1.0865796
HI3__Na3CdPCO7,0.6045326411443195,0.5609131
NaS2__Na2TiZn2GeO7,0.2684890848249102,0.25940996
NaS2__Na2TiZn2GeO7,0.9370565285029248,0.83905894
NaS2__Na2TiZn2GeO7,0.4785577215155013,0.40500683
NaS2__Na2TiZn2GeO7,0.1357334128988407,0.12469533
Na2Te__KHS,0.5304358668982121,0.5349604
Na2Te__KHS,0.941265964449142,0.7397727
Na2Te__KHS,0.1623232251075577,0.16960865
Na2Te__KHS,0.9764099453416016,0.83856547
SbBrF8__Li3SbS4,0.2463694731608878,0.22888589
SbBrF8__Li3SbS4,1.858928791709156,1.6336656
SbBrF8__Li3SbS4,0.1547042131551724,0.16015491
SbBrF8__Li3SbS4,0.879581260939187,0.7924375
Ca2PI__NaIn(GeO3)2,1.056139879567365,0.8271363
Ca2PI__NaIn(GeO3)2,1.147263509783299,0.96329767
Ca2PI__NaIn(GeO3)2,0.1453453647259544,0.11274737
Ca2PI__NaIn(GeO3)2,0.3388799195674417,0.19792326
NaZnAs__K2Ge2PbS6,1.0001655973619836,1.0251447
NaZnAs__K2Ge2PbS6,0.0646782111508113,0.053224668
NaZnAs__K2Ge2PbS6,1.5814112726226823,1.4945194
NaZnAs__K2Ge2PbS6,0.5346383556926515,0.5829382
TPD__SbBr3,1.3945367960506772,1.3062232
TPD__SbBr3,0.1920842489483452,0.16136526
TPD__SbBr3,0.2015677879730044,0.18544874
TPD__SbBr3,0.4175210811108367,0.3866855
Pb3SeO5__Ca(AlSe2)2,0.0666610075920055,0.07515592
Pb3SeO5__Ca(AlSe2)2,1.1495162910494088,1.1859549
Pb3SeO5__Ca(AlSe2)2,0.6085330695111469,0.66615564
Pb3SeO5__Ca(AlSe2)2,0.3952349211303667,0.41252717
K5Zn4Sn5H4S17N__Na2Ti6O13,0.0729233125271938,0.18178818
K5Zn4Sn5H4S17N__Na2Ti6O13,0.7224438181887545,1.5926657
K5Zn4Sn5H4S17N__Na2Ti6O13,0.460932752136236,0.9047724
K5Zn4Sn5H4S17N__Na2Ti6O13,0.3076559183256316,0.6569485
K2NaAlP2__Cd4As2Cl3,1.2103899599787875,1.1560221
K2NaAlP2__Cd4As2Cl3,0.3342575298756453,0.3636872
K2NaAlP2__Cd4As2Cl3,0.2345881392260331,0.2100082
K2NaAlP2__Cd4As2Cl3,0.926185456875669,0.9121329
K2SbCl5__AlInS3,0.6314167582075252,0.6351071
K2SbCl5__AlInS3,0.4177968992202498,0.38686258
K2SbCl5__AlInS3,0.7890383615645351,0.790324
K2SbCl5__AlInS3,0.0506952653739385,0.034141283
NaLi2Sb__Na5AlO4,1.1789046564181342,1.1376798
NaLi2Sb__Na5AlO4,0.1650296182343111,0.281605
NaLi2Sb__Na5AlO4,0.5060681822514653,0.5685234
NaLi2Sb__Na5AlO4,0.4078385866395876,0.4443807
KP__K6ZnSe4,0.218163452671051,0.13085598
KP__K6ZnSe4,0.1135887193051216,0.057751082
KP__K6ZnSe4,0.4484566136897959,0.33190602
KP__K6ZnSe4,0.919723851025136,0.8027556
Zn(InSe2)2__Ca3(AlAs2)2,0.4545418394970946,0.6253048
Zn(InSe2)2__Ca3(AlAs2)2,0.1936918935246004,0.24458462
Zn(InSe2)2__Ca3(AlAs2)2,0.3652281275670188,0.49416223
Zn(InSe2)2__Ca3(AlAs2)2,0.2605697867803566,0.35577714
K2Sn2O3__Ca5P8,0.4224233426444234,0.48330703
K2Sn2O3__Ca5P8,0.4010139813449418,0.4808299
K2Sn2O3__Ca5P8,0.6903211245413835,0.8094403
K2Sn2O3__Ca5P8,0.4103039332285159,0.46687016
KCdGeAs2__InCl,1.2457671224912314,1.0995325
KCdGeAs2__InCl,0.1793399256166754,0.22850585
KCdGeAs2__InCl,0.126925146972284,0.15077357
KCdGeAs2__InCl,1.0824973501410091,1.0754297
InBr__NaPS3,1.061029474750338,0.82094836
InBr__NaPS3,1.1971249959898844,1.0288924
InBr__NaPS3,0.7904056648063462,0.5740068
InBr__NaPS3,0.6958980053950788,0.4791153
Na6S2O9__InOF,0.0754310698384237,0.026462834
Na6S2O9__InOF,0.5500872652371325,0.43832242
Na6S2O9__InOF,0.4458682259500351,0.3979038
Na6S2O9__InOF,0.2637665512462407,0.2125559
Li2TeS3__CdI2,1.1548923978174184,1.1285619
Li2TeS3__CdI2,0.70309137435322,0.74144644
Li2TeS3__CdI2,0.2206987699762362,0.25190192
Li2TeS3__CdI2,0.5952713783771316,0.5917162
KGaTe2__SbCl5,1.444812837930772,1.3335913
KGaTe2__SbCl5,1.1815778033844857,1.218871
KGaTe2__SbCl5,0.2761255146897187,0.2985345
KGaTe2__SbCl5,0.1974515341955895,0.19658197
AlGaAs2__NaGaO2,1.0666624098197817,0.9336567
AlGaAs2__NaGaO2,0.4171197891843571,0.40491676
AlGaAs2__NaGaO2,0.7205247418785842,0.67274815
AlGaAs2__NaGaO2,0.09339586326743,0.10960186
Na2TiS2O__K5LiGe2O7,0.7454915687059311,0.6231269
Na2TiS2O__K5LiGe2O7,0.5595461291443616,0.4940298
Na2TiS2O__K5LiGe2O7,0.6003198402900489,0.49722055
Na2TiS2O__K5LiGe2O7,0.1912169286002483,0.13446319
K2In(PSe4)2__Na2Cd3(P2O7)2,1.0705860027678922,0.9825689
K2In(PSe4)2__Na2Cd3(P2O7)2,0.600229102184968,0.6595866
K2In(PSe4)2__Na2Cd3(P2O7)2,1.4710983094867456,1.2726762
K2In(PSe4)2__Na2Cd3(P2O7)2,0.5083265205984218,0.4972418
Ca3AlAs3__Na2SeO4,0.6254794392112529,0.6051743
Ca3AlAs3__Na2SeO4,0.1204465571439864,0.13141933
Ca3AlAs3__Na2SeO4,0.8437892846531451,0.74150926
Ca3AlAs3__Na2SeO4,0.9339508647769872,0.9237074
NaTiSe4__CdCN2,0.0995600053156372,0.11123504
NaTiSe4__CdCN2,1.779848067026225,1.8042271
NaTiSe4__CdCN2,1.5874541188714455,1.8898791
NaTiSe4__CdCN2,0.9227999493921444,1.0099059
K7LiSi8__K2SnO2,0.8354838054374486,0.89022475
K7LiSi8__K2SnO2,0.2131537843818443,0.23332593
K7LiSi8__K2SnO2,0.4581251086013005,0.4594519
K7LiSi8__K2SnO2,0.195198234997583,0.1956325
LiZnAs__LiGa5O8,1.2893924886483066,1.366604
LiZnAs__LiGa5O8,0.2429100980278283,0.38516122
LiZnAs__LiGa5O8,0.5178293366038794,0.578934
LiZnAs__LiGa5O8,0.3222424435119339,0.37285635
K2CdGeO4__AlInS3,0.0689655965519954,0.06252749
K2CdGeO4__AlInS3,0.675518426225673,0.7148493
K2CdGeO4__AlInS3,0.1209553797139272,0.078344055
K2CdGeO4__AlInS3,0.2636908671060021,0.27459413
K4PbO4__KLiS,0.3036623557703855,0.35999677
K4PbO4__KLiS,0.8032224312552309,0.7458133
K4PbO4__KLiS,0.684053230217981,0.6999493
K4PbO4__KLiS,0.2424575994031572,0.22369212
Ca(ZnP)2__Ca2Si,0.7548654384447795,0.8665855
Ca(ZnP)2__Ca2Si,0.2501922448490816,0.290288
Ca(ZnP)2__Ca2Si,0.1696239426539752,0.19518335
Ca(ZnP)2__Ca2Si,1.3392015901291867,1.3185446
InSb2S4Br__KNO3,2.6115678658654016,2.1096375
InSb2S4Br__KNO3,0.6158618310753677,0.7418571
InSb2S4Br__KNO3,0.2163906447128211,0.36221486
InSb2S4Br__KNO3,0.9022001006864264,0.8944924
Li2SnN2__KIO4,1.946905710713572,1.4862909
Li2SnN2__KIO4,1.5605817139692129,1.3666819
Li2SnN2__KIO4,1.5478785396709676,1.2505933
Li2SnN2__KIO4,0.7323550103801815,0.6721765
P4S9__InCl3,1.1204874412884522,1.1398243
P4S9__InCl3,1.1391681343784883,1.4066194
P4S9__InCl3,1.549364843299724,1.4863614
P4S9__InCl3,0.4917341203775941,0.6539657
K(SiAs)3__AlICl6,0.3022007790676012,0.34305477
K(SiAs)3__AlICl6,0.137128576754877,0.13293837
K(SiAs)3__AlICl6,1.735158214916879,1.8475509
K(SiAs)3__AlICl6,0.0384654688823359,0.020276833
Li2SnO3__CaTe2O5,0.628184612485133,0.80597955
Li2SnO3__CaTe2O5,0.2781240040688421,0.2592194
Li2SnO3__CaTe2O5,0.1798855138683223,0.14645152
Li2SnO3__CaTe2O5,0.2446168747216048,0.1935915
K2LiGaAs2__Ca3Zn3(TeO6)2,0.4035263868196916,0.45962015
K2LiGaAs2__Ca3Zn3(TeO6)2,0.2872405537809717,0.29126418
K2LiGaAs2__Ca3Zn3(TeO6)2,1.1413689601634929,1.047926
K2LiGaAs2__Ca3Zn3(TeO6)2,1.0763397242016437,1.099796
ICl3__Na2Ti2Se9,0.1269334432583166,0.136829
ICl3__Na2Ti2Se9,0.3732178809614327,0.38330266
ICl3__Na2Ti2Se9,0.6906758137417819,0.6723458
ICl3__Na2Ti2Se9,1.815799260035768,1.588733
Na5SnP3__Na5InS4,0.2994436965145362,0.17676431
Na5SnP3__Na5InS4,0.5688887438938323,0.43665475
Na5SnP3__Na5InS4,0.3718647616093864,0.29618955
Na5SnP3__Na5InS4,1.654602292124792,1.4536555
Li2TeS3__K2ZnSe2,1.003074312880222,0.8121499
Li2TeS3__K2ZnSe2,0.7193321262451267,0.591824
Li2TeS3__K2ZnSe2,0.6494398883782339,0.5848591
Li2TeS3__K2ZnSe2,0.3689569233451009,0.31315285
Zn2AsHO5__K2LiSn4,0.6095670843218465,0.6068182
Zn2AsHO5__K2LiSn4,0.7405285940704076,0.7660339
Zn2AsHO5__K2LiSn4,0.3583529535260879,0.34629494
Zn2AsHO5__K2LiSn4,1.5342147701355713,1.4133513
Alq3__Ti6CCl14,0.8759689254709502,0.88218516
Alq3__Ti6CCl14,0.1697358899044002,0.19272287
Alq3__Ti6CCl14,0.1543036730279262,0.1608997
Alq3__Ti6CCl14,0.2300138217894929,0.20715344
K2Ga2As3__K6CdO4,0.4929976132042699,0.56515163
K2Ga2As3__K6CdO4,0.7101440871304188,0.7910229
K2Ga2As3__K6CdO4,0.4961263655067332,0.5023403
K2Ga2As3__K6CdO4,0.3633024272953246,0.44386208
Zn3Cd3(TeO6)2__TPD,0.4155682447869361,0.54088116
Zn3Cd3(TeO6)2__TPD,0.738492693463539,0.90759367
Zn3Cd3(TeO6)2__TPD,1.9235774940027592,1.4593657
Zn3Cd3(TeO6)2__TPD,0.7721544646670588,0.7246177
Ca3(GeAs2)2__NaAsO3,1.1202239318219802,1.1119803
Ca3(GeAs2)2__NaAsO3,0.2823802478239787,0.31169012
Ca3(GeAs2)2__NaAsO3,0.5117573078632097,0.47770324
Ca3(GeAs2)2__NaAsO3,0.8487099477434028,0.8959841
Sb2Se3__Sn2SI2,0.1556674898080453,0.035960805
Sb2Se3__Sn2SI2,1.695583648533101,1.5735968
Sb2Se3__Sn2SI2,1.4608008389784453,1.3225842
Sb2Se3__Sn2SI2,0.7491757937441779,0.65190965
K2SbPO6__Na2Ti6O13,0.0262826266157046,0.023177372
K2SbPO6__Na2Ti6O13,0.3784751136548691,0.7728134
K2SbPO6__Na2Ti6O13,0.1720580663164452,0.31528154
K2SbPO6__Na2Ti6O13,0.382375594509898,0.73785466
K4CdAs2__K3Al2As3,0.0851847914275319,-0.039766937
K4CdAs2__K3Al2As3,0.050200264035148,-0.034925073
K4CdAs2__K3Al2As3,0.3783230524039969,0.32871008
K4CdAs2__K3Al2As3,0.9763408021448956,0.79755485
Sn(SO4)2__Ca3AlAs3,0.7293792374332854,0.89314276
Sn(SO4)2__Ca3AlAs3,0.1497368514200574,0.18334502
Sn(SO4)2__Ca3AlAs3,0.3310322851627016,0.38729337
Sn(SO4)2__Ca3AlAs3,0.3229642598002538,0.40927732
K3AsO4__InAs(H2O3)2,0.229521668288429,0.21823102
K3AsO4__InAs(H2O3)2,1.3690939746680708,1.208126
K3AsO4__InAs(H2O3)2,0.6535659193721424,0.59117144
K3AsO4__InAs(H2O3)2,0.5382144878820068,0.46619698
Ca11InSb9__S(IO3)2,0.185039239715611,0.19501613
Ca11InSb9__S(IO3)2,0.4284407140081461,0.42762998
Ca11InSb9__S(IO3)2,0.7709945201566676,0.7615415
Ca11InSb9__S(IO3)2,0.7538950381688383,0.8418602
NaAs__CdP4,0.1638411337783425,0.32224774
NaAs__CdP4,0.1819588010604352,0.3214924
NaAs__CdP4,0.3434923720314453,0.5938257
NaAs__CdP4,0.280555189052394,0.42983583
Na4TiP2O9__SeO2,0.8636485311833215,0.7643724
Na4TiP2O9__SeO2,2.300478226609149,1.8760092
Na4TiP2O9__SeO2,1.7647460161331463,1.5702835
Na4TiP2O9__SeO2,0.2105927997718809,0.18657
MEH-PPV__NaP3(PbO3)4,0.7540951024701836,1.346912
MEH-PPV__NaP3(PbO3)4,0.2730587032242708,0.38466045
MEH-PPV__NaP3(PbO3)4,0.7992430636060548,1.2054402
MEH-PPV__NaP3(PbO3)4,0.5045632997465599,0.6877703
K2NaAlH6__Zn3Te2P2(PbO7)2,0.1545492694625126,0.22641294
K2NaAlH6__Zn3Te2P2(PbO7)2,0.3857911053630817,0.42632762
K2NaAlH6__Zn3Te2P2(PbO7)2,0.9264072788449756,0.92559844
K2NaAlH6__Zn3Te2P2(PbO7)2,0.6049745111147813,0.61050564
K5SnAs3__CaTi4(PO4)6,0.5262949127474476,0.54742575
K5SnAs3__CaTi4(PO4)6,0.6102334353819046,0.6815125
K5SnAs3__CaTi4(PO4)6,0.6969560280665588,0.74494827
K5SnAs3__CaTi4(PO4)6,0.458297090097409,0.4641687
InSbS3__CaPSe3,1.2491213593395838,1.1248859
InSbS3__CaPSe3,0.4111704990815105,0.26788947
InSbS3__CaPSe3,1.1807647278010909,0.7486802
InSbS3__CaPSe3,0.3073371333744215,0.23657195
AlAs3S5Cl4__Na3As4H5O14,0.8389641788276574,0.67268854
AlAs3S5Cl4__Na3As4H5O14,0.3710105881793187,0.29785025
AlAs3S5Cl4__Na3As4H5O14,0.497929990466375,0.50163263
AlAs3S5Cl4__Na3As4H5O14,1.2793643144943767,0.9960324
TeSe2__Na3SbO3,1.5679515033117768,1.444931
TeSe2__Na3SbO3,1.3246745624233498,1.1764903
TeSe2__Na3SbO3,1.3196025218054104,1.2865722
TeSe2__Na3SbO3,0.3458624796566912,0.34616238
K4P21I__Ga2Sn2S5,0.4030801982515683,0.5578944
K4P21I__Ga2Sn2S5,0.4255242533879133,0.6553534
K4P21I__Ga2Sn2S5,0.2927359572748806,0.34415388
K4P21I__Ga2Sn2S5,0.2665586078458389,0.33967188
AlPI8__Na4SnO4,0.5554424866862351,0.37825882
AlPI8__Na4SnO4,0.8962540398987321,0.63667107
AlPI8__Na4SnO4,1.0819296930628683,0.9148765
AlPI8__Na4SnO4,0.2461191992168607,0.12913871
Ca2Sb2O7__K3P11,0.1355782343966158,0.13191637
Ca2Sb2O7__K3P11,0.1755724690237576,0.18722051
Ca2Sb2O7__K3P11,0.5833481481278738,0.5966008
Ca2Sb2O7__K3P11,0.3477931576388942,0.32916722
Zn3TeO6__K2GaSb2,0.7355776647893467,0.7571971
Zn3TeO6__K2GaSb2,0.1660864777697052,0.17551097
Zn3TeO6__K2GaSb2,0.1165109780705531,0.13839398
Zn3TeO6__K2GaSb2,0.4198501083859183,0.43812746
Zn(InTe2)2__TePbO3,0.8096550743953869,0.7614757
Zn(InTe2)2__TePbO3,0.9093441245463488,0.878364
Zn(InTe2)2__TePbO3,0.7722197751895286,0.63842744
Zn(InTe2)2__TePbO3,0.5243636569529468,0.54535294
LiH__Li3AlN2,0.1393501341978415,0.17120992
LiH__Li3AlN2,0.186785771202719,0.21785305
LiH__Li3AlN2,0.0646011692036081,0.058815006
LiH__Li3AlN2,0.5950443933015208,0.6475621
Na5GaO4__CaTe2O5,0.8150396332540384,0.7428796
Na5GaO4__CaTe2O5,1.299084380783037,1.2076159
Na5GaO4__CaTe2O5,1.50358283372506,1.1590942
Na5GaO4__CaTe2O5,0.7077124630056502,0.6967235
NaAsS2__K4Sb2O5,0.2180086853411308,0.2017926
NaAsS2__K4Sb2O5,0.9365142591348478,0.7385524
NaAsS2__K4Sb2O5,0.6314118171248867,0.5648231
NaAsS2__K4Sb2O5,0.2890429417225797,0.23676904
CdS__Ti2PCl13,1.0654333202624668,0.9124195
CdS__Ti2PCl13,0.2377590283012603,0.22885136
CdS__Ti2PCl13,1.1318233358573528,1.0694579
CdS__Ti2PCl13,0.0538142445412893,0.038624864
Na6ZnO4__P3BrCl14,0.4721970943477848,0.50780755
Na6ZnO4__P3BrCl14,0.3102246934786034,0.32346514
Na6ZnO4__P3BrCl14,0.1333490995911608,0.11463707
Na6ZnO4__P3BrCl14,0.7317490988417401,0.73980945
K5LiGe2O7__KH,0.2066681182275551,0.18379095
K5LiGe2O7__KH,0.5566082338331704,0.5418449
K5LiGe2O7__KH,0.9576805030933948,0.88836116
K5LiGe2O7__KH,0.7408558976608485,0.74416775
Na2TiSiO5__Ca4Al6TeO12,0.4155849794719721,0.48087168
Na2TiSiO5__Ca4Al6TeO12,0.4396961789211525,0.4933509
Na2TiSiO5__Ca4Al6TeO12,0.6017182783196203,0.74701875
Na2TiSiO5__Ca4Al6TeO12,1.099554242544733,1.3280959
In2(SeO4)3__NaZnSiHO4,0.0859040069095235,0.10329422
In2(SeO4)3__NaZnSiHO4,0.2346514294905254,0.44184065
In2(SeO4)3__NaZnSiHO4,0.0561604934502202,0.034380935
In2(SeO4)3__NaZnSiHO4,0.1224875793750647,0.1656151
KGaSb2__GePbS3,1.2585008671409206,1.5398458
KGaSb2__GePbS3,0.3205642260565876,0.38684058
KGaSb2__GePbS3,0.6594941368930517,0.7844279
KGaSb2__GePbS3,0.3392900807525386,0.42370206
Ti2Sb2Pb4O13__SbSCl9,0.2492289391660334,0.255584
Ti2Sb2Pb4O13__SbSCl9,0.1454141935934964,0.1543735
Ti2Sb2Pb4O13__SbSCl9,1.447871478431615,1.4377866
Ti2Sb2Pb4O13__SbSCl9,0.1538116102031702,0.12651187
NaCdPO4__LiInSiO4,1.1945927231731888,1.1448612
NaCdPO4__LiInSiO4,0.1280944593462825,0.11522269
NaCdPO4__LiInSiO4,0.6650588670006669,0.6419991
NaCdPO4__LiInSiO4,1.1400873226903394,1.266378
Li10Si(PSe6)2__In2(CN2)3,1.1693428064214133,1.0853411
Li10Si(PSe6)2__In2(CN2)3,0.3984008033893623,0.4042049
Li10Si(PSe6)2__In2(CN2)3,0.3197588635555879,0.2738048
Li10Si(PSe6)2__In2(CN2)3,0.8149568619265053,0.7040016
PCBM__NaAlSe2,2.056718608803469,1.7679527
PCBM__NaAlSe2,1.805668547333913,1.6615766
PCBM__NaAlSe2,0.9862769572798464,0.9118414
PCBM__NaAlSe2,0.3946981259224782,0.4776038
KInAs3H7O13__LiGaS2,1.2624499400847422,1.1346575
KInAs3H7O13__LiGaS2,0.0649554900728763,0.042673476
KInAs3H7O13__LiGaS2,0.2853851445078054,0.32077733
KInAs3H7O13__LiGaS2,0.1758918043924038,0.18106249
K2TeSe3__CaTiO3,0.5919807255500837,0.46835732
K2TeSe3__CaTiO3,0.176127658613368,0.10714287
K2TeSe3__CaTiO3,0.6489541673541208,0.4721843
K2TeSe3__CaTiO3,0.6767172650953728,0.5122329
Te3(PbO4)2__TeO2,0.3387990855354822,0.41654357
Te3(PbO4)2__TeO2,0.7155324572679872,0.8145808
Te3(PbO4)2__TeO2,0.771570914210438,0.9881899
Te3(PbO4)2__TeO2,0.376161465720303,0.43445882
KCa(H2N)3__Ca5(IO6)2,0.4820602957926902,0.4467723
KCa(H2N)3__Ca5(IO6)2,0.3417957334319866,0.381921
KCa(H2N)3__Ca5(IO6)2,1.060412217539655,1.0277531
KCa(H2N)3__Ca5(IO6)2,0.78901461028259,0.6967511
Na4GeSe4__BrNO3,0.3860695824982316,0.75327706
Na4GeSe4__BrNO3,0.3009548449199986,0.588003
Na4GeSe4__BrNO3,0.4436506648132999,0.75997066
Na4GeSe4__BrNO3,0.1219693284195932,0.23164798
Ga10GePb3O20__CdH2SeO5,0.4840782096827949,0.43689543
Ga10GePb3O20__CdH2SeO5,0.2882313116238468,0.2728452
Ga10GePb3O20__CdH2SeO5,0.9454939507983406,0.88354075
Ga10GePb3O20__CdH2SeO5,0.4655832154348299,0.38756117
S(IO3)2__BrCl,0.226885608751844,0.21445633
S(IO3)2__BrCl,0.3373741284495804,0.3336216
S(IO3)2__BrCl,0.8316578938394247,0.8040854
S(IO3)2__BrCl,0.1142365243120765,0.12345986
P2S5__K3LiGe4,1.4729175725660792,1.4288536
P2S5__K3LiGe4,1.273294288633979,1.2122042
P2S5__K3LiGe4,0.2723910391114235,0.27183244
P2S5__K3LiGe4,1.135121361423929,1.020485
ZnSe__KSb2PO8,0.305997939148827,0.19396009
ZnSe__KSb2PO8,0.1510521536823765,0.07729533
ZnSe__KSb2PO8,1.4255270854920967,1.065188
ZnSe__KSb2PO8,0.9795532902488502,0.7263729
Li2GePbS4__AsClF8,1.5883299666992674,1.3898954
Li2GePbS4__AsClF8,0.5052135073421691,0.49634528
Li2GePbS4__AsClF8,0.3611621436987701,0.36051336
Li2GePbS4__AsClF8,1.958815589977164,1.8568046
KNaS__CdS,0.0880215947041811,0.084355034
KNaS__CdS,0.8782280643056506,1.0081713
KNaS__CdS,0.6359910502772124,0.67284125
KNaS__CdS,0.8174010954263571,0.930478
Sn2OF2__H3C3N5,1.3695815308175987,0.9540062
Sn2OF2__H3C3N5,0.3604429325242133,0.2355309
Sn2OF2__H3C3N5,0.1772545001327454,0.009618735
Sn2OF2__H3C3N5,1.0904316188156291,0.83975047
GeBr4__In2(Se2O5)3,0.408318352365889,0.32550946
GeBr4__In2(Se2O5)3,0.8562175538458837,0.59149677
GeBr4__In2(Se2O5)3,0.0882649363372142,0.053473998
GeBr4__In2(Se2O5)3,0.5910985786587201,0.43384844
Na2O__Li5SbS3I2,0.1673346426851723,0.17176813
Na2O__Li5SbS3I2,0.6949589580146696,0.57958823
Na2O__Li5SbS3I2,0.3709151151305146,0.30799824
Na2O__Li5SbS3I2,0.2347967970412932,0.21631894
TeS7Cl2__KTi2(PO4)3,0.0971212824942305,0.13044463
TeS7Cl2__KTi2(PO4)3,0.7416666905103494,0.71848047
TeS7Cl2__KTi2(PO4)3,0.2230803259668953,0.31253555
TeS7Cl2__KTi2(PO4)3,0.5119326395507097,0.5591465
Ca3(SiP2)2__S5(IO9)2,1.5132787295638566,1.3553952
Ca3(SiP2)2__S5(IO9)2,1.1307183069708768,1.0202407
Ca3(SiP2)2__S5(IO9)2,1.4089258019398134,1.2745905
Ca3(SiP2)2__S5(IO9)2,0.4225886255903081,0.38273522
K3SbTe3__TePbO3,0.3711560716272593,0.45045277
K3SbTe3__TePbO3,0.4056234631029239,0.3898092
K3SbTe3__TePbO3,0.46051486477218,0.5152066
K3SbTe3__TePbO3,0.6669768907236416,0.72499055
SIO3F__Sb2PbO6,0.234757618210799,0.21332738
SIO3F__Sb2PbO6,0.4204576013207999,0.43943864
SIO3F__Sb2PbO6,1.296757529955623,1.338613
SIO3F__Sb2PbO6,0.5560446289692126,0.57957315
HS2IO8__ZnH2SeO5,0.8109980227534025,0.86276674
HS2IO8__ZnH2SeO5,0.2504263067971806,0.2814248
HS2IO8__ZnH2SeO5,1.6276454562317313,1.5939078
HS2IO8__ZnH2SeO5,0.1673865211946734,0.1910561
LiAs__NaS,0.9163145891318912,0.9132126
LiAs__NaS,0.7608336337060921,0.70694923
LiAs__NaS,0.8472531959895029,0.83202475
LiAs__NaS,1.2651062646559486,1.1966995
NClO3__NaPS3,0.487587031751371,0.41635713
NClO3__NaPS3,0.6139805818525652,0.5874996
NClO3__NaPS3,1.9321008567240905,1.8947462
NClO3__NaPS3,1.189758863569354,1.0924623
PbI2__Li2GeN2,0.6082377207311143,0.9835597
PbI2__Li2GeN2,0.2426102025071771,0.43175578
PbI2__Li2GeN2,0.7987425744586373,1.2752576
PbI2__Li2GeN2,0.0707722820180579,0.09823348
K2NaH10IO10__KSiSbO5,1.0898719178880982,0.8962288
K2NaH10IO10__KSiSbO5,0.2088730241611708,0.028864516
K2NaH10IO10__KSiSbO5,0.0418370467120482,-0.025621077
K2NaH10IO10__KSiSbO5,1.2107620935497236,1.2710252
Zn2Te3O8__SbClF8,0.8574842977708643,0.75247407
Zn2Te3O8__SbClF8,0.1982511468703435,0.18466125
Zn2Te3O8__SbClF8,0.3062835372705451,0.30273134
Zn2Te3O8__SbClF8,0.4401266781960851,0.39066932
NaSbS2__K3GaSe3,0.0811350373533283,0.078807436
NaSbS2__K3GaSe3,0.5743640532677673,0.62833375
NaSbS2__K3GaSe3,1.219917994954607,1.0051157
NaSbS2__K3GaSe3,0.988627519420805,0.8880564
Cd3SiO5__K4P21I,1.0155999449198307,1.0705872
Cd3SiO5__K4P21I,0.3957724454738587,0.39020717
Cd3SiO5__K4P21I,0.2638227075799347,0.31929347
Cd3SiO5__K4P21I,0.7269708881948913,0.74417025
LiInTe2__GePbS3,0.0457262590546607,0.039887376
LiInTe2__GePbS3,0.2474202867023827,0.341573
LiInTe2__GePbS3,0.0503908906827248,0.046468407
LiInTe2__GePbS3,0.3243674871266917,0.43578038
KSb2PO8__K2Zn(SnSe3)2,0.3905834678659401,0.39507043
KSb2PO8__K2Zn(SnSe3)2,0.9150584184142208,0.88315624
KSb2PO8__K2Zn(SnSe3)2,0.6079008284976152,0.56150985
KSb2PO8__K2Zn(SnSe3)2,0.8750661199007587,0.8047785
Na6S2O9__K2PS3,0.0991688993697126,0.08670128
Na6S2O9__K2PS3,1.2527261261614553,1.2858205
Na6S2O9__K2PS3,1.4720551945601783,1.2603949
Na6S2O9__K2PS3,0.4081187733784871,0.33345944
CdSe__Na3H5(SeO4)4,0.7566910282054498,0.698999
CdSe__Na3H5(SeO4)4,0.6627449448323305,0.6374702
CdSe__Na3H5(SeO4)4,0.7048180954520253,0.7055209
CdSe__Na3H5(SeO4)4,0.5301414425803795,0.49837425
GeTe__K2CdSiO4,1.3674046781413456,1.3771454
GeTe__K2CdSiO4,0.1053686622171087,0.13182527
GeTe__K2CdSiO4,1.792753548578587,1.7070204
GeTe__K2CdSiO4,0.2549857532325505,0.3101707
Na2ZnH4(SeO5)2__Te4P2O13,0.0937619267168648,0.10970001
Na2ZnH4(SeO5)2__Te4P2O13,0.4929491784328074,0.49729228
Na2ZnH4(SeO5)2__Te4P2O13,0.990218396587121,0.93796456
Na2ZnH4(SeO5)2__Te4P2O13,1.3499681210455854,1.1876152
SbBr5F6__KInTe2,0.2012996093955376,0.19636787
SbBr5F6__KInTe2,0.4357380426771943,0.41558552
SbBr5F6__KInTe2,0.1558465389863261,0.18558457
SbBr5F6__KInTe2,0.6841879124851217,0.681571
NaInSn2__K2Pb2O3,0.5249841488176499,0.50787765
NaInSn2__K2Pb2O3,0.9052049052535808,0.9133572
NaInSn2__K2Pb2O3,0.0544821945385617,0.065855645
NaInSn2__K2Pb2O3,0.8495260454831336,0.9038231
Zn(InTe2)2__Sb7Se8F35,1.0097025172719905,1.0849303
Zn(InTe2)2__Sb7Se8F35,1.337213487842437,1.2735382
Zn(InTe2)2__Sb7Se8F35,0.463623465864658,0.45934945
Zn(InTe2)2__Sb7Se8F35,1.7046330104541,1.6022321
KNa4GaO4__Na2SnO2,0.4736056848330016,0.44668758
KNa4GaO4__Na2SnO2,1.2380942460566096,1.2734691
KNa4GaO4__Na2SnO2,0.1934068654979849,0.21802594
KNa4GaO4__Na2SnO2,0.4963635020338398,0.47759336
Ga2Te5__P3BrCl14,0.2184985738753282,0.2951454
Ga2Te5__P3BrCl14,0.707460317346492,0.76325876
Ga2Te5__P3BrCl14,1.3572998051104894,1.2441251
Ga2Te5__P3BrCl14,0.3559601970431743,0.3518826
Na10Zn4O9__Na5IO6,0.4046438221688072,0.46439624
Na10Zn4O9__Na5IO6,0.4920052759769422,0.52038866
Na10Zn4O9__Na5IO6,0.9531992789673928,1.0208772
Na10Zn4O9__Na5IO6,0.4424612965864752,0.46612993
LiAsS2__Ca2Si5N8,0.248730329565518,0.28767905
LiAsS2__Ca2Si5N8,0.3868584374397964,0.45262155
LiAsS2__Ca2Si5N8,0.4357542402381388,0.49401206
LiAsS2__Ca2Si5N8,0.1410069792408062,0.13881645
KTeP2__Ti6CCl14,0.4168002765723027,0.37878928
KTeP2__Ti6CCl14,1.2726221263201882,1.1308527
KTeP2__Ti6CCl14,0.4159335672278162,0.45428747
KTeP2__Ti6CCl14,0.6583927875421596,0.6926971
Cd7(P2Cl3)2__P2H9(CBr)3,0.6207829161130239,0.5686151
Cd7(P2Cl3)2__P2H9(CBr)3,1.075560270794281,1.1261675
Cd7(P2Cl3)2__P2H9(CBr)3,0.7982157758148409,0.7384836
Cd7(P2Cl3)2__P2H9(CBr)3,0.1584354343626283,0.16026407
K3SnSe3__LiGaO2,0.0733963994515174,0.07546949
K3SnSe3__LiGaO2,0.2820343141145356,0.27578044
K3SnSe3__LiGaO2,1.1489859179883797,1.0289563
K3SnSe3__LiGaO2,0.0820989488484325,0.087296695
K6Zn4Sn5S17__NaSbCl6,0.5596381288198704,0.6261241
K6Zn4Sn5S17__NaSbCl6,1.2965885549980498,1.3034339
K6Zn4Sn5S17__NaSbCl6,0.0663870315782574,0.059612487
K6Zn4Sn5S17__NaSbCl6,0.5293272858639466,0.5553158
Ca3(GaP2)2__In2S3,0.7627190241196182,0.7117283
Ca3(GaP2)2__In2S3,0.2414639031480637,0.2636416
Ca3(GaP2)2__In2S3,0.2515287257242048,0.2563311
Ca3(GaP2)2__In2S3,0.9228771938943828,0.9463676
Na5Al3H14__LiGa(H2N)4,0.2101199350119066,0.20195264
Na5Al3H14__LiGa(H2N)4,0.8919368490940083,0.89585876
Na5Al3H14__LiGa(H2N)4,0.1857574120580277,0.17444097
Na5Al3H14__LiGa(H2N)4,0.2481560956115414,0.24080639
KSnPS4__NClO3,1.1092890548971688,1.0191513
KSnPS4__NClO3,0.1709400217082701,0.30300403
KSnPS4__NClO3,0.7540984580162352,0.7625524
KSnPS4__NClO3,0.6196236851518877,0.8854557
KInBr3__KGeCl3,0.4961728807381581,0.4548844
KInBr3__KGeCl3,0.3170367915970311,0.3182099
KInBr3__KGeCl3,1.3128752972230693,1.1561294
KInBr3__KGeCl3,0.1549762311227793,0.27120286
Na3AsO4__KTe3O6F,0.1251679989785935,0.19494712
Na3AsO4__KTe3O6F,0.1572020766764921,0.24578585
Na3AsO4__KTe3O6F,0.4141930235509769,0.56769544
Na3AsO4__KTe3O6F,0.8943831885453887,1.2120292
TeI4__P,0.2295221574548947,0.24727517
TeI4__P,0.129135749416787,0.16616142
TeI4__P,0.3350019414485845,0.39260003
TeI4__P,0.107340090781701,0.11586679
NaSe__Ca5P3H,0.0694695128258366,0.029722583
NaSe__Ca5P3H,0.2207758372602657,0.17991135
NaSe__Ca5P3H,0.1728804430948113,0.13399166
NaSe__Ca5P3H,0.4287304162704306,0.34993368
Na5(InTe3)2__Ca3(AlAs2)2,0.3035410863422915,0.33160147
Na5(InTe3)2__Ca3(AlAs2)2,0.3532218572982844,0.341329
Na5(InTe3)2__Ca3(AlAs2)2,0.4079155951361984,0.4143223
Na5(InTe3)2__Ca3(AlAs2)2,0.1284147706117745,0.15489762
Na5SiAs3__K4Sb2O5,0.2652473874050671,0.25192854
Na5SiAs3__K4Sb2O5,0.2265021694883809,0.22629458
Na5SiAs3__K4Sb2O5,0.2015416967171977,0.20528829
Na5SiAs3__K4Sb2O5,0.8492687660177022,0.8099166
TeO3__NaLiZnS2,0.5758852195749752,0.5642685
TeO3__NaLiZnS2,0.8075492366571717,0.7498206
TeO3__NaLiZnS2,1.1171137463673362,1.1360368
TeO3__NaLiZnS2,0.6294600867025049,0.61675006
Na5SnP3__K2Sb4O11,0.0770793705191547,0.03331992
Na5SnP3__K2Sb4O11,1.3676442142786247,1.1575552
Na5SnP3__K2Sb4O11,0.1406326695573979,0.09571412
Na5SnP3__K2Sb4O11,0.3229210559495569,0.31122363
Pb(IO3)2__NaHO,0.8483401852798156,0.76875544
Pb(IO3)2__NaHO,1.3072201657303717,1.2341583
Pb(IO3)2__NaHO,0.1427579878366363,0.08372588
Pb(IO3)2__NaHO,1.2668458103147051,1.1023488
NaZnAsO4__K2TiSi3(HO5)2,0.6990318657131892,0.5760584
NaZnAsO4__K2TiSi3(HO5)2,0.7217568155975111,0.5905298
NaZnAsO4__K2TiSi3(HO5)2,0.7487302992870852,0.67178756
NaZnAsO4__K2TiSi3(HO5)2,0.2338109557946144,0.17859349
Zn(SbO3)2__Cd(AsO3)2,0.0375384036974855,0.004778102
Zn(SbO3)2__Cd(AsO3)2,0.6303511770569208,0.75175554
Zn(SbO3)2__Cd(AsO3)2,0.1845200837116394,0.20003644
Zn(SbO3)2__Cd(AsO3)2,0.0908016482945785,0.08947946
CdHOF__Li2ZnGeS4,0.2357668647746236,0.24700783
CdHOF__Li2ZnGeS4,1.0775070242858484,1.1468731
CdHOF__Li2ZnGeS4,0.8675709136589822,0.7750579
CdHOF__Li2ZnGeS4,0.4608148717857538,0.53036237
Na2SnGe2(HO4)2__ZnSeO4,0.4297037232637187,0.39968124
Na2SnGe2(HO4)2__ZnSeO4,0.564188957265135,0.5307795
Na2SnGe2(HO4)2__ZnSeO4,0.5234559136758854,0.52791387
Na2SnGe2(HO4)2__ZnSeO4,0.3250734331253797,0.34698144
Sb2Te2O9__TiSn6F16,0.2443969113533373,0.24123743
Sb2Te2O9__TiSn6F16,0.4559883830377854,0.418515
Sb2Te2O9__TiSn6F16,0.1379584799579125,0.092724085
Sb2Te2O9__TiSn6F16,0.0783223483334299,0.05560325
InI2__SbAs2Cl13,0.7158683018507205,0.63266915
InI2__SbAs2Cl13,0.3226141330968295,0.29531083
InI2__SbAs2Cl13,1.89603276345093,1.7962958
InI2__SbAs2Cl13,1.2079708554811053,1.1651713
SiAs__Na2HF4,0.1434866860330295,0.17192873
SiAs__Na2HF4,1.7305452259959535,1.5604569
SiAs__Na2HF4,0.2211734739053948,0.38756496
SiAs__Na2HF4,0.1885524469000486,0.33191842
Li2SnTeO6__Al2ZnSe4,0.0691078774607093,0.057250753
Li2SnTeO6__Al2ZnSe4,0.0296660781380012,-0.01723266
Li2SnTeO6__Al2ZnSe4,1.0981611285342252,1.0434692
Li2SnTeO6__Al2ZnSe4,0.1608298124034259,0.14950322
Na5AlO4__PbF4,0.1930861513062189,0.16400096
Na5AlO4__PbF4,0.6701111389416692,0.6774397
Na5AlO4__PbF4,0.5194979136351418,0.47267276
Na5AlO4__PbF4,0.3523184634281041,0.28148624
KSn2(PO4)3__TeCl4,0.5645373302299755,0.46920675
KSn2(PO4)3__TeCl4,0.966901705607784,0.8890315
KSn2(PO4)3__TeCl4,0.3725764216591315,0.37748432
KSn2(PO4)3__TeCl4,1.760497321732094,1.6174351
NaP3(PbO3)4__SIO3F,0.3602342306987202,0.43852657
NaP3(PbO3)4__SIO3F,0.2283781129762625,0.30786142
NaP3(PbO3)4__SIO3F,0.3778973694891744,0.39475188
NaP3(PbO3)4__SIO3F,0.6750041392242896,0.79680085
AlP__Na2Zn(GeS3)2,0.7571950377686666,0.75539106
AlP__Na2Zn(GeS3)2,0.1474589349566628,0.048227787
AlP__Na2Zn(GeS3)2,0.4000749816113602,0.4229331
AlP__Na2Zn(GeS3)2,0.8209857707106997,0.7877758
Na3Ca3AlAs4__SnCl2,0.3917136297808472,0.3475189
Na3Ca3AlAs4__SnCl2,1.914275074882483,1.776109
Na3Ca3AlAs4__SnCl2,0.1703322568415902,0.15943979
Na3Ca3AlAs4__SnCl2,0.279232015000228,0.3115088
SbBr5F6__NaP15,0.4395639557708156,0.45288938
SbBr5F6__NaP15,1.6147738884759566,1.5618933
SbBr5F6__NaP15,0.1230235705245526,0.120047756
SbBr5F6__NaP15,1.4877901533613485,1.4328518
Al4CdO7__Te(S2O7)2,0.129791932033632,0.1605204
Al4CdO7__Te(S2O7)2,0.4980877025216382,0.45456785
Al4CdO7__Te(S2O7)2,0.0449016801461779,0.03599624
Al4CdO7__Te(S2O7)2,0.7081137756889978,0.7050197
SnTe3O8__As2Pb3O8,0.8582825481221606,0.60195225
SnTe3O8__As2Pb3O8,0.0539991200434585,-0.033415772
SnTe3O8__As2Pb3O8,0.2019190746591761,0.1310928
SnTe3O8__As2Pb3O8,0.1517022541604299,0.07778725
Cd2AsO4F__Br2O3,0.6119868204341459,0.643679
Cd2AsO4F__Br2O3,0.2084574022802914,0.23004106
Cd2AsO4F__Br2O3,0.3102564631835419,0.29824325
Cd2AsO4F__Br2O3,1.8030107040300627,1.7169559
ZnI2__P2Pb3O8,0.5786150197210632,0.72058
ZnI2__P2Pb3O8,0.2087027771494086,0.1709306
ZnI2__P2Pb3O8,0.1008330629332079,-0.015146225
ZnI2__P2Pb3O8,0.3655784003014283,0.4108344
Zn2AsHO5__HC2N3,0.3606957072156273,0.34558654
Zn2AsHO5__HC2N3,0.7666242762079096,0.7267631
Zn2AsHO5__HC2N3,1.158816155665692,1.0041478
Zn2AsHO5__HC2N3,0.4354457890089081,0.47818786
K10Zn4Sn4S17__Sb9S4F39,0.4482855365882133,0.48526213
K10Zn4Sn4S17__Sb9S4F39,0.1467794158781509,0.19452295
K10Zn4Sn4S17__Sb9S4F39,0.258628690073158,0.2551844
K10Zn4Sn4S17__Sb9S4F39,0.7723416992736883,0.749577
Na2Zn2Si2O7__P2Pb3O8,1.050724150793805,1.1113398
Na2Zn2Si2O7__P2Pb3O8,1.2911320454742423,1.0894891
Na2Zn2Si2O7__P2Pb3O8,1.2661440167246796,1.18179
Na2Zn2Si2O7__P2Pb3O8,0.8522835601344599,0.7425874
CaAlH5__NaLi3(H2N)4,1.4632151950627643,1.5598856
CaAlH5__NaLi3(H2N)4,0.3044710344714205,0.2931376
CaAlH5__NaLi3(H2N)4,0.8501610967046237,0.8349759
CaAlH5__NaLi3(H2N)4,0.7636368671114865,0.91608196
K6ZnSe4__As3Pb5ClO12,0.772995394140878,0.82019025
K6ZnSe4__As3Pb5ClO12,0.4795868396761764,0.45918462
K6ZnSe4__As3Pb5ClO12,0.1189094061792759,0.14523074
K6ZnSe4__As3Pb5ClO12,0.939931511782612,0.93586975
Ca4SiN4__CaGeN2,0.2286125544824276,0.2548473
Ca4SiN4__CaGeN2,0.0702338769552402,0.025788877
Ca4SiN4__CaGeN2,0.4667446004416751,0.3835616
Ca4SiN4__CaGeN2,0.8475098895374005,0.9816687
Ca2Ti3O8__SbAs2Cl13,0.3352838805894328,0.37128267
Ca2Ti3O8__SbAs2Cl13,1.66455608400304,1.6261107
Ca2Ti3O8__SbAs2Cl13,0.1558490729411098,0.20299183
Ca2Ti3O8__SbAs2Cl13,0.5040090459181357,0.43447438
PICl6__Na6Ge2S7,0.891910134414238,0.75509876
PICl6__Na6Ge2S7,1.5122446302530508,1.3138301
PICl6__Na6Ge2S7,0.146986410528574,0.14820291
PICl6__Na6Ge2S7,0.4567035397256272,0.43340802
NaAsSe2__LiTiPO5,1.0260379569354825,1.0111219
NaAsSe2__LiTiPO5,0.2481495904921683,0.2872311
NaAsSe2__LiTiPO5,0.2131165465413835,0.21074888
NaAsSe2__LiTiPO5,0.5789566461586998,0.57726705
KSbS2__BrF3,0.8148021543324057,0.76858306
KSbS2__BrF3,0.5703982481905993,0.6519654
KSbS2__BrF3,0.6310126023991357,0.676962
KSbS2__BrF3,0.8213428012132966,0.89955753
Ca21(Zn2As9)2__NClO3,0.1772749745190245,0.36017075
Ca21(Zn2As9)2__NClO3,0.4572818830167663,0.604104
Ca21(Zn2As9)2__NClO3,0.8459367865568966,0.87895954
Ca21(Zn2As9)2__NClO3,0.5159149414788331,0.5560859
NaInSn2__CdSe2,0.6219293131703545,0.5492131
NaInSn2__CdSe2,0.8751508830256813,0.84327847
NaInSn2__CdSe2,0.1335053106784731,0.20346095
NaInSn2__CdSe2,1.4990727165007909,1.240112
SeBr4__Li5SiP3,0.8012403646340676,0.7274246
SeBr4__Li5SiP3,1.351821468643024,1.1770947
SeBr4__Li5SiP3,0.355552687672084,0.35123682
SeBr4__Li5SiP3,0.3092337065981657,0.27278805
K6ZnSe4__CaTiN2,0.1535256500509287,0.14019476
K6ZnSe4__CaTiN2,0.0654477508309612,-0.0024564872
K6ZnSe4__CaTiN2,0.037242159179996,-0.032743424
K6ZnSe4__CaTiN2,0.0613493463600925,0.025233334
In2(PS3)3__TiPCl9,1.1858326705309927,1.018349
In2(PS3)3__TiPCl9,0.7279668006598227,0.7020186
In2(PS3)3__TiPCl9,0.0705428960377639,0.08462725
In2(PS3)3__TiPCl9,0.2991695372829723,0.35342854
K4PbO4__LiAlSe2,0.1525238220961553,0.16313073
K4PbO4__LiAlSe2,0.64012826638089,0.65768594
K4PbO4__LiAlSe2,0.2542494856433157,0.2299781
K4PbO4__LiAlSe2,1.705138152105903,1.3956372
In3SnI5__Na2Se2O7,0.2395528986665805,0.21538663
In3SnI5__Na2Se2O7,0.3738660976064711,0.35301045
In3SnI5__Na2Se2O7,0.4178142076625979,0.35036787
In3SnI5__Na2Se2O7,0.1042325822888078,0.0860374
K6Sn3As5__TiGeS3,0.5495935293107852,0.43527022
K6Sn3As5__TiGeS3,0.2153733700979887,0.18911354
K6Sn3As5__TiGeS3,0.3274901836063641,0.319502
K6Sn3As5__TiGeS3,0.1704831916706226,0.17953698
Na3PS4__K3SbTe3,0.8150481749466013,0.76745665
Na3PS4__K3SbTe3,1.0724324187155212,1.0608319
Na3PS4__K3SbTe3,0.2055110002294668,0.22729336
Na3PS4__K3SbTe3,0.3086511982105187,0.3054335
Ca3(SiP2)2__K2Ge2S5,0.5854031442411993,0.5712906
Ca3(SiP2)2__K2Ge2S5,1.43488400399834,1.4026281
Ca3(SiP2)2__K2Ge2S5,1.439567828356727,1.3235656
Ca3(SiP2)2__K2Ge2S5,1.030840005346337,1.0030583
NaSbTe2__LiTiAsO5,0.0849624460421983,0.084492005
NaSbTe2__LiTiAsO5,1.5886910754994144,1.5781888
NaSbTe2__LiTiAsO5,0.5611785723457476,0.5574682
NaSbTe2__LiTiAsO5,0.1533637603104739,0.19858077
K3SbO4__Na2GeO3,0.1525789964089763,0.11427497
K3SbO4__Na2GeO3,0.4559035608061027,0.38640255
K3SbO4__Na2GeO3,0.1311407409171305,0.12957823
K3SbO4__Na2GeO3,0.3907302360899676,0.3199166
Sb2BrF15__GaTeI7,0.2022953100173052,0.23106879
Sb2BrF15__GaTeI7,0.7646244830448735,0.7765478
Sb2BrF15__GaTeI7,0.2861096699832741,0.31901112
Sb2BrF15__GaTeI7,0.1940051758044288,0.24214014
K2Ga2As3__K4PbO4,0.3871080962528099,0.4840526
K2Ga2As3__K4PbO4,0.5657290252556978,0.6119264
K2Ga2As3__K4PbO4,0.5924878658434611,0.68184423
K2Ga2As3__K4PbO4,0.473607729806201,0.46999773
KInO2__KIn(TeO3)2,0.1250853697460339,0.15003178
KInO2__KIn(TeO3)2,0.5352065675209237,0.49165285
KInO2__KIn(TeO3)2,0.4700211004200887,0.42590567
KInO2__KIn(TeO3)2,0.4498160888083765,0.44904813
Li2TeS3__Na2Sb4O7,0.2528176797453229,0.24086386
Li2TeS3__Na2Sb4O7,1.1287728053062205,1.0497481
Li2TeS3__Na2Sb4O7,0.5301367303955724,0.55280125
Li2TeS3__Na2Sb4O7,0.3310074518520418,0.2841421
K2Sn2O3__Li2Ti6Zn3O16,0.5501003515326173,0.52220225
K2Sn2O3__Li2Ti6Zn3O16,0.335519702531928,0.3914668
K2Sn2O3__Li2Ti6Zn3O16,0.2855927615012493,0.35160947
K2Sn2O3__Li2Ti6Zn3O16,0.2660832665421765,0.2929645
KZnSb__Na2CaTi2(GeO4)3,1.2804439316639924,1.4069124
KZnSb__Na2CaTi2(GeO4)3,0.1254878172485707,0.13848825
KZnSb__Na2CaTi2(GeO4)3,0.7309532222076414,0.7706081
KZnSb__Na2CaTi2(GeO4)3,0.1472422875475282,0.2404535
Zn(SbO3)2__KSi5N7,0.3208475464095475,0.35248014
Zn(SbO3)2__KSi5N7,0.7032311565028241,0.6756808
Zn(SbO3)2__KSi5N7,0.9326448568899574,0.8382772
Zn(SbO3)2__KSi5N7,1.648180800707617,1.779541
P7Pb__Na6S2O9,0.4487686807708257,0.50767237
P7Pb__Na6S2O9,0.3843340534687289,0.5070763
P7Pb__Na6S2O9,0.1900195365095787,0.2627371
P7Pb__Na6S2O9,0.76590355587991,0.6457193
Na6GaAs3__KSnPO5,1.7202613969648537,1.5208054
Na6GaAs3__KSnPO5,1.357879031642022,1.2306415
Na6GaAs3__KSnPO5,0.3003797945247505,0.35026595
Na6GaAs3__KSnPO5,1.2956334438129369,1.2429149
IO2F__K2LiAlH6,0.5733732775324676,0.5702947
IO2F__K2LiAlH6,1.0308416883598317,0.9759028
IO2F__K2LiAlH6,0.6651790337431053,0.6042058
IO2F__K2LiAlH6,0.7955218579255362,0.73609674
BrNO3__Ca2As2O7,0.8857302905633518,0.8446122
BrNO3__Ca2As2O7,0.412087244648829,0.38394487
BrNO3__Ca2As2O7,0.5129846853362788,0.49208632
BrNO3__Ca2As2O7,0.5826591079110037,0.51126856
SbSI__Sb2IBr2F11,1.1875980390226195,1.1469756
SbSI__Sb2IBr2F11,0.1405047853616519,0.13033159
SbSI__Sb2IBr2F11,1.0296351824698478,1.0764786
SbSI__Sb2IBr2F11,0.3836273346542888,0.39385706
Li3SbS4__K2SbCl5,0.3995298454159404,0.31929618
Li3SbS4__K2SbCl5,0.2661658489404807,0.21862043
Li3SbS4__K2SbCl5,0.1583765351000236,0.06010022
Li3SbS4__K2SbCl5,0.7864660139595309,0.6917316
Na5SnP3__K2Li3GaO4,0.9048782278934518,0.9101793
Na5SnP3__K2Li3GaO4,0.1758590762553803,0.21462521
Na5SnP3__K2Li3GaO4,0.6891780314384605,0.693913
Na5SnP3__K2Li3GaO4,0.9333164535139042,0.9453065
SnO2__Al6Cd4SO12,1.6109415805084706,1.3414938
SnO2__Al6Cd4SO12,0.5388210279826715,0.562227
SnO2__Al6Cd4SO12,0.1082891347394364,0.10966064
SnO2__Al6Cd4SO12,0.6345508380219149,0.57730436
Na4Ge2PbS6__SbCl5,1.6268431126343443,1.5930005
Na4Ge2PbS6__SbCl5,0.373435476997842,0.30628252
Na4Ge2PbS6__SbCl5,0.5663365785289657,0.478417
Na4Ge2PbS6__SbCl5,0.6168033534254578,0.49445128
HI3__LiInI4,0.3158654595109268,0.29325297
HI3__LiInI4,0.0947522778701101,0.10289643
HI3__LiInI4,0.8579264115283763,0.84426755
HI3__LiInI4,0.3294582851623043,0.38372675
KSbO3__K2Zn(GeO3)2,0.316879323430609,0.54712707
KSbO3__K2Zn(GeO3)2,0.3076029735149707,0.5115538
KSbO3__K2Zn(GeO3)2,0.2892312515342727,0.5507242
KSbO3__K2Zn(GeO3)2,0.4744336871160846,0.9360134
Ca2Ge__P3HT,1.247236229818392,1.0347438
Ca2Ge__P3HT,2.688218662561085,2.2620568
Ca2Ge__P3HT,0.7991200966813271,0.76486814
Ca2Ge__P3HT,0.6405942180671733,0.59231514
K4Ti3S14__K2In2P3Se10,0.0679755197683754,0.042116653
K4Ti3S14__K2In2P3Se10,0.4732215564010478,0.43351266
K4Ti3S14__K2In2P3Se10,0.8163988317113461,0.74898535
K4Ti3S14__K2In2P3Se10,0.773734870579049,0.8569066
TeS7Cl2__Na2LiAlH6,0.1291404048228795,0.11651309
TeS7Cl2__Na2LiAlH6,0.731174387796157,0.80983454
TeS7Cl2__Na2LiAlH6,0.9617657484266552,0.9341255
TeS7Cl2__Na2LiAlH6,1.4488968074284871,1.3326178
K2Sb4O11__Al2Te3,0.4570171546215603,0.42000815
K2Sb4O11__Al2Te3,1.362055153003013,1.2524803
K2Sb4O11__Al2Te3,1.018814976984863,0.93026644
K2Sb4O11__Al2Te3,0.174697097804448,0.13646601
K4PbO3__SICl7,0.4065026006818966,0.3846224
K4PbO3__SICl7,0.3313958869859007,0.36910057
K4PbO3__SICl7,0.4319942683933967,0.44904822
K4PbO3__SICl7,2.0613502530560592,1.8519799
Na2SnAs2__CaTeO3,1.3048909452129482,1.1838828
Na2SnAs2__CaTeO3,0.0943358220529697,0.09576937
Na2SnAs2__CaTeO3,0.5737288958362636,0.54253316
Na2SnAs2__CaTeO3,0.7924696028295255,0.82001066
Sb2O5__K3Li3TeO6,1.5588668661768303,1.5849909
Sb2O5__K3Li3TeO6,0.7930601850655178,0.71526325
Sb2O5__K3Li3TeO6,2.02528018904478,1.809764
Sb2O5__K3Li3TeO6,0.136959491248419,0.11210037
K2Pb2O3__Ca2PN3,0.237371277365006,0.23962231
K2Pb2O3__Ca2PN3,0.9714791717906536,0.93656266
K2Pb2O3__Ca2PN3,0.233782790418553,0.21563497
K2Pb2O3__Ca2PN3,0.4658453926511134,0.41687933
SCl4__NaGa(SeO3)2,0.6862378529342398,0.5344365
SCl4__NaGa(SeO3)2,0.4646796522566573,0.37891206
SCl4__NaGa(SeO3)2,1.6953567105188596,1.288154
SCl4__NaGa(SeO3)2,1.7882254444011874,1.4302224
TeHO3__Cd(GaTe2)2,0.1102817132730857,0.053653974
TeHO3__Cd(GaTe2)2,0.1636400425416025,0.12357158
TeHO3__Cd(GaTe2)2,0.6359947354379931,0.5462801
TeHO3__Cd(GaTe2)2,0.6265422419501944,0.5560729
K2GeSe3__CdPbF6,0.5056219148811393,0.5720525
K2GeSe3__CdPbF6,0.3570791574922372,0.39540678
K2GeSe3__CdPbF6,0.5365731558738763,0.5307993
K2GeSe3__CdPbF6,1.6514367277430992,1.6630737
Pentacene__LiCaAlN2,0.5621792232079779,0.605363
Pentacene__LiCaAlN2,0.3014088792212864,0.27940437
Pentacene__LiCaAlN2,0.3321455825619507,0.29794773
Pentacene__LiCaAlN2,0.1145381778671669,0.09722423
SbBr5F6__Na2In2GeS6,0.8895318445991522,0.8531093
SbBr5F6__Na2In2GeS6,0.1659519228852233,0.18515527
SbBr5F6__Na2In2GeS6,0.1796646859507512,0.17169777
SbBr5F6__Na2In2GeS6,0.1938695340811551,0.20067991
Li3As7(H3N)13__Na2Se2O7,0.446729792048999,0.3390611
Li3As7(H3N)13__Na2Se2O7,1.4005368825424738,1.0750066
Li3As7(H3N)13__Na2Se2O7,0.6641025627742905,0.43443665
Li3As7(H3N)13__Na2Se2O7,0.475485575735814,0.30466422
LiZnN__Ca(AlSe2)2,0.1972357617561339,0.18090352
LiZnN__Ca(AlSe2)2,1.9030473787079405,1.7561494
LiZnN__Ca(AlSe2)2,0.5339888390173233,0.60249156
LiZnN__Ca(AlSe2)2,0.372101605138665,0.39450398
Na5GeP3__K2Zn3O4,0.3146604667386751,0.37534347
Na5GeP3__K2Zn3O4,0.1304714328528214,0.11765344
Na5GeP3__K2Zn3O4,0.0515931488916296,0.046247344
Na5GeP3__K2Zn3O4,0.6278751444697778,0.78471464
Ti(SeO3)2__Sb2S19F12,1.2545603434460129,1.1270689
Ti(SeO3)2__Sb2S19F12,0.0891062558750539,0.119914584
Ti(SeO3)2__Sb2S19F12,0.0872711739552709,0.005889001
Ti(SeO3)2__Sb2S19F12,1.1416499915541007,1.0638208
Li10Sn(PSe6)2__NaInS2,0.1894536395796631,0.22934777
Li10Sn(PSe6)2__NaInS2,0.5045580808863386,0.5186416
Li10Sn(PSe6)2__NaInS2,0.5552073949974872,0.6081762
Li10Sn(PSe6)2__NaInS2,1.055748264033194,0.9682466
K5In3(SiO3)7__SnTe3O8,1.711755257964895,1.5880097
K5In3(SiO3)7__SnTe3O8,0.9634142090174682,0.90538913
K5In3(SiO3)7__SnTe3O8,0.220467478724008,0.26178718
K5In3(SiO3)7__SnTe3O8,0.7744458672621339,0.69405025
LiCa11Sb9__KPSe6,0.526129786729026,0.49761617
LiCa11Sb9__KPSe6,0.2565185065663781,0.2979444
LiCa11Sb9__KPSe6,0.0395581750718951,0.019183768
LiCa11Sb9__KPSe6,0.1695977361447821,0.15799642
PTCDA__TeBrO3F5,0.1969282588664502,0.16208984
PTCDA__TeBrO3F5,1.42186342261746,1.2738214
PTCDA__TeBrO3F5,0.888436950117845,0.7653038
PTCDA__TeBrO3F5,0.1581768334075057,0.12190953
In5S5Br__AlPI8,0.1626672183613011,-0.009853143
In5S5Br__AlPI8,0.543459172504781,0.47366259
In5S5Br__AlPI8,0.2626794782715789,0.18561773
In5S5Br__AlPI8,0.190840912363891,0.04793137
LiSb3O8__TeSe,0.0606739980150217,0.10104335
LiSb3O8__TeSe,0.0675081111227688,0.13179542
LiSb3O8__TeSe,0.0825070508450769,0.12101372
LiSb3O8__TeSe,0.2106230884382853,0.362405
ZnSe2__NaH2N,0.0842097802274576,0.13636486
ZnSe2__NaH2N,0.2507350626828039,0.3850681
ZnSe2__NaH2N,0.8642415120019903,0.8059209
ZnSe2__NaH2N,1.5249775853191414,1.4461347
Na2SnAs2__SnPCl9,0.1472975718500304,0.22002272
Na2SnAs2__SnPCl9,0.8820681857289558,0.9291464
Na2SnAs2__SnPCl9,1.033154690457287,1.0274103
Na2SnAs2__SnPCl9,0.7871769605990749,0.7256731
KGaI4__SbS8Cl3,1.0613726575214542,0.97495836
KGaI4__SbS8Cl3,1.5568259742400683,1.4898422
KGaI4__SbS8Cl3,0.6654350176509575,0.6939567
KGaI4__SbS8Cl3,1.0756604067143474,0.9750362
Si__ZnSe2O5,0.2938983470869174,0.27921382
Si__ZnSe2O5,0.1510810558018046,0.15195233
Si__ZnSe2O5,1.5838163465326969,1.5161967
Si__ZnSe2O5,0.6392974361072915,0.6080076
IBr__K4Ge(PS3)4,1.6924205103533123,1.4073179
IBr__K4Ge(PS3)4,0.4656947727896885,0.35427734
IBr__K4Ge(PS3)4,0.5753833470152891,0.49776202
IBr__K4Ge(PS3)4,0.431242832963456,0.35815397
Li2S__P2Pb3S8,0.4078939953534443,0.4098857
Li2S__P2Pb3S8,0.1037018636318711,0.07005175
Li2S__P2Pb3S8,0.5041909441241378,0.42712086
Li2S__P2Pb3S8,0.3193639199686504,0.24270609
K6Ti2S6O__PbBr2,0.1201332240809635,0.15247552
K6Ti2S6O__PbBr2,0.5016905549284575,0.5395919
K6Ti2S6O__PbBr2,1.0019682419440787,1.0555643
K6Ti2S6O__PbBr2,1.109301386856095,1.0383787
BrF5__K2ZnTe2,0.1872449799134318,0.17614289
BrF5__K2ZnTe2,0.3905937985413716,0.43815395
BrF5__K2ZnTe2,0.1760970763849282,0.21978737
BrF5__K2ZnTe2,0.2172810545392056,0.28589508
Al2PbSe4__SbPO5,0.7939269519461876,0.8133483
Al2PbSe4__SbPO5,0.063324362352236,0.071685575
Al2PbSe4__SbPO5,0.0844915949786486,0.1158459
Al2PbSe4__SbPO5,0.6750563921753499,0.62468696
Na7Al2Sb5__Na6ZnSe4,0.8082366128285974,0.8159902
Na7Al2Sb5__Na6ZnSe4,1.0071263303202476,1.0006711
Na7Al2Sb5__Na6ZnSe4,0.9199123111837276,0.8031522
Na7Al2Sb5__Na6ZnSe4,0.3503349889078859,0.39157414
K3LiGe4__P2H9(CBr)3,0.2565324944562429,0.25628492
K3LiGe4__P2H9(CBr)3,1.9369562213855327,1.766566
K3LiGe4__P2H9(CBr)3,0.1559414925534527,0.21847743
K3LiGe4__P2H9(CBr)3,0.8560684373536284,0.81539136
SnSe__GeSe,0.027878980454167,0.016989078
SnSe__GeSe,0.1519323908616816,0.29749167
SnSe__GeSe,0.1083422648690509,0.2513455
SnSe__GeSe,0.0664695717141206,0.1046096
Ca3GaN3__Na10Zn4O9,0.1329721454356952,0.19853894
Ca3GaN3__Na10Zn4O9,0.3289897628824497,0.30146584
Ca3GaN3__Na10Zn4O9,0.5812630853565335,0.5988223
Ca3GaN3__Na10Zn4O9,0.2681909993261318,0.2803718
GeS2__SbClF8,0.1837205518792389,0.19028005
GeS2__SbClF8,0.1686830541069521,0.18053669
GeS2__SbClF8,0.159873183009182,0.20248017
GeS2__SbClF8,0.2030604760684507,0.20144543
TiSnP2SO12__KSiSbO5,0.4300588016228764,0.3882213
TiSnP2SO12__KSiSbO5,0.4885942469958023,0.37460747
TiSnP2SO12__KSiSbO5,0.0567331317201871,0.008457065
TiSnP2SO12__KSiSbO5,0.421244733094039,0.28907332
Na3TiF8__Sn5O6,0.4834713473191213,0.57459134
Na3TiF8__Sn5O6,0.5049793077292032,0.47413915
Na3TiF8__Sn5O6,0.8728205373695593,0.8926677
Na3TiF8__Sn5O6,0.3592700815448304,0.42450392
In2Si2Pb2O9__H4CSN2,1.0350920238150725,0.9331066
In2Si2Pb2O9__H4CSN2,0.9462950073936096,1.033328
In2Si2Pb2O9__H4CSN2,1.2262306018226214,1.1955194
In2Si2Pb2O9__H4CSN2,1.6947959698124555,1.6890881
K4I2O9__SbBr(OF3)2,0.5820630480885388,0.518475
K4I2O9__SbBr(OF3)2,0.1565717543102796,0.1400233
K4I2O9__SbBr(OF3)2,0.4781304788968915,0.4708373
K4I2O9__SbBr(OF3)2,0.8409168817909445,0.84488106
SnO__K2Ga2As3,0.7860146436253406,0.75660056
SnO__K2Ga2As3,0.4058468147104523,0.40040642
SnO__K2Ga2As3,1.3113200311913675,1.289795
SnO__K2Ga2As3,0.8959087869469176,0.828778
Li2TiO3__Sn(SO4)2,0.709551840387221,0.726569
Li2TiO3__Sn(SO4)2,0.8243523788346033,0.92691624
Li2TiO3__Sn(SO4)2,0.7064661971503658,0.7740446
Li2TiO3__Sn(SO4)2,0.1795494881234341,0.22843708
SbPS4__CdSiP2,0.5347278825961318,0.52709424
SbPS4__CdSiP2,0.8737327054081564,0.85403985
SbPS4__CdSiP2,0.078095013726694,0.056178916
SbPS4__CdSiP2,0.4935723549895017,0.4911407
Na3AsO4__Ca2SnO4,1.223269591069272,1.1776428
Na3AsO4__Ca2SnO4,0.678382768160808,0.66319925
Na3AsO4__Ca2SnO4,0.0551727386947041,0.043787766
Na3AsO4__Ca2SnO4,0.1102853826927735,0.10641087
K4Ti3S14__P4S9,1.511962229842926,1.3741765
K4Ti3S14__P4S9,0.5444410464091276,0.51730245
K4Ti3S14__P4S9,0.5293242463870284,0.57927287
K4Ti3S14__P4S9,0.4094432312428891,0.42077103
Li2CdGeO4__Rubrene,0.4197568410163328,0.5662992
Li2CdGeO4__Rubrene,1.1900222367419415,1.0073355
Li2CdGeO4__Rubrene,0.1777617719012837,0.35603422
Li2CdGeO4__Rubrene,2.949823678588571,2.3817904
Li2CdGeS4__CaSiN2,0.3657625293615877,0.22017369
Li2CdGeS4__CaSiN2,0.4082525224515866,0.2023344
Li2CdGeS4__CaSiN2,0.6202286928711297,0.525267
Li2CdGeS4__CaSiN2,0.1001574260190999,0.030223636
SbCl(OF3)2__Na4Al3Ge3IO12,1.141203000034958,1.1518464
SbCl(OF3)2__Na4Al3Ge3IO12,0.3122827216500404,0.38842058
SbCl(OF3)2__Na4Al3Ge3IO12,0.0398797254198428,0.08885139
SbCl(OF3)2__Na4Al3Ge3IO12,0.5359683905070126,0.5897091
K2Sn2Se5__CaSb10(S3O5)2,1.1951122915156176,1.143834
K2Sn2Se5__CaSb10(S3O5)2,1.072797079259477,1.0581605
K2Sn2Se5__CaSb10(S3O5)2,1.4178475562469472,1.2933766
K2Sn2Se5__CaSb10(S3O5)2,0.3531840184854261,0.4059024
Ca3In2(GeO4)3__K2Zn(H2N)4,0.1390261585244033,0.14292854
Ca3In2(GeO4)3__K2Zn(H2N)4,2.031084967819585,1.9012958
Ca3In2(GeO4)3__K2Zn(H2N)4,0.2339055765604111,0.20595166
Ca3In2(GeO4)3__K2Zn(H2N)4,0.3775298795389349,0.3628518
Sn(SeO3)2__Zn(IO3)2,0.3650931044788271,0.2557212
Sn(SeO3)2__Zn(IO3)2,0.1702013896152363,0.061684825
Sn(SeO3)2__Zn(IO3)2,0.4470477578522979,0.35864896
Sn(SeO3)2__Zn(IO3)2,0.7932579727930388,0.6008995
KSb(PO4)2__Li2Se,1.6341478108277327,1.6634682
KSb(PO4)2__Li2Se,0.1742734971887824,0.22690502
KSb(PO4)2__Li2Se,1.060408987889672,1.1438586
KSb(PO4)2__Li2Se,0.2765416417987658,0.32146868
Li3N__K2O,0.3383018892377343,0.19339107
Li3N__K2O,0.6719861462713884,0.41141817
Li3N__K2O,0.3875479360558147,0.24743663
Li3N__K2O,0.7721072194654226,0.63916534
Sn2SI2__SnTe3O8,0.7644419510217398,0.70727354
Sn2SI2__SnTe3O8,0.4066146338855177,0.3491634
Sn2SI2__SnTe3O8,1.187571439885099,1.109038
Sn2SI2__SnTe3O8,0.2433092159200771,0.21395844
GaSbO4__LiGa5O8,0.1822763194376321,0.22763641
GaSbO4__LiGa5O8,1.175908863008864,1.2347847
GaSbO4__LiGa5O8,0.5200372706818999,0.52976954
GaSbO4__LiGa5O8,0.0957818728303591,0.13608302
SbBr5F6__I2O5,0.5780338162950739,0.5073975
SbBr5F6__I2O5,0.479806730197293,0.44247195
SbBr5F6__I2O5,0.4546562729519269,0.41299194
SbBr5F6__I2O5,0.6940899455886341,0.61237305
K2GaAs2__K2NaGaP2,0.6397683776848402,0.8316611
K2GaAs2__K2NaGaP2,0.2177924145312361,0.22532901
K2GaAs2__K2NaGaP2,0.2341451550810685,0.23163967
K2GaAs2__K2NaGaP2,0.1748576422110448,0.09257
CdIn2O4__Cd2AsHO5,0.5177830938300032,0.39041927
CdIn2O4__Cd2AsHO5,1.161315572016539,1.018945
CdIn2O4__Cd2AsHO5,0.8842564233515474,0.7300471
CdIn2O4__Cd2AsHO5,0.1685958804129187,0.22312635
K2SnO2__SeO2,0.8983956532961855,0.93760526
K2SnO2__SeO2,0.5022733284648078,0.55401945
K2SnO2__SeO2,0.562997712456105,0.5925415
K2SnO2__SeO2,1.8218586371103829,1.6512729
In2(SeO4)3__NaTi2(PO4)3,0.8587613362206385,0.77850866
In2(SeO4)3__NaTi2(PO4)3,0.2277391754504249,0.22170201
In2(SeO4)3__NaTi2(PO4)3,0.8205024858622751,0.6656946
In2(SeO4)3__NaTi2(PO4)3,0.8456384162642134,0.8645991
Na2ZnO2__SnO,0.2146373596960169,0.20278947
Na2ZnO2__SnO,0.636461508087846,0.64033824
Na2ZnO2__SnO,0.1232469411376287,0.11277749
Na2ZnO2__SnO,0.7062915946493526,0.749753
K4ZnAs2__Na2SnO3,0.0840089424301968,0.066627845
K4ZnAs2__Na2SnO3,1.1236353949773548,1.0050646
K4ZnAs2__Na2SnO3,0.8470443029979147,0.7133804
K4ZnAs2__Na2SnO3,0.2465626917177993,0.24719068
NaS__KSi5N7,0.9971798051747748,0.9973119
NaS__KSi5N7,1.0199207961091292,1.1052982
NaS__KSi5N7,1.1045831430258453,1.1113144
NaS__KSi5N7,0.4987490719538584,0.56479305
Ti4S24Cl6O__K5Na(Ti2Se9)3,0.2426571605211577,0.2633302
Ti4S24Cl6O__K5Na(Ti2Se9)3,0.614193670078725,0.566334
Ti4S24Cl6O__K5Na(Ti2Se9)3,0.2689925701104455,0.27647159
Ti4S24Cl6O__K5Na(Ti2Se9)3,0.3059298171800534,0.31759468
Na6ZnSe4__Ca3In2(GeO4)3,1.1048743254499651,0.912169
Na6ZnSe4__Ca3In2(GeO4)3,0.4747939589814791,0.33494383
Na6ZnSe4__Ca3In2(GeO4)3,0.2550658130582767,0.16907528
Na6ZnSe4__Ca3In2(GeO4)3,0.753539342556276,0.5753311
K9InSe7__GaAsO4,0.7844187636492826,0.75452167
K9InSe7__GaAsO4,0.5722393890186478,0.6497233
K9InSe7__GaAsO4,0.5574326908114907,0.5523921
K9InSe7__GaAsO4,1.926452309377316,1.7190913
ZnGeP2__K2Ge(IO3)6,0.403667028671304,0.39406556
ZnGeP2__K2Ge(IO3)6,0.8877438430141016,0.8689431
ZnGeP2__K2Ge(IO3)6,0.6469852580300434,0.6879634
ZnGeP2__K2Ge(IO3)6,0.5023617138678204,0.4744213
KNa7Pb2O7__K3Na2InO4,0.2629728581817233,0.16356048
KNa7Pb2O7__K3Na2InO4,0.7267885817328851,0.5422932
KNa7Pb2O7__K3Na2InO4,0.2595968178654934,0.17219135
KNa7Pb2O7__K3Na2InO4,1.3805905007415185,1.1094726
Cd3(PO4)2__Al(IO3)3,0.3484422621057045,0.26451504
Cd3(PO4)2__Al(IO3)3,0.9803224166663098,0.8800375
Cd3(PO4)2__Al(IO3)3,0.4423832659019357,0.3427954
Cd3(PO4)2__Al(IO3)3,0.0958740679344973,0.034193676
Ca4CN4__KSbO2,0.8190460797535951,0.87903404
Ca4CN4__KSbO2,0.7010736239396784,0.59352756
Ca4CN4__KSbO2,0.0448835997177404,-0.034764398
Ca4CN4__KSbO2,0.065632318952565,0.022315634
K4CdAs2__K5InO4,0.3178342526585631,0.36788937
K4CdAs2__K5InO4,1.2777711084601455,1.1894115
K4CdAs2__K5InO4,0.2512790488189771,0.27286205
K4CdAs2__K5InO4,0.3130852898121294,0.32342896
KZnSb__In6Te10Pb,0.2412061933488515,0.23369606
KZnSb__In6Te10Pb,0.1915777576278188,0.19957876
KZnSb__In6Te10Pb,1.0219091301412035,0.8755039
KZnSb__In6Te10Pb,0.1468870995887737,0.12119465
K2Sb4O11__GeBr4,0.1935582137002323,0.20642088
K2Sb4O11__GeBr4,0.5164279070424684,0.54094416
K2Sb4O11__GeBr4,1.3395846044306052,1.3040764
K2Sb4O11__GeBr4,1.1506927599660772,1.042934
KLiS__AsS,0.3807919305908925,0.43459716
KLiS__AsS,1.2167445819844684,1.2609606
KLiS__AsS,0.0733588574281786,0.06888184
KLiS__AsS,0.4727905339235931,0.48085022
KNaTe__KGaI4,0.8295178613698068,0.75759196
KNaTe__KGaI4,0.1774813644076925,0.123587094
KNaTe__KGaI4,0.4097400369371486,0.34027305
KNaTe__KGaI4,0.0871270875822601,0.06163541
LiInSiO4__AsN(OF3)2,1.926811222148035,1.7877905
LiInSiO4__AsN(OF3)2,0.6864282016744362,0.8155875
LiInSiO4__AsN(OF3)2,1.1103366947005229,0.9208054
LiInSiO4__AsN(OF3)2,0.921223610107716,0.8554393
K2Na3SiP3__CaSnN2,0.1179193070897429,0.076613136
K2Na3SiP3__CaSnN2,0.1465181957645763,0.11465121
K2Na3SiP3__CaSnN2,0.5648826131447302,0.53691983
K2Na3SiP3__CaSnN2,0.3912985002314484,0.33409646
AlI3__TeHO3,0.247248877354625,0.23348604
AlI3__TeHO3,0.3746561220108326,0.35513026
AlI3__TeHO3,1.210961387905839,1.1895646
AlI3__TeHO3,0.6952661493134841,0.60218465
Ca3(GaP2)2__Al2Se3,0.3799483396267806,0.42681244
Ca3(GaP2)2__Al2Se3,0.8975528260997245,0.964796
Ca3(GaP2)2__Al2Se3,0.2964956367359956,0.28257394
Ca3(GaP2)2__Al2Se3,0.6223401572197367,0.60444695
Cd(InTe2)2__Ca4As3,0.0633773935465968,0.05811366
Cd(InTe2)2__Ca4As3,1.5838438904092194,1.6455605
Cd(InTe2)2__Ca4As3,0.8513831462255959,0.8897493
Cd(InTe2)2__Ca4As3,0.7296553826634491,0.87430465
KNaSe__Al2Cd3(GeO4)3,0.9481769246079246,0.95286745
KNaSe__Al2Cd3(GeO4)3,0.328867732630272,0.29455876
KNaSe__Al2Cd3(GeO4)3,0.248458222987151,0.2399617
KNaSe__Al2Cd3(GeO4)3,0.6126625082703218,0.5677624
InSiTe3__SbBr3,1.7128990884899722,1.558657
InSiTe3__SbBr3,1.6362410744516769,1.401281
InSiTe3__SbBr3,0.5174649849769598,0.5211495
InSiTe3__SbBr3,0.4777715857564067,0.46408483
KCdGeAs2__Cd3(PO4)2,1.0862666432356398,1.106916
KCdGeAs2__Cd3(PO4)2,0.1113133620838765,0.111911565
KCdGeAs2__Cd3(PO4)2,0.388978755997342,0.38839105
KCdGeAs2__Cd3(PO4)2,1.5506433072187702,1.3928294
K2Al2Sb3__In2Se3,0.6904968774377527,0.70816624
K2Al2Sb3__In2Se3,0.3609486799045223,0.37115344
K2Al2Sb3__In2Se3,0.5086295359534264,0.5476711
K2Al2Sb3__In2Se3,1.0644612908492994,1.2881241
Li3AsH16(SO2)4__KBrF4,0.2624666987908692,0.37061983
Li3AsH16(SO2)4__KBrF4,0.0705874821947089,0.07311586
Li3AsH16(SO2)4__KBrF4,0.1801092199039498,0.2420988
Li3AsH16(SO2)4__KBrF4,0.2950804567182071,0.29280993
Ca2PI__K2TiCl6,0.8230447844380752,0.61354005
Ca2PI__K2TiCl6,0.1375148463395879,0.09737541
Ca2PI__K2TiCl6,0.3495257455894314,0.3049039
Ca2PI__K2TiCl6,0.0792262270776156,3.3008546e-05
Na6Ge2S7__PICl6,0.0562715817740277,0.037968013
Na6Ge2S7__PICl6,0.6572819760498918,0.7128876
Na6Ge2S7__PICl6,0.7303173779808709,0.7145922
Na6Ge2S7__PICl6,0.3681766672109008,0.37753674
Ca4Sb2O__LiInI4,0.7247977562150516,0.61937374
Ca4Sb2O__LiInI4,0.270885019804942,0.2724393
Ca4Sb2O__LiInI4,0.9588431184999944,0.8861383
Ca4Sb2O__LiInI4,0.660357094064143,0.6037568
K2CdSiO4__GaSeBr7,0.455962606990549,0.44670856
K2CdSiO4__GaSeBr7,0.8212979396506669,0.80735594
K2CdSiO4__GaSeBr7,0.1648927417878573,0.17440075
K2CdSiO4__GaSeBr7,0.4471624789478006,0.46863744
Na2GeSe3__K2Na(H2N)3,0.2488450293738461,0.25096938
Na2GeSe3__K2Na(H2N)3,0.592167679758082,0.59135145
Na2GeSe3__K2Na(H2N)3,0.1427221137452027,0.13246524
Na2GeSe3__K2Na(H2N)3,0.1105767671026375,0.068176426
Na6P4Pb3S16__K2SnCl6,0.7269860238650445,1.6286054
Na6P4Pb3S16__K2SnCl6,0.0435074736339502,0.03701675
Na6P4Pb3S16__K2SnCl6,0.1737214144364572,0.41416514
Na6P4Pb3S16__K2SnCl6,0.4839899816166623,0.8867934
Sb2S3__Na4GeO4,0.4988812663273784,0.5062267
Sb2S3__Na4GeO4,0.2995463010858091,0.25989676
Sb2S3__Na4GeO4,0.1444593915849887,0.16289397
Sb2S3__Na4GeO4,1.084837539411233,0.8884924
CaGaGeH__Sn2S3,0.4584716968849519,0.42327207
CaGaGeH__Sn2S3,0.2144009432510082,0.25820717
CaGaGeH__Sn2S3,0.9925966336404058,0.92271703
CaGaGeH__Sn2S3,0.5754627622325474,0.50396127
NaP__CaTi2(HO3)2,0.8311861228448524,0.71461457
NaP__CaTi2(HO3)2,0.2152791523141596,0.24152105
NaP__CaTi2(HO3)2,1.435265215980175,1.2714152
NaP__CaTi2(HO3)2,1.2677056601595629,1.329865
InBr3__Al2(SeO4)3,0.2918564490253184,0.19033104
InBr3__Al2(SeO4)3,0.4421732588860744,0.41705605
InBr3__Al2(SeO4)3,0.4362342918197841,0.3447611
InBr3__Al2(SeO4)3,0.1468302105382255,0.0771399
Li2ZnGeS4__CBP,1.8592430968170608,1.4558727
Li2ZnGeS4__CBP,0.7655264358939923,0.7455554
Li2ZnGeS4__CBP,0.6527949404142095,0.6563237
Li2ZnGeS4__CBP,0.7413256961806894,0.8154111
K3GeTe3__CaH3NO5,0.2351998739928858,0.21665733
K3GeTe3__CaH3NO5,1.31353227877259,1.1596951
K3GeTe3__CaH3NO5,0.1845560976225628,0.19034284
K3GeTe3__CaH3NO5,1.1122645739145982,1.0180873
Ca3(GeP2)2__SiH17S3N5,0.1323147594260472,0.16503507
Ca3(GeP2)2__SiH17S3N5,0.6485197753531382,0.66383815
Ca3(GeP2)2__SiH17S3N5,0.2483967489021938,0.28565532
Ca3(GeP2)2__SiH17S3N5,0.8925389632225023,0.88580203
K4I2O9__Li2GeN2,0.117922926955801,0.11514619
K4I2O9__Li2GeN2,0.2554414587838248,0.33048126
K4I2O9__Li2GeN2,0.1375850661241598,0.12760893
K4I2O9__Li2GeN2,0.2219461672249874,0.27348045
CdSO4__InPO4,0.1855276297043082,0.23204422
CdSO4__InPO4,0.3724805017332134,0.32328963
CdSO4__InPO4,0.2597457112405518,0.25387818
CdSO4__InPO4,1.0525319585360615,1.0530986
Br2O3__LiGaTe2,0.1262785242373324,0.15782061
Br2O3__LiGaTe2,0.6848108759649633,0.64727783
Br2O3__LiGaTe2,0.3382257032000479,0.36916065
Br2O3__LiGaTe2,0.1188499828841253,0.14357018
NOF__LiTiAsO5,0.3687411805363701,0.3388459
NOF__LiTiAsO5,0.1361953579152138,0.09699976
NOF__LiTiAsO5,0.9368731312269878,0.7613712
NOF__LiTiAsO5,0.4180190055596161,0.35218343
Cd(GaSe2)2__K4SiO4,1.4359144589466124,1.460343
Cd(GaSe2)2__K4SiO4,0.4047880778634007,0.44868398
Cd(GaSe2)2__K4SiO4,0.1073429585000383,0.13269788
Cd(GaSe2)2__K4SiO4,0.9255019245867124,0.87963545
TiI4__Al2ZnSe4,1.2113230169808522,1.0611609
TiI4__Al2ZnSe4,0.3121080128803437,0.24343821
TiI4__Al2ZnSe4,0.2153435552350486,0.20851277
TiI4__Al2ZnSe4,0.3031989139551738,0.27689928
K2Ti2O5__Zn(SbO3)2,0.9734671057023924,0.8869723
K2Ti2O5__Zn(SbO3)2,0.7565531834600271,0.7876964
K2Ti2O5__Zn(SbO3)2,0.466728677108058,0.48794854
K2Ti2O5__Zn(SbO3)2,0.5038001473558871,0.4577586
TeI4__SbH36S4N11,1.1217902552539705,0.9745019
TeI4__SbH36S4N11,0.54409877991769,0.5782592
TeI4__SbH36S4N11,0.0737780486113966,0.019655645
TeI4__SbH36S4N11,0.4985459409687459,0.44565043
ZnSb4H18S7N6__Te2O3F2,0.499298095963854,0.53835917
ZnSb4H18S7N6__Te2O3F2,0.072792880806942,0.04884713
ZnSb4H18S7N6__Te2O3F2,0.7535769931938974,0.90317464
ZnSb4H18S7N6__Te2O3F2,1.3536245759253671,1.5959364
ICl3__GaP,0.3436640377272374,0.3872763
ICl3__GaP,0.9472088356817048,0.981316
ICl3__GaP,0.211541780578571,0.20290197
ICl3__GaP,0.2588354489747195,0.24705696
SiH17S3N5__Na6GaP3,0.8009314231259977,0.7311827
SiH17S3N5__Na6GaP3,1.0520402849570676,1.0496024
SiH17S3N5__Na6GaP3,0.1685857483418667,0.16213991
SiH17S3N5__Na6GaP3,0.1715516286173052,0.16356665
Na2PbO3__K3As11,0.5109734160097643,0.5506672
Na2PbO3__K3As11,0.5135488530624597,0.5198369
Na2PbO3__K3As11,1.217222123011812,1.1940823
Na2PbO3__K3As11,0.1484205844667896,0.16356002
TiSO5__Li4Zn(H2N)6,1.0099173691440777,1.1166487
TiSO5__Li4Zn(H2N)6,0.287427815495715,0.31589052
TiSO5__Li4Zn(H2N)6,0.0716886673401792,-0.0010734118
TiSO5__Li4Zn(H2N)6,0.1933769479280995,0.21479486
Na3SiTe3__SbPO5,0.2005661264611421,0.32040584
Na3SiTe3__SbPO5,0.7809909569300025,0.87534136
Na3SiTe3__SbPO5,0.4545240932273267,0.69424003
Na3SiTe3__SbPO5,0.1925777464009486,0.20060387
KSb(PO4)2__Ca3Ga2(GeO4)3,0.0556553196327572,0.04603817
KSb(PO4)2__Ca3Ga2(GeO4)3,1.0044656436877193,0.84231335
KSb(PO4)2__Ca3Ga2(GeO4)3,0.7496348310036917,0.5892373
KSb(PO4)2__Ca3Ga2(GeO4)3,0.3351640140687802,0.28760496
Ti(SO4)2__Sn2(SO4)3,0.5410658762229185,0.42735806
Ti(SO4)2__Sn2(SO4)3,0.3596050119227928,0.34746632
Ti(SO4)2__Sn2(SO4)3,0.058608145030339,0.03630917
Ti(SO4)2__Sn2(SO4)3,0.5404900810843707,0.38248363
Li7SbN4__Ti5(PO5)4,0.897855322036639,0.85690135
Li7SbN4__Ti5(PO5)4,0.3034706417742701,0.29247528
Li7SbN4__Ti5(PO5)4,0.6321045058950133,0.56632984
Li7SbN4__Ti5(PO5)4,0.9343441932006762,0.7918285
KSb(PSe3)2__KH(IO3)2,1.1170679120640226,0.90566355
KSb(PSe3)2__KH(IO3)2,0.7054781682007385,0.610985
KSb(PSe3)2__KH(IO3)2,1.2599917570602666,1.0834572
KSb(PSe3)2__KH(IO3)2,0.3435903913920782,0.28167072
Ca11InSb9__Ga2PbO4,0.9682490202053272,1.3997408
Ca11InSb9__Ga2PbO4,1.0723312547120252,1.5417056
Ca11InSb9__Ga2PbO4,0.7964555884424271,1.1569158
Ca11InSb9__Ga2PbO4,0.9564846616948548,1.218963
K2Se5__K3AlSe3,0.8781709145078022,0.8461217
K2Se5__K3AlSe3,0.3862487693742489,0.38913634
K2Se5__K3AlSe3,0.9260908427190828,0.8685974
K2Se5__K3AlSe3,0.2711112882642292,0.22893865
NaInS2__CaPS3,0.1348828281742068,0.122791186
NaInS2__CaPS3,0.5905267343642626,0.66074187
NaInS2__CaPS3,0.7189654797811408,0.817269
NaInS2__CaPS3,0.9283092842277698,0.9365205
K2GeTe4__Na3GeSe3,0.8953413889354241,0.74424934
K2GeTe4__Na3GeSe3,0.1538496686150601,0.121434584
K2GeTe4__Na3GeSe3,0.2012366426674505,0.14125901
K2GeTe4__Na3GeSe3,0.4038520108026782,0.3396322
AlP__Zn(GaO2)2,1.124028503858103,0.99414665
AlP__Zn(GaO2)2,0.0536244707249243,0.03613069
AlP__Zn(GaO2)2,0.6444193087161616,0.5376564
AlP__Zn(GaO2)2,0.4591527495226258,0.43394846
Na5InTe4__ICl,0.4230021700072429,0.45307
Na5InTe4__ICl,0.1366225930146378,0.12827736
Na5InTe4__ICl,0.6090460925212228,0.6649345
Na5InTe4__ICl,0.2387064165071215,0.494488
Ga2PbSe4__Ca3CdO4,0.1643339192103258,0.6420697
Ga2PbSe4__Ca3CdO4,0.1079200878666446,0.38204324
Ga2PbSe4__Ca3CdO4,0.0615793008547507,0.12943599
Ga2PbSe4__Ca3CdO4,0.2103243204910188,0.9919749
KIO3__NaCdPO4,0.2440715735204717,0.38614544
KIO3__NaCdPO4,0.2953771059585783,0.30661258
KIO3__NaCdPO4,0.0481436817453984,-0.0034733212
KIO3__NaCdPO4,0.280930922423211,0.41520777
LiCa3As2H__SiI3,1.693149968691488,1.7623945
LiCa3As2H__SiI3,0.2651816579775745,0.2992789
LiCa3As2H__SiI3,1.766673788511007,1.714707
LiCa3As2H__SiI3,0.4763830779348261,0.52047366
K2Sn2Se5__InSb3Pb4O13,0.116577352541543,0.112713344
K2Sn2Se5__InSb3Pb4O13,1.0051363312530808,0.8862188
K2Sn2Se5__InSb3Pb4O13,0.8995298833914458,0.80358815
K2Sn2Se5__InSb3Pb4O13,1.7345317049940496,1.5929354
C__KH2(IO3)3,0.5992124602006195,0.62492687
C__KH2(IO3)3,1.2027688211809464,1.121587
C__KH2(IO3)3,0.1294040237732327,0.14047861
C__KH2(IO3)3,0.7018542194130468,0.6867761
CaHN__AsI3,0.3913876529440394,0.45131508
CaHN__AsI3,0.5509939113455918,0.6272177
CaHN__AsI3,1.4018605106919102,1.5436938
CaHN__AsI3,1.053176024218632,1.1713245
Ca3(GaP2)2__Zn(InSe2)2,0.1983352343911691,0.19151676
Ca3(GaP2)2__Zn(InSe2)2,0.2519741618778345,0.29911909
Ca3(GaP2)2__Zn(InSe2)2,1.2217607554037793,1.1434488
Ca3(GaP2)2__Zn(InSe2)2,0.0666322300265555,0.044709235
ICl3__Na2SnO2,1.9200638486817945,1.8395059
ICl3__Na2SnO2,1.1929654805745606,1.0663173
ICl3__Na2SnO2,0.4696974924528603,0.4048293
ICl3__Na2SnO2,0.4497336768801661,0.39199013
SiSe2__Ca4CN4,0.0892162237260139,0.08547816
SiSe2__Ca4CN4,0.2658046547917542,0.29639235
SiSe2__Ca4CN4,0.1892497305538358,0.2264158
SiSe2__Ca4CN4,0.8248482201480831,0.923674
CaSe__K2CdGeO4,0.7991347214539619,0.81402457
CaSe__K2CdGeO4,0.2862577828997584,0.28609312
CaSe__K2CdGeO4,0.2757762531397924,0.30294898
CaSe__K2CdGeO4,1.4964371230371971,1.3393526
K2Li(H2N)3__NaIn(GeO3)2,0.6541824524336427,0.6336439
K2Li(H2N)3__NaIn(GeO3)2,0.1181877092888283,0.09152861
K2Li(H2N)3__NaIn(GeO3)2,0.1011623200903811,0.061585087
K2Li(H2N)3__NaIn(GeO3)2,0.1878583767034355,0.2255565
K2Ge(IO3)6__Si2H2S3,0.0890333827006666,0.24744514
K2Ge(IO3)6__Si2H2S3,0.5674411199017861,0.7492739
K2Ge(IO3)6__Si2H2S3,0.1420714314360541,0.34749156
K2Ge(IO3)6__Si2H2S3,0.9735639290472596,0.86391413
LiZnP__ZnPbF6,0.1692246112666901,0.1766261
LiZnP__ZnPbF6,0.9067645633411886,0.9549572
LiZnP__ZnPbF6,0.3357659932200736,0.41693437
LiZnP__ZnPbF6,0.1579388379653597,0.18630953
LiCaP__Ca2Al2Sn2O9,0.3842693210939263,0.35763597
LiCaP__Ca2Al2Sn2O9,0.7044187475322182,0.70965147
LiCaP__Ca2Al2Sn2O9,0.4386726785713548,0.44611517
LiCaP__Ca2Al2Sn2O9,0.1646251754203262,0.2261048
K4CdAs2__CaSn(SO4)3,0.2896353321182505,0.28872645
K4CdAs2__CaSn(SO4)3,0.2636426921466917,0.29040748
K4CdAs2__CaSn(SO4)3,0.1613782952377631,0.16958153
K4CdAs2__CaSn(SO4)3,1.3603306684360623,1.1160558
Na8Ga2O7__NClOF4,0.2352407707624033,0.22080973
Na8Ga2O7__NClOF4,0.2125477841258247,0.2257806
Na8Ga2O7__NClOF4,1.477817440729249,1.3288087
Na8Ga2O7__NClOF4,0.7213594862482025,0.6510179
KSnS4__Cd3SiO5,0.6104489087704464,0.7634443
KSnS4__Cd3SiO5,0.8786762400807914,1.1219366
KSnS4__Cd3SiO5,0.2424782710290029,0.3242999
KSnS4__Cd3SiO5,0.0673610986882671,0.07510043
SCl__K3Si6H6N11,1.708939933133241,1.5235763
SCl__K3Si6H6N11,0.2336562336752793,0.19082451
SCl__K3Si6H6N11,0.6542682953575223,0.5732157
SCl__K3Si6H6N11,1.5685938270422644,1.4661328
LiInSiO4__TiI2O7,0.2977459675926499,0.31693533
LiInSiO4__TiI2O7,0.1885274807888708,0.2059205
LiInSiO4__TiI2O7,0.2752312076850617,0.30352485
LiInSiO4__TiI2O7,0.5498741576647117,0.63149846
K3TiCl6__CaAlH5,0.2104223200077921,0.24473703
K3TiCl6__CaAlH5,1.0288200436185948,0.9377142
K3TiCl6__CaAlH5,1.0537346143853143,1.0663978
K3TiCl6__CaAlH5,1.081584732283036,1.0908086
GeS__SnBr2,0.7948091760021668,0.6884858
GeS__SnBr2,0.3927988250243543,0.39961192
GeS__SnBr2,0.7895096898477958,0.7158196
GeS__SnBr2,0.7380845272142387,0.7038322
Na5InS4__Ca3Ga2Si(SnO6)2,0.9670940463780072,0.88643813
Na5InS4__Ca3Ga2Si(SnO6)2,0.3075112814804612,0.24704844
Na5InS4__Ca3Ga2Si(SnO6)2,0.4875559140176464,0.3719879
Na5InS4__Ca3Ga2Si(SnO6)2,0.2124636732547163,0.1969464
CdP14Pb__Sb2Te2O9,0.3536444274366493,0.33737537
CdP14Pb__Sb2Te2O9,0.1475858014677334,0.15628566
CdP14Pb__Sb2Te2O9,0.4455155309997105,0.43173918
CdP14Pb__Sb2Te2O9,0.159619586890731,0.20697705
Na2Si2Se5__K4GeS4,0.2196791839407149,0.13520929
Na2Si2Se5__K4GeS4,0.8657618294946563,0.79063827
Na2Si2Se5__K4GeS4,0.0547175259643496,-0.038331244
Na2Si2Se5__K4GeS4,0.0311255574201906,-0.051589545
Ca(GaSe2)2__KAlSe2,0.0676815018651801,0.03446459
Ca(GaSe2)2__KAlSe2,0.4118559851654558,0.37205496
Ca(GaSe2)2__KAlSe2,0.2949466291668818,0.29710945
Ca(GaSe2)2__KAlSe2,0.3811872993302108,0.36742997
SiAs2__Na4SeO5,0.7879295612939319,1.2061012
SiAs2__Na4SeO5,0.1161787510369235,0.12518252
SiAs2__Na4SeO5,0.2102864190883953,0.25443453
SiAs2__Na4SeO5,0.2252465317471823,0.256615
K2CdO2__Cd2Te2O7,0.3067442606729848,0.33574906
K2CdO2__Cd2Te2O7,0.4508152533860946,0.42348683
K2CdO2__Cd2Te2O7,0.1439220889011039,0.20210718
K2CdO2__Cd2Te2O7,0.2898289043651003,0.26873842
As2Pb8O13__TiCl4,0.1419628818373462,0.255265
As2Pb8O13__TiCl4,0.4950029997519892,0.53788775
As2Pb8O13__TiCl4,1.079811205577063,1.0488017
As2Pb8O13__TiCl4,0.8542419264019765,0.7975356
Ca2BrN__Sn2(SO4)3,0.2627573729701045,0.32970363
Ca2BrN__Sn2(SO4)3,1.0134489585406132,0.9441019
Ca2BrN__Sn2(SO4)3,0.1336712780630123,0.15254469
Ca2BrN__Sn2(SO4)3,1.0391996380967947,1.1335225
Al(TeCl2)2__NaP3(PbO3)4,0.0419653961043878,0.09187656
Al(TeCl2)2__NaP3(PbO3)4,0.2416575661809838,0.43330806
Al(TeCl2)2__NaP3(PbO3)4,0.1693484473859418,0.42665058
Al(TeCl2)2__NaP3(PbO3)4,0.8723938622491167,1.5585228
K3LiGe4__Li2GePbS4,0.0661243454865376,0.025413446
K3LiGe4__Li2GePbS4,0.0790458152061939,0.11604178
K3LiGe4__Li2GePbS4,0.0366610667767096,0.009693526
K3LiGe4__Li2GePbS4,0.0773044953326812,0.05335684
K2Ti2O5__CaGeO3,0.384734227939298,0.2055519
K2Ti2O5__CaGeO3,0.3620385746075477,0.19531016
K2Ti2O5__CaGeO3,0.6466011022007704,0.45474303
K2Ti2O5__CaGeO3,0.8056117745098524,0.6132761
CdSO4__TiSnP2SO12,0.5281100248505363,0.5188023
CdSO4__TiSnP2SO12,0.2460492156749305,0.28063914
CdSO4__TiSnP2SO12,0.5882762586891537,0.57455045
CdSO4__TiSnP2SO12,0.9717834625511442,0.8350005
Te3As2__LiSb3O8,0.2961178092200635,0.24973693
Te3As2__LiSb3O8,0.6543654875074308,0.58437127
Te3As2__LiSb3O8,0.1648192319597994,0.1441784
Te3As2__LiSb3O8,0.1494011863681811,0.10148858
KZnP__Li10Zn4O9,0.1507748133900191,0.1875934
KZnP__Li10Zn4O9,0.753952157057686,0.7900485
KZnP__Li10Zn4O9,0.0808009877132267,0.087250575
KZnP__Li10Zn4O9,0.3574960400352309,0.39914638
K2ZnSe2__KH2(IO3)3,0.4080291209967676,0.400562
K2ZnSe2__KH2(IO3)3,0.184531076359895,0.17528388
K2ZnSe2__KH2(IO3)3,1.5393540777353587,1.4560229
K2ZnSe2__KH2(IO3)3,1.0533435039421708,0.97423834
PbSe2O5__TeO2,0.1778982564376717,0.17229293
PbSe2O5__TeO2,0.6583104861014596,0.77557313
PbSe2O5__TeO2,0.1010026077019335,0.10572288
PbSe2O5__TeO2,0.392789559868934,0.41521043
BrF3__NaCa2IO6,0.7093527802528395,0.68715924
BrF3__NaCa2IO6,0.5622380608058963,0.53165907
BrF3__NaCa2IO6,1.1676429274859426,1.014334
BrF3__NaCa2IO6,1.3418168704364088,1.1825826
PbS__GaP,0.929332532791382,0.85047746
PbS__GaP,0.5288668625408323,0.59478724
PbS__GaP,1.4036292494675378,1.2690524
PbS__GaP,0.4011369911905565,0.38867643
GaN__TePb5O8,0.2662332805482016,0.25689223
GaN__TePb5O8,0.3124544710649673,0.296849
GaN__TePb5O8,0.4213941448026679,0.40240416
GaN__TePb5O8,1.1568482712812524,1.0068285
K10In5Sb9__Na2In2SiS6,0.3621257813260042,0.37438592
K10In5Sb9__Na2In2SiS6,0.9614524769808692,0.93248564
K10In5Sb9__Na2In2SiS6,1.461614673202683,1.3576102
K10In5Sb9__Na2In2SiS6,0.6795161213047716,0.6931815
Li2ZnGeO4__CBP,0.6929175677753011,0.6793998
Li2ZnGeO4__CBP,0.631938489934063,0.7164582
Li2ZnGeO4__CBP,1.1222083581217028,1.0958774
Li2ZnGeO4__CBP,0.1034934303256615,0.23544529
SiAs__Ca(H2N)2,0.1718166099560354,0.14498246
SiAs__Ca(H2N)2,0.2691206513922311,0.20796388
SiAs__Ca(H2N)2,0.3473623067589786,0.33714795
SiAs__Ca(H2N)2,1.360332232942953,1.1884954
K3P11__KF2,1.2735983194419438,1.004153
K3P11__KF2,0.1734724302931374,0.26429713
K3P11__KF2,0.1987317504937435,0.24220788
K3P11__KF2,3.067901192306296,2.3538659
K5Zn4Sn5H4S17N__Cd(InS2)2,0.1088625994605869,0.10502345
K5Zn4Sn5H4S17N__Cd(InS2)2,0.5955807695263186,0.563122
K5Zn4Sn5H4S17N__Cd(InS2)2,0.0684713154196712,0.042966295
K5Zn4Sn5H4S17N__Cd(InS2)2,0.1354838066082548,0.10765993
KP15__K3Li3TeO6,0.079456526437109,0.048583362
KP15__K3Li3TeO6,0.5529556233320451,0.44955397
KP15__K3Li3TeO6,1.2687713252761732,1.2293093
KP15__K3Li3TeO6,0.6295205663681777,0.6095657
Cd(InSe2)2__TePCl9,0.1517192266513151,0.13219328
Cd(InSe2)2__TePCl9,0.3599473808905529,0.3045812
Cd(InSe2)2__TePCl9,0.7594323495165826,0.67871535
Cd(InSe2)2__TePCl9,0.1499589373354251,0.11952803
Na4TiP2O9__KGaI4,0.920095828042236,0.88220954
Na4TiP2O9__KGaI4,0.502801961359679,0.51086205
Na4TiP2O9__KGaI4,1.227350205811136,1.2928759
Na4TiP2O9__KGaI4,1.7466530204258048,1.6843674
Na2TeS3__LiIn(IO3)4,0.2161154272705797,0.11223433
Na2TeS3__LiIn(IO3)4,0.4943391136483894,0.47329685
Na2TeS3__LiIn(IO3)4,0.0870417619342893,0.040849518
Na2TeS3__LiIn(IO3)4,0.9018266218747188,0.90448207
LiZnP__TiSO5,0.5580190736778585,0.5767288
LiZnP__TiSO5,1.8158454040578689,1.7904944
LiZnP__TiSO5,0.1663119459646915,0.22176202
LiZnP__TiSO5,1.044785709614391,0.9960418
Li3As__CdIn2O4,0.247579008343164,0.23034741
Li3As__CdIn2O4,0.4059571099574766,0.3638578
Li3As__CdIn2O4,0.58160402813691,0.6391913
Li3As__CdIn2O4,0.8666527740078606,0.94421643
K14In4O13__Sn3(PO4)2,0.8825376161572402,0.8391162
K14In4O13__Sn3(PO4)2,0.2780291689104296,0.2747305
K14In4O13__Sn3(PO4)2,0.7384308549383183,0.7657636
K14In4O13__Sn3(PO4)2,0.8755151305957375,0.7780026
InSb3F18__NPB,1.8074959786320857,1.4307332
InSb3F18__NPB,1.7096447089459448,1.2792977
InSb3F18__NPB,0.7371110671191025,0.6998447
InSb3F18__NPB,2.537447075141829,2.03935
NaCa2IO6__Na2Ti2Si2O9,0.6748977027447477,0.4412695
NaCa2IO6__Na2Ti2Si2O9,0.4668050332920186,0.37160158
NaCa2IO6__Na2Ti2Si2O9,0.1285164169795627,0.04795205
NaCa2IO6__Na2Ti2Si2O9,0.717526805632303,0.4875292
K3Na2InO4__K3SbSe3,0.9249085458261898,0.9184407
K3Na2InO4__K3SbSe3,0.619792121197222,0.56330925
K3Na2InO4__K3SbSe3,0.2055889791440895,0.1920469
K3Na2InO4__K3SbSe3,0.1390664686992264,0.15324058
Cd(GaSe2)2__Na4TiP2O9,0.3313043469804371,0.3545955
Cd(GaSe2)2__Na4TiP2O9,0.7050388776439442,0.61345595
Cd(GaSe2)2__Na4TiP2O9,0.6601666713077109,0.6748636
Cd(GaSe2)2__Na4TiP2O9,0.9949168308825392,0.87743187
Na5GeP3__SnS,0.0396884053589498,0.08866104
Na5GeP3__SnS,0.0919883522001324,0.22414449
Na5GeP3__SnS,0.8509208412181488,1.8256788
Na5GeP3__SnS,0.1657149820183453,0.37987697
K2PbO2__K4SiO4,0.4846526889635008,0.4306868
K2PbO2__K4SiO4,1.591089599871393,1.376458
K2PbO2__K4SiO4,1.3005582740322386,1.0419046
K2PbO2__K4SiO4,0.1445500668330639,0.12132577
CdTe__Na2S5,0.7929661980657002,0.8381093
CdTe__Na2S5,0.945517411450697,0.9196105
CdTe__Na2S5,0.9792024715303386,1.0225968
CdTe__Na2S5,0.7169570542046072,0.69720674
KGe__K6Se2O9,0.515908188085755,0.5257579
KGe__K6Se2O9,1.5057367805190978,1.4258345
KGe__K6Se2O9,1.4792246869733978,1.3870682
KGe__K6Se2O9,1.330930018957395,1.2796011
In4SnS4__CaGeO3,1.2128553866011549,1.2243501
In4SnS4__CaGeO3,1.3590584440347804,1.2522273
In4SnS4__CaGeO3,0.0394384415050758,0.01526909
In4SnS4__CaGeO3,0.3125441134002262,0.3271607
K2NaInSb2__Na2Zn2O3,0.771642703984495,0.7883252
K2NaInSb2__Na2Zn2O3,0.5499557084023403,0.595262
K2NaInSb2__Na2Zn2O3,0.068281568005843,0.06418785
K2NaInSb2__Na2Zn2O3,0.3258960142703659,0.35676336
Na6GaAs3__Na2TiS2O,0.760543801736709,0.69891244
Na6GaAs3__Na2TiS2O,1.0001917069134645,0.8920175
Na6GaAs3__Na2TiS2O,1.1008993098888258,1.0367259
Na6GaAs3__Na2TiS2O,1.6119792969878697,1.5386335
K2Ge2Se5__AlH3,1.1126563128058238,1.1346291
K2Ge2Se5__AlH3,1.385149116534192,1.3882335
K2Ge2Se5__AlH3,0.2287695530536251,0.21155237
K2Ge2Se5__AlH3,0.9770778827860416,1.015636
P3NCl12__Ga2PbS4,1.0728860736462316,1.100284
P3NCl12__Ga2PbS4,0.2790190594005585,0.2797858
P3NCl12__Ga2PbS4,0.6608755031943854,0.59365124
P3NCl12__Ga2PbS4,0.3611276131320793,0.29099247
InSiTe3__K(GeAs)3,0.3259330571295976,0.2751989
InSiTe3__K(GeAs)3,0.2393683086436605,0.12530018
InSiTe3__K(GeAs)3,0.9705220814976148,1.0039022
InSiTe3__K(GeAs)3,0.7711392614496105,0.7600188
Li2TeO4__Na4As2O7,0.9673141851921622,0.72919244
Li2TeO4__Na4As2O7,0.1409011453097427,0.07772148
Li2TeO4__Na4As2O7,0.5362744872358972,0.38364658
Li2TeO4__Na4As2O7,0.1268589231575861,0.071974754
K2GeTe4__Na2CaSn2(GeO4)3,0.3426407130322298,0.34673098
K2GeTe4__Na2CaSn2(GeO4)3,0.5421524974935764,0.43792626
K2GeTe4__Na2CaSn2(GeO4)3,0.6867890356273585,0.68351215
K2GeTe4__Na2CaSn2(GeO4)3,0.8307883763272584,0.8942102
K6Si2S6O__Na3H5(SeO4)4,0.6416475220750866,0.58997625
K6Si2S6O__Na3H5(SeO4)4,0.542395397607027,0.42841822
K6Si2S6O__Na3H5(SeO4)4,0.9266283093933554,0.7565107
K6Si2S6O__Na3H5(SeO4)4,0.2358229973252223,0.22291644
Zn2(PS3)3__LiTi2(PO4)3,1.279052845271421,1.140862
Zn2(PS3)3__LiTi2(PO4)3,0.9028077884557748,0.78784955
Zn2(PS3)3__LiTi2(PO4)3,1.6433583007575092,1.7475693
Zn2(PS3)3__LiTi2(PO4)3,0.184857580297329,0.20813271
SbCl5__Li2Te,0.1165604147981556,0.15701468
SbCl5__Li2Te,0.0990810158770285,0.09414462
SbCl5__Li2Te,0.8309663919575968,0.8285305
SbCl5__Li2Te,0.9900024178091014,0.9119563
PICl6__K2SbCl5,0.3816222782219297,0.35340443
PICl6__K2SbCl5,1.2222072083604023,0.9344079
PICl6__K2SbCl5,1.2461601677011682,1.05233
PICl6__K2SbCl5,0.5107776290915181,0.40736082
K3SbSe3__Te2O3F2,0.2167950646155602,0.26938027
K3SbSe3__Te2O3F2,0.3390968670053985,0.39902455
K3SbSe3__Te2O3F2,1.2036456331261003,1.2482092
K3SbSe3__Te2O3F2,0.6237984744464267,0.6975251
K2LiGaAs2__Sb2O5,0.2626247964649458,0.3028191
K2LiGaAs2__Sb2O5,0.0493114815973968,0.02025084
K2LiGaAs2__Sb2O5,0.2153511532183916,0.23175152
K2LiGaAs2__Sb2O5,0.1887018648972964,0.22533926
AlI3__NaAlI4,1.2426067330076012,1.021792
AlI3__NaAlI4,0.8985526153334927,0.67669755
AlI3__NaAlI4,0.1064012853224024,0.05648367
AlI3__NaAlI4,1.43176001575046,1.0283278
GeS__NaHO,0.8580044245425212,0.8671494
GeS__NaHO,1.148233555050778,1.0534241
GeS__NaHO,0.3644958611187263,0.44257957
GeS__NaHO,0.1210179036700409,0.12245124
Na2CaTi2(GeO4)3__KCd6P7O24,0.3761729868878279,0.41086146
Na2CaTi2(GeO4)3__KCd6P7O24,0.9090852092076028,0.83375126
Na2CaTi2(GeO4)3__KCd6P7O24,1.2355164609372042,1.116615
Na2CaTi2(GeO4)3__KCd6P7O24,0.3712865279704803,0.34204733
Na3TiF8__HS2IO8,0.1437357942428151,0.18198912
Na3TiF8__HS2IO8,0.656881481521037,0.6717225
Na3TiF8__HS2IO8,0.6008642396574445,0.58313304
Na3TiF8__HS2IO8,1.5028794485672023,1.4534775
K(TeO3)2__Ge(PbS2)2,0.1615189948495697,0.16937315
K(TeO3)2__Ge(PbS2)2,0.9652203873692904,0.9403418
K(TeO3)2__Ge(PbS2)2,0.0316781413485914,-0.01977168
K(TeO3)2__Ge(PbS2)2,1.0155746543583954,0.91608113
Na2TeO4__PSe,1.3341015130284133,1.3043697
Na2TeO4__PSe,0.3803425715868199,0.38811097
Na2TeO4__PSe,0.6669559518246375,0.67700386
Na2TeO4__PSe,0.7141825954764197,0.6943441
K2Zn(SnSe3)2__Al2PbS4,0.126010644372565,0.26644123
K2Zn(SnSe3)2__Al2PbS4,0.1392116158216388,0.2991302
K2Zn(SnSe3)2__Al2PbS4,0.283306320125178,0.7515643
K2Zn(SnSe3)2__Al2PbS4,0.0272744820111677,0.030620046
LiNO3__Ca5(IO6)2,0.3837631649502646,0.36487502
LiNO3__Ca5(IO6)2,0.7644617481962218,0.7683013
LiNO3__Ca5(IO6)2,0.5113167611662852,0.54842114
LiNO3__Ca5(IO6)2,0.9884159491115234,0.7923627
Ca5(IO6)2__K3In(IO3)6,0.6068254075441796,0.3199036
Ca5(IO6)2__K3In(IO3)6,0.8977888772130761,0.49521223
Ca5(IO6)2__K3In(IO3)6,0.8127350618361796,0.39439043
Ca5(IO6)2__K3In(IO3)6,0.4081986626600419,0.21234027
KAlTe2__PTCDA,1.6243249424346446,1.3305079
KAlTe2__PTCDA,0.6511712874395795,0.6617121
KAlTe2__PTCDA,2.58785178144215,2.026025
KAlTe2__PTCDA,2.3329984321003003,1.7296314
K(TeO3)2__ClF5,0.6024665630183976,0.55364925
K(TeO3)2__ClF5,0.43517580954588,0.5806525
K(TeO3)2__ClF5,0.1186080727912494,0.1405279
K(TeO3)2__ClF5,0.9686783539912496,0.9450482
TiP2PbO8__Cd(NO3)2,0.1289987557029522,0.1376021
TiP2PbO8__Cd(NO3)2,1.2512898606488232,1.1808294
TiP2PbO8__Cd(NO3)2,0.1132052893019029,0.16508637
TiP2PbO8__Cd(NO3)2,0.3649424745160246,0.36735547
K3SbO4__NOF,0.6645532856761021,0.75907034
K3SbO4__NOF,0.1927954414150364,0.26975378
K3SbO4__NOF,1.67114535789529,1.6283851
K3SbO4__NOF,0.6786101971390767,0.8850247
K14In4O13__ZnO,0.6924622618494713,0.6821382
K14In4O13__ZnO,0.1002495520756643,0.10760215
K14In4O13__ZnO,0.2434661348085488,0.23477559
K14In4O13__ZnO,0.2076234383918017,0.24041909
LiCaP__NaTi2(AsO4)3,0.2284641436712921,0.23424558
LiCaP__NaTi2(AsO4)3,1.5899341271765652,1.2931876
LiCaP__NaTi2(AsO4)3,0.6758793688919077,0.71085775
LiCaP__NaTi2(AsO4)3,0.3096538482942038,0.32923937
Na4Si2PbSe6__S3(NO7)2,1.3500804583949506,1.281645
Na4Si2PbSe6__S3(NO7)2,0.180418188614134,0.19628254
Na4Si2PbSe6__S3(NO7)2,0.6314174634549494,0.58276325
Na4Si2PbSe6__S3(NO7)2,0.6690308623234992,0.7583029
Li7PSe6__CdI2,0.3137497193352741,0.34226397
Li7PSe6__CdI2,0.3817602947197178,0.3598974
Li7PSe6__CdI2,0.1972202650604603,0.19642128
Li7PSe6__CdI2,0.3069612595808066,0.3009672
K2CdGeO4__Na3In(PO4)2,0.9122053865050886,0.7472309
K2CdGeO4__Na3In(PO4)2,0.6208035165380051,0.5025785
K2CdGeO4__Na3In(PO4)2,0.8723762943344326,0.83349
K2CdGeO4__Na3In(PO4)2,0.6259073734703381,0.52303606
Al(IO3)3__NPB,1.6562576091248489,1.3368796
Al(IO3)3__NPB,2.051931396633882,1.4311911
Al(IO3)3__NPB,0.6824271119311632,0.75784075
Al(IO3)3__NPB,2.730787380525332,2.1196735
As(BrF2)3__KSn2Cl5,0.6651630033213347,0.5649559
As(BrF2)3__KSn2Cl5,0.1433491213627463,0.16535245
As(BrF2)3__KSn2Cl5,0.3787619514202563,0.39570957
As(BrF2)3__KSn2Cl5,0.211501059452932,0.2603502
Ca3PN__Ca3AlN3,0.5256396433365735,0.75098306
Ca3PN__Ca3AlN3,0.5342631511888807,0.72767305
Ca3PN__Ca3AlN3,0.5848421535468893,0.77922213
Ca3PN__Ca3AlN3,0.9009486793942154,1.0758907
K2CdSiO4__KGaO2,0.6521606807480556,0.5059757
K2CdSiO4__KGaO2,0.1715871233735431,0.121322095
K2CdSiO4__KGaO2,0.3253019302099064,0.20425601
K2CdSiO4__KGaO2,1.4387740229955346,1.1726301
CdP14Pb__K4Ti3S14,1.3945985652480557,1.4935902
CdP14Pb__K4Ti3S14,0.7327753115549611,0.77577806
CdP14Pb__K4Ti3S14,0.634897505740538,0.6748965
CdP14Pb__K4Ti3S14,1.0103179059942151,1.0857588
K2NaInAs2__NaSi,0.2148516266284628,0.17463706
K2NaInAs2__NaSi,0.2697099640062314,0.19104393
K2NaInAs2__NaSi,0.5145255462683307,0.4533199
K2NaInAs2__NaSi,0.6332268495054584,0.7019345
GeSe2__NaAsS2,0.279917571334449,0.3172227
GeSe2__NaAsS2,0.9903930163405972,1.0432688
GeSe2__NaAsS2,0.8138244694565607,0.7600426
GeSe2__NaAsS2,0.7318207185825966,0.77830654
Te3As2__Ca3AsCl3,0.3383477260790259,0.37663662
Te3As2__Ca3AsCl3,0.9336532894344106,0.8677661
Te3As2__Ca3AsCl3,0.6709389639757682,0.64110875
Te3As2__Ca3AsCl3,0.5545055086074037,0.56901664
Ca2ZnN2__K6Ge2O7,1.50884568920289,1.4679213
Ca2ZnN2__K6Ge2O7,1.0353977239931973,0.96903014
Ca2ZnN2__K6Ge2O7,0.3889165550835793,0.4018728
Ca2ZnN2__K6Ge2O7,2.2818667458362807,2.043601
K2Se5__Na2SnO2,1.892708978887413,1.6501653
K2Se5__Na2SnO2,1.5114369292879668,1.268283
K2Se5__Na2SnO2,0.8607266800236338,0.70306236
K2Se5__Na2SnO2,0.0980399689142588,0.08414198
NaAs__PbBr2,0.0886111493243472,0.0761262
NaAs__PbBr2,0.3096482743937323,0.34662026
NaAs__PbBr2,0.9898677890534072,0.9656336
NaAs__PbBr2,0.4201150538052126,0.49482974
Ca(ZnP)2__SbI3Cl8,0.4185860226413984,0.4265306
Ca(ZnP)2__SbI3Cl8,1.1102171429841443,1.081959
Ca(ZnP)2__SbI3Cl8,1.1399565163848282,1.095933
Ca(ZnP)2__SbI3Cl8,0.6081543039802364,0.6297203
Li2ZnGeS4__Li2P7(H3N)9,0.2295263341042235,0.2606571
Li2ZnGeS4__Li2P7(H3N)9,0.3992959693774142,0.4224968
Li2ZnGeS4__Li2P7(H3N)9,1.3279311350246894,1.4340006
Li2ZnGeS4__Li2P7(H3N)9,0.3766522136450033,0.41812694
AsClF8__Ca3(SiAs2)2,0.4432752637931361,0.4248874
AsClF8__Ca3(SiAs2)2,0.5220549383111637,0.5478854
AsClF8__Ca3(SiAs2)2,0.1467748014906407,0.15831304
AsClF8__Ca3(SiAs2)2,0.8791969490607697,0.9092639
LiCaGaN2__In3SnI5,0.2739090975873763,0.28426817
LiCaGaN2__In3SnI5,0.7419324087259169,0.7869144
LiCaGaN2__In3SnI5,0.6818862363178988,0.6310762
LiCaGaN2__In3SnI5,0.6204802568184417,0.59952587
K2PS3__NaCdF3,0.1062258744820281,0.12361022
K2PS3__NaCdF3,0.4700374267620224,0.4852335
K2PS3__NaCdF3,0.4622757200727582,0.46960238
K2PS3__NaCdF3,0.8028916320498167,0.73627305
Ga2Te2Cl7__KSb(PSe3)2,0.7146079631853686,0.6816877
Ga2Te2Cl7__KSb(PSe3)2,0.5647045767051158,0.5330234
Ga2Te2Cl7__KSb(PSe3)2,0.0699328912719082,0.07489823
Ga2Te2Cl7__KSb(PSe3)2,1.0978542378795444,1.103495
K4Ge(PSe3)4__Ge(PbS2)2,1.7511091847290232,1.3105787
K4Ge(PSe3)4__Ge(PbS2)2,1.3989685454301035,1.0952775
K4Ge(PSe3)4__Ge(PbS2)2,0.6274582119505596,0.5352166
K4Ge(PSe3)4__Ge(PbS2)2,1.6875376734469147,1.3364075
Cd3(PO4)2__CdH3NO5,0.6472647187248015,0.5440768
Cd3(PO4)2__CdH3NO5,1.5954950500530762,1.0288761
Cd3(PO4)2__CdH3NO5,0.4298765111721374,0.3718125
Cd3(PO4)2__CdH3NO5,0.1181545446395486,0.123208806
AsClOF8__PbBr2,0.2180280458166244,0.21932007
AsClOF8__PbBr2,0.8913406697917351,0.8567826
AsClOF8__PbBr2,2.3153768787002496,2.063562
AsClOF8__PbBr2,1.6088251910313394,1.5094354
CdPS3__K8Ti5P2(O4F11)2,1.2467352919493913,0.9005958
CdPS3__K8Ti5P2(O4F11)2,0.1334307500355828,0.08942784
CdPS3__K8Ti5P2(O4F11)2,0.9847522823193268,0.9217812
CdPS3__K8Ti5P2(O4F11)2,0.2255423350266962,0.15482192
CdSe2__Si,0.5988465171271455,0.68256927
CdSe2__Si,0.3749537093906493,0.4736545
CdSe2__Si,0.2134657938907685,0.29324144
CdSe2__Si,0.1044128480080533,0.11471545
TiZn(SO4)3__ZnCN2,0.3473459076188845,0.3737911
TiZn(SO4)3__ZnCN2,1.602432287644571,1.46149
TiZn(SO4)3__ZnCN2,0.2154571170985565,0.21666823
TiZn(SO4)3__ZnCN2,0.2910327425112703,0.38778394
Zn(GaS2)2__SeCl4,0.1217011709533617,0.11709136
Zn(GaS2)2__SeCl4,0.2017675083309054,0.26044708
Zn(GaS2)2__SeCl4,0.5079185075775817,0.44161183
Zn(GaS2)2__SeCl4,1.8641740333757668,1.6497145
KBrF4__ClF5,1.2924874904526646,1.3258541
KBrF4__ClF5,0.4228045692495548,0.372254
KBrF4__ClF5,1.2480403924846004,1.2683246
KBrF4__ClF5,0.7732860202304268,0.674167
Al2CdTe4__Li4GeS4,0.9038760673821244,0.86766917
Al2CdTe4__Li4GeS4,0.7792714715829067,0.7163143
Al2CdTe4__Li4GeS4,1.06031199401534,0.9562066
Al2CdTe4__Li4GeS4,0.2268438829770007,0.24029703
NaAlSe2__Li2TiTeO6,0.5243321319233953,0.7843265
NaAlSe2__Li2TiTeO6,0.4824591399354836,0.68037313
NaAlSe2__Li2TiTeO6,0.3203759546289857,0.48617083
NaAlSe2__Li2TiTeO6,0.7592377776676041,1.1635685
K3GaO3__PbSe2O5,0.5736696714083211,0.59303045
K3GaO3__PbSe2O5,0.7517432261329404,0.6802122
K3GaO3__PbSe2O5,0.0874633368950732,0.07848868
K3GaO3__PbSe2O5,1.5353555169770423,1.5234598
KGe__AlSCl7,0.7911989147194488,0.79934436
KGe__AlSCl7,0.5449017116416737,0.67947704
KGe__AlSCl7,0.0616452763594723,0.059861124
KGe__AlSCl7,1.1320217943689006,0.9508265
K11Cd2Sb5__K4Sb2O5,1.959100542647881,1.648036
K11Cd2Sb5__K4Sb2O5,1.031804208529344,0.87804157
K11Cd2Sb5__K4Sb2O5,0.4509639717498488,0.44450396
K11Cd2Sb5__K4Sb2O5,1.7175651648333687,1.6251935
Ca3N2__PbO,0.1577509771718933,0.16340421
Ca3N2__PbO,0.4152132296957568,0.367654
Ca3N2__PbO,0.6826308577049396,0.5862814
Ca3N2__PbO,0.7540226828155947,0.731208
NaCl7__InI2,0.5116593363792221,0.4794859
NaCl7__InI2,0.4360771932075072,0.41251191
NaCl7__InI2,0.2363083373957491,0.19509439
NaCl7__InI2,1.2920942980046757,1.1093955
Cd3(PO4)2__K2LiAlH6,1.5624861097726246,1.4502763
Cd3(PO4)2__K2LiAlH6,0.4771745882284595,0.53141695
Cd3(PO4)2__K2LiAlH6,0.5407279759541181,0.53469807
Cd3(PO4)2__K2LiAlH6,0.5670662163684291,0.77149564
KAlTe2__Li3SbO4,0.3862243706015641,0.43915933
KAlTe2__Li3SbO4,0.491315278363631,0.56628644
KAlTe2__Li3SbO4,0.5972167194401733,0.7014475
KAlTe2__Li3SbO4,0.2967415898510093,0.30567035
K2TiO3__Al(IO3)3,0.0999951863837308,0.10151812
K2TiO3__Al(IO3)3,0.4752177505153304,0.51767653
K2TiO3__Al(IO3)3,0.332612063921969,0.38545337
K2TiO3__Al(IO3)3,0.5089928694392435,0.58539724
NaP7__CdF2,1.7940236955678115,1.6820853
NaP7__CdF2,0.9999762976213848,0.98333406
NaP7__CdF2,0.1927778683362205,0.20221093
NaP7__CdF2,1.7835948096073413,1.8866472
K2SiP2__GaSbO4,0.3331389638153167,0.44623083
K2SiP2__GaSbO4,0.4701612736652259,0.51354283
K2SiP2__GaSbO4,0.3809931876347167,0.40371484
K2SiP2__GaSbO4,1.8161743306797653,1.6536747
AlSb__GaS,0.2395910940743194,0.24398907
AlSb__GaS,0.4143111700730519,0.39648107
AlSb__GaS,0.3604438717546663,0.31125095
AlSb__GaS,0.313788515737386,0.25599158
Ca3PCl3__K4SnSe4,0.4338590867658317,0.4572636
Ca3PCl3__K4SnSe4,1.3532768583575487,1.2708687
Ca3PCl3__K4SnSe4,0.1230061637914793,0.12841469
Ca3PCl3__K4SnSe4,0.3361426153556581,0.3382209
KSnS4__CdHOF,0.150089787478239,0.12864321
KSnS4__CdHOF,1.246616882642504,1.1608068
KSnS4__CdHOF,0.7493108624951933,0.8210243
KSnS4__CdHOF,0.8575138879078981,0.98771703
Ca2HN__CaSb10(S3O5)2,0.0904673146943855,0.090093605
Ca2HN__CaSb10(S3O5)2,0.4205314589913666,0.5577569
Ca2HN__CaSb10(S3O5)2,0.449480226152836,0.7045948
Ca2HN__CaSb10(S3O5)2,0.0732585855352527,0.06558646
Na2SnGe2(HO4)2__SbI3,0.0771994239689737,0.07119889
Na2SnGe2(HO4)2__SbI3,0.2026540589568551,0.20596476
Na2SnGe2(HO4)2__SbI3,0.9075914074730006,0.8650337
Na2SnGe2(HO4)2__SbI3,0.0432063079582634,0.014672324
K4Sb2O5__Ga3Sb7(S4Cl7)2,0.0999887886149663,0.11979747
K4Sb2O5__Ga3Sb7(S4Cl7)2,0.661886687451054,0.6813712
K4Sb2O5__Ga3Sb7(S4Cl7)2,1.6402996750701158,1.4910824
K4Sb2O5__Ga3Sb7(S4Cl7)2,0.1464277161689562,0.2203888
Na3SiTe3__Ca3Ga2(GeO4)3,1.4390756588548574,1.2546914
Na3SiTe3__Ca3Ga2(GeO4)3,0.3700030237456597,0.27309507
Na3SiTe3__Ca3Ga2(GeO4)3,0.2365044380916799,0.15236476
Na3SiTe3__Ca3Ga2(GeO4)3,0.8728226665203933,0.5578363
NaCdIn2(PO4)3__Ca3Si2SnO9,0.1622043779877912,0.12851834
NaCdIn2(PO4)3__Ca3Si2SnO9,0.7357574820592073,0.68926525
NaCdIn2(PO4)3__Ca3Si2SnO9,0.4621591373784953,0.3882475
NaCdIn2(PO4)3__Ca3Si2SnO9,0.0780796785628585,-0.012845088
AsSe6IF6__Ca5(IO6)2,0.1396881246293332,0.17678402
AsSe6IF6__Ca5(IO6)2,1.135307284322023,1.1853775
AsSe6IF6__Ca5(IO6)2,0.7488315781731385,0.7644653
AsSe6IF6__Ca5(IO6)2,0.135661821482356,0.16876112
KGaGeO4__NO3,0.4364586407349349,0.45310134
KGaGeO4__NO3,1.8469140923873104,1.6143236
KGaGeO4__NO3,0.3994315946219666,0.37589195
KGaGeO4__NO3,0.5583965799304066,0.61215764
K3SnTe3__CaC2,1.11805722045528,1.1071103
K3SnTe3__CaC2,0.4912332299444226,0.40331665
K3SnTe3__CaC2,0.4114438270286095,0.35468316
K3SnTe3__CaC2,0.3212027865626889,0.25893012
Ga2Se3__SbAsPCl13,0.1554255387538106,0.14983469
Ga2Se3__SbAsPCl13,0.8949397201207474,0.8651511
Ga2Se3__SbAsPCl13,0.4659506886392032,0.47689673
Ga2Se3__SbAsPCl13,0.6058798460061651,0.54112965
Ca3InP3__Pb2SeN2O9,1.5987482134431736,1.5967656
Ca3InP3__Pb2SeN2O9,0.5202397629743519,0.52210575
Ca3InP3__Pb2SeN2O9,1.1026291616676698,0.92738223
Ca3InP3__Pb2SeN2O9,0.1656517349874248,0.14765355
Na3PSe4__KTiPS5,0.050991169737249,0.02719368
Na3PSe4__KTiPS5,0.3174373502951091,0.36975792
Na3PSe4__KTiPS5,0.1043630914693725,0.061377272
Na3PSe4__KTiPS5,0.1387084761912222,0.14093769
K6Sn3As5__AsClOF8,0.2676875777836476,0.2731144
K6Sn3As5__AsClOF8,0.194415339131953,0.30982897
K6Sn3As5__AsClOF8,0.3514541838020986,0.32368547
K6Sn3As5__AsClOF8,0.7084407814034102,0.6782057
TeS7Br2__CdBr2,1.7423537068423072,1.4932374
TeS7Br2__CdBr2,0.880578644449022,0.71786857
TeS7Br2__CdBr2,0.4456226587157544,0.5232976
TeS7Br2__CdBr2,0.704602772807398,0.65727144
P2Pb3O8__ZnH2N2O7,1.0506826096835442,0.8894429
P2Pb3O8__ZnH2N2O7,0.4596243526545855,0.4158345
P2Pb3O8__ZnH2N2O7,0.1848010206255866,0.20775717
P2Pb3O8__ZnH2N2O7,0.3853864627495306,0.3503477
K14In4O13__Zn3S2O9,0.547331400745878,0.55664366
K14In4O13__Zn3S2O9,0.1833091185902698,0.21215154
K14In4O13__Zn3S2O9,0.712260340211791,0.67510885
K14In4O13__Zn3S2O9,1.3686998111592923,1.3346449
Zn(GaSe2)2__K3AsS3,0.3767917721890595,0.36266047
Zn(GaSe2)2__K3AsS3,0.6458130678712796,0.5265242
Zn(GaSe2)2__K3AsS3,1.2595500652928937,1.1429188
Zn(GaSe2)2__K3AsS3,0.1023039409410515,0.0831762
P3NCl12__K3P11,1.163871298548948,1.0394213
P3NCl12__K3P11,0.3395378351595677,0.33925208
P3NCl12__K3P11,0.1748487412632938,0.1713235
P3NCl12__K3P11,0.1573591334566874,0.16049542
NaZnAs__LiCa3Si2N5,0.2779182471042982,0.3002241
NaZnAs__LiCa3Si2N5,0.2078579583917994,0.25662822
NaZnAs__LiCa3Si2N5,0.9478588494804704,1.0985732
NaZnAs__LiCa3Si2N5,0.2247155103475478,0.2292527
GaSeBr7__ClO2,0.5954494256512943,0.4860865
GaSeBr7__ClO2,2.156893112116012,1.8428642
GaSeBr7__ClO2,1.4625032893472067,1.2606544
GaSeBr7__ClO2,0.1974838380731476,0.49935713
LiAl(PS3)2__K2Ti(SiO3)3,0.2392476269882444,0.13908504
LiAl(PS3)2__K2Ti(SiO3)3,0.1292333873252565,0.07504534
LiAl(PS3)2__K2Ti(SiO3)3,0.3885965997281375,0.27005383
LiAl(PS3)2__K2Ti(SiO3)3,0.5118105199286666,0.40061086
Na5SnP3__K3In3(PO4)4,0.6336823331560024,0.5754128
Na5SnP3__K3In3(PO4)4,0.5024453273406998,0.45388103
Na5SnP3__K3In3(PO4)4,0.1593542322429866,0.17916773
Na5SnP3__K3In3(PO4)4,0.1591178563529691,0.16293307
NaLiSe__K2Pb3C3O9F2,0.310760171055509,0.33669153
NaLiSe__K2Pb3C3O9F2,0.2173828180355402,0.24335885
NaLiSe__K2Pb3C3O9F2,0.530357059379618,0.55885893
NaLiSe__K2Pb3C3O9F2,1.6025562116424212,1.6886607
K3GaO3__KGaO2,0.6627614088076271,1.3435628
K3GaO3__KGaO2,0.2185611132288338,0.27980196
K3GaO3__KGaO2,0.3530391551820346,0.52941877
K3GaO3__KGaO2,0.0784945291058367,0.08867371
K2Al2Sb3__Na2TeSe3,0.853681415773173,0.84102744
K2Al2Sb3__Na2TeSe3,0.7928847978908552,0.75908375
K2Al2Sb3__Na2TeSe3,0.3363792635402814,0.3238201
K2Al2Sb3__Na2TeSe3,1.367735464694292,1.3438312
Ca21(Zn2As9)2__K3As11,0.2130983066042496,0.14021927
Ca21(Zn2As9)2__K3As11,0.2637207185098422,0.2183564
Ca21(Zn2As9)2__K3As11,0.2309701621221124,0.14523618
Ca21(Zn2As9)2__K3As11,0.0970741394977234,0.03532104
K2GeAs2__Cd4As2Br3,1.7539438948215214,1.5059878
K2GeAs2__Cd4As2Br3,0.3308998800256806,0.31357566
K2GeAs2__Cd4As2Br3,0.467555219837845,0.4301111
K2GeAs2__Cd4As2Br3,0.5055677685651774,0.43087974
Zn3(PO4)2__K3H(SeO4)2,0.1183880859917151,0.07182627
Zn3(PO4)2__K3H(SeO4)2,0.2414774795816107,0.21057963
Zn3(PO4)2__K3H(SeO4)2,0.2014295012294843,0.16525365
Zn3(PO4)2__K3H(SeO4)2,0.6372850740064566,0.5540374
NaS2__Li3PS4,0.5129007689970284,0.38384926
NaS2__Li3PS4,0.8135800732807121,0.68185395
NaS2__Li3PS4,1.2640465376185488,0.9917724
NaS2__Li3PS4,0.703621898281046,0.6029353
CdS__LiH2BrO5,1.637457274560056,1.4124167
CdS__LiH2BrO5,0.8887866443108514,0.71271443
CdS__LiH2BrO5,0.6792223189612356,0.60824066
CdS__LiH2BrO5,0.9507404159716202,0.7968085
Ca3PCl3__Na2Zn2Si2O7,0.2373550538532536,0.2238926
Ca3PCl3__Na2Zn2Si2O7,0.8702324212114823,0.762879
Ca3PCl3__Na2Zn2Si2O7,0.269312129512596,0.2963375
Ca3PCl3__Na2Zn2Si2O7,0.9276748431376188,0.79700935
Sb4H2SO10__K3InP2,0.0804378050567842,0.06654424
Sb4H2SO10__K3InP2,0.1823983958979303,0.19701537
Sb4H2SO10__K3InP2,0.6844535142950166,0.76986563
Sb4H2SO10__K3InP2,0.0843931416032046,0.056983255
NClOF4__As2S3,0.2071003550340551,0.20984486
NClOF4__As2S3,1.829387799893244,1.7570984
NClOF4__As2S3,0.834870950630882,0.83046603
NClOF4__As2S3,0.2987215533325328,0.26645437
KAs2HO6__Al2CdS4,0.2553652440228257,0.30936667
KAs2HO6__Al2CdS4,0.3530121982328995,0.42700666
KAs2HO6__Al2CdS4,0.372267993640322,0.44379193
KAs2HO6__Al2CdS4,0.1482832156820591,0.16017754
K6CdO4__NaNO3,0.0775068560951631,0.08737336
K6CdO4__NaNO3,0.3851724901434165,0.35743794
K6CdO4__NaNO3,1.6638564006420984,1.4571944
K6CdO4__NaNO3,0.7582068215914444,0.67517143
Cd(GaSe2)2__KP15,0.0869178950293462,0.043531783
Cd(GaSe2)2__KP15,0.2364431208731308,0.19782534
Cd(GaSe2)2__KP15,0.7163122026621666,0.61199236
Cd(GaSe2)2__KP15,0.3920883835333202,0.4049804
GaSb3Pb4O13__Li2GePbS4,0.0682449594775707,0.033258617
GaSb3Pb4O13__Li2GePbS4,0.1222244585376242,0.1035632
GaSb3Pb4O13__Li2GePbS4,0.0666913932661484,-0.034651022
GaSb3Pb4O13__Li2GePbS4,0.051838368969929,-0.012362957
Ca2Ge__Zn2AsHO5,0.8827495402144185,0.83980215
Ca2Ge__Zn2AsHO5,0.5268561310742995,0.56983215
Ca2Ge__Zn2AsHO5,0.1815118281203085,0.2328337
Ca2Ge__Zn2AsHO5,0.4787213825692513,0.48778716
Na2In2GeSe6__ZnP2,0.2085375980269151,0.27827612
Na2In2GeSe6__ZnP2,0.368738861228581,0.39466822
Na2In2GeSe6__ZnP2,0.4755853377356316,0.482684
Na2In2GeSe6__ZnP2,0.0749676049616474,0.09941499
Na5SiP3__LiS4,0.5629955655521199,0.5577771
Na5SiP3__LiS4,0.4725078282110572,0.53206986
Na5SiP3__LiS4,2.807023973266345,1.7719063
Na5SiP3__LiS4,2.957541751317931,1.668848
Te(HO)6__K4TiO4,1.078851291669083,0.9108801
Te(HO)6__K4TiO4,0.1299507623232755,0.08783733
Te(HO)6__K4TiO4,0.2359941661828787,0.1971188
Te(HO)6__K4TiO4,1.1554909308465038,1.0655807
KSb5S8__KGaTe2,1.03645588546251,1.0079483
KSb5S8__KGaTe2,0.9195538498908112,0.8365227
KSb5S8__KGaTe2,0.4489307712218198,0.48651507
KSb5S8__KGaTe2,0.4953415637865127,0.56571305
K5SnAs3__Na3P11,0.1800108489281123,0.119439565
K5SnAs3__Na3P11,0.7671518510532979,0.73077196
K5SnAs3__Na3P11,0.2706096797913638,0.24899256
K5SnAs3__Na3P11,0.3334052591405178,0.26567572
Na2Cd(GeS3)2__Na2Zn2S3,0.3961185890868277,0.5251906
Na2Cd(GeS3)2__Na2Zn2S3,0.214078904427538,0.15048406
Na2Cd(GeS3)2__Na2Zn2S3,0.1679719427756856,0.16064483
Na2Cd(GeS3)2__Na2Zn2S3,0.7684589634207994,0.7561257
NaTe3__NO2,3.152843296549949,2.265992
NaTe3__NO2,1.9130311390985824,1.2360795
NaTe3__NO2,0.2900062482686009,0.3805302
NaTe3__NO2,0.0686305100381136,0.10682538
Zn(NO3)2__KTe,1.2006207839647267,1.176377
Zn(NO3)2__KTe,0.7896820803386169,0.8051266
Zn(NO3)2__KTe,0.7394236823860914,0.7487423
Zn(NO3)2__KTe,0.1569763425133422,0.19103259
K4I2O9__Zn4SiTePbO10,0.2766124117137692,0.2504052
K4I2O9__Zn4SiTePbO10,0.1324034163184894,0.1423167
K4I2O9__Zn4SiTePbO10,0.5686338732529179,0.6267225
K4I2O9__Zn4SiTePbO10,0.301461286064317,0.36097792
IF7__Ca2PbO4,0.1218504537002209,0.1325836
IF7__Ca2PbO4,0.1255592320653722,0.14714521
IF7__Ca2PbO4,0.5058629519150752,0.5484912
IF7__Ca2PbO4,0.5552246458847475,0.53068256
SiSe2__Na2GeO3,0.2969103070299849,0.313088
SiSe2__Na2GeO3,0.2899790790979897,0.26298335
SiSe2__Na2GeO3,0.0929229618892949,0.07008954
SiSe2__Na2GeO3,1.4291505899336696,1.5549166
CaS__K5In3(SiO3)7,0.3031073146367048,0.2853149
CaS__K5In3(SiO3)7,1.634347665024542,1.1778265
CaS__K5In3(SiO3)7,0.956596258297023,0.8042618
CaS__K5In3(SiO3)7,0.3340744988109867,0.28165564
K2TiSi3(HO5)2__As2Pb3O8,0.6195204768634412,0.541446
K2TiSi3(HO5)2__As2Pb3O8,0.160538013166535,0.12364381
K2TiSi3(HO5)2__As2Pb3O8,0.7903077467872636,0.7127206
K2TiSi3(HO5)2__As2Pb3O8,0.1679563845325719,0.14654444
Ga2TeSe2__Li2CdSiO4,0.2639577088275711,0.27522117
Ga2TeSe2__Li2CdSiO4,0.9675069084738368,0.81990063
Ga2TeSe2__Li2CdSiO4,0.5048639810349491,0.44881535
Ga2TeSe2__Li2CdSiO4,1.07139343507152,0.94725174
Na2Ti3O7__As3Pb5ClO12,0.8391764461989581,0.8107474
Na2Ti3O7__As3Pb5ClO12,0.0879611709466472,0.089326486
Na2Ti3O7__As3Pb5ClO12,0.3128131327139441,0.28056064
Na2Ti3O7__As3Pb5ClO12,1.1209163779826354,1.1112292
K2In2P3Se10__Ti6CCl14,1.3389068073627617,1.2097728
K2In2P3Se10__Ti6CCl14,0.1581718173774162,0.15343212
K2In2P3Se10__Ti6CCl14,0.1740638560895956,0.15108413
K2In2P3Se10__Ti6CCl14,0.9888321704199772,0.8877024
NaH2N__SO2,2.323095222433328,1.9118915
NaH2N__SO2,2.016253324355143,1.715178
NaH2N__SO2,0.4233444774805103,0.38917553
NaH2N__SO2,0.3315363581941959,0.4084967
InTeO3F__Ca(Ga3Te5)2,0.4016266024504933,0.5208934
InTeO3F__Ca(Ga3Te5)2,0.4237421479147732,0.41278568
InTeO3F__Ca(Ga3Te5)2,1.5027518907859394,1.477712
InTeO3F__Ca(Ga3Te5)2,0.8334351970856271,0.8702174
Al2Cd3(GeO4)3__SCl,0.3652626542210626,0.522914
Al2Cd3(GeO4)3__SCl,1.308471285456306,1.4140897
Al2Cd3(GeO4)3__SCl,1.0727744873740106,1.0326191
Al2Cd3(GeO4)3__SCl,0.7832314262649281,1.0364599
Ti6In2Si2P12O49__Cd2AsHO5,0.2794084395594541,0.25558448
Ti6In2Si2P12O49__Cd2AsHO5,0.8296909392187781,0.75766283
Ti6In2Si2P12O49__Cd2AsHO5,1.9197111708225565,1.7670672
Ti6In2Si2P12O49__Cd2AsHO5,0.4891680425374973,0.45282117
Na5AlO4__Li2CdSiO4,1.4598313103901863,1.1514796
Na5AlO4__Li2CdSiO4,0.0768003541278329,0.08379434
Na5AlO4__Li2CdSiO4,0.3344400803190154,0.34434527
Na5AlO4__Li2CdSiO4,0.2038123740556227,0.18159154
Na4Ge2Te5__K3P11,0.7833117522865931,0.61628073
Na4Ge2Te5__K3P11,0.5384150719497224,0.3608188
Na4Ge2Te5__K3P11,0.104791559810896,0.02989352
Na4Ge2Te5__K3P11,1.2043698439631796,0.8267893
ZnSiPbO4__Ca(SbO3)2,0.7147427623678628,0.71952105
ZnSiPbO4__Ca(SbO3)2,0.1882183121542465,0.17667457
ZnSiPbO4__Ca(SbO3)2,1.2587359344835554,1.2384317
ZnSiPbO4__Ca(SbO3)2,0.9573045070151368,0.8901599
K11Cd2Sb5__K2In2P3Se10,0.1951987596887838,0.2175835
K11Cd2Sb5__K2In2P3Se10,1.6710037232171835,1.4596153
K11Cd2Sb5__K2In2P3Se10,0.570869724671592,0.5638565
K11Cd2Sb5__K2In2P3Se10,0.3567138205861083,0.38638598
Na3AlAs2__SbSBr,0.2057784077161074,0.63058984
Na3AlAs2__SbSBr,0.1588786835646515,0.46598
Na3AlAs2__SbSBr,0.3637744288773389,1.0309032
Na3AlAs2__SbSBr,0.1827508689492403,0.64320785
CaH3NO5__ZnF2,0.2177728539593831,0.20933422
CaH3NO5__ZnF2,0.1753641886636066,0.20627308
CaH3NO5__ZnF2,0.5520339709155493,0.5277852
CaH3NO5__ZnF2,1.0959966641252403,1.1921866
NO3__Sb2IBr2F11,0.2974238290712317,0.22071968
NO3__Sb2IBr2F11,0.0598940348528981,-0.0018146232
NO3__Sb2IBr2F11,0.2444087791953915,0.20386231
NO3__Sb2IBr2F11,1.0106839895283786,0.9559924
K2GaAs2__Li2Te2O5,0.514096514728715,0.45512187
K2GaAs2__Li2Te2O5,0.4724067828162475,0.45000142
K2GaAs2__Li2Te2O5,1.266276756672396,1.0864398
K2GaAs2__Li2Te2O5,0.8757907395416543,0.7161463
K3GeTe3__Li2SnSe3,0.9406223546075996,0.8819763
K3GeTe3__Li2SnSe3,1.3064063249327578,1.1242642
K3GeTe3__Li2SnSe3,0.4366965010078187,0.37387156
K3GeTe3__Li2SnSe3,0.3161323419886162,0.28594738
GaSbO4__Zn3Te2P2(PbO7)2,0.638483179080293,0.78458744
GaSbO4__Zn3Te2P2(PbO7)2,0.8689413928128598,0.85057616
GaSbO4__Zn3Te2P2(PbO7)2,0.1043160327457285,0.123030044
GaSbO4__Zn3Te2P2(PbO7)2,0.4883242695871742,0.48426515
K6Na3AlSb4__Na4CdP2,0.6764835791230146,0.6625555
K6Na3AlSb4__Na4CdP2,0.1384390935821565,0.12365967
K6Na3AlSb4__Na4CdP2,0.740071740857027,0.70277137
K6Na3AlSb4__Na4CdP2,0.0543098241884069,0.043709632
Ga10GePb3O20__K3In3(PO4)4,1.2688334440166755,0.8800486
Ga10GePb3O20__K3In3(PO4)4,0.4984741202578543,0.3616951
Ga10GePb3O20__K3In3(PO4)4,0.7772022805093614,0.53801423
Ga10GePb3O20__K3In3(PO4)4,0.1814062720012744,0.054942667
Na5GaO4__Ca2GeS4,0.1492957179581246,0.15765233
Na5GaO4__Ca2GeS4,0.0580563187751642,-0.0010339671
Na5GaO4__Ca2GeS4,0.0963423557395475,-0.0055731786
Na5GaO4__Ca2GeS4,0.2563231816848835,0.17731936
Na5GeAs3__K6ZnSe4,0.4544419942061791,0.34467143
Na5GeAs3__K6ZnSe4,0.3693518808328815,0.27633223
Na5GeAs3__K6ZnSe4,0.7743584871689982,0.7151101
Na5GeAs3__K6ZnSe4,0.4706005383935506,0.43782312
ClO3__Ti(SO4)2,0.9119648861190802,0.8252239
ClO3__Ti(SO4)2,0.4013421967312849,0.35842952
ClO3__Ti(SO4)2,0.4511822753679897,0.42188162
ClO3__Ti(SO4)2,0.8695826553801559,0.81826407
SCl__LiZnAs,0.2177659302570509,0.2677263
SCl__LiZnAs,0.0544243613726297,0.020067789
SCl__LiZnAs,0.3411443732546506,0.38016677
SCl__LiZnAs,0.0608622001629178,0.0108045135
InTeO3F__ZnCN2,1.1397642929844891,1.2525871
InTeO3F__ZnCN2,0.1612437509770242,0.19529764
InTeO3F__ZnCN2,0.5173803074503418,0.63742
InTeO3F__ZnCN2,0.2420268934631461,0.17091623
K3Ga3As4__KSn2(PO4)3,0.1002790870534215,0.08924873
K3Ga3As4__KSn2(PO4)3,0.1379675032193915,0.15234093
K3Ga3As4__KSn2(PO4)3,0.7194051403279351,0.64708114
K3Ga3As4__KSn2(PO4)3,1.1723804544722374,1.095346
As3Pb5ClO12__H2SeO4,1.3188685679220071,1.2070637
As3Pb5ClO12__H2SeO4,0.3520975374013708,0.5117219
As3Pb5ClO12__H2SeO4,1.555465954811685,1.3382914
As3Pb5ClO12__H2SeO4,1.5929887994197622,1.3958513
Li3Sb__AsS(IF3)2,1.7083223246235577,1.6058015
Li3Sb__AsS(IF3)2,1.1043877033247786,1.0705763
Li3Sb__AsS(IF3)2,0.5173324652294703,0.55163115
Li3Sb__AsS(IF3)2,0.2279798013196111,0.2503199
Cd(GaO2)2__Ga10GePb3O20,1.2430997333332874,1.1381706
Cd(GaO2)2__Ga10GePb3O20,0.2749010586827777,0.2243512
Cd(GaO2)2__Ga10GePb3O20,0.9266955426960848,0.87488765
Cd(GaO2)2__Ga10GePb3O20,0.9019527409343678,0.71884763
In7Cl9__Li2GeTeO6,0.066257272005279,2.2293905e-05
In7Cl9__Li2GeTeO6,0.5586354671335417,0.41507018
In7Cl9__Li2GeTeO6,0.906731794111548,0.7950058
In7Cl9__Li2GeTeO6,0.6802673246959473,0.62974024
SbN(OF3)2__NF2,0.1913081415707597,0.18229724
SbN(OF3)2__NF2,0.1274762274464693,0.17732437
SbN(OF3)2__NF2,0.5354389148505354,0.51641244
SbN(OF3)2__NF2,0.6026169106443546,0.61269253
Na2SnGe2(HO4)2__SbOF,1.177498938108979,0.94067085
Na2SnGe2(HO4)2__SbOF,1.2786106528319614,1.1413548
Na2SnGe2(HO4)2__SbOF,0.4711888628010411,0.38013136
Na2SnGe2(HO4)2__SbOF,0.2781144619145014,0.2629704
K3SnTe3__K6Na3AlSb4,0.1507276636300887,0.20826584
K3SnTe3__K6Na3AlSb4,1.0881637804934965,1.0433333
K3SnTe3__K6Na3AlSb4,0.9937493276046668,0.90266144
K3SnTe3__K6Na3AlSb4,0.8358718490858393,0.80294114
Sb9S4F39__K3As(PSe3)3,0.1097393450847923,0.11500885
Sb9S4F39__K3As(PSe3)3,0.3076236953298112,0.313988
Sb9S4F39__K3As(PSe3)3,1.262928364327664,1.2941538
Sb9S4F39__K3As(PSe3)3,0.8141523148299212,0.74518764
K4SnSe4__CdSe,0.2711549641343896,0.23264238
K4SnSe4__CdSe,0.2558252534184257,0.18424276
K4SnSe4__CdSe,0.0935980883336809,0.016748535
K4SnSe4__CdSe,0.7828100070858764,0.70486695
SnO__Cd4P6SN12,1.201199840640799,1.130739
SnO__Cd4P6SN12,0.2076047280818865,0.1810389
SnO__Cd4P6SN12,0.4839405014293771,0.51239073
SnO__Cd4P6SN12,0.2754725094946338,0.2759668
Na4SnO4__Ti6In2Si2P12O49,0.2488710467653994,0.22860998
Na4SnO4__Ti6In2Si2P12O49,0.2254921264714295,0.20685692
Na4SnO4__Ti6In2Si2P12O49,0.1707014933238871,0.120670766
Na4SnO4__Ti6In2Si2P12O49,0.523238247959781,0.52616817
LiCaP__KPS3,0.6513770367194023,0.70147574
LiCaP__KPS3,0.2875691420306463,0.30918244
LiCaP__KPS3,0.359656663843292,0.39398688
LiCaP__KPS3,0.6415203749046337,0.69474125
Li10Si(PSe6)2__KSnI3,0.984697408143078,0.71044374
Li10Si(PSe6)2__KSnI3,0.119196108383714,0.07193338
Li10Si(PSe6)2__KSnI3,1.0345072565236026,0.8521189
Li10Si(PSe6)2__KSnI3,0.9712789430148498,0.7031025
Ca3CdO4__KNO2,0.5982254651995368,0.6241032
Ca3CdO4__KNO2,0.9496664119178088,0.9354155
Ca3CdO4__KNO2,1.4654564656844489,1.3654965
Ca3CdO4__KNO2,0.4119191348938053,0.3701866
KSi__KInP2S7,0.0305634315174984,0.014979501
KSi__KInP2S7,0.0460781838449063,0.012286395
KSi__KInP2S7,0.1155569140962866,0.1287401
KSi__KInP2S7,1.2952560118039802,1.3922683
TeO3__K4SnO4,1.2007702359853856,1.1508555
TeO3__K4SnO4,1.5713110380029658,1.7495211
TeO3__K4SnO4,0.6533063308675178,0.67611396
TeO3__K4SnO4,1.2876958207173923,1.295603
LiTiAsO5__AsSe6IF6,0.9556386051967484,0.99531096
LiTiAsO5__AsSe6IF6,0.3212610899722883,0.3693279
LiTiAsO5__AsSe6IF6,1.3713771845031677,1.2324493
LiTiAsO5__AsSe6IF6,0.4868219474228797,0.52871215
AlAs__KH2N,0.053290431416367,0.050576665
AlAs__KH2N,0.9717337400201598,1.1075569
AlAs__KH2N,0.751529737808265,0.8816181
AlAs__KH2N,0.4885025272297115,0.44460362
KNaTe__SnBr4,0.4331864869408364,0.49742302
KNaTe__SnBr4,1.1895356739791818,0.9780485
KNaTe__SnBr4,0.5372721383751865,0.4776735
KNaTe__SnBr4,1.2238701558435858,1.1387956
Na4SnTe4__Ca(Ga3Te5)2,1.146741387743072,1.2182595
Na4SnTe4__Ca(Ga3Te5)2,0.580960480346307,0.62150586
Na4SnTe4__Ca(Ga3Te5)2,0.824803674777509,0.9082187
Na4SnTe4__Ca(Ga3Te5)2,0.2952090092269619,0.3100404
Na4TiP2O9__Na2Sb4O7,0.5316826171656317,0.47663286
Na4TiP2O9__Na2Sb4O7,0.2600782104536646,0.23282966
Na4TiP2O9__Na2Sb4O7,0.1267880216542262,0.09846033
Na4TiP2O9__Na2Sb4O7,0.5056893258463977,0.538238
ClO2__SbCl(OF3)2,0.6099421310250516,0.5149712
ClO2__SbCl(OF3)2,0.8089430419085771,0.6498829
ClO2__SbCl(OF3)2,0.1085281709129406,0.050683238
ClO2__SbCl(OF3)2,0.8397485037896301,0.6649136
NaInTe2__Na2Ga2GeS6,0.1279390164745254,0.14003104
NaInTe2__Na2Ga2GeS6,0.5771256275569128,0.58353394
NaInTe2__Na2Ga2GeS6,0.0913888626891495,0.09833233
NaInTe2__Na2Ga2GeS6,2.178974895881356,1.9158982
K6CdO4__Na2TiGeO5,0.54365133947944,0.46039322
K6CdO4__Na2TiGeO5,0.5584314413115148,0.49369404
K6CdO4__Na2TiGeO5,0.1735979032143916,0.14708272
K6CdO4__Na2TiGeO5,0.056115720470422,0.030078799
Ti(NO3)4__Zn(NO3)2,1.3472937253205377,0.9867677
Ti(NO3)4__Zn(NO3)2,1.403946832711063,0.9468287
Ti(NO3)4__Zn(NO3)2,0.2375862648348973,0.23736152
Ti(NO3)4__Zn(NO3)2,1.5396634057613534,1.0890237
Na4CdP2__K2ZnSe2,0.443104253388149,0.47265437
Na4CdP2__K2ZnSe2,0.0873745964600114,0.048971053
Na4CdP2__K2ZnSe2,0.5038141012444237,0.49209577
Na4CdP2__K2ZnSe2,0.4966770839268662,0.4679455
LiIn(CN2)2__K4TiO4,0.253474654942038,0.21156901
LiIn(CN2)2__K4TiO4,0.9407945111881773,0.7462074
LiIn(CN2)2__K4TiO4,0.7364931816459973,0.69779754
LiIn(CN2)2__K4TiO4,0.2534845714265495,0.21395606
Na2CdH4(SeO5)2__PI2,1.364855176723858,1.0472896
Na2CdH4(SeO5)2__PI2,1.1483311179779625,1.1880335
Na2CdH4(SeO5)2__PI2,0.4612614024491134,0.45878047
Na2CdH4(SeO5)2__PI2,0.4402392646268917,0.46504563
KNa4GeAs3__KGaGeO4,0.1693657057159621,0.18936245
KNa4GeAs3__KGaGeO4,0.3871111867012159,0.4146025
KNa4GeAs3__KGaGeO4,1.3996184545203765,1.3541147
KNa4GeAs3__KGaGeO4,0.8673547236846726,0.8402374
K3Al2As3__Na2Cd(GeS3)2,1.0807283199702555,0.9384477
K3Al2As3__Na2Cd(GeS3)2,0.947492476860878,0.91374725
K3Al2As3__Na2Cd(GeS3)2,1.1621794792293143,1.062915
K3Al2As3__Na2Cd(GeS3)2,0.4012920170384375,0.36266676
P2Pb4O9__Cd(NO3)2,0.1162839957111326,0.12733172
P2Pb4O9__Cd(NO3)2,1.8240950512391727,1.5398918
P2Pb4O9__Cd(NO3)2,0.220358837918891,0.19078112
P2Pb4O9__Cd(NO3)2,0.4657139313091661,0.3699402
K3Na2SnAs3__K2Al2Sb3,0.1507117723153672,0.07076869
K3Na2SnAs3__K2Al2Sb3,0.5743842211561933,0.53807515
K3Na2SnAs3__K2Al2Sb3,0.9958914749480317,1.0438527
K3Na2SnAs3__K2Al2Sb3,0.8476522419060689,0.72084767
CdTe__SiP2,1.4282560113796132,1.2943122
CdTe__SiP2,0.2826295067222633,0.3442751
CdTe__SiP2,0.9533823791860186,0.86396414
CdTe__SiP2,0.2239272800898444,0.17482989
SICl7__CdH3NO5,0.7163537704490989,0.62518895
SICl7__CdH3NO5,0.0803158547936104,0.0706468
SICl7__CdH3NO5,1.3297059059425278,1.1317343
SICl7__CdH3NO5,1.8635906210842617,1.5696422
NaCaAs__K2TeSe3,0.639901396295735,0.58769184
NaCaAs__K2TeSe3,0.2305554123734239,0.23453514
NaCaAs__K2TeSe3,0.6037616947868509,0.662799
NaCaAs__K2TeSe3,1.3456404054800493,1.2867619
P2Pb4O9__CaZnAsHO5,0.9033715922196368,0.8542464
P2Pb4O9__CaZnAsHO5,0.1987465212726489,0.20622051
P2Pb4O9__CaZnAsHO5,0.3954615208712543,0.39065355
P2Pb4O9__CaZnAsHO5,0.3031098533830306,0.32493857
In2(PS3)3__K2H6PbO6,0.0973562926547677,0.036717627
In2(PS3)3__K2H6PbO6,0.1189672129153519,0.09143965
In2(PS3)3__K2H6PbO6,0.5785148601069862,0.635661
In2(PS3)3__K2H6PbO6,0.9517291989212328,1.2710811
Na4Ge2Se5__Li2TiO3,0.6119382284501027,0.5239404
Na4Ge2Se5__Li2TiO3,1.2991273628652884,1.2064809
Na4Ge2Se5__Li2TiO3,0.990214516705438,0.93194526
Na4Ge2Se5__Li2TiO3,0.1645331570578732,0.16116332
LiAsSe2__NaAs3H2O9,0.4628357238337328,0.42684975
LiAsSe2__NaAs3H2O9,0.3448599943476264,0.34406102
LiAsSe2__NaAs3H2O9,0.7516209135167428,0.73270094
LiAsSe2__NaAs3H2O9,0.2124111916400141,0.23238015
K2SiAs2__K2TiAl(PO4)3,0.7148496364288619,0.7049427
K2SiAs2__K2TiAl(PO4)3,0.185267580976098,0.20148063
K2SiAs2__K2TiAl(PO4)3,1.5139886168572447,1.4727768
K2SiAs2__K2TiAl(PO4)3,0.1542627961655711,0.17483039
CdS__CdI2,1.3885011800123372,1.282529
CdS__CdI2,0.3071114186507622,0.30983257
CdS__CdI2,0.5277369103439812,0.62639654
CdS__CdI2,0.1797039092670426,0.15426232
Te(HO)6__NaCaAs,1.079602065984059,1.0700456
Te(HO)6__NaCaAs,0.6391967753000477,0.658777
Te(HO)6__NaCaAs,1.624753725352866,1.606539
Te(HO)6__NaCaAs,0.6793890144865404,0.60585487
SbI3__K2ZnH4(I2O7)2,1.2471024067192829,0.9608284
SbI3__K2ZnH4(I2O7)2,0.7586941140588732,0.63268787
SbI3__K2ZnH4(I2O7)2,0.8590521511772639,0.7360834
SbI3__K2ZnH4(I2O7)2,1.703287858035062,1.5776595
Li2P7(H3N)9__NaHS,1.1114972143595525,0.91763854
Li2P7(H3N)9__NaHS,0.1075989601861365,0.09016735
Li2P7(H3N)9__NaHS,0.0869419241986554,0.09233369
Li2P7(H3N)9__NaHS,0.2645803137574348,0.23458703
Na14Cd2O9__Rubrene,2.2464776646760383,1.91619
Na14Cd2O9__Rubrene,1.6565364890307646,1.4721899
Na14Cd2O9__Rubrene,0.4978989246013261,0.45958635
Na14Cd2O9__Rubrene,0.221879213157502,0.38673398
K6Sn2S7__Sn2OF5,0.3683166333821118,0.37818113
K6Sn2S7__Sn2OF5,1.0641861876659215,1.1568408
K6Sn2S7__Sn2OF5,0.0868518844265081,0.08803098
K6Sn2S7__Sn2OF5,1.119234342606356,1.3566476
KSb(PSe3)2__NaTi2(PO4)3,0.1655158968354926,0.1609474
KSb(PSe3)2__NaTi2(PO4)3,0.5188622096716163,0.5070878
KSb(PSe3)2__NaTi2(PO4)3,0.2347679935441534,0.22628063
KSb(PSe3)2__NaTi2(PO4)3,1.0069856478051429,1.011062
Na4SeO5__Al6Cd4TeO12,0.8047220350803391,0.7830336
Na4SeO5__Al6Cd4TeO12,0.4611271635491853,0.3267755
Na4SeO5__Al6Cd4TeO12,0.4401390432857567,0.4115831
Na4SeO5__Al6Cd4TeO12,0.2908858918459623,0.26540115
KAs__Li4SnS4,0.4877225474293705,0.45076558
KAs__Li4SnS4,0.493196587936524,0.542295
KAs__Li4SnS4,0.1312215005494306,0.15449962
KAs__Li4SnS4,0.1499986613252902,0.16066206
Na4SiSe4__Ge4Se9,0.4575254354845823,0.35340723
Na4SiSe4__Ge4Se9,0.1870346918152909,0.16097364
Na4SiSe4__Ge4Se9,0.1759715785664345,0.18033792
Na4SiSe4__Ge4Se9,0.512742041182827,0.47882664
Ca11Sn3C8__Sb6S2O15,0.8894887850819644,0.7552457
Ca11Sn3C8__Sb6S2O15,0.6921064103775831,0.6507942
Ca11Sn3C8__Sb6S2O15,0.5699084242276947,0.617479
Ca11Sn3C8__Sb6S2O15,1.0130341230141018,0.8744047
NaInTe2__PCBM,0.4057763973000109,0.45851383
NaInTe2__PCBM,0.4479787059975725,0.510807
NaInTe2__PCBM,0.4520962427806025,0.45870048
NaInTe2__PCBM,0.7430046295704456,0.7823671
Na2Zn2S3__SeCl4,2.022556524699992,1.757554
Na2Zn2S3__SeCl4,0.2999627053954827,0.32958117
Na2Zn2S3__SeCl4,0.1279032527342707,0.13074005
Na2Zn2S3__SeCl4,0.3683294904939777,0.3943255
Ca6GaN5__Sn2OF5,0.4070558553451399,0.44954595
Ca6GaN5__Sn2OF5,0.288745564873806,0.3468325
Ca6GaN5__Sn2OF5,0.4789646713025027,0.59394354
Ca6GaN5__Sn2OF5,1.0781222272850577,1.2392347
CaHN__K3SbS3,0.2887154961343238,0.33272105
CaHN__K3SbS3,0.609929059503094,0.53822494
CaHN__K3SbS3,1.378036782345581,1.2739768
CaHN__K3SbS3,0.1719386030072653,0.17154032
Pb5SO8__LiPH21S3N7,0.5724411173883631,0.61796
Pb5SO8__LiPH21S3N7,0.2329766267546044,0.19355054
Pb5SO8__LiPH21S3N7,0.2739000759746905,0.2855019
Pb5SO8__LiPH21S3N7,0.922576260383912,1.024997
Na2CdH4(SeO5)2__TiCdO3,0.3012371840199296,0.60753125
Na2CdH4(SeO5)2__TiCdO3,0.1848728090067811,0.24952826
Na2CdH4(SeO5)2__TiCdO3,0.2668020010932317,0.40579188
Na2CdH4(SeO5)2__TiCdO3,0.5376514477035625,0.84569156
PCBM__Li3AsH16(SO2)4,1.5554712128003043,1.5235537
PCBM__Li3AsH16(SO2)4,0.3434286848571311,0.39621717
PCBM__Li3AsH16(SO2)4,0.8913905119465971,0.8264539
PCBM__Li3AsH16(SO2)4,0.3918110957935892,0.4156327
NaAs__Ca(AlSe2)2,0.9948273257423074,1.0596415
NaAs__Ca(AlSe2)2,0.0782742049850094,0.07565772
NaAs__Ca(AlSe2)2,0.875130636773642,0.8503
NaAs__Ca(AlSe2)2,0.3571498440059574,0.40782678
Na2CdO2__TiPbO3,0.4216668608559206,1.0917051
Na2CdO2__TiPbO3,0.1402934458748561,0.27757472
Na2CdO2__TiPbO3,0.2894072244653096,0.7825265
Na2CdO2__TiPbO3,0.0440592516184296,0.073209465
Ca(CdP)2__SBr,1.3087308512087212,1.1829543
Ca(CdP)2__SBr,0.1318160008428965,0.16258602
Ca(CdP)2__SBr,0.5446909151371094,0.5320032
Ca(CdP)2__SBr,0.4336327235630693,0.47603318
Na2ZnH4(SeO5)2__ClF3,1.2589251396312473,1.2235043
Na2ZnH4(SeO5)2__ClF3,0.2177751149970902,0.2760504
Na2ZnH4(SeO5)2__ClF3,0.7626833762404864,0.7984944
Na2ZnH4(SeO5)2__ClF3,0.2361787205107104,0.25926554
Na7Al2Sb5__CdH3NO5,0.5717372151058581,0.4983456
Na7Al2Sb5__CdH3NO5,0.2240178061073175,0.27381235
Na7Al2Sb5__CdH3NO5,0.4056166283633188,0.4652811
Na7Al2Sb5__CdH3NO5,1.4469633323242206,1.3498129
GeAs__PI2,2.4559930817579603,1.9482881
GeAs__PI2,1.5093334497748965,1.1522316
GeAs__PI2,0.8787121374106867,0.8181724
GeAs__PI2,0.6584456446028369,0.74022496
NaInSe2__CaTe2O5,0.2376671509009167,0.26678488
NaInSe2__CaTe2O5,2.062481833217207,1.7926792
NaInSe2__CaTe2O5,0.8635856906844362,0.85932267
NaInSe2__CaTe2O5,0.1772215533372245,0.25032815
Rubrene__PPbS3,0.1449682643559088,0.45910844
Rubrene__PPbS3,0.3847047779473255,1.0596607
Rubrene__PPbS3,0.4837171340315267,1.3259183
Rubrene__PPbS3,0.2739943702708302,0.72473145
K2Sn(S2O7)3__Zn2NCl,0.9300724133831046,1.4128472
K2Sn(S2O7)3__Zn2NCl,1.0664965055044937,1.8473183
K2Sn(S2O7)3__Zn2NCl,0.1666398304965682,0.28685695
K2Sn(S2O7)3__Zn2NCl,0.2810729239216885,0.5319761
Li3P__InBr2,0.2844735018522299,0.25778675
Li3P__InBr2,1.609540414273117,1.5015987
Li3P__InBr2,0.6191097582356134,0.55850357
Li3P__InBr2,0.813391743298235,0.74580044
Al2CdS4__K5As3O10,0.1550693548760529,0.097940244
Al2CdS4__K5As3O10,0.1346420088876593,0.110156216
Al2CdS4__K5As3O10,0.4128514874655178,0.3932901
Al2CdS4__K5As3O10,0.0968964671637064,0.010083393
Na3SiTe3__In2PO5,0.454274895596407,0.48293316
Na3SiTe3__In2PO5,0.1473525310549521,0.1650709
Na3SiTe3__In2PO5,0.2031923269848659,0.23885573
Na3SiTe3__In2PO5,0.2638183728532131,0.27584758
LiSbO3__NaLi3(H2N)4,0.8579413330275159,0.9848046
LiSbO3__NaLi3(H2N)4,0.2232414274072474,0.2793109
LiSbO3__NaLi3(H2N)4,0.630281909441617,0.70068634
LiSbO3__NaLi3(H2N)4,1.094759703242367,1.1478753
LiAlTe2__K3As(PSe3)3,0.673827822701633,0.684241
LiAlTe2__K3As(PSe3)3,0.1014771255013557,0.096831396
LiAlTe2__K3As(PSe3)3,0.4016717996273529,0.4068153
LiAlTe2__K3As(PSe3)3,1.2350772124432987,1.087515
Sb2ClO2F11__GaP2I9,0.4010946976832265,0.39887
Sb2ClO2F11__GaP2I9,0.1483281613389182,0.15343139
Sb2ClO2F11__GaP2I9,0.3238346257108104,0.32329413
Sb2ClO2F11__GaP2I9,1.543129013521505,1.4549127
K2TiS3__TCTA,0.1916126376878315,0.2897611
K2TiS3__TCTA,1.765962972221092,1.356048
K2TiS3__TCTA,1.2708590277332132,1.1491917
K2TiS3__TCTA,0.2056398152110542,0.33510685
GaHO2__GaBr2,0.4184398730432312,0.44508308
GaHO2__GaBr2,0.4189350571949057,0.48326218
GaHO2__GaBr2,0.0945689131777803,0.0718731
GaHO2__GaBr2,1.029097825111856,0.845702
K2Se5__NaAs3(PbO3)4,1.323344203351884,1.2020288
K2Se5__NaAs3(PbO3)4,0.7707858019361945,0.7403747
K2Se5__NaAs3(PbO3)4,0.2342315762824736,0.25251132
K2Se5__NaAs3(PbO3)4,1.638628572799252,1.4262224
Cd2AsO4F__K2ZnSiO4,1.1360579339244146,0.8240241
Cd2AsO4F__K2ZnSiO4,1.5358976072709465,1.2501667
Cd2AsO4F__K2ZnSiO4,0.5218648334434194,0.453563
Cd2AsO4F__K2ZnSiO4,1.442005252011164,1.0744694
CdGeN2__Ga2I3,1.3685518011529356,1.0311159
CdGeN2__Ga2I3,0.5628600828150997,0.48543608
CdGeN2__Ga2I3,1.749764737374911,1.1675041
CdGeN2__Ga2I3,1.3144284148618224,0.9569411
KTiPSe5__Na2LiGaAs2,0.1615681023838618,0.1797577
KTiPSe5__Na2LiGaAs2,0.1389366754626405,0.12561291
KTiPSe5__Na2LiGaAs2,0.4777465833254161,0.5834958
KTiPSe5__Na2LiGaAs2,0.0888853008467624,0.08310245
Ca2Al2Sn2O9__IO2F,0.4395469883219833,0.54007435
Ca2Al2Sn2O9__IO2F,0.1572880252383436,0.20513739
Ca2Al2Sn2O9__IO2F,0.8214102447669759,0.9112498
Ca2Al2Sn2O9__IO2F,0.2851501867846306,0.3041618
TPD__Na5SnAs3,0.3657623372468864,0.3489542
TPD__Na5SnAs3,0.1172625035513677,0.123358585
TPD__Na5SnAs3,1.53461004259458,1.3782123
TPD__Na5SnAs3,0.2751021473736457,0.20994647
Zn3P2__Ca3AsN,0.2831558842150848,0.37179995
Zn3P2__Ca3AsN,0.3005730297074033,0.50248206
Zn3P2__Ca3AsN,0.2255921018844187,0.27300516
Zn3P2__Ca3AsN,0.1877439773745502,0.26553237
CaP__Ga2Te2Br7,0.2805878399046945,0.20140208
CaP__Ga2Te2Br7,1.4401256816493315,1.1518599
CaP__Ga2Te2Br7,0.7056900681608044,0.58861965
CaP__Ga2Te2Br7,0.2446434368446377,0.17430231
K3SbSe4__KGe,0.2580285100873036,0.27355036
K3SbSe4__KGe,0.7074750991815504,0.6905498
K3SbSe4__KGe,0.64764008686223,0.64082026
K3SbSe4__KGe,0.6898866089970844,0.71468115
GaN5O14__SnS2,0.0833728808209555,0.028494455
GaN5O14__SnS2,0.0709337833367967,-0.0068193185
GaN5O14__SnS2,0.2839133102656241,0.2354556
GaN5O14__SnS2,0.4503735310208908,0.45891812
Li2P7(H3N)9__P2Pb4O9,0.1553120309425253,0.16745993
Li2P7(H3N)9__P2Pb4O9,0.7130771970026071,0.62374353
Li2P7(H3N)9__P2Pb4O9,0.1210878351711389,0.0983993
Li2P7(H3N)9__P2Pb4O9,0.1503270717262444,0.13317029
Na2GeTeO6__InCl2,0.2942214296696921,0.18121202
Na2GeTeO6__InCl2,0.7363290407408132,0.5032282
Na2GeTeO6__InCl2,0.4389220709308682,0.25982037
Na2GeTeO6__InCl2,0.8413789220847727,0.6787657
LiInO2__InPS4,0.3861579515647425,0.39843163
LiInO2__InPS4,1.2684557283183953,1.1726284
LiInO2__InPS4,0.4657191257558594,0.493502
LiInO2__InPS4,0.7832113695386012,0.74548316
Ca2SnO4__Cd3(AsO4)2,0.2645534873945009,0.26945245
Ca2SnO4__Cd3(AsO4)2,0.326176128753003,0.28955492
Ca2SnO4__Cd3(AsO4)2,0.8056876852853166,0.7964274
Ca2SnO4__Cd3(AsO4)2,0.54272919181635,0.5295365
NaSe2__Na2In2SiS6,0.83428959949084,0.734861
NaSe2__Na2In2SiS6,0.6368712762836849,0.5613062
NaSe2__Na2In2SiS6,0.9064858879193228,0.91654754
NaSe2__Na2In2SiS6,0.3786748659309675,0.3002508
K3Li3TeO6__TeBrO3F5,1.055637246708538,0.96120965
K3Li3TeO6__TeBrO3F5,1.5779764784209993,1.5418643
K3Li3TeO6__TeBrO3F5,0.0745284502271901,0.066630304
K3Li3TeO6__TeBrO3F5,0.2563759472076622,0.25103053
In2(PS3)3__Sb7Se8F35,0.9448887553653448,0.8867389
In2(PS3)3__Sb7Se8F35,0.103380679047903,0.052545317
In2(PS3)3__Sb7Se8F35,0.0510644726674895,-0.0010518915
In2(PS3)3__Sb7Se8F35,1.016016966407174,0.8126657
Ca2As2O7__GeBr2,0.1580642146970403,0.14148346
Ca2As2O7__GeBr2,0.9417523593199424,0.9143305
Ca2As2O7__GeBr2,0.2805511493835015,0.22881086
Ca2As2O7__GeBr2,1.5934658065841318,1.2696466
KTeP2__AsSe6IF6,0.0656694034914993,0.06530396
KTeP2__AsSe6IF6,0.7130270232970856,0.7094264
KTeP2__AsSe6IF6,1.2187016055653828,1.1821774
KTeP2__AsSe6IF6,0.6013811560963229,0.58517873
Ca3CdO4__NO2,2.328056410850213,1.8253312
Ca3CdO4__NO2,0.1665955316315054,0.27379888
Ca3CdO4__NO2,1.017162140461628,0.9072738
Ca3CdO4__NO2,1.859585859035832,1.2042805
LiInSe2__CaHN,0.5993828680535438,0.6632724
LiInSe2__CaHN,0.3578299236057852,0.39660096
LiInSe2__CaHN,0.2939722895465608,0.35215628
LiInSe2__CaHN,0.4364197727818482,0.5712493
Ca3PN__Na5SiAs3,0.1268587583456394,0.13615575
Ca3PN__Na5SiAs3,0.4138810643489005,0.5156716
Ca3PN__Na5SiAs3,0.7977132233121297,1.0590607
Ca3PN__Na5SiAs3,1.0876607901537838,1.32053
C__Si2H2S3,1.3628342882529874,1.1819913
C__Si2H2S3,0.3087410186637893,0.43344864
C__Si2H2S3,1.7141282847252757,1.45573
C__Si2H2S3,0.2532635835707932,0.4564178
CdSiP2__KZn4(SbO4)3,0.3162284796273931,0.32434073
CdSiP2__KZn4(SbO4)3,0.4031873699777237,0.36758536
CdSiP2__KZn4(SbO4)3,0.541766639847992,0.54036355
CdSiP2__KZn4(SbO4)3,0.2271793488220929,0.17147465
ZnSe__NaAlAsO4F,0.3280263425079886,0.3881548
ZnSe__NaAlAsO4F,0.3291474432577952,0.4138219
ZnSe__NaAlAsO4F,0.040778632298335,0.020729369
ZnSe__NaAlAsO4F,0.7879045420305761,0.83844465
Na2ZnSe2__KSb3O5,0.1782013884842661,0.13626237
Na2ZnSe2__KSb3O5,0.3823663268120572,0.2716704
Na2ZnSe2__KSb3O5,0.6603146493596307,0.54874164
Na2ZnSe2__KSb3O5,1.1104137398473195,0.994473
KSb3O5__LiC,0.3527116686194564,0.46952203
KSb3O5__LiC,0.5548769726740901,0.6950908
KSb3O5__LiC,0.0569150197681393,-0.083186366
KSb3O5__LiC,0.2533106103188584,0.33918083
SbClF8__K3Na2SnAs3,0.2265533339267489,0.29367974
SbClF8__K3Na2SnAs3,1.5029246449771898,1.534138
SbClF8__K3Na2SnAs3,0.1591510884130656,0.20683844
SbClF8__K3Na2SnAs3,0.3614845811056334,0.35302982
S3(NO7)2__NaSe2,0.26167697565268,0.24100418
S3(NO7)2__NaSe2,1.476290361541378,1.3699301
S3(NO7)2__NaSe2,0.9275295835017158,0.93911785
S3(NO7)2__NaSe2,0.4953545716092898,0.52483976
KAsSe2__Zn(NO3)2,0.1240963358110167,0.12230093
KAsSe2__Zn(NO3)2,0.6825663869802523,0.6672202
KAsSe2__Zn(NO3)2,1.2588188886795455,1.1591787
KAsSe2__Zn(NO3)2,0.0986029932646631,0.1113049
Al2PbSe4__Na5Al3H14,0.7084278032630421,0.53691757
Al2PbSe4__Na5Al3H14,0.1092718994017033,0.025669754
Al2PbSe4__Na5Al3H14,0.2355110854240346,0.19141822
Al2PbSe4__Na5Al3H14,0.0395288007229212,-0.006842005
PICl8__TeBrO3F5,1.16081603878538,1.0565953
PICl8__TeBrO3F5,1.2473309333341878,0.9516935
PICl8__TeBrO3F5,1.044674277607912,0.9691512
PICl8__TeBrO3F5,0.2556839478436967,0.2535214
Cd2GeO4__ZnSe,0.6265231467035094,0.9198044
Cd2GeO4__ZnSe,0.0677155502983172,0.046391986
Cd2GeO4__ZnSe,0.1222411387800872,0.090934575
Cd2GeO4__ZnSe,0.2777251169077634,0.33875063
Na2Ti2Se9__KIn(TeO3)2,0.7517931454141823,0.7022118
Na2Ti2Se9__KIn(TeO3)2,1.0138827564672734,0.93405133
Na2Ti2Se9__KIn(TeO3)2,0.7915683802419806,0.8498524
Na2Ti2Se9__KIn(TeO3)2,0.4087304952112959,0.3882741
Ca21(Zn2Sb9)2__ZnSeO4,0.1231297364433429,0.09686024
Ca21(Zn2Sb9)2__ZnSeO4,1.2158072364495467,1.159439
Ca21(Zn2Sb9)2__ZnSeO4,0.1444420799901209,0.15615019
Ca21(Zn2Sb9)2__ZnSeO4,0.7675813110520174,0.6925905
Ge2S3Br2__Ca3Al3N5,0.3454597809010483,0.41420656
Ge2S3Br2__Ca3Al3N5,0.6638384904980463,0.7513519
Ge2S3Br2__Ca3Al3N5,0.357049697969679,0.44144216
Ge2S3Br2__Ca3Al3N5,0.2093761738135013,0.26498258
LiZnSb__Si(PbS2)2,0.4085103260701258,0.41261995
LiZnSb__Si(PbS2)2,0.2181503589618637,0.23509854
LiZnSb__Si(PbS2)2,1.5560747209653591,1.3757002
LiZnSb__Si(PbS2)2,0.9416038359033472,0.851973
LiTi2(PO4)3__ZnI2,1.2945762067539135,1.3072624
LiTi2(PO4)3__ZnI2,0.3261773683520544,0.3018353
LiTi2(PO4)3__ZnI2,0.3612628339692934,0.3536932
LiTi2(PO4)3__ZnI2,0.6544439983184379,0.6155216
KInSnSe4__SiS2,0.4935527926050296,0.52053344
KInSnSe4__SiS2,2.4355441874911707,2.277653
KInSnSe4__SiS2,1.0484694081316976,1.0884013
KInSnSe4__SiS2,0.4117851338166092,0.39967018
GeTe__LiPH21S3N7,1.040966981212133,1.0857921
GeTe__LiPH21S3N7,0.5607643044071133,0.6658257
GeTe__LiPH21S3N7,0.23514388462602,0.24594575
GeTe__LiPH21S3N7,0.4412664861813475,0.4789986
KCO3__Ge19(PBr)4,0.6198711011441475,0.72471994
KCO3__Ge19(PBr)4,0.1629979294599903,0.16519965
KCO3__Ge19(PBr)4,0.2246471295258222,0.22562215
KCO3__Ge19(PBr)4,0.1361394856550257,0.18363358
LiP__KP,0.2586125735969104,0.1957758
LiP__KP,0.5615148557198898,0.5269076
LiP__KP,0.4676029912874109,0.44745868
LiP__KP,1.0137515512215352,0.9693713
KIn(TeO3)2__BrF5,2.533456699159337,1.8707607
KIn(TeO3)2__BrF5,0.9096141350911228,1.0141774
KIn(TeO3)2__BrF5,2.1165882090739885,1.8697813
KIn(TeO3)2__BrF5,1.7976506776886778,1.4193901
NaCO3__AlTeI7,0.6797727903745441,0.54156095
NaCO3__AlTeI7,0.0749436392497828,0.012029251
NaCO3__AlTeI7,0.347576890354902,0.26353914
NaCO3__AlTeI7,0.2624332634709911,0.18337822
K4Na2TeO6__TiP2O7,0.2555999454232524,0.24696623
K4Na2TeO6__TiP2O7,0.3497805602400002,0.37006912
K4Na2TeO6__TiP2O7,0.4411822540581741,0.45693538
K4Na2TeO6__TiP2O7,1.199609360749679,0.99593025
SbSBr__AsSe6IF6,0.7284242249136514,0.7735434
SbSBr__AsSe6IF6,0.1146744921083883,0.08576556
SbSBr__AsSe6IF6,1.0058587599179705,0.9649475
SbSBr__AsSe6IF6,1.4664613547726186,1.3570303
Li2P7(H3N)9__In3SnI5,0.5295956600028493,0.50482386
Li2P7(H3N)9__In3SnI5,0.1503859306093044,0.15011455
Li2P7(H3N)9__In3SnI5,0.9804403148174278,1.0336646
Li2P7(H3N)9__In3SnI5,0.4130167508038624,0.42708126
P__IO2F,0.5681724034222017,0.6602285
P__IO2F,1.3252954944308668,1.4220761
P__IO2F,0.9954918522924792,0.9789584
P__IO2F,0.2588921552686224,0.26479867
NaZnAsO4__GeO2,0.1977286767116393,0.16734712
NaZnAsO4__GeO2,0.5029655150582657,0.49418712
NaZnAsO4__GeO2,1.4404248866910192,1.2721459
NaZnAsO4__GeO2,0.2834395039867241,0.26280823
K2Sn(AsS3)2__Zn(HO)2,0.5437921731973516,0.49465626
K2Sn(AsS3)2__Zn(HO)2,0.6362858270308184,0.7012929
K2Sn(AsS3)2__Zn(HO)2,0.6269693150678101,0.6527566
K2Sn(AsS3)2__Zn(HO)2,1.4371546673422526,1.441505
Ca(GaSe2)2__Na2Li3GaO4,1.046130300254014,0.91217834
Ca(GaSe2)2__Na2Li3GaO4,0.1814164001769547,0.15338843
Ca(GaSe2)2__Na2Li3GaO4,0.407155145675271,0.31972378
Ca(GaSe2)2__Na2Li3GaO4,0.2871343840795053,0.24707681
InAsH2O5__Zn3TeAs2Pb3O14,0.2230073218664735,0.14836931
InAsH2O5__Zn3TeAs2Pb3O14,0.5363142730865638,0.37128738
InAsH2O5__Zn3TeAs2Pb3O14,0.5263908944217502,0.29193252
InAsH2O5__Zn3TeAs2Pb3O14,0.4371109333234867,0.34348047
Na3As4H5O14__TePCl9,1.613747000106913,1.4136097
Na3As4H5O14__TePCl9,0.5736828877254638,0.3462992
Na3As4H5O14__TePCl9,0.2957021541027753,0.15137465
Na3As4H5O14__TePCl9,0.4010045738248151,0.26735547
K2Al2Sb3__GaN5O14,0.8378697867204159,0.76057374
K2Al2Sb3__GaN5O14,2.1142326534137426,1.8707049
K2Al2Sb3__GaN5O14,0.8293244467874585,0.83825004
K2Al2Sb3__GaN5O14,1.3427497073367525,1.2931525
CdSiP2__Ca7SiN6,0.3465135325327236,0.38209915
CdSiP2__Ca7SiN6,0.3641776483079679,0.40213698
CdSiP2__Ca7SiN6,0.9389253551905682,0.9537989
CdSiP2__Ca7SiN6,0.1644959098204159,0.13909873
K3AsS3__Ca2Al2Sn2O9,1.0882308842882826,0.83332396
K3AsS3__Ca2Al2Sn2O9,0.4870501315062961,0.45072275
K3AsS3__Ca2Al2Sn2O9,0.3751302935885415,0.32135403
K3AsS3__Ca2Al2Sn2O9,0.0723060761418205,0.022945471
AlTeCl7__CaPbF6,0.4718886732125786,0.5984875
AlTeCl7__CaPbF6,0.3507691996832344,0.42139798
AlTeCl7__CaPbF6,1.9609252802149544,1.6066028
AlTeCl7__CaPbF6,0.5267412910820624,0.6274921
Na6Ge2Se7__LiAsO3,0.4353850296159689,0.43863803
Na6Ge2Se7__LiAsO3,0.9661625876508044,0.9175349
Na6Ge2Se7__LiAsO3,0.4746521757051891,0.42416793
Na6Ge2Se7__LiAsO3,1.2281921908973126,1.173228
K4As2Se5__SiP,0.5370454879555677,0.56727344
K4As2Se5__SiP,0.3865142270742447,0.41773388
K4As2Se5__SiP,1.5666386589557184,1.7732424
K4As2Se5__SiP,0.915987262241776,0.96086305
K2GeTe4__Na2In2GeSe6,0.1386000502435597,0.24948631
K2GeTe4__Na2In2GeSe6,0.4093767948549584,0.9472696
K2GeTe4__Na2In2GeSe6,0.4101210585161684,0.8546578
K2GeTe4__Na2In2GeSe6,0.0697782952991664,0.0152082695
K4GeSe4__K7NaGe8,0.2554368329472238,0.2646791
K4GeSe4__K7NaGe8,0.87814587309619,0.9083952
K4GeSe4__K7NaGe8,1.8204463897406595,1.8352075
K4GeSe4__K7NaGe8,0.2635885850279654,0.31149912
Na4Cd3Se5__K2SnCl6,0.5373592289090832,0.5901989
Na4Cd3Se5__K2SnCl6,1.1332590452486324,1.0207424
Na4Cd3Se5__K2SnCl6,1.0067765700455684,0.9274448
Na4Cd3Se5__K2SnCl6,1.6224432683404668,1.498345
Ca11Sn3C8__Cd7(P2Cl3)2,0.9705861342676504,0.9619586
Ca11Sn3C8__Cd7(P2Cl3)2,0.4008817330550436,0.40083116
Ca11Sn3C8__Cd7(P2Cl3)2,0.2540819579520577,0.26276943
Ca11Sn3C8__Cd7(P2Cl3)2,0.0970435921108758,0.09125404
NaSb5O13__In6Te10Pb,1.9678692406313096,1.591574
NaSb5O13__In6Te10Pb,0.4266238810914099,0.46312416
NaSb5O13__In6Te10Pb,0.8960239519525356,0.83302265
NaSb5O13__In6Te10Pb,0.2276655680507771,0.18461461
P__Sb2IBr2F11,0.3135975575084612,0.35168964
P__Sb2IBr2F11,0.1253117863869805,0.12020558
P__Sb2IBr2F11,0.1278174542259011,0.11870823
P__Sb2IBr2F11,0.3066580097410205,0.2833874
Na2PbO3__SbCl5,0.2848727107208742,0.26232752
Na2PbO3__SbCl5,0.5118679975589396,0.41628018
Na2PbO3__SbCl5,0.9893821852746444,0.79520905
Na2PbO3__SbCl5,0.1620734361164189,0.11699087
Ga7Te10__K2GeTe4,0.3633770456868723,0.35397026
Ga7Te10__K2GeTe4,0.4065327571995803,0.36659068
Ga7Te10__K2GeTe4,0.3029757000463829,0.27204737
Ga7Te10__K2GeTe4,0.5529530143716914,0.54834956
NaCdIn2(PO4)3__GaSeBr7,0.1713358878580237,0.14519571
NaCdIn2(PO4)3__GaSeBr7,1.0120767778609343,0.97262764
NaCdIn2(PO4)3__GaSeBr7,1.541972233007732,1.3783942
NaCdIn2(PO4)3__GaSeBr7,0.671032083177666,0.6379804
Na2Si2Se5__Te(HO)6,0.0515087653629254,0.043522175
Na2Si2Se5__Te(HO)6,0.615256426216823,0.6634755
Na2Si2Se5__Te(HO)6,0.2800088145179832,0.27070826
Na2Si2Se5__Te(HO)6,0.6212001404532246,0.6166011
Ca4GeN4__K2CdGeO4,0.6034111460570187,0.66146255
Ca4GeN4__K2CdGeO4,0.1859248845067246,0.17976856
Ca4GeN4__K2CdGeO4,0.1551647437668226,0.1652343
Ca4GeN4__K2CdGeO4,0.1739578422159678,0.14139323
K2SiAs2__Li2ZnSnS4,0.3190353073202246,0.34960115
K2SiAs2__Li2ZnSnS4,0.5267732437388888,0.5127308
K2SiAs2__Li2ZnSnS4,1.4597273819338756,1.4107884
K2SiAs2__Li2ZnSnS4,0.9474308415921,0.87764955
K6Zn4Sn5S17__LiTi2(PO4)3,1.3801489152365234,1.2502103
K6Zn4Sn5S17__LiTi2(PO4)3,0.3600131333198111,0.30672485
K6Zn4Sn5S17__LiTi2(PO4)3,0.4971173459772651,0.4380929
K6Zn4Sn5S17__LiTi2(PO4)3,1.061883180539657,0.8657976
Cd(SbO3)2__Na14Cd2O9,0.2193514391181947,0.26002458
Cd(SbO3)2__Na14Cd2O9,1.406688120187121,1.4641486
Cd(SbO3)2__Na14Cd2O9,0.3723959321683967,0.39620265
Cd(SbO3)2__Na14Cd2O9,0.5859606438523298,0.59675735
NF2__Na3AlH6,0.327034139993569,0.31958893
NF2__Na3AlH6,1.634743362557083,1.6171418
NF2__Na3AlH6,0.8988722287135332,0.93532395
NF2__Na3AlH6,0.7558754968738342,0.7690334
Pentacene__Ge2S3Br2,1.0499773222450963,0.9510075
Pentacene__Ge2S3Br2,1.108393509745205,1.1050026
Pentacene__Ge2S3Br2,1.9239623145787728,1.7214113
Pentacene__Ge2S3Br2,1.5452437171604207,1.4664015
K2PbO2__K6Sn2S7,0.1145245295621383,0.1362378
K2PbO2__K6Sn2S7,0.2386535361375258,0.19305176
K2PbO2__K6Sn2S7,0.1103959781851977,0.12183948
K2PbO2__K6Sn2S7,0.6932428328201277,0.9368654
S3(NO7)2__Na8Ga2O7,0.2729523912593841,0.27736512
S3(NO7)2__Na8Ga2O7,1.620975340355413,1.715656
S3(NO7)2__Na8Ga2O7,0.3073192794416655,0.36149687
S3(NO7)2__Na8Ga2O7,0.2840970267942602,0.2856841
Sb2Se3__PbSeO4,0.7608072879085009,0.6929886
Sb2Se3__PbSeO4,0.7485547876716119,0.74130464
Sb2Se3__PbSeO4,0.7386011275427617,0.7418025
Sb2Se3__PbSeO4,0.5007553449075288,0.54365236
Ca7SiN6__Ca2Al2Sn2O9,0.720663630761467,0.5186456
Ca7SiN6__Ca2Al2Sn2O9,1.348278479209606,0.9573419
Ca7SiN6__Ca2Al2Sn2O9,0.1756364779897685,0.10295652
Ca7SiN6__Ca2Al2Sn2O9,0.4460113348526009,0.30020854
K4CdAs2__KSn2(PO4)3,0.1255154783154837,0.18896638
K4CdAs2__KSn2(PO4)3,0.706600364646761,0.69895023
K4CdAs2__KSn2(PO4)3,1.9364913018611032,1.8281678
K4CdAs2__KSn2(PO4)3,0.8658843229613161,0.8780631
KSn__TeO3,0.3199073845171428,0.38738802
KSn__TeO3,0.5985614780352082,0.57454455
KSn__TeO3,0.3598606257792576,0.3465224
KSn__TeO3,0.3016858815583703,0.40936354
K4TiSn3(PO5)4__GaSeBr7,0.8295951870296111,0.79343206
K4TiSn3(PO5)4__GaSeBr7,0.0636554995605423,0.04136032
K4TiSn3(PO5)4__GaSeBr7,0.6863857639692121,0.63027143
K4TiSn3(PO5)4__GaSeBr7,1.1672733279957084,1.0198529
K2Zn3O4__NaInSe2,0.3645618571502335,0.4736562
K2Zn3O4__NaInSe2,0.2095824128149349,0.2202057
K2Zn3O4__NaInSe2,0.0803304840841999,0.10499044
K2Zn3O4__NaInSe2,0.5074837742596598,0.5724589
K3Na2SnAs3__Na2LiAlP2,0.3150941702794941,0.27810696
K3Na2SnAs3__Na2LiAlP2,0.23825921725649,0.21096344
K3Na2SnAs3__Na2LiAlP2,0.8100224627578371,0.89846
K3Na2SnAs3__Na2LiAlP2,0.3082329279399506,0.2812305
K2H6PbO6__K4Ge9O20,0.8753070472318021,0.5943903
K2H6PbO6__K4Ge9O20,0.7408256311445021,0.43991554
K2H6PbO6__K4Ge9O20,0.868389468367462,0.6837174
K2H6PbO6__K4Ge9O20,0.1888466014688911,0.0925674
In2(Se2O5)3__SnPO4F,0.1257155716343096,0.11957385
In2(Se2O5)3__SnPO4F,1.5096722430707463,1.4260026
In2(Se2O5)3__SnPO4F,0.9169599823912032,0.86487323
In2(Se2O5)3__SnPO4F,0.9416011930196128,0.7909948
KNaGeO3__Sb9S4F39,0.7343318321586458,0.828771
KNaGeO3__Sb9S4F39,0.3907138434883936,0.44390258
KNaGeO3__Sb9S4F39,0.3828584067076897,0.3872001
KNaGeO3__Sb9S4F39,0.184615071590972,0.25777042
K2Ti2O5__Rubrene,2.571321372674963,2.5694308
K2Ti2O5__Rubrene,1.840770950970733,1.5364951
K2Ti2O5__Rubrene,0.2483471106492157,0.5860537
K2Ti2O5__Rubrene,1.75476215270353,1.3903586
P4S7__Ge3Pb5O11,0.2039973419311866,0.27719125
P4S7__Ge3Pb5O11,0.3820987304043551,0.35681033
P4S7__Ge3Pb5O11,0.7278668474599203,0.7203255
P4S7__Ge3Pb5O11,0.6957127307321402,0.65424776
K2SnTe3__In2(SeO4)3,1.5094863715474154,1.1766429
K2SnTe3__In2(SeO4)3,0.5279047021390086,0.44940916
K2SnTe3__In2(SeO4)3,1.3948135735680522,1.0755137
K2SnTe3__In2(SeO4)3,0.8621819269337005,0.7528195
Na2In2SiS6__LiC,0.1052110940297743,0.09489899
Na2In2SiS6__LiC,0.9959741260115664,0.9663157
Na2In2SiS6__LiC,1.0662961684413366,0.92052287
Na2In2SiS6__LiC,0.1132496525865943,0.10058506
K2Sn(AsS3)2__Na2In2SiS6,0.4020179158335155,0.27721044
K2Sn(AsS3)2__Na2In2SiS6,0.1169448961986638,0.061815865
K2Sn(AsS3)2__Na2In2SiS6,0.2086005109636552,0.15481187
K2Sn(AsS3)2__Na2In2SiS6,0.8127135474771026,0.7346824
TeI__SnPS3,0.6251915725370832,1.0190243
TeI__SnPS3,0.2671516970775072,0.47883996
TeI__SnPS3,0.2003374617532492,0.33204156
TeI__SnPS3,0.6362804319497312,1.12988
Li7SbN4__Na2GeTeO6,0.0851604051768832,0.07200389
Li7SbN4__Na2GeTeO6,0.3613923866720731,0.55034035
Li7SbN4__Na2GeTeO6,0.322874235508955,0.3756173
Li7SbN4__Na2GeTeO6,0.1842361578509832,0.18715607
K5GaSe4__CdSnP14,1.066527478326433,1.0451143
K5GaSe4__CdSnP14,0.2915109257344672,0.2969999
K5GaSe4__CdSnP14,1.0174036754051503,0.9777261
K5GaSe4__CdSnP14,1.073069146588238,1.1572553
Li10Zn4O9__SbAs2Cl13,1.851164452087738,1.6009557
Li10Zn4O9__SbAs2Cl13,1.0685251072550142,0.9581665
Li10Zn4O9__SbAs2Cl13,0.4415239111555153,0.41503018
Li10Zn4O9__SbAs2Cl13,0.206477783187171,0.21686278
ZnSe__Li2ZnSn3O8,0.5800932554649413,0.49896708
ZnSe__Li2ZnSn3O8,0.2599804674738706,0.20529029
ZnSe__Li2ZnSn3O8,0.6202019623163021,0.45252186
ZnSe__Li2ZnSn3O8,0.5456605167926885,0.40497544
ZnF2__K2LiInAs2,0.2196866992531209,0.22841759
ZnF2__K2LiInAs2,0.3614177086033981,0.31125718
ZnF2__K2LiInAs2,0.4072523807139066,0.31700355
ZnF2__K2LiInAs2,0.7525317972888761,0.7074634
Sn2Sb2Pb4O13__InSb(P2O7)2,1.006250664314601,1.0138121
Sn2Sb2Pb4O13__InSb(P2O7)2,0.3115808173865258,0.31785426
Sn2Sb2Pb4O13__InSb(P2O7)2,0.303426152157556,0.32018605
Sn2Sb2Pb4O13__InSb(P2O7)2,0.6245488202850642,0.5636271
P3NCl12__AlInI4,0.2168445446242647,0.1706163
P3NCl12__AlInI4,1.1852793029142177,0.98553216
P3NCl12__AlInI4,0.5335108139061285,0.4071886
P3NCl12__AlInI4,0.74825048258454,0.5320188
KSnAsS5__LiPH21S3N7,0.9500042375111596,0.8406017
KSnAsS5__LiPH21S3N7,1.4677857007402977,1.3510802
KSnAsS5__LiPH21S3N7,0.674806220632443,0.7361943
KSnAsS5__LiPH21S3N7,0.1873466569104137,0.23661095
GeClO2F5__K6Zn4Sn5S17,0.3686878590671887,0.36327502
GeClO2F5__K6Zn4Sn5S17,0.7462451591392618,0.7062626
GeClO2F5__K6Zn4Sn5S17,1.6532996814892305,1.6499503
GeClO2F5__K6Zn4Sn5S17,0.4310628947443455,0.42271775
Na3AlH6__K6Te3(H8O7)4,0.4681024785270114,0.45774657
Na3AlH6__K6Te3(H8O7)4,1.784348570637723,1.7383478
Na3AlH6__K6Te3(H8O7)4,2.023479148131744,1.768582
Na3AlH6__K6Te3(H8O7)4,0.6266632081399446,0.56074226
K3AsSe4__Ca2Al2Sn2O9,0.654384217920513,0.55462766
K3AsSe4__Ca2Al2Sn2O9,1.4231515412873113,1.3238894
K3AsSe4__Ca2Al2Sn2O9,0.4115079592903052,0.33386257
K3AsSe4__Ca2Al2Sn2O9,0.4708377750016475,0.45082036
KAs2HO6__P2Pb4O9,1.3125735597983554,0.9140255
KAs2HO6__P2Pb4O9,0.3430042105147591,0.27330658
KAs2HO6__P2Pb4O9,0.6828439394866247,0.4933746
KAs2HO6__P2Pb4O9,0.2609269910443046,0.20407194
LiGaO2__SnPCl9,0.6109534245172643,0.51439756
LiGaO2__SnPCl9,0.1721531845053107,0.15762202
LiGaO2__SnPCl9,0.4934344387227765,0.44422784
LiGaO2__SnPCl9,1.646116245817271,1.4794059
P7Pb__Na2Ti2Si2O9,1.5416332575488685,1.4416473
P7Pb__Na2Ti2Si2O9,0.1588209744255017,0.17360766
P7Pb__Na2Ti2Si2O9,1.4286726939641796,1.3171662
P7Pb__Na2Ti2Si2O9,0.1860751064529697,0.1775806
Ga2O3__LiIn(IO3)4,0.8970471145587414,0.6346396
Ga2O3__LiIn(IO3)4,0.1008912925483811,0.034507815
Ga2O3__LiIn(IO3)4,1.145249127885665,0.90551436
Ga2O3__LiIn(IO3)4,0.8647119826984648,0.667286
Zn(InSe2)2__TiZn(SO4)3,0.2758932188909435,0.28212827
Zn(InSe2)2__TiZn(SO4)3,0.1299257711998118,0.14625281
Zn(InSe2)2__TiZn(SO4)3,0.3348816915183682,0.38429242
Zn(InSe2)2__TiZn(SO4)3,0.6642341725245857,0.6341419
TeO2__KInO2,0.9439602395453808,0.9789832
TeO2__KInO2,0.5307670899602993,0.4497325
TeO2__KInO2,0.0922077339202933,0.082192935
TeO2__KInO2,0.6595903989374128,0.65611184
NaLi2Sb__K2Ti2O5,0.6525298404436485,0.7797288
NaLi2Sb__K2Ti2O5,1.241120156595802,1.2880145
NaLi2Sb__K2Ti2O5,0.1597727550037976,0.15103161
NaLi2Sb__K2Ti2O5,0.3737020364261172,0.4355168
Na6GaP3__AsI5F6,0.77052155886733,0.7779577
Na6GaP3__AsI5F6,0.9067961791561984,0.958757
Na6GaP3__AsI5F6,0.2184202690896077,0.23440503
Na6GaP3__AsI5F6,0.2642251128317399,0.2874654
K2O__K6Pb2O5,0.2122909159826169,0.20065148
K2O__K6Pb2O5,0.2975260448145536,0.294277
K2O__K6Pb2O5,0.6826790239747946,0.7469318
K2O__K6Pb2O5,0.0679165624822808,0.019653207
Li2SnSe3__Na2PS3,1.285333441022076,1.2007807
Li2SnSe3__Na2PS3,1.6116944762928784,1.2263001
Li2SnSe3__Na2PS3,0.1782147865031617,0.1531967
Li2SnSe3__Na2PS3,0.9297326638225214,0.839423
In2(CN2)3__LiTi2(PO4)3,0.4350153288511791,0.40777224
In2(CN2)3__LiTi2(PO4)3,1.253002297373032,1.0745491
In2(CN2)3__LiTi2(PO4)3,1.221439433309905,1.0228622
In2(CN2)3__LiTi2(PO4)3,0.4312768238665141,0.38182944
KTe__PCl5,2.132306636111182,2.127292
KTe__PCl5,0.278012503341085,0.3261883
KTe__PCl5,0.5074024466187632,0.4661591
KTe__PCl5,1.8594292353519817,1.9911908
AsI5F6__Ca3In2(GeO4)3,0.9086104905879506,0.79617953
AsI5F6__Ca3In2(GeO4)3,0.6276296795186845,0.6656111
AsI5F6__Ca3In2(GeO4)3,1.084778265824691,0.9061477
AsI5F6__Ca3In2(GeO4)3,1.0637771585253926,1.0122546
SbP2O7__KIn7S8,0.6921849966526474,0.667613
SbP2O7__KIn7S8,1.531020505439896,1.4629312
SbP2O7__KIn7S8,0.6150888498645046,0.52758515
SbP2O7__KIn7S8,0.3758295698189213,0.2846762
Na(GeP)3__LiInSiO4,0.1420905244216752,0.15504476
Na(GeP)3__LiInSiO4,1.4305692426605858,1.5480243
Na(GeP)3__LiInSiO4,0.4338316371898781,0.41738108
Na(GeP)3__LiInSiO4,0.4044773360753337,0.3886319
Ca2Si__CdI2,0.2623478145721282,0.2754039
Ca2Si__CdI2,0.1123161445970424,0.20440957
Ca2Si__CdI2,0.1560110698058669,0.16956668
Ca2Si__CdI2,0.5896485254437951,0.7195629
Li4PbO4__TeS7Cl2,0.8257463584892039,0.83243805
Li4PbO4__TeS7Cl2,0.4343719110232298,0.46576855
Li4PbO4__TeS7Cl2,1.1397647031025304,1.0168694
Li4PbO4__TeS7Cl2,0.2935448301143869,0.38794392
LiSbO3__Ti(NO3)4,0.2099998275919936,0.236376
LiSbO3__Ti(NO3)4,0.192333511699926,0.22201438
LiSbO3__Ti(NO3)4,1.3855880565564762,1.0732495
LiSbO3__Ti(NO3)4,0.5696711045500936,0.53207535
Li2Ca(SiN2)2__AlAs3S5Cl4,0.2801416224218556,0.28727543
Li2Ca(SiN2)2__AlAs3S5Cl4,1.4313481221457112,1.2694687
Li2Ca(SiN2)2__AlAs3S5Cl4,1.1946413990357172,1.2515923
Li2Ca(SiN2)2__AlAs3S5Cl4,1.519420184629573,1.3324596
KSnAsO5__TiSnP2SO12,0.9921643705151528,1.0852572
KSnAsO5__TiSnP2SO12,0.2272728854031888,0.21771607
KSnAsO5__TiSnP2SO12,0.4025251829414517,0.43543485
KSnAsO5__TiSnP2SO12,0.1467529852742689,0.2130229
KSbS2__Al2ZnS4,0.0612636988598085,6.856379e-05
KSbS2__Al2ZnS4,0.375363351841168,0.3549656
KSbS2__Al2ZnS4,0.3624876663762694,0.27200642
KSbS2__Al2ZnS4,0.2535959133374662,0.19384328
GePbS3__Zn3PBr3,0.1497538606580594,0.16556199
GePbS3__Zn3PBr3,0.25453335067688,0.224385
GePbS3__Zn3PBr3,0.1239639432625984,0.18634412
GePbS3__Zn3PBr3,0.693342912498269,0.7164641
Ca11AlSb9__Sb9S4F39,1.3381891690276246,1.1780978
Ca11AlSb9__Sb9S4F39,0.6625855973995165,0.65107644
Ca11AlSb9__Sb9S4F39,0.1469975791269583,0.18415752
Ca11AlSb9__Sb9S4F39,0.1912191886300702,0.25846025
Ca(Ga3Te5)2__LiZnN,0.8960050123271425,1.0453426
Ca(Ga3Te5)2__LiZnN,0.6663449243334607,0.8896912
Ca(Ga3Te5)2__LiZnN,0.3881303373573773,0.5100064
Ca(Ga3Te5)2__LiZnN,0.1362146086188099,0.18909115
TiBr4__LiZnPS4,0.130674080939137,0.11837946
TiBr4__LiZnPS4,0.1137615226062726,0.10272313
TiBr4__LiZnPS4,0.2745044389346189,0.2937008
TiBr4__LiZnPS4,0.1009270946698392,0.09002018
Na2In2GeSe6__Li5SiN3,1.494934504254076,1.3510895
Na2In2GeSe6__Li5SiN3,0.2140725933815502,0.22384098
Na2In2GeSe6__Li5SiN3,0.1502132487914791,0.22532389
Na2In2GeSe6__Li5SiN3,0.6452064406084744,0.5910553
CdSe2__Sb8(PbS5)3,0.4430323986092621,0.36911744
CdSe2__Sb8(PbS5)3,0.403115229635694,0.35327262
CdSe2__Sb8(PbS5)3,0.2624777084316904,0.1648975
CdSe2__Sb8(PbS5)3,0.7327500623233288,0.580205
KTi2(PO4)3__KICl4,0.6049425315724855,0.6321285
KTi2(PO4)3__KICl4,0.5712742278201666,0.56782883
KTi2(PO4)3__KICl4,0.4937490248804532,0.4970143
KTi2(PO4)3__KICl4,0.335050962922749,0.3644655
TeSe2__Zn3Cd3(TeO6)2,0.3450318699456238,0.23992252
TeSe2__Zn3Cd3(TeO6)2,0.9424530275875048,0.8068955
TeSe2__Zn3Cd3(TeO6)2,0.1838399695735167,0.14421706
TeSe2__Zn3Cd3(TeO6)2,0.7655131489058662,0.60245025
K3AlSe3__Ge19(AsBr)4,0.4085856014469928,0.341138
K3AlSe3__Ge19(AsBr)4,0.4876344068397736,0.56136227
K3AlSe3__Ge19(AsBr)4,0.1281333305851991,0.10643481
K3AlSe3__Ge19(AsBr)4,0.7569732602735626,0.66046965
KSnS4__Na6Ge2S7,1.7696764809278762,1.4168692
KSnS4__Na6Ge2S7,0.0761687006710642,0.055868097
KSnS4__Na6Ge2S7,0.2659679498105848,0.23884869
KSnS4__Na6Ge2S7,0.3468606604564582,0.25823358
CaGaGeH__In4GeS4,1.314913965932122,1.2280612
CaGaGeH__In4GeS4,1.42117941302413,1.2400115
CaGaGeH__In4GeS4,0.7475071437769318,0.7503494
CaGaGeH__In4GeS4,0.3203103459017612,0.3247817
Ca3AlN3__Na3Sb3(AsO7)2,0.5758405012785468,0.5342856
Ca3AlN3__Na3Sb3(AsO7)2,1.652251100230092,1.4501805
Ca3AlN3__Na3Sb3(AsO7)2,0.0987291934337887,0.06491721
Ca3AlN3__Na3Sb3(AsO7)2,0.2059738082573951,0.194179
Na2PS3__ZnSiN2,0.9059832422042255,0.8870666
Na2PS3__ZnSiN2,0.1069908175837365,0.16622336
Na2PS3__ZnSiN2,1.3707659535655543,1.2297263
Na2PS3__ZnSiN2,0.2777350322339309,0.29789275
KAlTe2__Ca3(AlN2)2,0.2590367028801311,0.33856308
KAlTe2__Ca3(AlN2)2,0.4742587965040267,0.4499243
KAlTe2__Ca3(AlN2)2,0.6545015605258334,0.782494
KAlTe2__Ca3(AlN2)2,0.9399718701384876,0.9926433
K4I2O9__KInAs3H7O13,0.1281764818875945,0.10589524
K4I2O9__KInAs3H7O13,0.442284256641352,0.3474156
K4I2O9__KInAs3H7O13,0.7503684380035803,0.5985885
K4I2O9__KInAs3H7O13,0.4317402246264368,0.30955398
KSeO2F__K2SbH5O6,1.1263316354765254,0.9028261
KSeO2F__K2SbH5O6,0.4179342829967888,0.3660112
KSeO2F__K2SbH5O6,1.599768803007095,1.1529413
KSeO2F__K2SbH5O6,1.2612279608745476,1.0021464
Na5Ti2Si2PO13__KSnPO5,0.1204651070415781,0.11188705
Na5Ti2Si2PO13__KSnPO5,0.2198234121024966,0.23758714
Na5Ti2Si2PO13__KSnPO5,0.2977695970268507,0.3149867
Na5Ti2Si2PO13__KSnPO5,0.3929147851034886,0.4543537
