candidate_id,y_true,y_pred
Ca3(GaN2)2__NaLiTe,1.2632307240074074,1.3016428
Ca3(GaN2)2__NaLiTe,1.4076276814370106,1.481846
Ca3(GaN2)2__NaLiTe,1.299669170367319,1.4670932
Ca3(GaN2)2__NaLiTe,1.4421542987234623,1.470421
K5Na(Ti2Se9)3__SbF4,2.575107276894184,2.5666707
K5Na(Ti2Se9)3__SbF4,1.441942488170514,1.4434606
K5Na(Ti2Se9)3__SbF4,1.1253497489529458,1.1069596
K5Na(Ti2Se9)3__SbF4,1.5676258008699655,1.5430094
KTiPSe5__ZnCN2,0.904093373565517,0.9852728
KTiPSe5__ZnCN2,2.341838805339254,2.223396
KTiPSe5__ZnCN2,1.3526939823004234,1.3020498
KTiPSe5__ZnCN2,1.2868872814449377,1.2810768
Na6P4Pb3S16__NaH2N,2.183351620439022,2.272435
Na6P4Pb3S16__NaH2N,1.824733965318009,1.8452643
Na6P4Pb3S16__NaH2N,1.6938182219542277,1.7443049
Na6P4Pb3S16__NaH2N,0.5442908457870921,0.62374514
KPbO2__K2ZnS2,0.5178101227405884,0.59789544
KPbO2__K2ZnS2,1.8855704557127408,2.0223207
KPbO2__K2ZnS2,1.3033316156170167,1.317178
KPbO2__K2ZnS2,0.78347598710344,0.8380409
NaSb5O13__Na2PS3,2.6780159840698463,2.6725798
NaSb5O13__Na2PS3,2.252857299358437,2.246619
NaSb5O13__Na2PS3,2.006376249978175,1.8617731
NaSb5O13__Na2PS3,0.8800253561762388,0.9556838
Li2Te2O5__K6Ti2O7,1.9088283237435304,1.9145885
Li2Te2O5__K6Ti2O7,2.54775620912818,2.5646276
Li2Te2O5__K6Ti2O7,2.776859638681364,2.7224104
Li2Te2O5__K6Ti2O7,1.7757542575634009,1.7571716
Ca3(Si4P7)2__Li2ZnSnS4,2.2765487723685736,2.137155
Ca3(Si4P7)2__Li2ZnSnS4,1.5837682402112467,1.4354838
Ca3(Si4P7)2__Li2ZnSnS4,2.2251830006661937,1.9237909
Ca3(Si4P7)2__Li2ZnSnS4,1.1566581892046617,0.9985132
Cd3SiO5__NaGaGeO4,1.4743759100980365,1.449606
Cd3SiO5__NaGaGeO4,2.1073974210261204,1.8645735
Cd3SiO5__NaGaGeO4,1.0113222678078506,1.0342498
Cd3SiO5__NaGaGeO4,2.0935268734933707,1.8631619
Na4Al3Ge3IO12__K2TeH6SO10,0.6562473288411195,0.6804044
Na4Al3Ge3IO12__K2TeH6SO10,2.1976546050790104,2.2923658
Na4Al3Ge3IO12__K2TeH6SO10,0.5734446119522507,0.60955745
Na4Al3Ge3IO12__K2TeH6SO10,1.118884010718089,1.0748689
Ca11InSb9__Zn3PBr3,1.0063630947655842,0.9769523
Ca11InSb9__Zn3PBr3,1.9120593976816525,1.8381082
Ca11InSb9__Zn3PBr3,2.48363584420812,2.4124525
Ca11InSb9__Zn3PBr3,1.611069422663964,1.5070859
NaGe__Ga(IO3)3,1.0589502567585742,1.0729505
NaGe__Ga(IO3)3,1.8864872740818832,1.869061
NaGe__Ga(IO3)3,2.852873477123925,2.767194
NaGe__Ga(IO3)3,0.7846958055272344,0.78388435
KPS3__AsClF8,2.2245662399543087,2.2743263
KPS3__AsClF8,1.9195074076316965,1.894859
KPS3__AsClF8,1.044908965878613,1.0203481
KPS3__AsClF8,0.8811675829185451,0.92083955
Li2TeS3__Cd(NO3)2,1.4883066060097832,1.438798
Li2TeS3__Cd(NO3)2,2.3856633603113258,2.25313
Li2TeS3__Cd(NO3)2,0.6098641519756746,0.5937994
Li2TeS3__Cd(NO3)2,2.155663791851336,2.1007352
Na8TiAs4__Na3Ga3(TeO6)2,2.242936152019852,2.142193
Na8TiAs4__Na3Ga3(TeO6)2,2.7033548392667943,2.6624985
Na8TiAs4__Na3Ga3(TeO6)2,1.0548082847664737,1.0873586
Na8TiAs4__Na3Ga3(TeO6)2,0.880460980718236,0.9849952
TePb__NaAlAsO4F,2.5502301271478527,2.5654714
TePb__NaAlAsO4F,0.6593733929280726,0.7332294
TePb__NaAlAsO4F,0.942741513787288,0.8845145
TePb__NaAlAsO4F,2.40030372159521,2.4003823
K2Zn3O4__Zn2Te3O8,1.6525937413784868,1.621823
K2Zn3O4__Zn2Te3O8,1.838984033752168,1.8402971
K2Zn3O4__Zn2Te3O8,0.8784198375922695,0.9319018
K2Zn3O4__Zn2Te3O8,0.8835080349909312,0.9113094
Ca2Ge__KH3(SeO4)2,2.5187607210797744,2.4430127
Ca2Ge__KH3(SeO4)2,1.473799536989954,1.4675137
Ca2Ge__KH3(SeO4)2,2.72795389502824,2.6317375
Ca2Ge__KH3(SeO4)2,1.5268292121522675,1.5269734
Na3In2(AsO4)3__KInAs3H7O13,1.4806091130663386,1.4587024
Na3In2(AsO4)3__KInAs3H7O13,1.5587795845686834,1.4760913
Na3In2(AsO4)3__KInAs3H7O13,2.433586981681126,2.3304405
Na3In2(AsO4)3__KInAs3H7O13,2.7226947111704884,2.5105605
K2PbO2__GeAsSe,2.4140857784526504,2.4284387
K2PbO2__GeAsSe,2.40610170011049,2.4324632
K2PbO2__GeAsSe,1.0716835901807975,1.083918
K2PbO2__GeAsSe,2.014722655120346,2.0488899
Cd2SnO4__S3(NO7)2,1.300065816867718,1.3402032
Cd2SnO4__S3(NO7)2,2.5281362318012586,2.5198479
Cd2SnO4__S3(NO7)2,0.5334243385104566,0.5459317
Cd2SnO4__S3(NO7)2,2.58114619184607,2.6115727
SnF2__K11Cd2Sb5,2.9375178537432247,2.843399
SnF2__K11Cd2Sb5,2.213736802953208,2.1991994
SnF2__K11Cd2Sb5,1.745415946430323,1.7312247
SnF2__K11Cd2Sb5,0.952913997582357,1.0116243
HI3__Na3CdPCO7,0.9484121904902444,0.9271469
HI3__Na3CdPCO7,0.6800899337514629,0.6113583
HI3__Na3CdPCO7,2.035897319510425,1.9889467
HI3__Na3CdPCO7,1.4831944539076427,1.457698
NaS2__Na2TiZn2GeO7,1.883216974126116,1.8939954
NaS2__Na2TiZn2GeO7,2.175060838977288,2.2935126
NaS2__Na2TiZn2GeO7,1.0299534678863411,1.0803611
NaS2__Na2TiZn2GeO7,0.6334564923552616,0.6887733
Na2Te__KHS,1.889562396076436,1.8222098
Na2Te__KHS,2.74175293915132,2.6665459
Na2Te__KHS,0.9386679246101662,0.9524894
Na2Te__KHS,2.5927617547235733,2.4757898
SbBrF8__Li3SbS4,0.8687410009659082,0.84000844
SbBrF8__Li3SbS4,2.3820237300591494,2.356582
SbBrF8__Li3SbS4,0.7705989303282671,0.8089847
SbBrF8__Li3SbS4,1.2509526145731933,1.2417418
Ca2PI__NaIn(GeO3)2,2.014960661054806,1.8881065
Ca2PI__NaIn(GeO3)2,2.2749099411055425,2.1455882
Ca2PI__NaIn(GeO3)2,0.7031790146624353,0.6527006
Ca2PI__NaIn(GeO3)2,0.867942110488276,0.8555011
NaZnAs__K2Ge2PbS6,1.7419386846515774,1.8499429
NaZnAs__K2Ge2PbS6,0.6001620126517886,0.5576545
NaZnAs__K2Ge2PbS6,2.3022435640801,2.3165355
NaZnAs__K2Ge2PbS6,2.7103404569026424,2.7318888
TPD__SbBr3,2.25116252372388,2.2662475
TPD__SbBr3,0.8568119160654237,0.84497666
TPD__SbBr3,0.9930963765795032,0.9723861
TPD__SbBr3,0.9336298419598535,0.9696503
Pb3SeO5__Ca(AlSe2)2,0.4969172569950488,0.5589545
Pb3SeO5__Ca(AlSe2)2,2.526221915354512,2.480056
Pb3SeO5__Ca(AlSe2)2,2.339148437860445,2.3306496
Pb3SeO5__Ca(AlSe2)2,0.9773811757452004,1.0022079
K5Zn4Sn5H4S17N__Na2Ti6O13,1.1890085608954584,1.162043
K5Zn4Sn5H4S17N__Na2Ti6O13,2.268314887601764,2.044614
K5Zn4Sn5H4S17N__Na2Ti6O13,1.5669494267436117,1.4423862
K5Zn4Sn5H4S17N__Na2Ti6O13,1.4501907924372652,1.4239192
K2NaAlP2__Cd4As2Cl3,1.6939026625359628,1.6998528
K2NaAlP2__Cd4As2Cl3,1.4507690081863822,1.4454223
K2NaAlP2__Cd4As2Cl3,0.9577882571813188,0.9596203
K2NaAlP2__Cd4As2Cl3,1.50699916562059,1.4622325
K2SbCl5__AlInS3,2.0792536580157903,2.052218
K2SbCl5__AlInS3,2.26603218092464,2.2395258
K2SbCl5__AlInS3,2.412007039214563,2.3256586
K2SbCl5__AlInS3,0.4939042313976364,0.5560002
NaLi2Sb__Na5AlO4,2.318731497365929,2.3296115
NaLi2Sb__Na5AlO4,0.6000696382806205,0.6635391
NaLi2Sb__Na5AlO4,2.774988909929056,2.768612
NaLi2Sb__Na5AlO4,2.1895329740324043,2.2472217
KP__K6ZnSe4,1.3935980290215748,1.1802458
KP__K6ZnSe4,0.4036860980296525,0.3171507
KP__K6ZnSe4,1.6569832459015887,1.5365466
KP__K6ZnSe4,2.1147073825426936,1.9921613
Zn(InSe2)2__Ca3(AlAs2)2,2.6182964582458097,2.6340961
Zn(InSe2)2__Ca3(AlAs2)2,1.9449782311285155,1.9179076
Zn(InSe2)2__Ca3(AlAs2)2,2.0306826987404665,2.050996
Zn(InSe2)2__Ca3(AlAs2)2,2.083425279564066,2.0904064
K2Sn2O3__Ca5P8,1.3056582653200646,1.3745323
K2Sn2O3__Ca5P8,1.768796909992759,1.8292419
K2Sn2O3__Ca5P8,1.862074095313613,1.8837324
K2Sn2O3__Ca5P8,1.1492612562083455,1.196995
KCdGeAs2__InCl,1.749750157915852,1.7201285
KCdGeAs2__InCl,0.6494514018600575,0.6753648
KCdGeAs2__InCl,0.9990950083276082,1.0917104
KCdGeAs2__InCl,2.046269580972724,1.9331859
InBr__NaPS3,2.235655653130088,2.0611572
InBr__NaPS3,1.8918416599267045,1.7530543
InBr__NaPS3,1.3317053458585115,1.09631
InBr__NaPS3,1.2079780833389109,1.0219836
Na6S2O9__InOF,0.721096676163711,0.7734825
Na6S2O9__InOF,0.9313204939194278,0.95519555
Na6S2O9__InOF,2.081853363210539,2.0432374
Na6S2O9__InOF,1.4621454063851245,1.4540621
Li2TeS3__CdI2,2.1038469961049784,2.0047195
Li2TeS3__CdI2,2.28339563249646,2.1905808
Li2TeS3__CdI2,0.92411376900149,0.92756337
Li2TeS3__CdI2,1.6329898451630305,1.5952975
KGaTe2__SbCl5,2.6693923833445683,2.5753515
KGaTe2__SbCl5,2.49635444908419,2.5421448
KGaTe2__SbCl5,0.7156003908583661,0.70603925
KGaTe2__SbCl5,1.072952108638777,1.0518754
AlGaAs2__NaGaO2,1.8699170900571735,1.8031249
AlGaAs2__NaGaO2,1.515040275602352,1.578342
AlGaAs2__NaGaO2,1.459568118936391,1.4872807
AlGaAs2__NaGaO2,0.7253230535646481,0.8175533
Na2TiS2O__K5LiGe2O7,1.5501813760954777,1.3670739
Na2TiS2O__K5LiGe2O7,1.19391057123619,1.1310438
Na2TiS2O__K5LiGe2O7,1.7728237302773142,1.4748193
Na2TiS2O__K5LiGe2O7,0.6793530060039826,0.66736674
K2In(PSe4)2__Na2Cd3(P2O7)2,2.5762029780379123,2.5555165
K2In(PSe4)2__Na2Cd3(P2O7)2,2.518663661229573,2.4705477
K2In(PSe4)2__Na2Cd3(P2O7)2,2.145071809751041,2.1168962
K2In(PSe4)2__Na2Cd3(P2O7)2,1.392389719160216,1.4413321
Ca3AlAs3__Na2SeO4,1.621151675517705,1.5912015
Ca3AlAs3__Na2SeO4,0.8247835830113823,0.87582356
Ca3AlAs3__Na2SeO4,1.2652028710684735,1.3316063
Ca3AlAs3__Na2SeO4,1.8279754246629123,1.7026061
NaTiSe4__CdCN2,0.5180737564344491,0.51577085
NaTiSe4__CdCN2,2.671404124347683,2.6370518
NaTiSe4__CdCN2,2.7042574583482724,2.702471
NaTiSe4__CdCN2,2.817765206052825,2.7777572
K7LiSi8__K2SnO2,2.266378912422053,2.2898529
K7LiSi8__K2SnO2,1.466438937713967,1.5021222
K7LiSi8__K2SnO2,1.0217908483600602,1.0374871
K7LiSi8__K2SnO2,1.218247205131459,1.2281362
LiZnAs__LiGa5O8,2.2873121978321977,2.3732028
LiZnAs__LiGa5O8,0.7912925766672901,0.82187253
LiZnAs__LiGa5O8,1.2896187294084966,1.3385725
LiZnAs__LiGa5O8,1.552473841460254,1.666336
K2CdGeO4__AlInS3,0.719591151398399,0.89193785
K2CdGeO4__AlInS3,1.7049827569171698,1.8532963
K2CdGeO4__AlInS3,0.5493880524748983,0.6817903
K2CdGeO4__AlInS3,0.8851796927361297,1.0761
K4PbO4__KLiS,0.7781367590978804,0.8518893
K4PbO4__KLiS,1.742356017376039,1.6593126
K4PbO4__KLiS,1.7639670839724486,1.6693193
K4PbO4__KLiS,1.144051915055071,1.1712294
Ca(ZnP)2__Ca2Si,1.7589373239896222,1.8819638
Ca(ZnP)2__Ca2Si,0.8345738128536512,0.8919192
Ca(ZnP)2__Ca2Si,1.3158117292311733,1.3597791
Ca(ZnP)2__Ca2Si,2.213070874422235,2.2441525
InSb2S4Br__KNO3,2.5065070249772976,2.5427866
InSb2S4Br__KNO3,2.6780075436105664,2.665903
InSb2S4Br__KNO3,0.90388503598206,0.9351526
InSb2S4Br__KNO3,0.9963947993781794,1.0577997
Li2SnN2__KIO4,2.3227407330822487,1.947481
Li2SnN2__KIO4,2.353613855945765,1.9669851
Li2SnN2__KIO4,2.5337005886625468,2.2892306
Li2SnN2__KIO4,1.070112295297971,0.99801785
P4S9__InCl3,2.319342399926595,2.2858124
P4S9__InCl3,1.6820949360854924,1.6857331
P4S9__InCl3,2.628197916264181,2.6114604
P4S9__InCl3,1.4195581388399623,1.4406506
K(SiAs)3__AlICl6,0.8455420448965666,0.86693937
K(SiAs)3__AlICl6,0.6510273768607199,0.6617954
K(SiAs)3__AlICl6,2.518795138683392,2.5112944
K(SiAs)3__AlICl6,0.4965970298148143,0.525948
Li2SnO3__CaTe2O5,1.3156305204281578,1.455581
Li2SnO3__CaTe2O5,0.8419219122194963,0.8760705
Li2SnO3__CaTe2O5,0.6709587092881382,0.624054
Li2SnO3__CaTe2O5,1.294927196780271,1.3638208
K2LiGaAs2__Ca3Zn3(TeO6)2,2.2209117922827395,2.1409023
K2LiGaAs2__Ca3Zn3(TeO6)2,1.6674381512329828,1.6828015
K2LiGaAs2__Ca3Zn3(TeO6)2,2.281330135790287,2.1964843
K2LiGaAs2__Ca3Zn3(TeO6)2,2.6444683579758737,2.5459015
ICl3__Na2Ti2Se9,0.9979013034853365,1.0264126
ICl3__Na2Ti2Se9,1.4960191196106227,1.480681
ICl3__Na2Ti2Se9,2.284888384001087,2.2523572
ICl3__Na2Ti2Se9,2.439262032364254,2.3826597
Na5SnP3__Na5InS4,1.78690456887353,1.5792785
Na5SnP3__Na5InS4,1.8554848728041,1.5914434
Na5SnP3__Na5InS4,1.9388912301787544,1.7857201
Na5SnP3__Na5InS4,2.742614100987616,2.4687977
Li2TeS3__K2ZnSe2,2.08962500393442,1.940325
Li2TeS3__K2ZnSe2,1.9677722682124748,1.7449993
Li2TeS3__K2ZnSe2,1.354669333098694,1.2514533
Li2TeS3__K2ZnSe2,1.666523154554785,1.5690883
Zn2AsHO5__K2LiSn4,1.999124976279504,2.0368524
Zn2AsHO5__K2LiSn4,2.336368022990462,2.3180113
Zn2AsHO5__K2LiSn4,0.6720896783210325,0.679203
Zn2AsHO5__K2LiSn4,2.4027869030401074,2.3733265
Alq3__Ti6CCl14,1.845630888087685,1.8606943
Alq3__Ti6CCl14,1.140713358240422,1.1704506
Alq3__Ti6CCl14,0.7176422548494543,0.72271216
Alq3__Ti6CCl14,0.8658333521476514,0.8917606
K2Ga2As3__K6CdO4,1.2809794638250938,1.2582179
K2Ga2As3__K6CdO4,1.8096171196888584,1.8125541
K2Ga2As3__K6CdO4,2.1223278376238985,2.0888355
K2Ga2As3__K6CdO4,1.8699534972444636,1.7774462
Zn3Cd3(TeO6)2__TPD,1.515367106944811,1.5543734
Zn3Cd3(TeO6)2__TPD,0.7649071900197189,0.75029373
Zn3Cd3(TeO6)2__TPD,2.748347122239488,2.6631815
Zn3Cd3(TeO6)2__TPD,1.333197717683539,1.3653426
Ca3(GeAs2)2__NaAsO3,2.041874656482135,2.003237
Ca3(GeAs2)2__NaAsO3,1.463377940146282,1.3380157
Ca3(GeAs2)2__NaAsO3,1.5431098528052754,1.4391456
Ca3(GeAs2)2__NaAsO3,2.550311666270771,2.4783432
Sb2Se3__Sn2SI2,0.9167826877270802,0.8115544
Sb2Se3__Sn2SI2,2.318055939933632,2.2540836
Sb2Se3__Sn2SI2,2.3851153068861226,2.2389455
Sb2Se3__Sn2SI2,1.8517872578104573,1.7897413
K2SbPO6__Na2Ti6O13,0.5790430582121272,0.53490233
K2SbPO6__Na2Ti6O13,2.3281480293009262,2.1530976
K2SbPO6__Na2Ti6O13,1.3831753591163405,1.2845412
K2SbPO6__Na2Ti6O13,2.1237895091975347,1.8269792
K4CdAs2__K3Al2As3,0.452148795289736,0.38016874
K4CdAs2__K3Al2As3,0.5729141311940421,0.43473163
K4CdAs2__K3Al2As3,2.0793307764702798,1.6753436
K4CdAs2__K3Al2As3,1.5632627359241122,1.1337663
Sn(SO4)2__Ca3AlAs3,2.155930680616211,2.0804293
Sn(SO4)2__Ca3AlAs3,1.5602253892051314,1.5054798
Sn(SO4)2__Ca3AlAs3,2.2778506974739683,2.1840775
Sn(SO4)2__Ca3AlAs3,1.831988992847773,1.8339825
K3AsO4__InAs(H2O3)2,1.4546384582112533,1.4661093
K3AsO4__InAs(H2O3)2,2.2934821886248806,2.2974374
K3AsO4__InAs(H2O3)2,1.35096303855546,1.3390318
K3AsO4__InAs(H2O3)2,1.3217277288493134,1.3199788
Ca11InSb9__S(IO3)2,0.8945265481928243,0.89781624
Ca11InSb9__S(IO3)2,1.772288143244271,1.7609435
Ca11InSb9__S(IO3)2,1.86423324444529,1.8404073
Ca11InSb9__S(IO3)2,1.95598555330831,1.9913963
NaAs__CdP4,0.622555398859946,0.6392679
NaAs__CdP4,1.0133502079874694,1.0270019
NaAs__CdP4,2.256609253900544,2.291364
NaAs__CdP4,1.209238684675969,1.254721
Na4TiP2O9__SeO2,2.120135839394139,2.099842
Na4TiP2O9__SeO2,2.667807490914732,2.6934083
Na4TiP2O9__SeO2,2.6308746528914604,2.624597
Na4TiP2O9__SeO2,0.6730196051824027,0.6916966
MEH-PPV__NaP3(PbO3)4,2.4142393061515564,2.3507848
MEH-PPV__NaP3(PbO3)4,1.3745848637185565,1.3975596
MEH-PPV__NaP3(PbO3)4,2.561055829127505,2.545188
MEH-PPV__NaP3(PbO3)4,2.031008548836326,2.0503666
K2NaAlH6__Zn3Te2P2(PbO7)2,0.612723400253524,0.60747194
K2NaAlH6__Zn3Te2P2(PbO7)2,0.8092979898386519,0.84821916
K2NaAlH6__Zn3Te2P2(PbO7)2,2.7904864172720125,2.8186188
K2NaAlH6__Zn3Te2P2(PbO7)2,1.317376728502268,1.3718488
K5SnAs3__CaTi4(PO4)6,1.8155947667376493,1.7876979
K5SnAs3__CaTi4(PO4)6,1.1606387249044243,1.171294
K5SnAs3__CaTi4(PO4)6,1.877227441804584,1.833396
K5SnAs3__CaTi4(PO4)6,0.9779078437402132,1.0268698
InSbS3__CaPSe3,2.4458660695330714,1.9766711
InSbS3__CaPSe3,1.933088288719777,1.5459257
InSbS3__CaPSe3,1.8745725269967368,1.3711408
InSbS3__CaPSe3,1.2898774826905777,1.1154222
AlAs3S5Cl4__Na3As4H5O14,1.3952443604658489,1.4104326
AlAs3S5Cl4__Na3As4H5O14,1.5499664195707863,1.5376687
AlAs3S5Cl4__Na3As4H5O14,2.258107895681777,2.3195827
AlAs3S5Cl4__Na3As4H5O14,1.651189036975946,1.4862609
TeSe2__Na3SbO3,1.96857080848544,1.9920473
TeSe2__Na3SbO3,2.333458361994369,2.3492682
TeSe2__Na3SbO3,1.9570754478873895,1.8998883
TeSe2__Na3SbO3,0.9964550767265764,1.1028448
K4P21I__Ga2Sn2S5,1.2080003716118144,1.296685
K4P21I__Ga2Sn2S5,1.3423728764912948,1.494117
K4P21I__Ga2Sn2S5,0.8255039610296371,0.8546451
K4P21I__Ga2Sn2S5,1.033999467764121,1.1025846
AlPI8__Na4SnO4,1.6184231473516666,1.0780574
AlPI8__Na4SnO4,1.935619784056105,1.3525537
AlPI8__Na4SnO4,2.076017602453094,1.5452821
AlPI8__Na4SnO4,0.6395428256146914,0.5311569
Ca2Sb2O7__K3P11,0.5528633806365613,0.560519
Ca2Sb2O7__K3P11,0.7917178485221519,0.8381421
Ca2Sb2O7__K3P11,1.2332300586459168,1.2473612
Ca2Sb2O7__K3P11,0.892191015101533,0.88843703
Zn3TeO6__K2GaSb2,1.8525853193934831,1.8735816
Zn3TeO6__K2GaSb2,0.9269095363845684,0.9443256
Zn3TeO6__K2GaSb2,0.8871433916015651,0.9068817
Zn3TeO6__K2GaSb2,2.0420119180228427,2.0455458
Zn(InTe2)2__TePbO3,1.71385652283043,1.6134577
Zn(InTe2)2__TePbO3,1.6687071376740683,1.5613683
Zn(InTe2)2__TePbO3,2.580621374295504,2.370513
Zn(InTe2)2__TePbO3,1.2674871887889725,1.2824426
LiH__Li3AlN2,0.8769341408582781,1.0160123
LiH__Li3AlN2,1.197752750702759,1.2899472
LiH__Li3AlN2,0.559760203893994,0.58219045
LiH__Li3AlN2,1.300141846983015,1.4750586
Na5GaO4__CaTe2O5,1.4875894194781374,1.4249209
Na5GaO4__CaTe2O5,1.9854177174229972,1.9436021
Na5GaO4__CaTe2O5,2.2884096741998383,2.244745
Na5GaO4__CaTe2O5,2.55081804997045,2.4777346
NaAsS2__K4Sb2O5,0.913251925273244,0.921175
NaAsS2__K4Sb2O5,1.3602588711189636,1.4492923
NaAsS2__K4Sb2O5,1.7908407098371333,1.8788432
NaAsS2__K4Sb2O5,1.36093168862799,1.4173408
CdS__Ti2PCl13,2.4533334013973453,2.3510761
CdS__Ti2PCl13,0.5849527017033896,0.528193
CdS__Ti2PCl13,1.9921391144250944,1.9511167
CdS__Ti2PCl13,0.5238985683267581,0.5351743
Na6ZnO4__P3BrCl14,1.3347736496816789,1.3495872
Na6ZnO4__P3BrCl14,0.9818057586380364,0.9684582
Na6ZnO4__P3BrCl14,1.0347091964319592,1.0241835
Na6ZnO4__P3BrCl14,1.7097293970781309,1.6947634
K5LiGe2O7__KH,0.8215216864846888,0.8088654
K5LiGe2O7__KH,0.8352865256083336,0.86938274
K5LiGe2O7__KH,1.7210712443217284,1.7236362
K5LiGe2O7__KH,0.9879587877253028,0.97736335
Na2TiSiO5__Ca4Al6TeO12,1.3157476048236476,1.2950814
Na2TiSiO5__Ca4Al6TeO12,0.8495382226282778,0.81072694
Na2TiSiO5__Ca4Al6TeO12,1.334021055956474,1.3275441
Na2TiSiO5__Ca4Al6TeO12,1.5342429559683046,1.6048758
In2(SeO4)3__NaZnSiHO4,0.5531294184388122,0.49727857
In2(SeO4)3__NaZnSiHO4,0.8324191148974498,0.94026375
In2(SeO4)3__NaZnSiHO4,0.3816189926743302,0.28862098
In2(SeO4)3__NaZnSiHO4,0.653692356474583,0.725741
KGaSb2__GePbS3,2.405901562535289,2.4356976
KGaSb2__GePbS3,1.5419235712771882,1.5258737
KGaSb2__GePbS3,1.7514042854644334,1.7364068
KGaSb2__GePbS3,2.73578843950093,2.7287781
Ti2Sb2Pb4O13__SbSCl9,0.8571099245395064,0.8557791
Ti2Sb2Pb4O13__SbSCl9,0.6903610788275114,0.6912442
Ti2Sb2Pb4O13__SbSCl9,2.1267540819609136,2.1363087
Ti2Sb2Pb4O13__SbSCl9,0.8071762393460178,0.8008622
NaCdPO4__LiInSiO4,1.9576548473281905,2.115533
NaCdPO4__LiInSiO4,0.8708263472541791,1.0047822
NaCdPO4__LiInSiO4,1.1343421570502463,1.209466
NaCdPO4__LiInSiO4,2.023865411114873,2.1196373
Li10Si(PSe6)2__In2(CN2)3,1.966839107514774,1.7821039
Li10Si(PSe6)2__In2(CN2)3,1.8780969315225216,1.7925563
Li10Si(PSe6)2__In2(CN2)3,1.119664612686195,1.0134759
Li10Si(PSe6)2__In2(CN2)3,1.3497026053881018,1.2901665
PCBM__NaAlSe2,2.7232346622735872,2.732075
PCBM__NaAlSe2,2.571378720227877,2.5228765
PCBM__NaAlSe2,1.8405757724046177,1.8172269
PCBM__NaAlSe2,0.8956162438303551,0.92447823
KInAs3H7O13__LiGaS2,2.23129553890164,2.3232365
KInAs3H7O13__LiGaS2,0.4842094372241515,0.5623471
KInAs3H7O13__LiGaS2,0.7722318717020712,0.8878744
KInAs3H7O13__LiGaS2,0.8821120518787552,0.886019
K2TeSe3__CaTiO3,1.1113931469291018,0.8843749
K2TeSe3__CaTiO3,1.2529878743488605,1.0416358
K2TeSe3__CaTiO3,1.6300445894721205,1.1958652
K2TeSe3__CaTiO3,2.1302269549810924,1.6072036
Te3(PbO4)2__TeO2,1.7162426233386294,1.7368531
Te3(PbO4)2__TeO2,1.607763506274637,1.6428893
Te3(PbO4)2__TeO2,2.2769011186251373,2.278419
Te3(PbO4)2__TeO2,1.7699618431070063,1.7802848
KCa(H2N)3__Ca5(IO6)2,1.1913454325998387,1.1320995
KCa(H2N)3__Ca5(IO6)2,0.6742900361237801,0.68803376
KCa(H2N)3__Ca5(IO6)2,1.9584843759561763,1.9478688
KCa(H2N)3__Ca5(IO6)2,1.657139099939395,1.5613015
Na4GeSe4__BrNO3,1.6396041707324165,1.6315107
Na4GeSe4__BrNO3,1.363816897297731,1.3606396
Na4GeSe4__BrNO3,1.9062612808723791,1.9095958
Na4GeSe4__BrNO3,0.8138698228119007,0.79593176
Ga10GePb3O20__CdH2SeO5,1.791001548429486,1.8163743
Ga10GePb3O20__CdH2SeO5,1.2950439858368898,1.2839133
Ga10GePb3O20__CdH2SeO5,1.603003620941167,1.6143762
Ga10GePb3O20__CdH2SeO5,1.193404587421963,1.1868621
S(IO3)2__BrCl,0.9956052408924394,1.0636649
S(IO3)2__BrCl,2.020127688710572,2.061287
S(IO3)2__BrCl,2.008396265086569,2.0434859
S(IO3)2__BrCl,0.6484472746431696,0.6869136
P2S5__K3LiGe4,2.5532543476904865,2.5032327
P2S5__K3LiGe4,2.6089647451770053,2.5325725
P2S5__K3LiGe4,1.1444975517000928,1.2109573
P2S5__K3LiGe4,1.7042881603861295,1.7219942
ZnSe__KSb2PO8,1.9521584713167257,1.5983796
ZnSe__KSb2PO8,0.8426958812233181,0.70889103
ZnSe__KSb2PO8,2.1373111214058618,1.7028104
ZnSe__KSb2PO8,2.069726979135286,1.6162733
Li2GePbS4__AsClF8,2.622582274835917,2.545898
Li2GePbS4__AsClF8,2.520489862790665,2.4807148
Li2GePbS4__AsClF8,0.9260843853380316,0.9378589
Li2GePbS4__AsClF8,2.570110765102829,2.5700066
KNaS__CdS,0.6965221495980003,0.74127
KNaS__CdS,2.673597742362688,2.6550703
KNaS__CdS,2.210907213998357,2.2149088
KNaS__CdS,2.432842253063969,2.3927846
Sn2OF2__H3C3N5,1.7978729051655211,1.9375496
Sn2OF2__H3C3N5,0.928821382236692,0.9826979
Sn2OF2__H3C3N5,0.6318055675292203,0.6862804
Sn2OF2__H3C3N5,1.8779141763310097,2.0454898
GeBr4__In2(Se2O5)3,1.8933382063885749,1.7265791
GeBr4__In2(Se2O5)3,2.4605944740548558,2.3519926
GeBr4__In2(Se2O5)3,0.6011416465416152,0.5870098
GeBr4__In2(Se2O5)3,1.245130942977892,1.2284336
Na2O__Li5SbS3I2,0.4048181985244139,0.34096816
Na2O__Li5SbS3I2,1.1541470208155646,1.0867628
Na2O__Li5SbS3I2,1.320257407307999,1.206468
Na2O__Li5SbS3I2,0.9303564850765704,0.78589356
TeS7Cl2__KTi2(PO4)3,0.6533060481279481,0.6506739
TeS7Cl2__KTi2(PO4)3,1.3350136072049268,1.3477733
TeS7Cl2__KTi2(PO4)3,1.5155268686258674,1.5524546
TeS7Cl2__KTi2(PO4)3,1.2335559284339652,1.2224121
Ca3(SiP2)2__S5(IO9)2,2.6424917619582238,2.642766
Ca3(SiP2)2__S5(IO9)2,2.0695743723149778,2.0426624
Ca3(SiP2)2__S5(IO9)2,2.4468303217899146,2.4562132
Ca3(SiP2)2__S5(IO9)2,1.256456081679159,1.2453468
K3SbTe3__TePbO3,0.7680154263303872,0.79317945
K3SbTe3__TePbO3,1.1945328445672128,1.1897053
K3SbTe3__TePbO3,2.3606322755667417,2.3041775
K3SbTe3__TePbO3,2.346842431785132,2.3553166
SIO3F__Sb2PbO6,0.6773604561121616,0.67178315
SIO3F__Sb2PbO6,1.2878976604106347,1.272077
SIO3F__Sb2PbO6,2.6627973816302983,2.6615407
SIO3F__Sb2PbO6,1.4934685997173716,1.4974048
HS2IO8__ZnH2SeO5,2.3738555400590062,2.4170604
HS2IO8__ZnH2SeO5,0.8474961326068493,0.89304984
HS2IO8__ZnH2SeO5,2.347804773112766,2.3698196
HS2IO8__ZnH2SeO5,0.7015941739545176,0.7860572
LiAs__NaS,2.0885236518242536,2.0921223
LiAs__NaS,1.2000265995869497,1.1424098
LiAs__NaS,1.651799479285327,1.600366
LiAs__NaS,2.028493432878671,1.9814982
NClO3__NaPS3,1.5390667543977634,1.5189761
NClO3__NaPS3,1.0595074046231518,1.0956821
NClO3__NaPS3,2.633931788980266,2.5772018
NClO3__NaPS3,1.869716298604298,1.8415391
PbI2__Li2GeN2,2.0942007396081004,2.0397875
PbI2__Li2GeN2,2.2709408858637743,2.180331
PbI2__Li2GeN2,1.9034045665341848,1.9625441
PbI2__Li2GeN2,0.7950485473179348,0.81612027
K2NaH10IO10__KSiSbO5,1.5746447281315117,1.4181802
K2NaH10IO10__KSiSbO5,0.4842492663382122,0.5070544
K2NaH10IO10__KSiSbO5,0.3342875273494245,0.28808612
K2NaH10IO10__KSiSbO5,1.7625492009088222,1.6290836
Zn2Te3O8__SbClF8,1.7997529798425247,1.8048638
Zn2Te3O8__SbClF8,1.0277909937204888,1.0664309
Zn2Te3O8__SbClF8,1.0062459702862885,1.0556265
Zn2Te3O8__SbClF8,1.7000700911913265,1.6893977
NaSbS2__K3GaSe3,0.5421273015430569,0.63374364
NaSbS2__K3GaSe3,2.0579466491961838,1.8867756
NaSbS2__K3GaSe3,1.7640579235983862,1.6234869
NaSbS2__K3GaSe3,1.6953359470971854,1.5757157
Cd3SiO5__K4P21I,2.6563657089545947,2.618425
Cd3SiO5__K4P21I,1.2166447949321888,1.190277
Cd3SiO5__K4P21I,1.5325955864270222,1.523928
Cd3SiO5__K4P21I,1.3917590571612326,1.3394359
LiInTe2__GePbS3,0.4904669136188748,0.5190344
LiInTe2__GePbS3,2.2552590012038403,2.2307153
LiInTe2__GePbS3,0.4309462266690712,0.4694933
LiInTe2__GePbS3,0.8873608660356395,0.94297886
KSb2PO8__K2Zn(SnSe3)2,1.2774515683859125,1.3696433
KSb2PO8__K2Zn(SnSe3)2,1.4070145606975393,1.4379164
KSb2PO8__K2Zn(SnSe3)2,0.9877817641082344,0.9724941
KSb2PO8__K2Zn(SnSe3)2,2.150342017566845,2.1702437
Na6S2O9__K2PS3,0.530772367116233,0.5651263
Na6S2O9__K2PS3,2.500684069926866,2.524079
Na6S2O9__K2PS3,2.6550501154178168,2.7284791
Na6S2O9__K2PS3,1.6951039010467788,1.7699993
CdSe__Na3H5(SeO4)4,2.5155447709683254,2.5362985
CdSe__Na3H5(SeO4)4,1.365613850613696,1.3965919
CdSe__Na3H5(SeO4)4,2.201229346457481,2.2372518
CdSe__Na3H5(SeO4)4,1.662972327866127,1.6753943
GeTe__K2CdSiO4,2.5613570367196807,2.4701438
GeTe__K2CdSiO4,0.5302994743914949,0.5822443
GeTe__K2CdSiO4,2.56763784744603,2.4772
GeTe__K2CdSiO4,0.7755944072850625,0.7851405
Na2ZnH4(SeO5)2__Te4P2O13,0.5737345864647072,0.63014585
Na2ZnH4(SeO5)2__Te4P2O13,1.1648172864635835,1.1824355
Na2ZnH4(SeO5)2__Te4P2O13,1.622427266200974,1.7112172
Na2ZnH4(SeO5)2__Te4P2O13,2.5045445732535625,2.6148424
SbBr5F6__KInTe2,1.4089302498911616,1.4068688
SbBr5F6__KInTe2,1.05539217233927,1.1128267
SbBr5F6__KInTe2,0.679671351070148,0.7232383
SbBr5F6__KInTe2,1.7073510888052237,1.7263973
NaInSn2__K2Pb2O3,1.8191721572952584,1.7448806
NaInSn2__K2Pb2O3,1.771840068792643,1.720092
NaInSn2__K2Pb2O3,0.6286983712597349,0.75990003
NaInSn2__K2Pb2O3,1.6553648751966554,1.6694447
Zn(InTe2)2__Sb7Se8F35,2.203745412171573,2.2230606
Zn(InTe2)2__Sb7Se8F35,2.484882623188001,2.5418978
Zn(InTe2)2__Sb7Se8F35,1.773041644613856,1.7670294
Zn(InTe2)2__Sb7Se8F35,2.523289237897845,2.5137036
KNa4GaO4__Na2SnO2,1.5173184344166486,1.5673124
KNa4GaO4__Na2SnO2,2.422492691575884,2.4689896
KNa4GaO4__Na2SnO2,0.705647092846812,0.8034995
KNa4GaO4__Na2SnO2,1.1967965088364831,1.2131388
Ga2Te5__P3BrCl14,0.5250857735503743,0.5238013
Ga2Te5__P3BrCl14,2.4711920385793795,2.501108
Ga2Te5__P3BrCl14,2.012544322592125,1.9740957
Ga2Te5__P3BrCl14,1.6585627897700017,1.648142
Na10Zn4O9__Na5IO6,1.718077320454896,1.7491891
Na10Zn4O9__Na5IO6,1.4446320817235103,1.3366325
Na10Zn4O9__Na5IO6,1.8826868546920448,1.8169396
Na10Zn4O9__Na5IO6,1.8990321417527052,1.7873094
LiAsS2__Ca2Si5N8,1.012987880462126,1.058081
LiAsS2__Ca2Si5N8,2.50360647549176,2.5144432
LiAsS2__Ca2Si5N8,2.753465877104996,2.6774871
LiAsS2__Ca2Si5N8,0.9319891502277898,0.99161184
KTeP2__Ti6CCl14,1.0638808516289533,1.1114628
KTeP2__Ti6CCl14,2.3232762794233324,2.260704
KTeP2__Ti6CCl14,2.0795621475013126,2.0441513
KTeP2__Ti6CCl14,1.561737694735735,1.6189054
Cd7(P2Cl3)2__P2H9(CBr)3,1.820684819177204,1.7729313
Cd7(P2Cl3)2__P2H9(CBr)3,1.7094032196122118,1.6908605
Cd7(P2Cl3)2__P2H9(CBr)3,1.4783826367590598,1.505753
Cd7(P2Cl3)2__P2H9(CBr)3,0.96364076030622,1.032216
K3SnSe3__LiGaO2,0.5646431803673653,0.66033274
K3SnSe3__LiGaO2,0.5954808297591955,0.60680324
K3SnSe3__LiGaO2,2.279672043509444,2.2984803
K3SnSe3__LiGaO2,0.6713664305106879,0.79889333
K6Zn4Sn5S17__NaSbCl6,2.1048902453639693,2.0396028
K6Zn4Sn5S17__NaSbCl6,1.9974271216905592,1.9053931
K6Zn4Sn5S17__NaSbCl6,0.4433833136408698,0.4916073
K6Zn4Sn5S17__NaSbCl6,1.3300535900983246,1.2920783
Ca3(GaP2)2__In2S3,2.430088007495609,2.4761455
Ca3(GaP2)2__In2S3,1.6147497621637732,1.6002322
Ca3(GaP2)2__In2S3,1.6907021256901933,1.6999115
Ca3(GaP2)2__In2S3,2.041419358137356,2.0628061
Na5Al3H14__LiGa(H2N)4,0.5852533944764032,0.6054142
Na5Al3H14__LiGa(H2N)4,2.3285668233909096,2.372884
Na5Al3H14__LiGa(H2N)4,0.7938778544211641,0.827539
Na5Al3H14__LiGa(H2N)4,1.3179687145703338,1.2775085
KSnPS4__NClO3,1.4503200310363982,1.3894974
KSnPS4__NClO3,0.7304807034221666,0.7557398
KSnPS4__NClO3,1.4932022003209957,1.4821112
KSnPS4__NClO3,2.1143616058150547,2.0369577
KInBr3__KGeCl3,0.8449058371305623,0.85242075
KInBr3__KGeCl3,1.830865388815631,1.6875329
KInBr3__KGeCl3,2.07860738474337,1.9065758
KInBr3__KGeCl3,0.6808544523490494,0.6523152
Na3AsO4__KTe3O6F,0.9431354092544012,0.9265917
Na3AsO4__KTe3O6F,0.6301828444260473,0.7013853
Na3AsO4__KTe3O6F,1.5433923722803862,1.6413113
Na3AsO4__KTe3O6F,2.3245733318385016,2.3797991
TeI4__P,0.7399785010330514,0.83424455
TeI4__P,1.1037495039270084,1.2594699
TeI4__P,0.9888639959205886,1.1392626
TeI4__P,0.5971958260946936,0.6365523
NaSe__Ca5P3H,0.6360300133657916,0.5125468
NaSe__Ca5P3H,1.3774774492413773,1.211299
NaSe__Ca5P3H,0.6552458876618403,0.5678403
NaSe__Ca5P3H,0.8504814689551334,0.81157666
Na5(InTe3)2__Ca3(AlAs2)2,1.6729948950210882,1.5096447
Na5(InTe3)2__Ca3(AlAs2)2,1.1639692250894895,1.0416076
Na5(InTe3)2__Ca3(AlAs2)2,1.2180042333936774,1.0087713
Na5(InTe3)2__Ca3(AlAs2)2,0.7156637492573583,0.65153253
Na5SiAs3__K4Sb2O5,0.9324784261736162,1.0032027
Na5SiAs3__K4Sb2O5,1.029913593707216,1.057976
Na5SiAs3__K4Sb2O5,1.2709229880792727,1.3318206
Na5SiAs3__K4Sb2O5,2.430212432586881,2.4173758
TeO3__NaLiZnS2,1.2461974445310648,1.2502445
TeO3__NaLiZnS2,2.0624099888493994,2.0330117
TeO3__NaLiZnS2,2.1804316618194326,2.223796
TeO3__NaLiZnS2,1.3737732554405224,1.3370943
Na5SnP3__K2Sb4O11,0.6090960187740027,0.66255194
Na5SnP3__K2Sb4O11,2.57937370940477,2.3813143
Na5SnP3__K2Sb4O11,0.8805874305898523,0.8161953
Na5SnP3__K2Sb4O11,0.9458447124671432,0.9728106
Pb(IO3)2__NaHO,2.1383541759564104,2.0681252
Pb(IO3)2__NaHO,2.2341380699779028,2.0503328
Pb(IO3)2__NaHO,0.4194415270036714,0.42313978
Pb(IO3)2__NaHO,2.0649193580508927,1.9364814
NaZnAsO4__K2TiSi3(HO5)2,1.417356611807985,1.5105082
NaZnAsO4__K2TiSi3(HO5)2,1.456695108500922,1.5381293
NaZnAsO4__K2TiSi3(HO5)2,1.8536453646541484,2.082512
NaZnAsO4__K2TiSi3(HO5)2,1.0334783631540574,1.0949516
Zn(SbO3)2__Cd(AsO3)2,0.4222943531190967,0.4618493
Zn(SbO3)2__Cd(AsO3)2,2.033994792095988,2.1419694
Zn(SbO3)2__Cd(AsO3)2,0.8784464867213546,0.9564417
Zn(SbO3)2__Cd(AsO3)2,0.5483698449720241,0.53489476
CdHOF__Li2ZnGeS4,1.321775472738787,1.4207747
CdHOF__Li2ZnGeS4,1.5963116417893923,1.6515676
CdHOF__Li2ZnGeS4,2.4648249731137186,2.4712489
CdHOF__Li2ZnGeS4,2.2521061437168903,2.2784426
Na2SnGe2(HO4)2__ZnSeO4,1.4741221743031865,1.4839139
Na2SnGe2(HO4)2__ZnSeO4,1.8065151431382431,1.7992519
Na2SnGe2(HO4)2__ZnSeO4,1.344173649569964,1.2850842
Na2SnGe2(HO4)2__ZnSeO4,1.1255729795770009,1.1512734
Sb2Te2O9__TiSn6F16,1.618969071025048,1.6081942
Sb2Te2O9__TiSn6F16,2.149753889592565,2.2341633
Sb2Te2O9__TiSn6F16,0.4309324775893902,0.46746165
Sb2Te2O9__TiSn6F16,0.5207643724457699,0.59935117
InI2__SbAs2Cl13,1.6873101363789558,1.7304307
InI2__SbAs2Cl13,1.51317635972765,1.5217984
InI2__SbAs2Cl13,2.584403829561213,2.5701914
InI2__SbAs2Cl13,2.183479047046437,2.2380886
SiAs__Na2HF4,0.8948983714509714,0.9457508
SiAs__Na2HF4,2.371098862242141,2.4166083
SiAs__Na2HF4,0.6633459639431786,0.749586
SiAs__Na2HF4,0.513707944114553,0.60555845
Li2SnTeO6__Al2ZnSe4,0.5777374606773198,0.60711086
Li2SnTeO6__Al2ZnSe4,0.3281002341826978,0.41464126
Li2SnTeO6__Al2ZnSe4,1.8174219917034824,1.9218771
Li2SnTeO6__Al2ZnSe4,0.5844522289209862,0.62739927
Na5AlO4__PbF4,0.7203882585503306,0.7387246
Na5AlO4__PbF4,2.104627637178721,2.0731564
Na5AlO4__PbF4,1.59524068645797,1.5676951
Na5AlO4__PbF4,1.5158061782923529,1.5141618
KSn2(PO4)3__TeCl4,1.20304092374262,1.1837506
KSn2(PO4)3__TeCl4,1.8241430005232424,1.7820468
KSn2(PO4)3__TeCl4,1.037149238825193,1.0309963
KSn2(PO4)3__TeCl4,2.547153747220555,2.585297
NaP3(PbO3)4__SIO3F,1.986011786808006,1.960794
NaP3(PbO3)4__SIO3F,1.6128334114008047,1.6176637
NaP3(PbO3)4__SIO3F,0.8376720763846383,0.83132434
NaP3(PbO3)4__SIO3F,2.4261831349262235,2.3679545
AlP__Na2Zn(GeS3)2,1.4552544662345963,1.604209
AlP__Na2Zn(GeS3)2,0.498921101450623,0.49012157
AlP__Na2Zn(GeS3)2,0.983712098911762,1.0683353
AlP__Na2Zn(GeS3)2,1.5469687924624267,1.71191
Na3Ca3AlAs4__SnCl2,1.014501165975661,1.0508194
Na3Ca3AlAs4__SnCl2,2.7494947467474637,2.7032766
Na3Ca3AlAs4__SnCl2,1.148719041736287,1.1308022
Na3Ca3AlAs4__SnCl2,1.8153760493429176,1.8575826
SbBr5F6__NaP15,1.5526989988244804,1.5712925
SbBr5F6__NaP15,2.5086873077085965,2.4809642
SbBr5F6__NaP15,0.8422039453027197,0.91350234
SbBr5F6__NaP15,2.0893778474507823,2.1260822
Al4CdO7__Te(S2O7)2,1.0431819526845394,1.0715116
Al4CdO7__Te(S2O7)2,1.2031186339846422,1.1527514
Al4CdO7__Te(S2O7)2,0.6489109448371698,0.690666
Al4CdO7__Te(S2O7)2,1.5513343894936538,1.5773776
SnTe3O8__As2Pb3O8,2.025414312362698,1.8888043
SnTe3O8__As2Pb3O8,0.5939698523265571,0.52352244
SnTe3O8__As2Pb3O8,1.070540358837264,1.0151802
SnTe3O8__As2Pb3O8,1.1047237398838516,1.062614
Cd2AsO4F__Br2O3,1.1278077968114426,1.1623962
Cd2AsO4F__Br2O3,0.6683995501841274,0.72847396
Cd2AsO4F__Br2O3,1.0118486344769524,1.059415
Cd2AsO4F__Br2O3,2.4367851441534985,2.4536712
ZnI2__P2Pb3O8,1.095464699523953,1.5264447
ZnI2__P2Pb3O8,0.6115799051813154,0.7235898
ZnI2__P2Pb3O8,0.5582498592319868,0.5941381
ZnI2__P2Pb3O8,0.8139406679146427,0.9808565
Zn2AsHO5__HC2N3,1.1968272737912438,1.1659651
Zn2AsHO5__HC2N3,1.2997801761529957,1.282251
Zn2AsHO5__HC2N3,1.7955156914777648,1.7644283
Zn2AsHO5__HC2N3,2.59205385124951,2.594481
K10Zn4Sn4S17__Sb9S4F39,2.1865948353835933,2.1903129
K10Zn4Sn4S17__Sb9S4F39,0.481532364284333,0.5295296
K10Zn4Sn4S17__Sb9S4F39,0.956002138897164,1.0117035
K10Zn4Sn4S17__Sb9S4F39,2.573687315984935,2.5814984
Na2Zn2Si2O7__P2Pb3O8,2.344679882018241,2.3790274
Na2Zn2Si2O7__P2Pb3O8,1.705767784015746,1.7964935
Na2Zn2Si2O7__P2Pb3O8,2.000252008814195,1.9804493
Na2Zn2Si2O7__P2Pb3O8,1.4390828006390617,1.531858
CaAlH5__NaLi3(H2N)4,2.5526436205297265,2.5515556
CaAlH5__NaLi3(H2N)4,1.0327246309118476,1.08204
CaAlH5__NaLi3(H2N)4,1.4337723101203157,1.4607937
CaAlH5__NaLi3(H2N)4,2.1408106282692096,2.2026877
K6ZnSe4__As3Pb5ClO12,1.690112118312724,1.6425786
K6ZnSe4__As3Pb5ClO12,1.6170600404519735,1.6020057
K6ZnSe4__As3Pb5ClO12,0.8782317860773059,0.90837866
K6ZnSe4__As3Pb5ClO12,1.9713310607145345,2.0011282
Ca4SiN4__CaGeN2,1.7639933300864832,1.7934273
Ca4SiN4__CaGeN2,0.715301892325861,0.7333684
Ca4SiN4__CaGeN2,2.0804400320550505,2.1346245
Ca4SiN4__CaGeN2,2.488055076858238,2.6306608
Ca2Ti3O8__SbAs2Cl13,0.6512442415015199,0.6191022
Ca2Ti3O8__SbAs2Cl13,2.606120584848458,2.5917757
Ca2Ti3O8__SbAs2Cl13,0.5592986715018127,0.6387554
Ca2Ti3O8__SbAs2Cl13,1.8351262936702115,1.7906562
PICl6__Na6Ge2S7,1.3592372786195257,1.3416617
PICl6__Na6Ge2S7,2.7976259030723827,2.7948995
PICl6__Na6Ge2S7,0.5984478496021508,0.62138116
PICl6__Na6Ge2S7,0.9337212503165911,0.9262332
NaAsSe2__LiTiPO5,1.680212781054114,1.6844753
NaAsSe2__LiTiPO5,0.8592266823566608,0.89436185
NaAsSe2__LiTiPO5,1.3349704643046318,1.3515493
NaAsSe2__LiTiPO5,2.235613186048648,2.173733
KSbS2__BrF3,1.3199129328570842,1.3314186
KSbS2__BrF3,1.6026320155308105,1.5664003
KSbS2__BrF3,1.3390747098538271,1.3723966
KSbS2__BrF3,2.258338923105074,2.2446008
Ca21(Zn2As9)2__NClO3,0.8174496101645262,0.80957305
Ca21(Zn2As9)2__NClO3,0.6575824594157665,0.6880076
Ca21(Zn2As9)2__NClO3,1.1651679605594336,1.2091315
Ca21(Zn2As9)2__NClO3,1.2280397621981607,1.1979806
NaInSn2__CdSe2,1.5191384458513055,1.5174096
NaInSn2__CdSe2,1.8454097244307364,1.8066934
NaInSn2__CdSe2,0.6586830596725362,0.6497374
NaInSn2__CdSe2,2.2249253781290834,2.2010007
SeBr4__Li5SiP3,2.280876528234675,2.360521
SeBr4__Li5SiP3,2.784811756591122,2.7549536
SeBr4__Li5SiP3,1.2121841605960049,1.221589
SeBr4__Li5SiP3,0.9774121099216976,0.98118913
K6ZnSe4__CaTiN2,1.664829705769107,1.4827039
K6ZnSe4__CaTiN2,0.4676145346932506,0.3912706
K6ZnSe4__CaTiN2,0.5941737151771667,0.5680551
K6ZnSe4__CaTiN2,0.4129552031299873,0.3362411
In2(PS3)3__TiPCl9,2.596547466062309,2.515497
In2(PS3)3__TiPCl9,1.940679598248624,1.8611585
In2(PS3)3__TiPCl9,0.4096836253564092,0.46881855
In2(PS3)3__TiPCl9,0.7556005699953109,0.794259
K4PbO4__LiAlSe2,0.6920736797403992,0.68176025
K4PbO4__LiAlSe2,2.811550285642996,2.55324
K4PbO4__LiAlSe2,0.9325306111190452,0.97304887
K4PbO4__LiAlSe2,2.3584191940170727,2.2029192
In3SnI5__Na2Se2O7,0.648092642128505,0.68780833
In3SnI5__Na2Se2O7,0.8035970230704959,0.80439794
In3SnI5__Na2Se2O7,1.0955140323002082,1.08872
In3SnI5__Na2Se2O7,0.7619410267286743,0.7924403
K6Sn3As5__TiGeS3,2.2216340211089416,2.1977074
K6Sn3As5__TiGeS3,0.6960427931918152,0.6954778
K6Sn3As5__TiGeS3,0.7019709929716255,0.74488765
K6Sn3As5__TiGeS3,0.5488083666734244,0.5736265
Na3PS4__K3SbTe3,1.361180509198674,1.3738081
Na3PS4__K3SbTe3,2.6341929430226574,2.6485488
Na3PS4__K3SbTe3,0.5985474699627578,0.6051725
Na3PS4__K3SbTe3,1.648550191319205,1.6692433
Ca3(SiP2)2__K2Ge2S5,2.2905242329945508,2.2876987
Ca3(SiP2)2__K2Ge2S5,2.091473788069435,2.044493
Ca3(SiP2)2__K2Ge2S5,2.000953096649445,2.0122678
Ca3(SiP2)2__K2Ge2S5,1.9369979020686048,1.948885
NaSbTe2__LiTiAsO5,0.5512406877913936,0.56128365
NaSbTe2__LiTiAsO5,2.096502988564375,2.1279135
NaSbTe2__LiTiAsO5,1.65831277925438,1.5742217
NaSbTe2__LiTiAsO5,0.5034623824069355,0.5246133
K3SbO4__Na2GeO3,0.6571994239546904,0.6775833
K3SbO4__Na2GeO3,1.004526882500396,1.0813186
K3SbO4__Na2GeO3,0.8321966072725521,0.82281226
K3SbO4__Na2GeO3,1.064057110281159,1.1112293
Sb2BrF15__GaTeI7,0.8341034893018668,0.84707624
Sb2BrF15__GaTeI7,1.7492520629617314,1.7684919
Sb2BrF15__GaTeI7,1.885101675123076,1.8929324
Sb2BrF15__GaTeI7,0.6432939762285794,0.65519947
K2Ga2As3__K4PbO4,0.9076093329899302,0.87621444
K2Ga2As3__K4PbO4,0.9817360213810542,1.0160083
K2Ga2As3__K4PbO4,1.2450498419239522,1.1875582
K2Ga2As3__K4PbO4,0.9171383286511924,0.9160078
KInO2__KIn(TeO3)2,0.8676569020678616,0.8415897
KInO2__KIn(TeO3)2,1.3176735821486845,1.2129245
KInO2__KIn(TeO3)2,1.0935985028934128,1.0666407
KInO2__KIn(TeO3)2,0.7752236336187689,0.78137034
Li2TeS3__Na2Sb4O7,0.7110499431567475,0.7743434
Li2TeS3__Na2Sb4O7,2.3183827791124227,2.4993892
Li2TeS3__Na2Sb4O7,1.5330326452255574,1.6258947
Li2TeS3__Na2Sb4O7,1.1215057725610478,1.2179279
K2Sn2O3__Li2Ti6Zn3O16,1.3078456265437368,1.3530678
K2Sn2O3__Li2Ti6Zn3O16,1.5072316708296762,1.6063304
K2Sn2O3__Li2Ti6Zn3O16,0.9553350307062932,1.0226085
K2Sn2O3__Li2Ti6Zn3O16,0.7433701857993089,0.74129736
KZnSb__Na2CaTi2(GeO4)3,2.30077574616284,2.29643
KZnSb__Na2CaTi2(GeO4)3,0.7182684873430778,0.7556524
KZnSb__Na2CaTi2(GeO4)3,2.046800159655302,2.082212
KZnSb__Na2CaTi2(GeO4)3,0.676035860679867,0.7306606
Zn(SbO3)2__KSi5N7,1.0057686067550002,1.0470893
Zn(SbO3)2__KSi5N7,1.7267934792978243,1.6680962
Zn(SbO3)2__KSi5N7,1.6702117471187043,1.731728
Zn(SbO3)2__KSi5N7,2.6304534536566413,2.521615
P7Pb__Na6S2O9,0.92203346000231,0.9245095
P7Pb__Na6S2O9,0.943281520758277,1.0689536
P7Pb__Na6S2O9,0.5989595023529892,0.70572656
P7Pb__Na6S2O9,1.6450747809868456,1.7285303
Na6GaAs3__KSnPO5,2.651859321862801,2.5383747
Na6GaAs3__KSnPO5,2.7575133927571045,2.6607196
Na6GaAs3__KSnPO5,0.9589677989536765,0.9692682
Na6GaAs3__KSnPO5,2.155872886392739,2.1196003
IO2F__K2LiAlH6,1.558809638840218,1.5943376
IO2F__K2LiAlH6,2.772320417862126,2.7694025
IO2F__K2LiAlH6,2.386446063301666,2.3916204
IO2F__K2LiAlH6,1.8168693920578536,1.8500124
BrNO3__Ca2As2O7,2.486577632760492,2.4375937
BrNO3__Ca2As2O7,2.0495113615855063,2.0349717
BrNO3__Ca2As2O7,1.105064483056984,1.0974138
BrNO3__Ca2As2O7,1.368056229548276,1.3821903
SbSI__Sb2IBr2F11,2.0291593683258884,2.0348225
SbSI__Sb2IBr2F11,0.591580879263007,0.5970219
SbSI__Sb2IBr2F11,2.398704644575272,2.4153333
SbSI__Sb2IBr2F11,0.96098923168191,0.9884219
Li3SbS4__K2SbCl5,1.0152037432988457,0.9740294
Li3SbS4__K2SbCl5,0.933389629784397,0.93985105
Li3SbS4__K2SbCl5,0.4085392257617822,0.42159912
Li3SbS4__K2SbCl5,1.6046814622858252,1.6368724
Na5SnP3__K2Li3GaO4,1.7998083177260122,1.8043084
Na5SnP3__K2Li3GaO4,0.4888410924390285,0.53901255
Na5SnP3__K2Li3GaO4,2.5511057573760465,2.5040765
Na5SnP3__K2Li3GaO4,2.330024194837056,2.2788854
SnO2__Al6Cd4SO12,2.25227179911146,2.2209718
SnO2__Al6Cd4SO12,1.128998986876665,1.1780157
SnO2__Al6Cd4SO12,0.7287708296720966,0.7508763
SnO2__Al6Cd4SO12,1.042622500151793,1.0417047
Na4Ge2PbS6__SbCl5,2.739927880342357,2.726355
Na4Ge2PbS6__SbCl5,1.1128050791936313,1.1345288
Na4Ge2PbS6__SbCl5,2.6028689584369675,2.648956
Na4Ge2PbS6__SbCl5,2.479225097636438,2.4534326
HI3__LiInI4,0.8776873325613891,0.8852584
HI3__LiInI4,0.6810913478285233,0.6376283
HI3__LiInI4,1.4343015575989388,1.4344596
HI3__LiInI4,2.0634541303024743,2.0615773
KSbO3__K2Zn(GeO3)2,0.9026707911911802,1.130533
KSbO3__K2Zn(GeO3)2,0.7203369167579821,0.7592276
KSbO3__K2Zn(GeO3)2,0.6859786346555042,0.85720044
KSbO3__K2Zn(GeO3)2,1.132218484527477,1.600383
Ca2Ge__P3HT,1.4271759661748478,1.4826279
Ca2Ge__P3HT,2.4943806385753446,2.60718
Ca2Ge__P3HT,0.9542871679947644,1.034775
Ca2Ge__P3HT,1.5100407781132603,1.5110036
K4Ti3S14__K2In2P3Se10,0.8793314236917467,0.7898279
K4Ti3S14__K2In2P3Se10,1.326091469357452,1.1886863
K4Ti3S14__K2In2P3Se10,1.8490998323025507,1.8158237
K4Ti3S14__K2In2P3Se10,2.1347792583706533,2.148978
TeS7Cl2__Na2LiAlH6,1.0609632168010923,1.1280239
TeS7Cl2__Na2LiAlH6,2.914695818155713,2.877797
TeS7Cl2__Na2LiAlH6,1.8986977802963756,1.9353637
TeS7Cl2__Na2LiAlH6,2.5711803418450656,2.5062082
K2Sb4O11__Al2Te3,1.5754060318651375,1.4382076
K2Sb4O11__Al2Te3,1.973413847934341,1.8279765
K2Sb4O11__Al2Te3,1.9861012026415932,1.7472875
K2Sb4O11__Al2Te3,0.5934254896991397,0.5436258
K4PbO3__SICl7,0.8721656496183604,0.9017353
K4PbO3__SICl7,0.8784952081842362,0.9092133
K4PbO3__SICl7,1.149979761054721,1.1950306
K4PbO3__SICl7,2.6516827346234826,2.6086302
Na2SnAs2__CaTeO3,2.495087658004591,2.483805
Na2SnAs2__CaTeO3,0.6979907294138221,0.6844439
Na2SnAs2__CaTeO3,0.9006851862002035,0.8979566
Na2SnAs2__CaTeO3,1.7990697394692288,1.8103671
Sb2O5__K3Li3TeO6,2.5333514527173318,2.4506133
Sb2O5__K3Li3TeO6,1.3309938103252767,1.3275605
Sb2O5__K3Li3TeO6,2.769212039889394,2.7142375
Sb2O5__K3Li3TeO6,0.8273285637732326,0.89287525
K2Pb2O3__Ca2PN3,1.103211871816833,1.0128981
K2Pb2O3__Ca2PN3,2.4219186120753053,2.2724507
K2Pb2O3__Ca2PN3,0.8180651164619661,0.79445386
K2Pb2O3__Ca2PN3,0.8581646421480194,0.8800391
SCl4__NaGa(SeO3)2,2.0823823418087226,2.0827286
SCl4__NaGa(SeO3)2,1.3409029714748877,1.2882273
SCl4__NaGa(SeO3)2,2.424525276333747,2.3879037
SCl4__NaGa(SeO3)2,2.815624991617487,2.808535
TeHO3__Cd(GaTe2)2,0.7647974025004616,0.7744937
TeHO3__Cd(GaTe2)2,0.7511014853705613,0.7461204
TeHO3__Cd(GaTe2)2,1.2780045766616943,1.2582129
TeHO3__Cd(GaTe2)2,1.426897365208106,1.4411077
K2GeSe3__CdPbF6,2.124867495091184,2.128069
K2GeSe3__CdPbF6,1.0085306521885329,1.0082859
K2GeSe3__CdPbF6,1.6264106845030444,1.6431528
K2GeSe3__CdPbF6,2.5306905999166287,2.4807937
Pentacene__LiCaAlN2,2.5726664900208083,2.534068
Pentacene__LiCaAlN2,1.046395428159946,1.0173892
Pentacene__LiCaAlN2,2.2780593519229235,2.2486913
Pentacene__LiCaAlN2,0.7162813709895747,0.7131053
SbBr5F6__Na2In2GeS6,1.4918892443575889,1.4172491
SbBr5F6__Na2In2GeS6,0.874085780969905,0.9388275
SbBr5F6__Na2In2GeS6,1.24191671465507,1.2653415
SbBr5F6__Na2In2GeS6,0.9283974390112129,0.8955234
Li3As7(H3N)13__Na2Se2O7,1.113985389716,0.9984758
Li3As7(H3N)13__Na2Se2O7,2.667244136739486,2.1729953
Li3As7(H3N)13__Na2Se2O7,1.3360166669118152,1.0824556
Li3As7(H3N)13__Na2Se2O7,2.006021541857125,1.5746151
LiZnN__Ca(AlSe2)2,0.7699014298257368,0.86960447
LiZnN__Ca(AlSe2)2,2.743850068993823,2.462649
LiZnN__Ca(AlSe2)2,1.098819226490173,1.0302055
LiZnN__Ca(AlSe2)2,2.037908903355314,1.9720167
Na5GeP3__K2Zn3O4,1.121089946390767,1.1026319
Na5GeP3__K2Zn3O4,1.130250281773871,1.0766836
Na5GeP3__K2Zn3O4,0.3269313190553554,0.21670772
Na5GeP3__K2Zn3O4,1.5136367894643394,1.5312798
Ti(SeO3)2__Sb2S19F12,2.205992238379477,2.2659993
Ti(SeO3)2__Sb2S19F12,0.6650983720697297,0.6763779
Ti(SeO3)2__Sb2S19F12,0.8688453818333464,0.936655
Ti(SeO3)2__Sb2S19F12,2.262241109409588,2.2528946
Li10Sn(PSe6)2__NaInS2,0.5253210032927107,0.5915397
Li10Sn(PSe6)2__NaInS2,1.2873601925010678,1.2278011
Li10Sn(PSe6)2__NaInS2,1.5491270659002134,1.5154712
Li10Sn(PSe6)2__NaInS2,2.2840028934386782,2.1432486
K5In3(SiO3)7__SnTe3O8,2.598441703445764,2.5921981
K5In3(SiO3)7__SnTe3O8,1.8587451017154373,1.8685434
K5In3(SiO3)7__SnTe3O8,0.770405826804653,0.82355577
K5In3(SiO3)7__SnTe3O8,1.4190098286880692,1.4699913
LiCa11Sb9__KPSe6,1.3739279438827048,1.3577597
LiCa11Sb9__KPSe6,1.531484254384178,1.5292405
LiCa11Sb9__KPSe6,0.5405914450206256,0.63744193
LiCa11Sb9__KPSe6,0.7978351383998715,0.82083184
PTCDA__TeBrO3F5,1.097426430390399,1.0993178
PTCDA__TeBrO3F5,2.515414123215874,2.4997554
PTCDA__TeBrO3F5,2.066250233865811,2.0726404
PTCDA__TeBrO3F5,0.8345392295329015,0.8460162
In5S5Br__AlPI8,0.47839484977516,0.48343676
In5S5Br__AlPI8,1.2294266129129152,1.0570139
In5S5Br__AlPI8,1.6904882453026828,1.4690433
In5S5Br__AlPI8,0.521659582982372,0.47926122
LiSb3O8__TeSe,0.885865048970963,0.8523745
LiSb3O8__TeSe,0.6387305380491641,0.6957862
LiSb3O8__TeSe,0.6332873724021432,0.66331744
LiSb3O8__TeSe,1.10064653625063,1.1012938
ZnSe2__NaH2N,0.7498821123031219,0.8314573
ZnSe2__NaH2N,0.7306501488520839,0.82747275
ZnSe2__NaH2N,1.8179831151233512,1.9672433
ZnSe2__NaH2N,1.7997688978184974,1.8653486
Na2SnAs2__SnPCl9,0.4408044704129752,0.4823268
Na2SnAs2__SnPCl9,2.039345150054295,2.0461102
Na2SnAs2__SnPCl9,2.453496159065123,2.4090688
Na2SnAs2__SnPCl9,2.670474944059264,2.6236544
KGaI4__SbS8Cl3,1.6691744980559695,1.6889601
KGaI4__SbS8Cl3,2.2064586582337515,2.2569697
KGaI4__SbS8Cl3,2.138198247331157,2.1131527
KGaI4__SbS8Cl3,2.434724069837042,2.3587964
Si__ZnSe2O5,1.384476489713964,1.4086964
Si__ZnSe2O5,1.020527815692953,1.1374648
Si__ZnSe2O5,2.3538609744614,2.3575325
Si__ZnSe2O5,1.8298701755871103,1.8090518
IBr__K4Ge(PS3)4,2.8402065901415074,2.774767
IBr__K4Ge(PS3)4,1.0680499861129682,1.0411471
IBr__K4Ge(PS3)4,1.9858133890167395,1.9852272
IBr__K4Ge(PS3)4,1.4541121055759283,1.4504356
Li2S__P2Pb3S8,2.1823647985611228,2.0889206
Li2S__P2Pb3S8,0.760957460904479,0.7583414
Li2S__P2Pb3S8,1.648445895081865,1.632902
Li2S__P2Pb3S8,1.7527549246499363,1.6841025
K6Ti2S6O__PbBr2,0.5341330104500096,0.5522616
K6Ti2S6O__PbBr2,1.646152167496988,1.7184923
K6Ti2S6O__PbBr2,2.0663611913943765,2.1081529
K6Ti2S6O__PbBr2,1.9216786100327972,1.9869001
BrF5__K2ZnTe2,0.8141818702670518,0.9149454
BrF5__K2ZnTe2,2.476028353373989,2.460311
BrF5__K2ZnTe2,0.628950405082058,0.64504474
BrF5__K2ZnTe2,0.6520527349205496,0.7301836
Al2PbSe4__SbPO5,1.391939651840559,1.4364424
Al2PbSe4__SbPO5,0.677889120618625,0.6862441
Al2PbSe4__SbPO5,0.4549616350278042,0.50507885
Al2PbSe4__SbPO5,1.2538201059248475,1.2505976
Na7Al2Sb5__Na6ZnSe4,2.749362893779145,2.681084
Na7Al2Sb5__Na6ZnSe4,2.735777032225901,2.6589212
Na7Al2Sb5__Na6ZnSe4,2.37706116673264,2.2743094
Na7Al2Sb5__Na6ZnSe4,1.0010390154295787,1.0372963
K3LiGe4__P2H9(CBr)3,1.1003612749149954,1.130316
K3LiGe4__P2H9(CBr)3,2.499276758468393,2.5095994
K3LiGe4__P2H9(CBr)3,0.6120486985193602,0.60163534
K3LiGe4__P2H9(CBr)3,1.8953269813565703,1.8474872
SnSe__GeSe,0.5574962762925033,0.4440469
SnSe__GeSe,0.7099045998517075,0.68865013
SnSe__GeSe,1.3452899503444116,1.3675209
SnSe__GeSe,0.6577398848127523,0.5625945
Ca3GaN3__Na10Zn4O9,0.468513881090066,0.5450098
Ca3GaN3__Na10Zn4O9,1.4181210410881848,1.345144
Ca3GaN3__Na10Zn4O9,1.4477571272614222,1.4527537
Ca3GaN3__Na10Zn4O9,0.6564244497379567,0.62699926
GeS2__SbClF8,0.9973750477681784,1.0067487
GeS2__SbClF8,1.2004053446539356,1.2084627
GeS2__SbClF8,0.6274453064696983,0.6210529
GeS2__SbClF8,1.4456920972063318,1.4804091
TiSnP2SO12__KSiSbO5,1.590821146004295,1.5802716
TiSnP2SO12__KSiSbO5,1.8381303078306763,1.8331774
TiSnP2SO12__KSiSbO5,0.5118130490084246,0.49633938
TiSnP2SO12__KSiSbO5,0.8479229462340292,0.8610215
Na3TiF8__Sn5O6,1.2679924825291906,1.3198687
Na3TiF8__Sn5O6,1.2997107817171654,1.3045703
Na3TiF8__Sn5O6,1.8265739411523227,1.8040233
Na3TiF8__Sn5O6,2.710726979788854,2.6744916
In2Si2Pb2O9__H4CSN2,2.1569147012326737,2.1483002
In2Si2Pb2O9__H4CSN2,2.726721084087244,2.6961834
In2Si2Pb2O9__H4CSN2,2.0493151494170085,1.9790746
In2Si2Pb2O9__H4CSN2,2.7264626345791307,2.6984463
K4I2O9__SbBr(OF3)2,1.0297283434652629,0.9988643
K4I2O9__SbBr(OF3)2,1.1632497135760942,1.1400248
K4I2O9__SbBr(OF3)2,1.9425262493466136,1.8679035
K4I2O9__SbBr(OF3)2,1.6366829673115422,1.6669167
SnO__K2Ga2As3,1.919753322958244,1.9338766
SnO__K2Ga2As3,0.8706969712634609,0.87263626
SnO__K2Ga2As3,2.4173546564256627,2.3750467
SnO__K2Ga2As3,1.4941582749421434,1.4812782
Li2TiO3__Sn(SO4)2,2.661128861734685,2.6094675
Li2TiO3__Sn(SO4)2,2.3643938670994635,2.3566346
Li2TiO3__Sn(SO4)2,2.181883682937708,2.1846163
Li2TiO3__Sn(SO4)2,0.6033307308618556,0.5894512
SbPS4__CdSiP2,2.7185918472095283,2.6895711
SbPS4__CdSiP2,2.774961178577033,2.7178385
SbPS4__CdSiP2,0.5558786085251334,0.5560598
SbPS4__CdSiP2,1.1056747555748616,1.1311785
Na3AsO4__Ca2SnO4,2.338769482651115,2.3493054
Na3AsO4__Ca2SnO4,1.690679388317459,1.7060944
Na3AsO4__Ca2SnO4,0.3987221730765705,0.4362379
Na3AsO4__Ca2SnO4,1.0542483606934112,1.0291274
K4Ti3S14__P4S9,2.332391851623137,2.2868595
K4Ti3S14__P4S9,1.2220495083306906,1.1846622
K4Ti3S14__P4S9,2.117354464463985,2.1577432
K4Ti3S14__P4S9,1.4497550755270456,1.4423869
Li2CdGeO4__Rubrene,0.7667466165253283,0.7841955
Li2CdGeO4__Rubrene,1.8127376333854175,1.8233162
Li2CdGeO4__Rubrene,0.8490841034875264,0.8669227
Li2CdGeO4__Rubrene,2.45156915611364,2.440698
Li2CdGeS4__CaSiN2,1.2625085199769432,1.2634223
Li2CdGeS4__CaSiN2,0.8095573680914538,0.7400278
Li2CdGeS4__CaSiN2,2.552133975548933,2.4421608
Li2CdGeS4__CaSiN2,0.6876760268306914,0.6759883
SbCl(OF3)2__Na4Al3Ge3IO12,2.2185889122117755,2.1944234
SbCl(OF3)2__Na4Al3Ge3IO12,1.5092578762281157,1.4948206
SbCl(OF3)2__Na4Al3Ge3IO12,0.4277481501326003,0.5110911
SbCl(OF3)2__Na4Al3Ge3IO12,2.008771942946532,2.03819
K2Sn2Se5__CaSb10(S3O5)2,2.413883513605052,2.4567401
K2Sn2Se5__CaSb10(S3O5)2,2.0438037973823517,2.0273576
K2Sn2Se5__CaSb10(S3O5)2,2.335652408649235,2.3360033
K2Sn2Se5__CaSb10(S3O5)2,2.13448918270907,1.9887167
Ca3In2(GeO4)3__K2Zn(H2N)4,0.6759476025164093,0.68515104
Ca3In2(GeO4)3__K2Zn(H2N)4,2.5459819656596245,2.4977233
Ca3In2(GeO4)3__K2Zn(H2N)4,1.0830462125176932,1.0425978
Ca3In2(GeO4)3__K2Zn(H2N)4,1.7647259157399044,1.7411749
Sn(SeO3)2__Zn(IO3)2,0.745986572974611,0.68637824
Sn(SeO3)2__Zn(IO3)2,0.4855263906240787,0.43208495
Sn(SeO3)2__Zn(IO3)2,1.7011386071576151,1.5680918
Sn(SeO3)2__Zn(IO3)2,2.1849853301882662,2.0432107
KSb(PO4)2__Li2Se,2.3967268828220782,2.5421133
KSb(PO4)2__Li2Se,1.287548900466764,1.3812536
KSb(PO4)2__Li2Se,1.607976520907629,1.7873763
KSb(PO4)2__Li2Se,1.156315221226728,1.3173382
Li3N__K2O,0.9197362951382352,0.6960996
Li3N__K2O,1.2689056012711584,0.9323217
Li3N__K2O,1.4665382598099572,1.003092
Li3N__K2O,2.153006270270141,1.6115254
Sn2SI2__SnTe3O8,1.5008398241074377,1.5598823
Sn2SI2__SnTe3O8,1.1885322105155318,1.2722596
Sn2SI2__SnTe3O8,2.2903815187542613,2.3096824
Sn2SI2__SnTe3O8,0.5910586415387192,0.5883111
GaSbO4__LiGa5O8,1.3527482893862244,1.4284163
GaSbO4__LiGa5O8,2.6303616684043027,2.6110165
GaSbO4__LiGa5O8,2.185247627376932,2.150419
GaSbO4__LiGa5O8,0.6691534460304881,0.8601457
SbBr5F6__I2O5,1.1198493449478466,1.1308954
SbBr5F6__I2O5,1.939349052907202,1.8719125
SbBr5F6__I2O5,1.6783395620754709,1.6406182
SbBr5F6__I2O5,1.178683173976635,1.2210087
K2GaAs2__K2NaGaP2,1.2290407762341524,1.229357
K2GaAs2__K2NaGaP2,1.049418770651375,1.1028926
K2GaAs2__K2NaGaP2,1.2435780000317511,1.1572582
K2GaAs2__K2NaGaP2,0.4808028486922802,0.39135972
CdIn2O4__Cd2AsHO5,1.5279806945671106,1.5193577
CdIn2O4__Cd2AsHO5,2.7923537671616927,2.7859552
CdIn2O4__Cd2AsHO5,1.424247793036041,1.4164377
CdIn2O4__Cd2AsHO5,0.3959527338478023,0.45475417
K2SnO2__SeO2,1.99168325690618,2.0219305
K2SnO2__SeO2,1.4513640226402618,1.482019
K2SnO2__SeO2,1.1807101294227762,1.2135986
K2SnO2__SeO2,2.4210801128284616,2.4322362
In2(SeO4)3__NaTi2(PO4)3,2.8775698997908146,2.8020785
In2(SeO4)3__NaTi2(PO4)3,0.9038095101451658,0.9147781
In2(SeO4)3__NaTi2(PO4)3,1.585333240158752,1.6348592
In2(SeO4)3__NaTi2(PO4)3,1.7642937351880297,1.788672
Na2ZnO2__SnO,1.261797518020014,1.2905974
Na2ZnO2__SnO,2.390393858909809,2.3670096
Na2ZnO2__SnO,0.8385145462467575,0.8588975
Na2ZnO2__SnO,1.8667285853988869,1.8337098
K4ZnAs2__Na2SnO3,0.8660848244738528,0.96043426
K4ZnAs2__Na2SnO3,1.6795746764115498,1.6838937
K4ZnAs2__Na2SnO3,2.015560671030016,2.0604813
K4ZnAs2__Na2SnO3,1.4079619691900864,1.4064003
NaS__KSi5N7,2.3015598702673983,2.3046856
NaS__KSi5N7,1.8083494516806151,1.8558472
NaS__KSi5N7,2.527020996395845,2.5259204
NaS__KSi5N7,1.0653616797495276,1.1318083
Ti4S24Cl6O__K5Na(Ti2Se9)3,1.2026112958831772,1.2207094
Ti4S24Cl6O__K5Na(Ti2Se9)3,1.5346876264064473,1.5005925
Ti4S24Cl6O__K5Na(Ti2Se9)3,1.2808173130834482,1.2621881
Ti4S24Cl6O__K5Na(Ti2Se9)3,1.6043368792949888,1.6186396
Na6ZnSe4__Ca3In2(GeO4)3,2.328692094452212,2.1693864
Na6ZnSe4__Ca3In2(GeO4)3,1.49204216871461,1.2874177
Na6ZnSe4__Ca3In2(GeO4)3,1.233280094138174,1.1112113
Na6ZnSe4__Ca3In2(GeO4)3,1.7360875455768732,1.4491893
K9InSe7__GaAsO4,1.558110115413369,1.5611755
K9InSe7__GaAsO4,1.8548409113826136,1.896467
K9InSe7__GaAsO4,1.4213585143817071,1.4506072
K9InSe7__GaAsO4,2.5342408232278286,2.454062
ZnGeP2__K2Ge(IO3)6,1.3839769317254331,1.4624913
ZnGeP2__K2Ge(IO3)6,1.7763224048900892,1.8793292
ZnGeP2__K2Ge(IO3)6,1.167372118850725,1.2082999
ZnGeP2__K2Ge(IO3)6,1.2049737578494726,1.2505025
KNa7Pb2O7__K3Na2InO4,0.5664650491971074,0.5629585
KNa7Pb2O7__K3Na2InO4,1.3832104736427957,1.2716038
KNa7Pb2O7__K3Na2InO4,1.5589281380017486,1.428842
KNa7Pb2O7__K3Na2InO4,2.1011188136986565,1.9340869
Cd3(PO4)2__Al(IO3)3,1.1842716017382515,1.1360688
Cd3(PO4)2__Al(IO3)3,2.0603851421239257,1.9127659
Cd3(PO4)2__Al(IO3)3,1.4967288495630346,1.3818189
Cd3(PO4)2__Al(IO3)3,0.6675853058273942,0.6657693
Ca4CN4__KSbO2,1.4906951826353083,1.464208
Ca4CN4__KSbO2,1.6883425225637028,1.5701348
Ca4CN4__KSbO2,0.4122212734305938,0.2864373
Ca4CN4__KSbO2,0.4898335022874766,0.35122633
K4CdAs2__K5InO4,2.082298728649311,2.102462
K4CdAs2__K5InO4,2.222800511514412,2.250604
K4CdAs2__K5InO4,1.045435939061818,1.021125
K4CdAs2__K5InO4,0.9033965313626235,0.8777416
KZnSb__In6Te10Pb,0.9437064141191102,0.9219178
KZnSb__In6Te10Pb,0.4283710346953457,0.43477005
KZnSb__In6Te10Pb,1.7254992683529824,1.7406018
KZnSb__In6Te10Pb,1.0208892295197398,1.0271962
K2Sb4O11__GeBr4,1.181463545180661,1.1791689
K2Sb4O11__GeBr4,1.1566534205201524,1.0779173
K2Sb4O11__GeBr4,2.315636542423221,2.2421513
K2Sb4O11__GeBr4,1.912780722466332,1.8978357
KLiS__AsS,2.3605449882218363,2.359966
KLiS__AsS,1.725680294936546,1.7648371
KLiS__AsS,0.5320545210846,0.5919589
KLiS__AsS,2.0362577794723022,2.0368493
KNaTe__KGaI4,1.9630165234094976,1.8288057
KNaTe__KGaI4,0.9216818666369556,0.8536048
KNaTe__KGaI4,1.2413986400269248,1.1130538
KNaTe__KGaI4,0.4930120424060735,0.4805921
LiInSiO4__AsN(OF3)2,2.752104718039322,2.7255006
LiInSiO4__AsN(OF3)2,2.22498818091336,2.2157683
LiInSiO4__AsN(OF3)2,1.43045941038419,1.3909572
LiInSiO4__AsN(OF3)2,1.457447124833984,1.4900196
K2Na3SiP3__CaSnN2,0.6955766122935618,0.58155054
K2Na3SiP3__CaSnN2,0.7731069274003539,0.67687446
K2Na3SiP3__CaSnN2,1.677483289141305,1.6726177
K2Na3SiP3__CaSnN2,1.8062774592527653,1.6296141
AlI3__TeHO3,1.073034120668474,1.1140151
AlI3__TeHO3,1.6269276722749928,1.6294062
AlI3__TeHO3,2.3613514675071383,2.3601336
AlI3__TeHO3,1.2467226873033586,1.2280174
Ca3(GaP2)2__Al2Se3,1.7646518636939474,1.8160435
Ca3(GaP2)2__Al2Se3,2.182830656266019,2.1864722
Ca3(GaP2)2__Al2Se3,0.8251654235945841,0.8532684
Ca3(GaP2)2__Al2Se3,1.7592795387142484,1.7192671
Cd(InTe2)2__Ca4As3,0.6020878419107388,0.5749719
Cd(InTe2)2__Ca4As3,2.7540562884722086,2.7785068
Cd(InTe2)2__Ca4As3,1.7038418292299666,1.7295767
Cd(InTe2)2__Ca4As3,2.3679897654289626,2.417957
KNaSe__Al2Cd3(GeO4)3,2.506851690365185,2.446054
KNaSe__Al2Cd3(GeO4)3,1.416171369747197,1.4064369
KNaSe__Al2Cd3(GeO4)3,1.0172919934273528,1.0019339
KNaSe__Al2Cd3(GeO4)3,1.5662018349371432,1.5898052
InSiTe3__SbBr3,2.783550822590751,2.7011678
InSiTe3__SbBr3,2.3998312460234463,2.3175702
InSiTe3__SbBr3,1.0055348534361552,1.0544682
InSiTe3__SbBr3,1.1351052730766509,1.1335812
KCdGeAs2__Cd3(PO4)2,2.0581638543352727,2.0260794
KCdGeAs2__Cd3(PO4)2,0.7866605925707215,0.7826618
KCdGeAs2__Cd3(PO4)2,1.8752795781158915,1.8786484
KCdGeAs2__Cd3(PO4)2,2.645151184609529,2.660402
K2Al2Sb3__In2Se3,1.503658706325072,1.5537975
K2Al2Sb3__In2Se3,1.0905727106153318,1.107834
K2Al2Sb3__In2Se3,1.2977665763761577,1.3412976
K2Al2Sb3__In2Se3,2.162053216546533,2.2485719
Li3AsH16(SO2)4__KBrF4,0.4832776723988884,0.44106328
Li3AsH16(SO2)4__KBrF4,0.5092312739244518,0.43879595
Li3AsH16(SO2)4__KBrF4,0.8366275543266118,0.79202634
Li3AsH16(SO2)4__KBrF4,1.3329113040792624,1.284381
Ca2PI__K2TiCl6,1.808856486567901,1.6394101
Ca2PI__K2TiCl6,0.6065840762705536,0.51191324
Ca2PI__K2TiCl6,1.0643901932711408,0.94941884
Ca2PI__K2TiCl6,0.5781658684860469,0.56362236
Na6Ge2S7__PICl6,0.5636268461875618,0.5399814
Na6Ge2S7__PICl6,2.365121744291899,2.345699
Na6Ge2S7__PICl6,2.2247658869534583,2.1803594
Na6Ge2S7__PICl6,1.0287471146871248,1.0497923
Ca4Sb2O__LiInI4,1.6001976411908043,1.4610682
Ca4Sb2O__LiInI4,1.1507147286843953,1.1052004
Ca4Sb2O__LiInI4,2.741553233012848,2.4480538
Ca4Sb2O__LiInI4,1.7771701468639354,1.6222591
K2CdSiO4__GaSeBr7,2.185676474636369,2.192291
K2CdSiO4__GaSeBr7,1.5060199258422695,1.5733471
K2CdSiO4__GaSeBr7,1.0859889105217813,1.0084867
K2CdSiO4__GaSeBr7,1.6702657287125762,1.6581702
Na2GeSe3__K2Na(H2N)3,0.7319590135107696,0.726654
Na2GeSe3__K2Na(H2N)3,1.2650207592320053,1.2701554
Na2GeSe3__K2Na(H2N)3,0.6609882330180061,0.5216202
Na2GeSe3__K2Na(H2N)3,0.3787631596295861,0.29539374
Na6P4Pb3S16__K2SnCl6,1.133707165972563,1.5113286
Na6P4Pb3S16__K2SnCl6,0.3274085795596518,0.21395211
Na6P4Pb3S16__K2SnCl6,0.988378864202602,1.2092189
Na6P4Pb3S16__K2SnCl6,1.203497656478399,1.5064441
Sb2S3__Na4GeO4,0.7603400694608728,0.8563764
Sb2S3__Na4GeO4,1.076688883711257,1.0912569
Sb2S3__Na4GeO4,0.56771069446875,0.69012094
Sb2S3__Na4GeO4,2.200232365577888,1.959717
CaGaGeH__Sn2S3,1.6843815502869703,1.741099
CaGaGeH__Sn2S3,0.6896600773259124,0.7564419
CaGaGeH__Sn2S3,2.630796658189186,2.606157
CaGaGeH__Sn2S3,2.2254147565837794,2.23593
NaP__CaTi2(HO3)2,2.588514228849942,2.5521142
NaP__CaTi2(HO3)2,0.8830886080432695,0.96347404
NaP__CaTi2(HO3)2,2.0746077771357245,2.0670323
NaP__CaTi2(HO3)2,1.8587771778201825,1.8474642
InBr3__Al2(SeO4)3,1.379536422093743,1.3005856
InBr3__Al2(SeO4)3,2.567127562521281,2.1924155
InBr3__Al2(SeO4)3,1.3719730410037705,1.2484916
InBr3__Al2(SeO4)3,0.5384138330608266,0.5055754
Li2ZnGeS4__CBP,2.8304186756458285,2.75751
Li2ZnGeS4__CBP,1.2033837558300124,1.2393817
Li2ZnGeS4__CBP,0.9213037631808768,1.0641276
Li2ZnGeS4__CBP,1.1983201141617985,1.2488885
K3GeTe3__CaH3NO5,1.1151425120864866,1.1441923
K3GeTe3__CaH3NO5,2.654092736088518,2.6104553
K3GeTe3__CaH3NO5,0.6012595506267291,0.7005761
K3GeTe3__CaH3NO5,2.133839893956255,2.0338771
Ca3(GeP2)2__SiH17S3N5,0.6901795113758835,0.67905396
Ca3(GeP2)2__SiH17S3N5,1.4506226296740814,1.4457196
Ca3(GeP2)2__SiH17S3N5,1.44386659629729,1.4497905
Ca3(GeP2)2__SiH17S3N5,1.8239444903481936,1.8151191
K4I2O9__Li2GeN2,0.740668010537081,0.51778615
K4I2O9__Li2GeN2,1.7414788646056432,1.2589169
K4I2O9__Li2GeN2,0.7327627780455389,0.5956012
K4I2O9__Li2GeN2,1.5302001193670842,1.2639042
CdSO4__InPO4,0.666867195768625,0.6995287
CdSO4__InPO4,0.8671168684273023,0.8574943
CdSO4__InPO4,0.5621502210300535,0.63125545
CdSO4__InPO4,2.1160890335887808,2.1144674
Br2O3__LiGaTe2,0.6826110660352277,0.7063329
Br2O3__LiGaTe2,1.8977147310901537,1.8665318
Br2O3__LiGaTe2,0.9769545720257344,1.0149155
Br2O3__LiGaTe2,0.9052118143460942,0.8974009
NOF__LiTiAsO5,0.7942336951883016,0.8222652
NOF__LiTiAsO5,0.995859978060554,0.9995986
NOF__LiTiAsO5,2.5481954163827893,2.4796517
NOF__LiTiAsO5,2.211649281783867,2.2611601
Cd(GaSe2)2__K4SiO4,2.555914359479887,2.5999377
Cd(GaSe2)2__K4SiO4,1.6471281034856473,1.6977841
Cd(GaSe2)2__K4SiO4,0.9254761237940634,1.0376965
Cd(GaSe2)2__K4SiO4,2.672592756405024,2.7158062
TiI4__Al2ZnSe4,2.720846998418309,2.2115445
TiI4__Al2ZnSe4,1.6652465844764732,1.2969844
TiI4__Al2ZnSe4,0.8257310378979371,0.7008773
TiI4__Al2ZnSe4,1.1959729805349766,1.0714111
K2Ti2O5__Zn(SbO3)2,1.8586457643270868,1.8323117
K2Ti2O5__Zn(SbO3)2,2.412284911888336,2.332319
K2Ti2O5__Zn(SbO3)2,2.002468590006912,1.9304762
K2Ti2O5__Zn(SbO3)2,2.76434394371639,2.6132286
TeI4__SbH36S4N11,1.7323162461005472,1.6086814
TeI4__SbH36S4N11,1.9045906216804975,1.7847654
TeI4__SbH36S4N11,0.590990031090253,0.48405954
TeI4__SbH36S4N11,1.0635464566017778,1.0418257
ZnSb4H18S7N6__Te2O3F2,1.5620968195301546,1.5667435
ZnSb4H18S7N6__Te2O3F2,0.8722367051616069,0.92491925
ZnSb4H18S7N6__Te2O3F2,2.031936756690245,2.0564961
ZnSb4H18S7N6__Te2O3F2,2.6072535241583967,2.6324291
ICl3__GaP,0.9806938587695306,0.9809081
ICl3__GaP,1.852804568680983,1.8308493
ICl3__GaP,0.5638561033315197,0.6415443
ICl3__GaP,0.8402868802204908,0.8117132
SiH17S3N5__Na6GaP3,1.2907136868264637,1.264651
SiH17S3N5__Na6GaP3,2.6768066558472725,2.6580906
SiH17S3N5__Na6GaP3,0.7320308120302996,0.74456054
SiH17S3N5__Na6GaP3,0.7043429480192316,0.7285999
Na2PbO3__K3As11,2.7219783888584232,2.681861
Na2PbO3__K3As11,0.8656106973497177,0.87970716
Na2PbO3__K3As11,2.460508779389189,2.4967575
Na2PbO3__K3As11,0.5369030725413333,0.57772404
TiSO5__Li4Zn(H2N)6,1.400514710131688,1.5507936
TiSO5__Li4Zn(H2N)6,1.18619889499555,1.29504
TiSO5__Li4Zn(H2N)6,0.4510654736785511,0.35986212
TiSO5__Li4Zn(H2N)6,0.9620443043050404,1.0347049
Na3SiTe3__SbPO5,0.7013587979902556,0.76578426
Na3SiTe3__SbPO5,2.7399978114787125,2.7193735
Na3SiTe3__SbPO5,2.8862607338716684,2.870239
Na3SiTe3__SbPO5,0.7557853189031537,0.77396065
KSb(PO4)2__Ca3Ga2(GeO4)3,0.4067660856703129,0.42038316
KSb(PO4)2__Ca3Ga2(GeO4)3,2.506661977568617,2.6185677
KSb(PO4)2__Ca3Ga2(GeO4)3,1.728003156379074,1.7529535
KSb(PO4)2__Ca3Ga2(GeO4)3,1.7699513386320236,1.7921886
Ti(SO4)2__Sn2(SO4)3,1.7327460499861775,1.6594198
Ti(SO4)2__Sn2(SO4)3,1.8976140926758465,1.7798265
Ti(SO4)2__Sn2(SO4)3,0.6801468040437239,0.5938306
Ti(SO4)2__Sn2(SO4)3,1.0515985071773242,0.9033013
Li7SbN4__Ti5(PO5)4,2.136404768607779,1.935629
Li7SbN4__Ti5(PO5)4,0.9777493353089968,0.93156797
Li7SbN4__Ti5(PO5)4,2.24545766874193,2.0063887
Li7SbN4__Ti5(PO5)4,1.5018346173323662,1.3438228
KSb(PSe3)2__KH(IO3)2,1.6338364965366292,1.5727931
KSb(PSe3)2__KH(IO3)2,2.158532984923545,2.0333607
KSb(PSe3)2__KH(IO3)2,2.180192938236814,1.9805814
KSb(PSe3)2__KH(IO3)2,0.743250124887938,0.8077367
Ca11InSb9__Ga2PbO4,2.465815060306403,2.3830304
Ca11InSb9__Ga2PbO4,2.470451983301872,2.2743175
Ca11InSb9__Ga2PbO4,2.6597322555653005,2.511266
Ca11InSb9__Ga2PbO4,2.066948644382955,1.9911674
K2Se5__K3AlSe3,2.4938490212736637,2.2586806
K2Se5__K3AlSe3,1.2037523071879082,1.2200342
K2Se5__K3AlSe3,2.2451772724107366,2.1890795
K2Se5__K3AlSe3,1.649245953527764,1.5169599
NaInS2__CaPS3,0.8021972016081533,0.79039884
NaInS2__CaPS3,1.331909700037215,1.3187337
NaInS2__CaPS3,1.7530103134083883,1.6232347
NaInS2__CaPS3,2.199683592574498,2.1787965
K2GeTe4__Na3GeSe3,1.435312810804094,1.2777957
K2GeTe4__Na3GeSe3,0.9694184245429348,0.94583225
K2GeTe4__Na3GeSe3,0.6140951561224134,0.6285048
K2GeTe4__Na3GeSe3,1.5107076468805103,1.4237634
AlP__Zn(GaO2)2,2.1721755886645857,1.9203259
AlP__Zn(GaO2)2,0.7237152993670753,0.667798
AlP__Zn(GaO2)2,2.4558836276859712,2.322163
AlP__Zn(GaO2)2,1.719318518060709,1.663413
Na5InTe4__ICl,0.9787649260888466,0.9799996
Na5InTe4__ICl,0.6778701902090577,0.67387813
Na5InTe4__ICl,1.1346149857569787,1.1486698
Na5InTe4__ICl,0.5379453474311193,0.5355306
Ga2PbSe4__Ca3CdO4,0.5517536996491822,1.1252918
Ga2PbSe4__Ca3CdO4,0.5810805652428296,1.0046201
Ga2PbSe4__Ca3CdO4,0.3377896398769735,0.40498993
Ga2PbSe4__Ca3CdO4,0.705412208122755,1.4412425
KIO3__NaCdPO4,1.1048906847828748,1.1459961
KIO3__NaCdPO4,0.8911099941997979,0.87274015
KIO3__NaCdPO4,0.325625069684623,0.2540666
KIO3__NaCdPO4,1.138104305017339,1.0928997
LiCa3As2H__SiI3,2.6239358415113414,2.6233559
LiCa3As2H__SiI3,0.5822730658336233,0.62277406
LiCa3As2H__SiI3,2.683560808427776,2.6847193
LiCa3As2H__SiI3,0.8800810300247957,0.89794034
K2Sn2Se5__InSb3Pb4O13,0.5578726661425303,0.6111329
K2Sn2Se5__InSb3Pb4O13,1.8406499953813744,1.6929955
K2Sn2Se5__InSb3Pb4O13,2.064671456832309,1.9713604
K2Sn2Se5__InSb3Pb4O13,2.7663844776193542,2.6219149
C__KH2(IO3)3,1.1843973082218504,1.227111
C__KH2(IO3)3,2.3755463636797214,2.1890085
C__KH2(IO3)3,0.8391858920682187,0.85853547
C__KH2(IO3)3,2.218238174948461,1.9348441
CaHN__AsI3,2.6915889424546107,2.7610662
CaHN__AsI3,1.1936455238919417,1.2506431
CaHN__AsI3,2.366174844559207,2.455085
CaHN__AsI3,2.3590052427386428,2.4166083
Ca3(GaP2)2__Zn(InSe2)2,1.0996818674696076,1.1624484
Ca3(GaP2)2__Zn(InSe2)2,0.7650484527033262,0.83071643
Ca3(GaP2)2__Zn(InSe2)2,2.728147899308085,2.8014443
Ca3(GaP2)2__Zn(InSe2)2,0.6601889665769168,0.71712327
ICl3__Na2SnO2,2.4872108399530304,2.4694583
ICl3__Na2SnO2,2.4236246705924613,2.34816
ICl3__Na2SnO2,1.16439449419202,1.175289
ICl3__Na2SnO2,1.1486750580153706,1.1826091
SiSe2__Ca4CN4,0.6430424349677369,0.6752655
SiSe2__Ca4CN4,0.7897262152690362,0.8407018
SiSe2__Ca4CN4,1.234365674510694,1.2295314
SiSe2__Ca4CN4,1.6082455541141665,1.6581522
CaSe__K2CdGeO4,2.0697857393083567,2.041439
CaSe__K2CdGeO4,0.9123450237081784,0.90712714
CaSe__K2CdGeO4,1.1235247192820117,1.1245524
CaSe__K2CdGeO4,2.6295871239679323,2.66643
K2Li(H2N)3__NaIn(GeO3)2,1.3280703391223043,1.3343596
K2Li(H2N)3__NaIn(GeO3)2,0.763385725711007,0.6693404
K2Li(H2N)3__NaIn(GeO3)2,0.5590692220834514,0.44716015
K2Li(H2N)3__NaIn(GeO3)2,0.9587796114629612,0.89863265
K2Ge(IO3)6__Si2H2S3,0.5287154235564715,0.6303739
K2Ge(IO3)6__Si2H2S3,1.811135983866061,1.8096242
K2Ge(IO3)6__Si2H2S3,0.8303892732106138,0.8635369
K2Ge(IO3)6__Si2H2S3,1.3655261497121751,1.452708
LiZnP__ZnPbF6,1.074171965177387,1.1270713
LiZnP__ZnPbF6,1.5674311625269803,1.6351662
LiZnP__ZnPbF6,0.841552255067062,0.8245472
LiZnP__ZnPbF6,1.0812030195388902,1.1278892
LiCaP__Ca2Al2Sn2O9,1.3605170350870095,1.2883098
LiCaP__Ca2Al2Sn2O9,1.911773979462903,1.8844335
LiCaP__Ca2Al2Sn2O9,1.127924330313112,1.0834497
LiCaP__Ca2Al2Sn2O9,0.4427562373812053,0.5025443
K4CdAs2__CaSn(SO4)3,0.6636012138217333,0.74269336
K4CdAs2__CaSn(SO4)3,0.6140599560025123,0.72655696
K4CdAs2__CaSn(SO4)3,0.6552553444562759,0.7935411
K4CdAs2__CaSn(SO4)3,2.550950733657041,2.4587739
Na8Ga2O7__NClOF4,0.7751826609993362,0.7904909
Na8Ga2O7__NClOF4,0.9077718646964223,0.951892
Na8Ga2O7__NClOF4,2.180000268639389,2.185516
Na8Ga2O7__NClOF4,2.2624105488496244,2.2670093
KSnS4__Cd3SiO5,1.9704677044093408,1.9526757
KSnS4__Cd3SiO5,2.1486381978110822,2.1845005
KSnS4__Cd3SiO5,1.201132001379064,1.2117208
KSnS4__Cd3SiO5,0.7335531964784868,0.7638533
SCl__K3Si6H6N11,2.1012206660903234,2.162855
SCl__K3Si6H6N11,1.1238667099973507,1.1766311
SCl__K3Si6H6N11,2.215516435644924,2.192197
SCl__K3Si6H6N11,2.435462319438179,2.3871589
LiInSiO4__TiI2O7,2.808162728179828,2.783531
LiInSiO4__TiI2O7,0.7741288576196012,0.81377405
LiInSiO4__TiI2O7,1.491458982186572,1.4908729
LiInSiO4__TiI2O7,2.018456329722673,2.0157948
K3TiCl6__CaAlH5,1.0311319957429852,1.059068
K3TiCl6__CaAlH5,2.145525255314264,2.0316548
K3TiCl6__CaAlH5,2.585280889008875,2.5858848
K3TiCl6__CaAlH5,2.4409300455280287,2.4413612
GeS__SnBr2,1.5739311347313028,1.5306741
GeS__SnBr2,0.8183876886510534,0.84273535
GeS__SnBr2,1.962763810741553,2.0261762
GeS__SnBr2,1.2705092092996313,1.2882607
Na5InS4__Ca3Ga2Si(SnO6)2,2.3794713307885647,2.3255403
Na5InS4__Ca3Ga2Si(SnO6)2,0.8741566714847714,0.8961717
Na5InS4__Ca3Ga2Si(SnO6)2,1.345885780622528,1.3134755
Na5InS4__Ca3Ga2Si(SnO6)2,0.7249410382424112,0.69425666
CdP14Pb__Sb2Te2O9,1.042455977031729,1.0889028
CdP14Pb__Sb2Te2O9,0.8006903611766225,0.7807556
CdP14Pb__Sb2Te2O9,1.6726493748330298,1.6503826
CdP14Pb__Sb2Te2O9,0.6263144109482508,0.6764309
Na2Si2Se5__K4GeS4,1.3503766511361976,1.2772804
Na2Si2Se5__K4GeS4,1.3071745484034922,1.1751646
Na2Si2Se5__K4GeS4,0.4372670394257944,0.37170783
Na2Si2Se5__K4GeS4,0.4575848859918491,0.3076478
Ca(GaSe2)2__KAlSe2,0.5573562841897568,0.5985231
Ca(GaSe2)2__KAlSe2,1.6534727644607947,1.6906878
Ca(GaSe2)2__KAlSe2,1.8518304808720816,1.940846
Ca(GaSe2)2__KAlSe2,2.2391940149293648,2.2751365
SiAs2__Na4SeO5,1.315605612901747,1.8013551
SiAs2__Na4SeO5,0.8121307622264061,1.0051805
SiAs2__Na4SeO5,0.7089562470529929,0.828176
SiAs2__Na4SeO5,0.9705260974895902,1.2808075
K2CdO2__Cd2Te2O7,1.1879344225619883,1.2384549
K2CdO2__Cd2Te2O7,1.1676689442508892,1.1785579
K2CdO2__Cd2Te2O7,0.493924594883656,0.5097668
K2CdO2__Cd2Te2O7,1.0369542042649111,1.1349227
As2Pb8O13__TiCl4,0.3993257051898014,0.43671936
As2Pb8O13__TiCl4,0.9156044088495288,0.93607706
As2Pb8O13__TiCl4,1.9071130026511,1.8966703
As2Pb8O13__TiCl4,1.0316424588590047,1.0460672
Ca2BrN__Sn2(SO4)3,0.7667196941483303,0.81144935
Ca2BrN__Sn2(SO4)3,1.729391196236053,1.7861565
Ca2BrN__Sn2(SO4)3,0.4921390782304843,0.54178226
Ca2BrN__Sn2(SO4)3,2.4763209661139776,2.5240629
Al(TeCl2)2__NaP3(PbO3)4,0.6001502838611326,0.6428009
Al(TeCl2)2__NaP3(PbO3)4,1.1122552255026592,1.1458132
Al(TeCl2)2__NaP3(PbO3)4,0.6804477284492371,0.7289411
Al(TeCl2)2__NaP3(PbO3)4,2.5386928977688137,2.4512954
K3LiGe4__Li2GePbS4,1.238184239069957,1.2162068
K3LiGe4__Li2GePbS4,1.2883663778863383,1.233766
K3LiGe4__Li2GePbS4,1.5942024532485957,1.6175315
K3LiGe4__Li2GePbS4,1.014514530784025,1.0123739
K2Ti2O5__CaGeO3,1.5092492941945732,1.5059083
K2Ti2O5__CaGeO3,1.8211631884409467,1.5952328
K2Ti2O5__CaGeO3,1.4571544389599218,1.4583887
K2Ti2O5__CaGeO3,1.6243087540973484,1.5513852
CdSO4__TiSnP2SO12,1.242974877219455,1.2981256
CdSO4__TiSnP2SO12,1.652906410312078,1.7263771
CdSO4__TiSnP2SO12,1.7163166848204066,1.8193215
CdSO4__TiSnP2SO12,2.439242099078004,2.5524497
Te3As2__LiSb3O8,1.6129722594125784,1.3155154
Te3As2__LiSb3O8,2.2380981589837523,1.8969486
Te3As2__LiSb3O8,1.3526749541388092,1.2552232
Te3As2__LiSb3O8,0.5397607429360997,0.5186775
KZnP__Li10Zn4O9,0.6503741974189653,0.7066473
KZnP__Li10Zn4O9,1.6817027162681966,1.6568383
KZnP__Li10Zn4O9,0.7716242761189916,0.9173722
KZnP__Li10Zn4O9,0.9147679950859752,0.8967318
K2ZnSe2__KH2(IO3)3,1.8307498711960484,1.7727064
K2ZnSe2__KH2(IO3)3,0.8549288614319573,0.8597767
K2ZnSe2__KH2(IO3)3,2.518204984356833,2.5201533
K2ZnSe2__KH2(IO3)3,1.5815772927812777,1.6317382
PbSe2O5__TeO2,0.5952180431556048,0.60970545
PbSe2O5__TeO2,2.1490527169645195,2.1962543
PbSe2O5__TeO2,1.1666715445581402,1.1835015
PbSe2O5__TeO2,1.3512417561083705,1.365525
BrF3__NaCa2IO6,2.07351029344756,1.9989773
BrF3__NaCa2IO6,1.77990527230048,1.7596362
BrF3__NaCa2IO6,1.6708544614063086,1.6767001
BrF3__NaCa2IO6,2.4542274106570274,2.379316
PbS__GaP,1.9670115010776223,1.7662088
PbS__GaP,2.514261038276393,2.2512941
PbS__GaP,2.5332082928122164,2.3132715
PbS__GaP,1.4156051435941028,1.3117695
GaN__TePb5O8,1.5342959995757428,1.5416033
GaN__TePb5O8,1.4313179786001269,1.3259457
GaN__TePb5O8,0.7321707529056334,0.7310656
GaN__TePb5O8,2.115568338676057,1.9973531
K10In5Sb9__Na2In2SiS6,0.677874737697732,0.7093463
K10In5Sb9__Na2In2SiS6,2.6680111108487656,2.602956
K10In5Sb9__Na2In2SiS6,2.5668643530841715,2.5261831
K10In5Sb9__Na2In2SiS6,2.726217549126367,2.667594
Li2ZnGeO4__CBP,1.030401098899211,1.0579118
Li2ZnGeO4__CBP,1.6009378758497537,1.5919807
Li2ZnGeO4__CBP,1.4327418470804645,1.5152832
Li2ZnGeO4__CBP,0.6102339628350931,0.6236364
SiAs__Ca(H2N)2,0.7280702132881065,0.7115719
SiAs__Ca(H2N)2,0.6887937132625478,0.69959515
SiAs__Ca(H2N)2,2.0159483801255917,1.8953427
SiAs__Ca(H2N)2,2.5239902978659288,2.457279
K3P11__KF2,1.212910423230812,1.2482289
K3P11__KF2,0.7243338610790352,0.7591173
K3P11__KF2,0.7269165628686789,0.7741006
K3P11__KF2,2.5398996410737102,2.5648828
K5Zn4Sn5H4S17N__Cd(InS2)2,0.768185781607562,0.8077529
K5Zn4Sn5H4S17N__Cd(InS2)2,1.3310455134326251,1.3572706
K5Zn4Sn5H4S17N__Cd(InS2)2,0.7629805744813322,0.7944395
K5Zn4Sn5H4S17N__Cd(InS2)2,0.5522344695886418,0.5708751
KP15__K3Li3TeO6,0.6461232366227305,0.65262175
KP15__K3Li3TeO6,2.206818962882007,1.8869137
KP15__K3Li3TeO6,2.221263521841186,2.05269
KP15__K3Li3TeO6,1.9738441532751905,1.8000485
Cd(InSe2)2__TePCl9,0.982021722926005,1.0126309
Cd(InSe2)2__TePCl9,0.9992119433816836,1.0661159
Cd(InSe2)2__TePCl9,1.5239558729099674,1.5243566
Cd(InSe2)2__TePCl9,0.9428948848829252,0.9986792
Na4TiP2O9__KGaI4,1.9880691679525488,1.9910742
Na4TiP2O9__KGaI4,0.8756821198565482,0.9270483
Na4TiP2O9__KGaI4,2.2861955671224674,2.2793045
Na4TiP2O9__KGaI4,2.616681414467453,2.6603785
Na2TeS3__LiIn(IO3)4,0.620049239774437,0.7227976
Na2TeS3__LiIn(IO3)4,0.8596200871741235,0.9020623
Na2TeS3__LiIn(IO3)4,0.7890340372423995,0.83513886
Na2TeS3__LiIn(IO3)4,1.5168821531919243,1.5893644
LiZnP__TiSO5,1.212764685191307,1.1901664
LiZnP__TiSO5,2.596480710224423,2.5086234
LiZnP__TiSO5,0.5500018367056986,0.59743696
LiZnP__TiSO5,2.69968781677438,2.5510342
Li3As__CdIn2O4,1.319470417605268,1.3565276
Li3As__CdIn2O4,1.6154026247287616,1.6204813
Li3As__CdIn2O4,1.7409479220999104,1.6844132
Li3As__CdIn2O4,2.060305457838969,2.057505
K14In4O13__Sn3(PO4)2,1.6666299795991713,1.6944431
K14In4O13__Sn3(PO4)2,1.303989905623026,1.3349363
K14In4O13__Sn3(PO4)2,2.526256595204968,2.5135243
K14In4O13__Sn3(PO4)2,1.3807499654111588,1.3505067
InSb3F18__NPB,1.6953936348683434,1.7418671
InSb3F18__NPB,1.723947610093589,1.7261219
InSb3F18__NPB,1.3359492096625485,1.345078
InSb3F18__NPB,2.428617160888659,2.4454162
NaCa2IO6__Na2Ti2Si2O9,1.041916230417523,1.1067754
NaCa2IO6__Na2Ti2Si2O9,1.540028375065141,1.6170863
NaCa2IO6__Na2Ti2Si2O9,0.9719501172547884,1.0193552
NaCa2IO6__Na2Ti2Si2O9,1.2621213179783035,1.3038867
K3Na2InO4__K3SbSe3,1.9336538743893923,1.8822732
K3Na2InO4__K3SbSe3,1.3572674816337826,1.3301694
K3Na2InO4__K3SbSe3,1.1340761753616675,1.1174752
K3Na2InO4__K3SbSe3,0.7014531172040743,0.71878654
Cd(GaSe2)2__Na4TiP2O9,1.7932892688754594,1.7982049
Cd(GaSe2)2__Na4TiP2O9,2.5579801944903977,2.5251234
Cd(GaSe2)2__Na4TiP2O9,1.9509878119516415,1.9684036
Cd(GaSe2)2__Na4TiP2O9,1.642609400409184,1.5830556
Na5GeP3__SnS,0.6298780994019362,0.6639469
Na5GeP3__SnS,1.0579701983713818,1.0472934
Na5GeP3__SnS,2.6367801491484006,2.706583
Na5GeP3__SnS,0.9734315317918788,1.0168835
K2PbO2__K4SiO4,0.9210529070106838,0.88526064
K2PbO2__K4SiO4,2.2240775394828973,2.14068
K2PbO2__K4SiO4,2.1094210007359333,2.0205274
K2PbO2__K4SiO4,0.6853739911481583,0.6914437
CdTe__Na2S5,1.4749940138271984,1.4473398
CdTe__Na2S5,1.4511879997047117,1.4228965
CdTe__Na2S5,2.716165997989324,2.4448829
CdTe__Na2S5,2.04864843833176,1.8666874
KGe__K6Se2O9,0.8326847508356586,0.8789253
KGe__K6Se2O9,2.4824330484192965,2.4812822
KGe__K6Se2O9,2.509670450186273,2.5332432
KGe__K6Se2O9,1.917070409464543,1.931683
In4SnS4__CaGeO3,2.653371306587618,2.7072046
In4SnS4__CaGeO3,2.1787327798805327,2.140659
In4SnS4__CaGeO3,0.409040840549814,0.5139829
In4SnS4__CaGeO3,0.8423068147481565,0.93390733
K2NaInSb2__Na2Zn2O3,1.968253557740646,1.9611944
K2NaInSb2__Na2Zn2O3,1.630756565198807,1.6430857
K2NaInSb2__Na2Zn2O3,0.7501284274735799,0.7889241
K2NaInSb2__Na2Zn2O3,2.084430446545911,2.1114066
Na6GaAs3__Na2TiS2O,1.4732248417927136,1.526812
Na6GaAs3__Na2TiS2O,2.739630907629762,2.6252987
Na6GaAs3__Na2TiS2O,1.9823537219603529,2.036372
Na6GaAs3__Na2TiS2O,2.582222442605349,2.5689485
K2Ge2Se5__AlH3,1.947520855112059,1.8939376
K2Ge2Se5__AlH3,2.5221075371612205,2.3744955
K2Ge2Se5__AlH3,1.450047375198224,1.3617122
K2Ge2Se5__AlH3,2.395145273432405,2.3314502
P3NCl12__Ga2PbS4,2.741053491265568,2.7020364
P3NCl12__Ga2PbS4,0.6543404597880741,0.66444045
P3NCl12__Ga2PbS4,1.7301381599623928,1.7073139
P3NCl12__Ga2PbS4,1.230467797891809,1.197181
InSiTe3__K(GeAs)3,1.8610170444002971,1.8206776
InSiTe3__K(GeAs)3,0.7372192454765729,0.787168
InSiTe3__K(GeAs)3,2.345086608610108,2.2602043
InSiTe3__K(GeAs)3,1.892431242419113,1.9889219
Li2TeO4__Na4As2O7,1.5117504928798746,1.4559774
Li2TeO4__Na4As2O7,0.5346955564889795,0.48623523
Li2TeO4__Na4As2O7,1.5135519257666066,1.4143665
Li2TeO4__Na4As2O7,0.7788976516754865,0.6805312
K2GeTe4__Na2CaSn2(GeO4)3,0.8844823521385391,0.8698439
K2GeTe4__Na2CaSn2(GeO4)3,2.372157626224023,2.4199529
K2GeTe4__Na2CaSn2(GeO4)3,1.742181535521273,1.8470325
K2GeTe4__Na2CaSn2(GeO4)3,1.8588493680405167,1.9967849
K6Si2S6O__Na3H5(SeO4)4,1.9199847050939631,1.8884115
K6Si2S6O__Na3H5(SeO4)4,0.9900076220405972,0.98686904
K6Si2S6O__Na3H5(SeO4)4,2.0620320051403667,2.0545805
K6Si2S6O__Na3H5(SeO4)4,0.7756345745117946,0.7172757
Zn2(PS3)3__LiTi2(PO4)3,2.08246488827143,1.9592532
Zn2(PS3)3__LiTi2(PO4)3,2.28662424173848,2.089918
Zn2(PS3)3__LiTi2(PO4)3,2.4117539770609326,2.380061
Zn2(PS3)3__LiTi2(PO4)3,0.6210477118498343,0.69214565
SbCl5__Li2Te,1.0369394734461932,1.0746367
SbCl5__Li2Te,0.7389757918225439,0.77434963
SbCl5__Li2Te,1.957529171434656,1.9527668
SbCl5__Li2Te,1.5959760021009244,1.6463889
PICl6__K2SbCl5,1.1236382451079931,1.0364639
PICl6__K2SbCl5,1.9728618218259415,1.9790785
PICl6__K2SbCl5,2.0017499246428865,1.9909118
PICl6__K2SbCl5,1.492231562640778,1.5581404
K3SbSe3__Te2O3F2,0.6310611699229614,0.61754906
K3SbSe3__Te2O3F2,1.2554045867825163,1.248981
K3SbSe3__Te2O3F2,2.222886130541844,2.2523792
K3SbSe3__Te2O3F2,1.2463276474656269,1.2216501
K2LiGaAs2__Sb2O5,1.4017069029681355,1.3893474
K2LiGaAs2__Sb2O5,0.6436957656818096,0.6532048
K2LiGaAs2__Sb2O5,1.2012491302739998,1.1805631
K2LiGaAs2__Sb2O5,1.3802177627116807,1.3697069
AlI3__NaAlI4,2.4151281198780645,2.408203
AlI3__NaAlI4,1.207250284015171,1.1860129
AlI3__NaAlI4,0.6424155578620907,0.62413186
AlI3__NaAlI4,1.8727825065323005,1.8422647
GeS__NaHO,2.529332581962665,2.494614
GeS__NaHO,2.3584142731147684,2.3371797
GeS__NaHO,1.875844810794289,1.9612437
GeS__NaHO,0.5287677922770349,0.51653033
Na2CaTi2(GeO4)3__KCd6P7O24,0.9827689448827264,0.9892141
Na2CaTi2(GeO4)3__KCd6P7O24,2.435820901550983,2.4054701
Na2CaTi2(GeO4)3__KCd6P7O24,1.8548574473189272,1.8332937
Na2CaTi2(GeO4)3__KCd6P7O24,0.8862809075236314,0.8608567
Na3TiF8__HS2IO8,0.515675961645778,0.57386637
Na3TiF8__HS2IO8,2.262232539429728,2.2387307
Na3TiF8__HS2IO8,1.3118972738277106,1.3646215
Na3TiF8__HS2IO8,2.432379052458112,2.3882
K(TeO3)2__Ge(PbS2)2,1.2601565926041474,1.2705188
K(TeO3)2__Ge(PbS2)2,1.5462547812688234,1.4910966
K(TeO3)2__Ge(PbS2)2,0.5122871320398966,0.5582938
K(TeO3)2__Ge(PbS2)2,1.6167382841694065,1.5626532
Na2TeO4__PSe,1.966814987849632,1.9231488
Na2TeO4__PSe,1.1369171181413853,1.1089287
Na2TeO4__PSe,1.5061434243080083,1.536693
Na2TeO4__PSe,2.808445601480106,2.7035244
K2Zn(SnSe3)2__Al2PbS4,0.8203123040933306,0.7862466
K2Zn(SnSe3)2__Al2PbS4,0.684538042898784,0.652531
K2Zn(SnSe3)2__Al2PbS4,2.186517606783284,2.1879106
K2Zn(SnSe3)2__Al2PbS4,0.5542458466439542,0.45145595
LiNO3__Ca5(IO6)2,2.189340761865377,2.2482533
LiNO3__Ca5(IO6)2,2.0238830434431536,2.0416424
LiNO3__Ca5(IO6)2,0.9455703994747484,0.9762665
LiNO3__Ca5(IO6)2,1.7985839879009438,1.8592843
Ca5(IO6)2__K3In(IO3)6,1.462433469766392,1.2239631
Ca5(IO6)2__K3In(IO3)6,2.03662144673661,1.5383255
Ca5(IO6)2__K3In(IO3)6,2.1278354327506577,1.5791467
Ca5(IO6)2__K3In(IO3)6,1.279024494135768,0.9983333
KAlTe2__PTCDA,2.564447898144291,2.6099834
KAlTe2__PTCDA,1.400327328783156,1.339801
KAlTe2__PTCDA,2.715539016214172,2.7044933
KAlTe2__PTCDA,2.4539846076422056,2.4866965
K(TeO3)2__ClF5,1.3795098333943392,1.3416778
K(TeO3)2__ClF5,2.2604342790393064,2.2619336
K(TeO3)2__ClF5,0.6122080111668535,0.65563464
K(TeO3)2__ClF5,1.4966836626559172,1.4951059
TiP2PbO8__Cd(NO3)2,0.6762914833643763,0.6833887
TiP2PbO8__Cd(NO3)2,2.133233231914037,2.1221175
TiP2PbO8__Cd(NO3)2,0.4122132689416903,0.4507027
TiP2PbO8__Cd(NO3)2,0.8361859883645953,0.81581104
K3SbO4__NOF,2.142694640768454,2.1256287
K3SbO4__NOF,0.4214016124935012,0.49090317
K3SbO4__NOF,1.6875428678214714,1.7064168
K3SbO4__NOF,2.481287763653546,2.455998
K14In4O13__ZnO,1.8930425123597072,1.866421
K14In4O13__ZnO,0.64784031258461,0.6726273
K14In4O13__ZnO,0.9167501407038066,0.94528633
K14In4O13__ZnO,0.7899859176488369,0.8065332
LiCaP__NaTi2(AsO4)3,1.4312304172171946,1.5255841
LiCaP__NaTi2(AsO4)3,2.758080195446244,2.7137725
LiCaP__NaTi2(AsO4)3,1.170039622705511,1.1718552
LiCaP__NaTi2(AsO4)3,0.949915747689909,1.0064185
Na4Si2PbSe6__S3(NO7)2,1.9211006006396885,1.8815584
Na4Si2PbSe6__S3(NO7)2,0.6047895555712958,0.6656921
Na4Si2PbSe6__S3(NO7)2,1.1398103182606678,1.1519897
Na4Si2PbSe6__S3(NO7)2,2.050283579293057,2.060542
Li7PSe6__CdI2,2.4775891459880803,2.3052795
Li7PSe6__CdI2,1.0534779140694204,1.0388073
Li7PSe6__CdI2,0.8403711336673421,0.9531897
Li7PSe6__CdI2,1.2422697451352247,1.2917876
K2CdGeO4__Na3In(PO4)2,1.4797882699577274,1.5779507
K2CdGeO4__Na3In(PO4)2,1.1783219387216235,1.3224043
K2CdGeO4__Na3In(PO4)2,1.8165031882011895,2.027595
K2CdGeO4__Na3In(PO4)2,1.8192357636956464,2.0435035
Al(IO3)3__NPB,2.400096743418009,2.4061024
Al(IO3)3__NPB,1.6118743785341294,1.6373185
Al(IO3)3__NPB,1.3831784790302497,1.3706839
Al(IO3)3__NPB,2.579649641930405,2.5523996
As(BrF2)3__KSn2Cl5,1.35736569306155,1.3473698
As(BrF2)3__KSn2Cl5,0.6429795097324386,0.64319927
As(BrF2)3__KSn2Cl5,2.1480025431863985,2.1723409
As(BrF2)3__KSn2Cl5,0.4815349894123114,0.44283533
Ca3PN__Ca3AlN3,1.4618463298114963,1.4516056
Ca3PN__Ca3AlN3,1.214350393929328,1.2904847
Ca3PN__Ca3AlN3,1.860278724094083,1.8207923
Ca3PN__Ca3AlN3,1.911065233239468,1.7803302
K2CdSiO4__KGaO2,1.3318776987976828,1.2184225
K2CdSiO4__KGaO2,0.7723414301897442,0.6836605
K2CdSiO4__KGaO2,1.5171025353488194,1.3204052
K2CdSiO4__KGaO2,2.477707589959851,2.1719759
CdP14Pb__K4Ti3S14,2.1878228712256305,2.2427533
CdP14Pb__K4Ti3S14,1.347123724866284,1.3179818
CdP14Pb__K4Ti3S14,1.3491166822264358,1.3924173
CdP14Pb__K4Ti3S14,2.2465326623454724,2.3329124
K2NaInAs2__NaSi,1.0726637011233284,0.9721623
K2NaInAs2__NaSi,2.3516029678589536,2.1318033
K2NaInAs2__NaSi,1.3914081409801993,1.3441643
K2NaInAs2__NaSi,1.9508334293860152,1.8378855
GeSe2__NaAsS2,1.1304425148850707,1.2202728
GeSe2__NaAsS2,1.9603452922528284,2.0209725
GeSe2__NaAsS2,1.25485067729882,1.3292477
GeSe2__NaAsS2,2.0971206791775168,2.2135162
Te3As2__Ca3AsCl3,1.6674855242094546,1.6351981
Te3As2__Ca3AsCl3,2.4806080788619984,2.327323
Te3As2__Ca3AsCl3,1.8015527709012336,1.7308744
Te3As2__Ca3AsCl3,2.450884365252611,2.24281
Ca2ZnN2__K6Ge2O7,2.757964473128588,2.713239
Ca2ZnN2__K6Ge2O7,2.869920012076144,2.7980466
Ca2ZnN2__K6Ge2O7,1.908999912582889,1.9348099
Ca2ZnN2__K6Ge2O7,2.8157591298848312,2.8074012
K2Se5__Na2SnO2,2.7780319664693747,2.6591575
K2Se5__Na2SnO2,2.2402153480666445,2.1304934
K2Se5__Na2SnO2,2.320922570107476,2.2410057
K2Se5__Na2SnO2,0.5246565611321851,0.55952334
NaAs__PbBr2,0.6343906081554032,0.70370775
NaAs__PbBr2,0.9276114033611472,0.95368284
NaAs__PbBr2,2.500504921879093,2.397709
NaAs__PbBr2,2.145985186947343,2.0701966
Ca(ZnP)2__SbI3Cl8,1.1949259194207171,1.2438214
Ca(ZnP)2__SbI3Cl8,2.05238297250644,2.0180998
Ca(ZnP)2__SbI3Cl8,2.2481841625848182,2.2060566
Ca(ZnP)2__SbI3Cl8,2.6831701278217857,2.6531727
Li2ZnGeS4__Li2P7(H3N)9,0.752723509109629,0.79249054
Li2ZnGeS4__Li2P7(H3N)9,1.3282080881173604,1.357655
Li2ZnGeS4__Li2P7(H3N)9,2.3442743444616183,2.3278065
Li2ZnGeS4__Li2P7(H3N)9,0.931109167593195,0.96174824
AsClF8__Ca3(SiAs2)2,1.8283833976091597,1.799305
AsClF8__Ca3(SiAs2)2,1.4236370167168666,1.4369028
AsClF8__Ca3(SiAs2)2,0.8020560146899809,0.8342656
AsClF8__Ca3(SiAs2)2,2.7281383888220727,2.7397268
LiCaGaN2__In3SnI5,1.0291865830465872,1.0584731
LiCaGaN2__In3SnI5,2.28887222701508,2.37193
LiCaGaN2__In3SnI5,2.4336271265928917,2.435958
LiCaGaN2__In3SnI5,2.6728165268381274,2.645398
K2PS3__NaCdF3,0.6304300209663186,0.62724817
K2PS3__NaCdF3,1.1600371644558811,1.1035813
K2PS3__NaCdF3,0.863429610946875,0.8329951
K2PS3__NaCdF3,2.062177498179377,1.9234376
Ga2Te2Cl7__KSb(PSe3)2,2.0917344118994587,2.0084214
Ga2Te2Cl7__KSb(PSe3)2,1.3698872313846098,1.3224919
Ga2Te2Cl7__KSb(PSe3)2,0.4464769701003178,0.4752632
Ga2Te2Cl7__KSb(PSe3)2,2.4267488272340905,2.3267305
K4Ge(PSe3)4__Ge(PbS2)2,2.573289189744038,2.2923303
K4Ge(PSe3)4__Ge(PbS2)2,2.322385153699728,2.1301494
K4Ge(PSe3)4__Ge(PbS2)2,0.9844385132281082,0.93865776
K4Ge(PSe3)4__Ge(PbS2)2,2.497089532457851,2.2510495
Cd3(PO4)2__CdH3NO5,1.3212314990829666,1.3498832
Cd3(PO4)2__CdH3NO5,2.7315216525058323,2.6484044
Cd3(PO4)2__CdH3NO5,1.6676088497796568,1.6269808
Cd3(PO4)2__CdH3NO5,0.5041960303944746,0.59712553
AsClOF8__PbBr2,1.4791371138620402,1.4562225
AsClOF8__PbBr2,2.2560274798002986,2.2374728
AsClOF8__PbBr2,2.745072694389827,2.7836516
AsClOF8__PbBr2,2.046510083903074,2.0628226
CdPS3__K8Ti5P2(O4F11)2,1.8278555126328404,1.7267182
CdPS3__K8Ti5P2(O4F11)2,0.8185800079370932,0.7548063
CdPS3__K8Ti5P2(O4F11)2,2.581346462249761,2.4821286
CdPS3__K8Ti5P2(O4F11)2,1.2915200970436918,1.2226487
CdSe2__Si,1.1954628037502508,1.4068842
CdSe2__Si,1.0539194649761503,1.2541306
CdSe2__Si,0.6835441417630002,0.82342935
CdSe2__Si,0.9464845619991856,1.1198514
TiZn(SO4)3__ZnCN2,1.8820234579200448,1.8675605
TiZn(SO4)3__ZnCN2,2.554296385435238,2.488657
TiZn(SO4)3__ZnCN2,0.6987554264702064,0.8131009
TiZn(SO4)3__ZnCN2,1.7128361079786258,1.659895
Zn(GaS2)2__SeCl4,0.6338459750457599,0.6365775
Zn(GaS2)2__SeCl4,0.6524520753521983,0.66207474
Zn(GaS2)2__SeCl4,1.056680127856637,1.0873084
Zn(GaS2)2__SeCl4,2.8373232819326586,2.8032773
KBrF4__ClF5,1.9552733719780595,1.9731922
KBrF4__ClF5,1.050333684817094,1.0549098
KBrF4__ClF5,1.989536994274545,2.027324
KBrF4__ClF5,2.9424494642350028,2.8349872
Al2CdTe4__Li4GeS4,2.539794817251273,2.6077657
Al2CdTe4__Li4GeS4,1.7866517672654434,1.8675904
Al2CdTe4__Li4GeS4,2.08111941758129,2.0913656
Al2CdTe4__Li4GeS4,1.1287684858832518,1.1456131
NaAlSe2__Li2TiTeO6,1.3286061656736678,1.4257593
NaAlSe2__Li2TiTeO6,1.700027000094938,1.7567884
NaAlSe2__Li2TiTeO6,2.1085755923309755,2.0919287
NaAlSe2__Li2TiTeO6,2.444275527728644,2.5188441
K3GaO3__PbSe2O5,0.985672016271763,1.0020424
K3GaO3__PbSe2O5,1.122279605023396,1.1045774
K3GaO3__PbSe2O5,0.9042530985535044,0.94245726
K3GaO3__PbSe2O5,2.4879947498670347,2.456623
KGe__AlSCl7,2.197157568108832,2.1639333
KGe__AlSCl7,2.537567807157424,2.5136113
KGe__AlSCl7,0.4983109043902437,0.48437515
KGe__AlSCl7,1.7672476559102164,1.7337325
K11Cd2Sb5__K4Sb2O5,2.786322734598266,2.6498377
K11Cd2Sb5__K4Sb2O5,1.5312308657755138,1.4428877
K11Cd2Sb5__K4Sb2O5,1.5747193088226616,1.486041
K11Cd2Sb5__K4Sb2O5,2.4818546514265063,2.2858968
Ca3N2__PbO,0.6388082567957512,0.68904215
Ca3N2__PbO,1.2422133207568644,1.2534379
Ca3N2__PbO,1.5708341185634358,1.5792683
Ca3N2__PbO,2.197247427302422,2.1883228
NaCl7__InI2,2.4750806360066906,2.2956846
NaCl7__InI2,2.583204742029583,2.3999066
NaCl7__InI2,0.9196821978443798,0.87236995
NaCl7__InI2,2.011660062434214,1.8763131
Cd3(PO4)2__K2LiAlH6,2.194019581298708,2.1910052
Cd3(PO4)2__K2LiAlH6,1.2929893256452134,1.3631687
Cd3(PO4)2__K2LiAlH6,2.158570679880586,2.1141288
Cd3(PO4)2__K2LiAlH6,2.6686210264483217,2.588312
KAlTe2__Li3SbO4,1.9555255708090291,1.9204534
KAlTe2__Li3SbO4,2.194548336252138,2.2032883
KAlTe2__Li3SbO4,2.603555478440792,2.4297833
KAlTe2__Li3SbO4,1.186432847732706,1.1636595
K2TiO3__Al(IO3)3,0.4770319451057754,0.5069933
K2TiO3__Al(IO3)3,1.9041186968878991,1.9087517
K2TiO3__Al(IO3)3,0.8274584243208155,0.8266296
K2TiO3__Al(IO3)3,1.0722338137987812,1.1147805
NaP7__CdF2,2.3734531578242746,2.3384693
NaP7__CdF2,1.7822996306944368,1.8482689
NaP7__CdF2,1.152132933978465,1.1102202
NaP7__CdF2,2.744869895081213,2.7586432
K2SiP2__GaSbO4,2.36270230769354,2.3269475
K2SiP2__GaSbO4,1.817767254549919,1.8503658
K2SiP2__GaSbO4,1.0193475541708,0.9976635
K2SiP2__GaSbO4,2.799243290390804,2.714029
AlSb__GaS,0.8913268843331464,0.91524845
AlSb__GaS,1.040834567245246,0.95784175
AlSb__GaS,0.6490148063928969,0.66346127
AlSb__GaS,1.2229966560253849,1.0742035
Ca3PCl3__K4SnSe4,1.3897461311129349,1.4409201
Ca3PCl3__K4SnSe4,2.527134616169469,2.6066046
Ca3PCl3__K4SnSe4,0.6328880940248409,0.67795146
Ca3PCl3__K4SnSe4,1.4704863201632723,1.5540729
KSnS4__CdHOF,0.6554788369512554,0.7053221
KSnS4__CdHOF,2.5151778391925013,2.418367
KSnS4__CdHOF,2.3522062695435477,2.4315414
KSnS4__CdHOF,2.239219299605448,2.227599
Ca2HN__CaSb10(S3O5)2,0.6582813065110082,0.6943734
Ca2HN__CaSb10(S3O5)2,0.7805742960095308,0.86439735
Ca2HN__CaSb10(S3O5)2,1.3171989675433848,1.5931958
Ca2HN__CaSb10(S3O5)2,0.344399219534687,0.25159281
Na2SnGe2(HO4)2__SbI3,0.6662009949410647,0.6702962
Na2SnGe2(HO4)2__SbI3,1.5695965300074517,1.5123249
Na2SnGe2(HO4)2__SbI3,1.818806501261128,1.8752655
Na2SnGe2(HO4)2__SbI3,0.5466341754613564,0.5568342
K4Sb2O5__Ga3Sb7(S4Cl7)2,0.768265546321954,0.84286624
K4Sb2O5__Ga3Sb7(S4Cl7)2,1.2816330568860193,1.3306068
K4Sb2O5__Ga3Sb7(S4Cl7)2,2.337642785542257,2.3963048
K4Sb2O5__Ga3Sb7(S4Cl7)2,0.3834592740642406,0.42533392
Na3SiTe3__Ca3Ga2(GeO4)3,2.350219757994638,2.1087112
Na3SiTe3__Ca3Ga2(GeO4)3,1.6320662700258075,1.4044613
Na3SiTe3__Ca3Ga2(GeO4)3,0.9056517954908876,0.8602374
Na3SiTe3__Ca3Ga2(GeO4)3,1.2732152182377534,1.2336458
NaCdIn2(PO4)3__Ca3Si2SnO9,0.8210169816192084,0.88774055
NaCdIn2(PO4)3__Ca3Si2SnO9,1.676984933723579,1.8206941
NaCdIn2(PO4)3__Ca3Si2SnO9,1.364786875304173,1.481229
NaCdIn2(PO4)3__Ca3Si2SnO9,0.3619659062164016,0.23619552
AsSe6IF6__Ca5(IO6)2,0.7866145850366127,0.7924987
AsSe6IF6__Ca5(IO6)2,1.950020488850492,1.9409893
AsSe6IF6__Ca5(IO6)2,1.8163492359629327,1.8380003
AsSe6IF6__Ca5(IO6)2,0.6693764590088945,0.6111632
KGaGeO4__NO3,1.352353145221055,1.3713791
KGaGeO4__NO3,2.6838520814873377,2.6877484
KGaGeO4__NO3,0.9740668764789144,1.0510262
KGaGeO4__NO3,1.422881192334885,1.4518453
K3SnTe3__CaC2,1.6746264696079272,1.7199711
K3SnTe3__CaC2,1.0680651953508178,1.0581132
K3SnTe3__CaC2,0.9956544514440266,0.9045939
K3SnTe3__CaC2,1.286979055056726,1.2447585
Ga2Se3__SbAsPCl13,0.829614407591773,0.81931967
Ga2Se3__SbAsPCl13,2.351513041380616,2.318343
Ga2Se3__SbAsPCl13,1.0932485740879356,1.1267318
Ga2Se3__SbAsPCl13,2.8264587228869056,2.8247223
Ca3InP3__Pb2SeN2O9,2.6726289420053053,2.639815
Ca3InP3__Pb2SeN2O9,1.7087672422475173,1.7344601
Ca3InP3__Pb2SeN2O9,2.561746918239912,2.5324285
Ca3InP3__Pb2SeN2O9,0.8232538602056938,0.87722296
Na3PSe4__KTiPS5,0.5004670765542675,0.5243338
Na3PSe4__KTiPS5,1.3627443720854049,1.4736632
Na3PSe4__KTiPS5,0.6456651719405254,0.71090513
Na3PSe4__KTiPS5,0.7240633509397811,0.82682294
K6Sn3As5__AsClOF8,0.9625719920976002,0.9334956
K6Sn3As5__AsClOF8,0.5512940330862874,0.55773246
K6Sn3As5__AsClOF8,1.6937682497000832,1.6698476
K6Sn3As5__AsClOF8,1.412232426754952,1.4333315
TeS7Br2__CdBr2,2.4484438708491223,2.2115252
TeS7Br2__CdBr2,1.3096485860375495,1.1752021
TeS7Br2__CdBr2,2.0037772687754725,1.7489449
TeS7Br2__CdBr2,1.696175841144962,1.6087611
P2Pb3O8__ZnH2N2O7,2.031178502672393,2.0695088
P2Pb3O8__ZnH2N2O7,1.6618378565987135,1.688552
P2Pb3O8__ZnH2N2O7,0.5780913448617244,0.61700076
P2Pb3O8__ZnH2N2O7,1.2766687936478351,1.3186606
K14In4O13__Zn3S2O9,1.0497443082642912,1.0402974
K14In4O13__Zn3S2O9,1.0940709042118593,1.10629
K14In4O13__Zn3S2O9,1.8652097529057967,1.8623216
K14In4O13__Zn3S2O9,2.605103055923239,2.5727603
Zn(GaSe2)2__K3AsS3,1.2354389071348846,1.3273766
Zn(GaSe2)2__K3AsS3,2.241300917465693,2.2323823
Zn(GaSe2)2__K3AsS3,2.4650811362497262,2.510296
Zn(GaSe2)2__K3AsS3,0.7220181558774145,0.77310264
P3NCl12__K3P11,2.411664168640512,2.3685706
P3NCl12__K3P11,0.8226645910478069,0.8245385
P3NCl12__K3P11,0.9994393344661224,1.0301465
P3NCl12__K3P11,0.6178706971596202,0.5807815
NaZnAs__LiCa3Si2N5,1.1191672195634186,1.1331191
NaZnAs__LiCa3Si2N5,0.4546362645963324,0.55768204
NaZnAs__LiCa3Si2N5,1.461531836387238,1.47955
NaZnAs__LiCa3Si2N5,0.821543363439745,0.8519226
GaSeBr7__ClO2,1.147521382281142,1.0802717
GaSeBr7__ClO2,2.828055101210484,2.7480636
GaSeBr7__ClO2,1.813483214292212,1.774328
GaSeBr7__ClO2,0.4464595669812829,0.48036483
LiAl(PS3)2__K2Ti(SiO3)3,0.8450238500970887,0.8996463
LiAl(PS3)2__K2Ti(SiO3)3,0.9617107720962494,0.9422025
LiAl(PS3)2__K2Ti(SiO3)3,1.5599383767611477,1.5499632
LiAl(PS3)2__K2Ti(SiO3)3,2.1098900136377585,2.0686095
Na5SnP3__K3In3(PO4)4,1.6099320400826165,1.6850297
Na5SnP3__K3In3(PO4)4,1.4855374429840915,1.5175966
Na5SnP3__K3In3(PO4)4,0.4355929534513163,0.4814291
Na5SnP3__K3In3(PO4)4,0.5444272708704934,0.5659733
NaLiSe__K2Pb3C3O9F2,2.021838679074051,1.9820114
NaLiSe__K2Pb3C3O9F2,0.6422656548833228,0.64970106
NaLiSe__K2Pb3C3O9F2,2.0793353520510447,2.1175106
NaLiSe__K2Pb3C3O9F2,2.639822071980122,2.6830928
K3GaO3__KGaO2,1.2649933537103786,1.8286208
K3GaO3__KGaO2,0.7680728018813084,1.0222994
K3GaO3__KGaO2,1.003997672204988,1.4334497
K3GaO3__KGaO2,0.4502274274195634,0.5329687
K2Al2Sb3__Na2TeSe3,1.9206037371858056,1.9522256
K2Al2Sb3__Na2TeSe3,2.0052604342130738,2.0116894
K2Al2Sb3__Na2TeSe3,1.2014513906857012,1.1972773
K2Al2Sb3__Na2TeSe3,1.972044203842104,2.006793
Ca21(Zn2As9)2__K3As11,0.6067271386327646,0.5850931
Ca21(Zn2As9)2__K3As11,0.7260477698477222,0.68325925
Ca21(Zn2As9)2__K3As11,0.6125260191237806,0.5591387
Ca21(Zn2As9)2__K3As11,0.7121350664064016,0.64323175
K2GeAs2__Cd4As2Br3,2.353082214992193,2.3209686
K2GeAs2__Cd4As2Br3,0.9286439661391724,0.97496986
K2GeAs2__Cd4As2Br3,1.8313306474076003,1.8906659
K2GeAs2__Cd4As2Br3,1.8698959611096848,1.9105574
Zn3(PO4)2__K3H(SeO4)2,0.6596222788030656,0.73703295
Zn3(PO4)2__K3H(SeO4)2,1.28564555340231,1.4239318
Zn3(PO4)2__K3H(SeO4)2,1.0795815622373053,1.2086712
Zn3(PO4)2__K3H(SeO4)2,1.4655175733891972,1.60226
NaS2__Li3PS4,1.8498909659616092,1.6800452
NaS2__Li3PS4,1.6337014692009435,1.4658537
NaS2__Li3PS4,2.4590859244974905,2.109687
NaS2__Li3PS4,1.9342926974667969,1.6491807
CdS__LiH2BrO5,2.407863131918608,2.3254485
CdS__LiH2BrO5,1.3488115944059855,1.340941
CdS__LiH2BrO5,1.2778815579470852,1.2229607
CdS__LiH2BrO5,1.6903106069249965,1.6519423
Ca3PCl3__Na2Zn2Si2O7,0.9373887289318203,0.9093319
Ca3PCl3__Na2Zn2Si2O7,1.400728725765358,1.3710229
Ca3PCl3__Na2Zn2Si2O7,0.79263430715117,0.8080459
Ca3PCl3__Na2Zn2Si2O7,1.300350235680965,1.3187729
Sb4H2SO10__K3InP2,0.5158111323113894,0.52530885
Sb4H2SO10__K3InP2,0.6822289788951366,0.6724073
Sb4H2SO10__K3InP2,2.193009197222111,2.1339195
Sb4H2SO10__K3InP2,0.6496584594836056,0.6001667
NClOF4__As2S3,1.6604117230739952,1.5783594
NClOF4__As2S3,2.3948391310612887,2.4153595
NClOF4__As2S3,2.750931676652169,2.7277217
NClOF4__As2S3,1.7433718765792725,1.746032
KAs2HO6__Al2CdS4,0.9655678049610492,0.96781576
KAs2HO6__Al2CdS4,2.2177554396570307,2.3654633
KAs2HO6__Al2CdS4,1.8500074357595089,1.9446447
KAs2HO6__Al2CdS4,0.5378807100905467,0.614606
K6CdO4__NaNO3,0.5326814679929937,0.6556474
K6CdO4__NaNO3,1.5877673439948785,1.5697303
K6CdO4__NaNO3,2.194731542352235,2.066817
K6CdO4__NaNO3,1.7691524187990288,1.7472501
Cd(GaSe2)2__KP15,0.7553982726957206,0.73866224
Cd(GaSe2)2__KP15,0.7131815599359173,0.701093
Cd(GaSe2)2__KP15,1.7131762119260243,1.5992197
Cd(GaSe2)2__KP15,1.3072900338068834,1.2578229
GaSb3Pb4O13__Li2GePbS4,0.9265389633625956,0.6992364
GaSb3Pb4O13__Li2GePbS4,1.7910881411869464,1.3989648
GaSb3Pb4O13__Li2GePbS4,1.7649273079801882,1.274678
GaSb3Pb4O13__Li2GePbS4,0.7848757316119833,0.57171625
Ca2Ge__Zn2AsHO5,2.018569144299057,2.0318198
Ca2Ge__Zn2AsHO5,1.3725452332029389,1.3871962
Ca2Ge__Zn2AsHO5,0.5961940635698381,0.58770615
Ca2Ge__Zn2AsHO5,1.9918588875199088,2.0042512
Na2In2GeSe6__ZnP2,0.5902980390135266,0.62602997
Na2In2GeSe6__ZnP2,1.0571534889217864,1.0983022
Na2In2GeSe6__ZnP2,1.3716757213725586,1.4254819
Na2In2GeSe6__ZnP2,0.4818354068518062,0.514535
Na5SiP3__LiS4,0.634730612351702,0.6846033
Na5SiP3__LiS4,0.819353120286908,0.87473696
Na5SiP3__LiS4,1.791701940341237,1.9734809
Na5SiP3__LiS4,1.88846383012638,2.007469
Te(HO)6__K4TiO4,1.779814542399378,1.7747637
Te(HO)6__K4TiO4,0.6418465603218851,0.64285415
Te(HO)6__K4TiO4,0.5745981471908793,0.6150335
Te(HO)6__K4TiO4,1.83692499466584,1.7859806
KSb5S8__KGaTe2,2.365866953512537,2.4255464
KSb5S8__KGaTe2,2.015810824743228,2.0781114
KSb5S8__KGaTe2,1.5361100358697857,1.577554
KSb5S8__KGaTe2,2.541645266849587,2.6306403
K5SnAs3__Na3P11,0.5002333641335549,0.53193057
K5SnAs3__Na3P11,1.7671122874975618,1.8172054
K5SnAs3__Na3P11,0.9454960999719748,0.9800388
K5SnAs3__Na3P11,1.119085935988452,1.1580969
Na2Cd(GeS3)2__Na2Zn2S3,1.462805041619215,1.79861
Na2Cd(GeS3)2__Na2Zn2S3,0.844817781438969,0.837222
Na2Cd(GeS3)2__Na2Zn2S3,0.9864892070156216,1.0761801
Na2Cd(GeS3)2__Na2Zn2S3,1.4379884026841985,1.6081755
NaTe3__NO2,2.631243624946618,2.5952466
NaTe3__NO2,2.0156136739712256,1.9516542
NaTe3__NO2,0.4882179151541881,0.5650683
NaTe3__NO2,0.5940165643297469,0.53866875
Zn(NO3)2__KTe,1.8865751234814716,1.9065809
Zn(NO3)2__KTe,2.6910889284737545,2.7055824
Zn(NO3)2__KTe,2.60318050714459,2.5384061
Zn(NO3)2__KTe,0.4581625696172579,0.5316932
K4I2O9__Zn4SiTePbO10,0.724894652003132,0.7274318
K4I2O9__Zn4SiTePbO10,0.5582089973279777,0.49199024
K4I2O9__Zn4SiTePbO10,1.2177963082644896,1.2998716
K4I2O9__Zn4SiTePbO10,0.9036202065788826,0.90058726
IF7__Ca2PbO4,0.4996019288268308,0.5175087
IF7__Ca2PbO4,1.1591366879058738,1.2124808
IF7__Ca2PbO4,1.4470557111634748,1.5162445
IF7__Ca2PbO4,1.5326306324774377,1.5105965
SiSe2__Na2GeO3,2.368552816791095,2.2014673
SiSe2__Na2GeO3,2.001504860035977,1.914705
SiSe2__Na2GeO3,0.8745819701715121,0.940163
SiSe2__Na2GeO3,2.695856942040085,2.4677413
CaS__K5In3(SiO3)7,1.8032085925492147,1.660482
CaS__K5In3(SiO3)7,2.191604435701419,2.092668
CaS__K5In3(SiO3)7,1.737627656338692,1.7100863
CaS__K5In3(SiO3)7,1.7053291121180223,1.6700794
K2TiSi3(HO5)2__As2Pb3O8,2.5907664341752064,2.6915088
K2TiSi3(HO5)2__As2Pb3O8,0.8526120675087757,0.8946268
K2TiSi3(HO5)2__As2Pb3O8,2.29243499838327,2.3714483
K2TiSi3(HO5)2__As2Pb3O8,0.4528468696706058,0.53619593
Ga2TeSe2__Li2CdSiO4,1.07581509269393,1.0804517
Ga2TeSe2__Li2CdSiO4,1.5741548697823855,1.5964054
Ga2TeSe2__Li2CdSiO4,2.01218029396816,2.1197708
Ga2TeSe2__Li2CdSiO4,2.2631343688303858,2.4093604
Na2Ti3O7__As3Pb5ClO12,2.6797916731574003,2.643464
Na2Ti3O7__As3Pb5ClO12,0.5214207525088549,0.61295134
Na2Ti3O7__As3Pb5ClO12,1.4931069544238154,1.5244255
Na2Ti3O7__As3Pb5ClO12,2.3967208046641773,2.4032652
K2In2P3Se10__Ti6CCl14,2.2533547650135093,2.2845724
K2In2P3Se10__Ti6CCl14,0.6140503548573871,0.6146252
K2In2P3Se10__Ti6CCl14,0.8088963473102599,0.8829064
K2In2P3Se10__Ti6CCl14,2.688622968100087,2.6799798
NaH2N__SO2,2.708515801034451,2.7020347
NaH2N__SO2,2.759293139338923,2.7713473
NaH2N__SO2,1.7265799201288667,1.7215549
NaH2N__SO2,1.2773801958554551,1.2583163
InTeO3F__Ca(Ga3Te5)2,2.3337763917641534,2.23348
InTeO3F__Ca(Ga3Te5)2,1.7479650766260129,1.7686349
InTeO3F__Ca(Ga3Te5)2,2.324987715543995,2.3212976
InTeO3F__Ca(Ga3Te5)2,1.7450085666061357,1.7880183
Al2Cd3(GeO4)3__SCl,0.757395188215045,0.81849235
Al2Cd3(GeO4)3__SCl,1.958131785155249,1.9555186
Al2Cd3(GeO4)3__SCl,1.4769305978819385,1.4683447
Al2Cd3(GeO4)3__SCl,2.115195651963824,2.1565332
Ti6In2Si2P12O49__Cd2AsHO5,1.172018974874856,1.2081143
Ti6In2Si2P12O49__Cd2AsHO5,1.700300647857074,1.7507305
Ti6In2Si2P12O49__Cd2AsHO5,2.50869135099024,2.503379
Ti6In2Si2P12O49__Cd2AsHO5,2.295884323910738,2.2842515
Na5AlO4__Li2CdSiO4,2.049871083715217,1.9039947
Na5AlO4__Li2CdSiO4,0.8045171557117456,0.81166476
Na5AlO4__Li2CdSiO4,1.893584303394817,1.7767619
Na5AlO4__Li2CdSiO4,0.945525551944396,0.9444739
Na4Ge2Te5__K3P11,2.6232515026922543,1.9692975
Na4Ge2Te5__K3P11,2.115958433598611,1.5115674
Na4Ge2Te5__K3P11,0.823758271914479,0.66489697
Na4Ge2Te5__K3P11,1.9900466989192345,1.4889978
ZnSiPbO4__Ca(SbO3)2,2.577683757279776,2.656731
ZnSiPbO4__Ca(SbO3)2,0.7400467944897624,0.7883798
ZnSiPbO4__Ca(SbO3)2,2.050709214261508,2.0692904
ZnSiPbO4__Ca(SbO3)2,2.117950496872333,2.1475081
K11Cd2Sb5__K2In2P3Se10,1.192599442562786,1.1866521
K11Cd2Sb5__K2In2P3Se10,2.281056304395638,2.1968026
K11Cd2Sb5__K2In2P3Se10,2.391817643866041,2.285595
K11Cd2Sb5__K2In2P3Se10,1.4276889266210604,1.3878645
Na3AlAs2__SbSBr,1.524017684644056,1.551407
Na3AlAs2__SbSBr,1.232297551984591,1.2219962
Na3AlAs2__SbSBr,2.841587534823578,2.8246596
Na3AlAs2__SbSBr,1.983179425740298,1.9981642
CaH3NO5__ZnF2,1.0038067074729238,1.0332005
CaH3NO5__ZnF2,1.259182991392599,1.2891377
CaH3NO5__ZnF2,1.4234652412208908,1.3900203
CaH3NO5__ZnF2,1.8146896737865563,1.8593289
NO3__Sb2IBr2F11,0.7193707094452481,0.63657594
NO3__Sb2IBr2F11,0.6815841006070426,0.6925282
NO3__Sb2IBr2F11,1.7472217355188353,1.7520064
NO3__Sb2IBr2F11,1.4865112970653267,1.3986734
K2GaAs2__Li2Te2O5,1.7107243539938184,1.7129112
K2GaAs2__Li2Te2O5,1.890580785574904,1.8904163
K2GaAs2__Li2Te2O5,1.8276359051231823,1.8340824
K2GaAs2__Li2Te2O5,2.519098099954735,2.5403962
K3GeTe3__Li2SnSe3,1.7741282055390806,1.6807972
K3GeTe3__Li2SnSe3,2.1638673183114907,1.9229982
K3GeTe3__Li2SnSe3,0.8731522461134783,0.7911509
K3GeTe3__Li2SnSe3,0.9020498988811464,0.79045117
GaSbO4__Zn3Te2P2(PbO7)2,2.7723379582430745,2.7259996
GaSbO4__Zn3Te2P2(PbO7)2,1.5306143361107365,1.6147243
GaSbO4__Zn3Te2P2(PbO7)2,0.6575543380285616,0.6951062
GaSbO4__Zn3Te2P2(PbO7)2,1.204677109756613,1.1913357
K6Na3AlSb4__Na4CdP2,1.098870387320002,1.1286517
K6Na3AlSb4__Na4CdP2,0.9165237944003438,0.95763624
K6Na3AlSb4__Na4CdP2,2.333029611815336,2.3499238
K6Na3AlSb4__Na4CdP2,0.5721151215736173,0.6184506
Ga10GePb3O20__K3In3(PO4)4,1.6255791619677746,1.5089065
Ga10GePb3O20__K3In3(PO4)4,1.2938317606012848,1.2221749
Ga10GePb3O20__K3In3(PO4)4,1.7422909472883223,1.7022917
Ga10GePb3O20__K3In3(PO4)4,0.5553743001921799,0.567126
Na5GaO4__Ca2GeS4,0.8876637707044583,0.85453326
Na5GaO4__Ca2GeS4,0.6052718125870155,0.43982068
Na5GaO4__Ca2GeS4,0.3834828494695086,0.24320124
Na5GaO4__Ca2GeS4,0.6120928755808015,0.52030694
Na5GeAs3__K6ZnSe4,0.8734698216542529,0.81133175
Na5GeAs3__K6ZnSe4,0.8610799554017361,0.82858366
Na5GeAs3__K6ZnSe4,1.8000300715763933,1.748923
Na5GeAs3__K6ZnSe4,1.2978793609860435,1.3214971
ClO3__Ti(SO4)2,2.1040766148373176,2.087742
ClO3__Ti(SO4)2,1.2717299094132648,1.2535942
ClO3__Ti(SO4)2,1.1546126311497076,1.1854722
ClO3__Ti(SO4)2,1.8964444886278484,1.8848015
SCl__LiZnAs,1.7525425746142067,1.7483678
SCl__LiZnAs,0.6873030710090515,0.67290837
SCl__LiZnAs,1.046146522946087,1.0517179
SCl__LiZnAs,0.5575282263223789,0.54218364
InTeO3F__ZnCN2,1.5837191367789882,1.6030031
InTeO3F__ZnCN2,0.8079959594482554,0.77229667
InTeO3F__ZnCN2,0.9950025921834807,0.9721556
InTeO3F__ZnCN2,0.7165477725446177,0.6522014
K3Ga3As4__KSn2(PO4)3,0.5585880413179699,0.60342014
K3Ga3As4__KSn2(PO4)3,0.8471644891599401,0.9414158
K3Ga3As4__KSn2(PO4)3,1.360676537185529,1.3826733
K3Ga3As4__KSn2(PO4)3,2.831929760957025,2.7475162
As3Pb5ClO12__H2SeO4,2.6611129008101058,2.6520867
As3Pb5ClO12__H2SeO4,0.9698441318685482,0.9410649
As3Pb5ClO12__H2SeO4,2.4101795510547777,2.352864
As3Pb5ClO12__H2SeO4,1.9542805591137669,1.9206295
Li3Sb__AsS(IF3)2,2.2927873768358618,2.227919
Li3Sb__AsS(IF3)2,1.6032594763807249,1.6126313
Li3Sb__AsS(IF3)2,1.4020055597711594,1.3844258
Li3Sb__AsS(IF3)2,0.953513387688502,0.96755147
Cd(GaO2)2__Ga10GePb3O20,2.6338522692345308,2.5623693
Cd(GaO2)2__Ga10GePb3O20,1.9594049778852665,1.875173
Cd(GaO2)2__Ga10GePb3O20,2.685816887770523,2.5900292
Cd(GaO2)2__Ga10GePb3O20,2.0845060311107693,1.959085
In7Cl9__Li2GeTeO6,0.7253130418570866,0.6520737
In7Cl9__Li2GeTeO6,1.840567311278934,1.7672691
In7Cl9__Li2GeTeO6,1.6671948652074144,1.6307147
In7Cl9__Li2GeTeO6,2.1078695885047893,2.0185237
SbN(OF3)2__NF2,1.0094909720898655,0.9473882
SbN(OF3)2__NF2,0.6303356688722473,0.68257034
SbN(OF3)2__NF2,1.9384960279443424,1.96814
SbN(OF3)2__NF2,2.213942206243317,2.22229
Na2SnGe2(HO4)2__SbOF,1.7051562767313246,1.7609842
Na2SnGe2(HO4)2__SbOF,2.305920271142813,2.2701435
Na2SnGe2(HO4)2__SbOF,1.003083815845787,1.0151727
Na2SnGe2(HO4)2__SbOF,1.630165584076884,1.6016393
K3SnTe3__K6Na3AlSb4,0.4551983351974326,0.5068991
K3SnTe3__K6Na3AlSb4,1.7582621599255703,1.7936008
K3SnTe3__K6Na3AlSb4,1.3568092998670291,1.3916998
K3SnTe3__K6Na3AlSb4,1.2275137024635516,1.2249283
Sb9S4F39__K3As(PSe3)3,0.5265879583530113,0.5124973
Sb9S4F39__K3As(PSe3)3,0.960227029519497,0.9987044
Sb9S4F39__K3As(PSe3)3,1.8473530215601417,1.8590308
Sb9S4F39__K3As(PSe3)3,1.8907142651395976,1.8673582
K4SnSe4__CdSe,0.7817054890669793,0.823223
K4SnSe4__CdSe,1.670107859978945,1.6307966
K4SnSe4__CdSe,0.8665949491194526,0.83095706
K4SnSe4__CdSe,2.523299446536193,2.4212816
SnO__Cd4P6SN12,2.206550450528052,2.1666894
SnO__Cd4P6SN12,0.66628400084615,0.6762449
SnO__Cd4P6SN12,1.3363024566837047,1.331242
SnO__Cd4P6SN12,1.352683968622011,1.3716489
Na4SnO4__Ti6In2Si2P12O49,1.064248995766956,1.0348997
Na4SnO4__Ti6In2Si2P12O49,0.882696875399811,0.8683565
Na4SnO4__Ti6In2Si2P12O49,0.4797426050425385,0.4162251
Na4SnO4__Ti6In2Si2P12O49,1.1479816111531445,1.1158457
LiCaP__KPS3,2.47715681231462,2.5427403
LiCaP__KPS3,1.6073119141068737,1.665688
LiCaP__KPS3,2.0837002872852395,2.1301544
LiCaP__KPS3,2.0553184538995697,2.1094036
Li10Si(PSe6)2__KSnI3,1.9273071049271857,1.4766446
Li10Si(PSe6)2__KSnI3,0.8064632759653446,0.659608
Li10Si(PSe6)2__KSnI3,2.550375668539295,1.9369622
Li10Si(PSe6)2__KSnI3,1.8186614350893795,1.3637998
Ca3CdO4__KNO2,0.8985690092089117,0.93850136
Ca3CdO4__KNO2,1.509077151309992,1.5741155
Ca3CdO4__KNO2,1.931240732909049,1.9803481
Ca3CdO4__KNO2,1.3802124207329205,1.4308132
KSi__KInP2S7,0.4506229234090728,0.5298318
KSi__KInP2S7,0.5469757756033058,0.6160713
KSi__KInP2S7,1.335295506513095,1.2958748
KSi__KInP2S7,2.5612670145849314,2.3460393
TeO3__K4SnO4,2.0975196590130505,2.0919416
TeO3__K4SnO4,2.529104763268039,2.5348678
TeO3__K4SnO4,2.062582464360836,2.0619013
TeO3__K4SnO4,1.940636412264627,1.9254766
LiTiAsO5__AsSe6IF6,2.827282133803344,2.777389
LiTiAsO5__AsSe6IF6,2.0970655862782137,2.032215
LiTiAsO5__AsSe6IF6,2.3375490992099457,2.3606274
LiTiAsO5__AsSe6IF6,2.682436726093416,2.6603518
AlAs__KH2N,0.6480333556553101,0.66775876
AlAs__KH2N,1.9312004276486,1.922157
AlAs__KH2N,2.0343691757314506,2.0313673
AlAs__KH2N,1.3106564675845356,1.2684426
KNaTe__SnBr4,0.7427197683240959,0.74252635
KNaTe__SnBr4,2.06105921263724,2.0429425
KNaTe__SnBr4,2.60526684484564,2.600542
KNaTe__SnBr4,2.082588223131279,2.047711
Na4SnTe4__Ca(Ga3Te5)2,1.6599536949074354,1.7099966
Na4SnTe4__Ca(Ga3Te5)2,1.1170814459989848,1.1091025
Na4SnTe4__Ca(Ga3Te5)2,1.9358295009851825,1.9770517
Na4SnTe4__Ca(Ga3Te5)2,0.9841802445440636,1.0240647
Na4TiP2O9__Na2Sb4O7,0.9179351652131196,0.9104874
Na4TiP2O9__Na2Sb4O7,0.7630068012409791,0.669658
Na4TiP2O9__Na2Sb4O7,0.683642721465741,0.63763434
Na4TiP2O9__Na2Sb4O7,1.5077983548896807,1.502031
ClO2__SbCl(OF3)2,1.2579483011901191,0.99153996
ClO2__SbCl(OF3)2,1.9102322167719712,1.5350484
ClO2__SbCl(OF3)2,0.4932066242062936,0.43000928
ClO2__SbCl(OF3)2,2.0446857857731167,1.5287312
NaInTe2__Na2Ga2GeS6,0.7118297104551626,0.7928223
NaInTe2__Na2Ga2GeS6,1.2355334152764097,1.2594372
NaInTe2__Na2Ga2GeS6,0.6155024844130831,0.6236123
NaInTe2__Na2Ga2GeS6,2.716649723621996,2.7111762
K6CdO4__Na2TiGeO5,0.9813116451124596,1.0174706
K6CdO4__Na2TiGeO5,1.6889250449783464,1.6906672
K6CdO4__Na2TiGeO5,0.7679638270655319,0.7819367
K6CdO4__Na2TiGeO5,0.5346756222811193,0.53191054
Ti(NO3)4__Zn(NO3)2,2.639987609997133,2.4078853
Ti(NO3)4__Zn(NO3)2,2.574850354435435,2.3256202
Ti(NO3)4__Zn(NO3)2,0.9808441094443096,0.8800213
Ti(NO3)4__Zn(NO3)2,2.3289586607614923,2.140976
Na4CdP2__K2ZnSe2,2.6061240420311607,2.531393
Na4CdP2__K2ZnSe2,0.5147574844465589,0.5606425
Na4CdP2__K2ZnSe2,0.9589250709421764,0.91034126
Na4CdP2__K2ZnSe2,1.9977412195937352,2.0452287
LiIn(CN2)2__K4TiO4,1.0462588294921884,1.0256824
LiIn(CN2)2__K4TiO4,2.4987573577544238,2.3611474
LiIn(CN2)2__K4TiO4,1.2413241837976194,1.2660203
LiIn(CN2)2__K4TiO4,1.08756396042655,1.1091037
Na2CdH4(SeO5)2__PI2,2.4009060364299586,2.342854
Na2CdH4(SeO5)2__PI2,1.7717500158716737,1.8062919
Na2CdH4(SeO5)2__PI2,0.893369129704756,0.88170147
Na2CdH4(SeO5)2__PI2,1.254581385753391,1.2680323
KNa4GeAs3__KGaGeO4,0.6600823449226569,0.7069043
KNa4GeAs3__KGaGeO4,0.7980380071813507,0.7656767
KNa4GeAs3__KGaGeO4,2.3364569563915327,2.315934
KNa4GeAs3__KGaGeO4,2.182747836830821,2.1383083
K3Al2As3__Na2Cd(GeS3)2,1.6522879674561002,1.6178263
K3Al2As3__Na2Cd(GeS3)2,2.225443344610805,2.0856578
K3Al2As3__Na2Cd(GeS3)2,2.580135996737462,2.489535
K3Al2As3__Na2Cd(GeS3)2,0.8842137609792702,0.9539507
P2Pb4O9__Cd(NO3)2,0.4849386837123488,0.56106305
P2Pb4O9__Cd(NO3)2,2.530744154957812,2.49005
P2Pb4O9__Cd(NO3)2,1.4744246333757385,1.393439
P2Pb4O9__Cd(NO3)2,1.5923227701825773,1.5867473
K3Na2SnAs3__K2Al2Sb3,0.7891721573337951,0.6548217
K3Na2SnAs3__K2Al2Sb3,1.2267842866661451,1.0359267
K3Na2SnAs3__K2Al2Sb3,1.7312461055846675,1.6963944
K3Na2SnAs3__K2Al2Sb3,1.5896915960763238,1.4023649
CdTe__SiP2,2.2989846234340416,2.1265388
CdTe__SiP2,1.7411822512753732,1.5854224
CdTe__SiP2,2.214852763640254,2.1527753
CdTe__SiP2,0.749032081213051,0.7121519
SICl7__CdH3NO5,1.7994040819786283,1.7434403
SICl7__CdH3NO5,0.6755626261250682,0.77386624
SICl7__CdH3NO5,2.500594186360489,2.3359463
SICl7__CdH3NO5,2.283578685274757,2.293124
NaCaAs__K2TeSe3,1.6323102527704114,1.6656954
NaCaAs__K2TeSe3,0.908620887117479,0.9658739
NaCaAs__K2TeSe3,1.7971278473280388,1.9037666
NaCaAs__K2TeSe3,2.2715330370392555,2.296605
P2Pb4O9__CaZnAsHO5,1.8899639553640708,1.8857021
P2Pb4O9__CaZnAsHO5,1.2611232529391272,1.3073657
P2Pb4O9__CaZnAsHO5,2.4198522109148604,2.4184103
P2Pb4O9__CaZnAsHO5,1.983591543974299,2.0007236
In2(PS3)3__K2H6PbO6,0.4864746550014077,0.46901357
In2(PS3)3__K2H6PbO6,0.5882058659841967,0.56809455
In2(PS3)3__K2H6PbO6,1.746408926455865,1.9772245
In2(PS3)3__K2H6PbO6,1.651043265540424,1.9283078
Na4Ge2Se5__Li2TiO3,1.5044447826576577,1.6391653
Na4Ge2Se5__Li2TiO3,1.6952724401610877,1.7738967
Na4Ge2Se5__Li2TiO3,2.4658285341467328,2.6052105
Na4Ge2Se5__Li2TiO3,0.4872269641701629,0.48535794
LiAsSe2__NaAs3H2O9,1.6686112473422017,1.6472104
LiAsSe2__NaAs3H2O9,0.8926343112894645,0.9530937
LiAsSe2__NaAs3H2O9,2.4483642835955446,2.4339845
LiAsSe2__NaAs3H2O9,1.1395191767441106,1.1035784
K2SiAs2__K2TiAl(PO4)3,2.453078813231859,2.4701514
K2SiAs2__K2TiAl(PO4)3,0.869426502572844,0.90363926
K2SiAs2__K2TiAl(PO4)3,2.071287321292946,2.0730782
K2SiAs2__K2TiAl(PO4)3,0.880825517375758,0.9061865
CdS__CdI2,1.8705375474460464,1.8384593
CdS__CdI2,1.130863434220902,1.0970573
CdS__CdI2,2.7143149770244515,2.597809
CdS__CdI2,0.5921318554410474,0.52633613
Te(HO)6__NaCaAs,2.103141106501146,2.0599346
Te(HO)6__NaCaAs,2.900994470270613,2.8256114
Te(HO)6__NaCaAs,2.890684911195317,2.8687408
Te(HO)6__NaCaAs,2.0810030089761016,2.0834548
SbI3__K2ZnH4(I2O7)2,2.263721862108735,1.7693039
SbI3__K2ZnH4(I2O7)2,1.2223753675751472,0.9658329
SbI3__K2ZnH4(I2O7)2,1.508660924996508,1.1811464
SbI3__K2ZnH4(I2O7)2,2.6380928624394677,2.0261302
Li2P7(H3N)9__NaHS,1.806434395027597,1.5099771
Li2P7(H3N)9__NaHS,0.6281931340307991,0.5737311
Li2P7(H3N)9__NaHS,0.5187988588018354,0.50247425
Li2P7(H3N)9__NaHS,1.849255506605218,1.5509053
Na14Cd2O9__Rubrene,2.6655622641048256,2.6658733
Na14Cd2O9__Rubrene,1.633730876683981,1.6366177
Na14Cd2O9__Rubrene,1.0765480168521535,1.1035905
Na14Cd2O9__Rubrene,0.6392714707262593,0.6509789
K6Sn2S7__Sn2OF5,1.5936785071522346,1.613653
K6Sn2S7__Sn2OF5,2.7987397999669072,2.7434146
K6Sn2S7__Sn2OF5,0.8597630950856624,0.87523687
K6Sn2S7__Sn2OF5,2.5525014265048145,2.5375204
KSb(PSe3)2__NaTi2(PO4)3,0.655244597247393,0.6220951
KSb(PSe3)2__NaTi2(PO4)3,0.9129791323309038,1.1156577
KSb(PSe3)2__NaTi2(PO4)3,1.207968892056217,1.3789655
KSb(PSe3)2__NaTi2(PO4)3,1.5263588456997998,1.7141956
Na4SeO5__Al6Cd4TeO12,1.573475934556856,1.5675411
Na4SeO5__Al6Cd4TeO12,0.7871627322780593,0.7762054
Na4SeO5__Al6Cd4TeO12,1.4087459199701386,1.4082146
Na4SeO5__Al6Cd4TeO12,1.0475265824669358,1.049146
KAs__Li4SnS4,0.8805466691777925,0.840961
KAs__Li4SnS4,1.7632440522866222,1.7813429
KAs__Li4SnS4,0.8978845066719738,0.90648216
KAs__Li4SnS4,0.7382510951072186,0.7700417
Na4SiSe4__Ge4Se9,1.4932180011705911,1.509814
Na4SiSe4__Ge4Se9,1.1627599254569927,1.0876226
Na4SiSe4__Ge4Se9,1.3158041358474182,1.3143237
Na4SiSe4__Ge4Se9,1.2199489269078725,1.1956514
Ca11Sn3C8__Sb6S2O15,1.5713584668412457,1.5406091
Ca11Sn3C8__Sb6S2O15,1.058951014045438,1.1288619
Ca11Sn3C8__Sb6S2O15,2.3514818786959406,2.2964904
Ca11Sn3C8__Sb6S2O15,1.3247592606161744,1.3749413
NaInTe2__PCBM,1.597332362039826,1.5918369
NaInTe2__PCBM,1.1441628949339973,1.1609776
NaInTe2__PCBM,1.0882012502554208,1.1094178
NaInTe2__PCBM,1.6985415987256427,1.6828963
Na2Zn2S3__SeCl4,2.541750825321268,2.4803426
Na2Zn2S3__SeCl4,0.804422761614385,0.8360756
Na2Zn2S3__SeCl4,0.8089489764363212,0.80124503
Na2Zn2S3__SeCl4,1.805955010653844,1.8069477
Ca6GaN5__Sn2OF5,1.2578085394425464,1.2436887
Ca6GaN5__Sn2OF5,0.9183726707544374,0.9397685
Ca6GaN5__Sn2OF5,2.4398390224874604,2.4236183
Ca6GaN5__Sn2OF5,1.985491787165913,1.9773402
CaHN__K3SbS3,1.4879073659860158,1.4541475
CaHN__K3SbS3,1.5069601313478072,1.4130814
CaHN__K3SbS3,2.15035229293961,2.009751
CaHN__K3SbS3,1.0219601757944412,1.0252079
Pb5SO8__LiPH21S3N7,1.288276625764006,1.3878726
Pb5SO8__LiPH21S3N7,0.9979484292954232,0.9848001
Pb5SO8__LiPH21S3N7,0.8957243212178383,0.91405016
Pb5SO8__LiPH21S3N7,1.428303363785158,1.6300454
Na2CdH4(SeO5)2__TiCdO3,1.0302287098755525,1.1248823
Na2CdH4(SeO5)2__TiCdO3,0.8803131700471164,1.0389037
Na2CdH4(SeO5)2__TiCdO3,0.9827107199962044,1.1449628
Na2CdH4(SeO5)2__TiCdO3,1.751373209069983,1.9085937
PCBM__Li3AsH16(SO2)4,2.382003618909541,2.3527799
PCBM__Li3AsH16(SO2)4,2.107378078928784,2.1334193
PCBM__Li3AsH16(SO2)4,1.5685343594810617,1.5223786
PCBM__Li3AsH16(SO2)4,0.7243326857873803,0.73959047
NaAs__Ca(AlSe2)2,2.65816692562846,2.60406
NaAs__Ca(AlSe2)2,0.6726299047594829,0.7073173
NaAs__Ca(AlSe2)2,1.6957795112290976,1.7079824
NaAs__Ca(AlSe2)2,1.89415749693824,1.9195758
Na2CdO2__TiPbO3,1.94781129950386,1.9836527
Na2CdO2__TiPbO3,0.7143036172438205,0.7030513
Na2CdO2__TiPbO3,2.118811344440246,2.1716785
Na2CdO2__TiPbO3,0.8844460630903688,0.8638413
Ca(CdP)2__SBr,2.571470390147569,2.521317
Ca(CdP)2__SBr,0.643414432766661,0.67528665
Ca(CdP)2__SBr,1.3129316295602314,1.3572671
Ca(CdP)2__SBr,0.9293795386110508,0.9924607
Na2ZnH4(SeO5)2__ClF3,2.611429071581056,2.6158412
Na2ZnH4(SeO5)2__ClF3,1.3591411806920186,1.2897153
Na2ZnH4(SeO5)2__ClF3,1.2004688767823692,1.2339934
Na2ZnH4(SeO5)2__ClF3,1.357721541548917,1.3344123
Na7Al2Sb5__CdH3NO5,0.981201587755725,1.032299
Na7Al2Sb5__CdH3NO5,0.5565005752014269,0.5777556
Na7Al2Sb5__CdH3NO5,2.2166610147274755,2.1769688
Na7Al2Sb5__CdH3NO5,2.2062136934811325,2.2119067
GeAs__PI2,2.6880534113247294,2.619169
GeAs__PI2,2.75482817523921,2.6490726
GeAs__PI2,1.4379283939989436,1.4547943
GeAs__PI2,1.6186621639937948,1.6324145
NaInSe2__CaTe2O5,1.4355126906787234,1.4437866
NaInSe2__CaTe2O5,2.546044575452561,2.493059
NaInSe2__CaTe2O5,2.289401286936807,2.2435284
NaInSe2__CaTe2O5,0.6903923742506177,0.7335695
Rubrene__PPbS3,2.330436295930429,2.376328
Rubrene__PPbS3,1.859858430081393,1.8313118
Rubrene__PPbS3,2.1359249724205016,2.1366696
Rubrene__PPbS3,1.5026131032304273,1.4881858
K2Sn(S2O7)3__Zn2NCl,2.353834039661689,2.3595536
K2Sn(S2O7)3__Zn2NCl,2.616622696608344,2.6338665
K2Sn(S2O7)3__Zn2NCl,0.908058316019487,0.8857329
K2Sn(S2O7)3__Zn2NCl,2.548166416304644,2.5349863
Li3P__InBr2,1.1757205585975337,1.1221513
Li3P__InBr2,2.5364449093413133,2.483904
Li3P__InBr2,1.0931911464224646,1.150562
Li3P__InBr2,1.808252842928125,1.8396761
Al2CdS4__K5As3O10,0.9830586977286192,0.90727943
Al2CdS4__K5As3O10,0.8533664825634802,0.8076574
Al2CdS4__K5As3O10,1.3317450722666992,1.385781
Al2CdS4__K5As3O10,0.5063715890353945,0.39284155
Na3SiTe3__In2PO5,1.3776265480252252,1.3642415
Na3SiTe3__In2PO5,0.5025346274202225,0.5297927
Na3SiTe3__In2PO5,0.843384731106841,0.9287596
Na3SiTe3__In2PO5,2.0039477316371506,1.9542491
LiSbO3__NaLi3(H2N)4,1.5381240916732009,1.5250149
LiSbO3__NaLi3(H2N)4,1.00718784594465,0.88016653
LiSbO3__NaLi3(H2N)4,1.9950213171983724,1.9293116
LiSbO3__NaLi3(H2N)4,1.869782127046386,1.9035809
LiAlTe2__K3As(PSe3)3,2.574316507361972,2.5332458
LiAlTe2__K3As(PSe3)3,0.5447614978983788,0.64210856
LiAlTe2__K3As(PSe3)3,0.9918049730129836,1.0459676
LiAlTe2__K3As(PSe3)3,2.814102912102414,2.7677338
Sb2ClO2F11__GaP2I9,1.0019577910123358,1.0713595
Sb2ClO2F11__GaP2I9,0.6620105513507156,0.65764415
Sb2ClO2F11__GaP2I9,1.1715397111523975,1.2027011
Sb2ClO2F11__GaP2I9,2.422780620988744,2.422675
K2TiS3__TCTA,0.6008217547731541,0.6802005
K2TiS3__TCTA,1.8773470003782255,1.8827744
K2TiS3__TCTA,1.4174849917948602,1.4588218
K2TiS3__TCTA,0.7014377880926473,0.7537889
GaHO2__GaBr2,2.395180933555545,2.4958823
GaHO2__GaBr2,2.5798073219951685,2.7271428
GaHO2__GaBr2,0.5620100069977799,0.59590214
GaHO2__GaBr2,1.6046602313278555,1.7191142
K2Se5__NaAs3(PbO3)4,2.736418353278756,2.7335649
K2Se5__NaAs3(PbO3)4,1.5868752235223311,1.5561922
K2Se5__NaAs3(PbO3)4,0.8077710080143581,0.89938563
K2Se5__NaAs3(PbO3)4,2.27110685258511,2.2708004
Cd2AsO4F__K2ZnSiO4,2.7245382478968105,2.6748092
Cd2AsO4F__K2ZnSiO4,2.2510656228501573,2.2112403
Cd2AsO4F__K2ZnSiO4,2.563514065130006,2.5145502
Cd2AsO4F__K2ZnSiO4,2.0308554984801983,1.9928747
CdGeN2__Ga2I3,2.4578763836311803,1.9221919
CdGeN2__Ga2I3,1.43336748822659,1.1607089
CdGeN2__Ga2I3,2.329442329587484,1.7086272
CdGeN2__Ga2I3,2.464336293782284,1.8844055
KTiPSe5__Na2LiGaAs2,1.0921011441938957,1.1313525
KTiPSe5__Na2LiGaAs2,0.6864174700662241,0.7641362
KTiPSe5__Na2LiGaAs2,1.2404022890718809,1.3097236
KTiPSe5__Na2LiGaAs2,0.7682444456997568,0.7800233
Ca2Al2Sn2O9__IO2F,1.6004709090099634,1.6344031
Ca2Al2Sn2O9__IO2F,0.5982995485426793,0.69721603
Ca2Al2Sn2O9__IO2F,1.4201692452316548,1.4715858
Ca2Al2Sn2O9__IO2F,1.0795911754725869,1.1102848
TPD__Na5SnAs3,1.7156389838455175,1.7484279
TPD__Na5SnAs3,0.9303470643081452,0.96668005
TPD__Na5SnAs3,2.1585912754772005,2.1218116
TPD__Na5SnAs3,0.9723034333059888,1.0424434
Zn3P2__Ca3AsN,2.4248768182727694,2.124416
Zn3P2__Ca3AsN,2.7006965324300056,2.1873815
Zn3P2__Ca3AsN,0.8872589380519585,0.824389
Zn3P2__Ca3AsN,1.033562123653828,0.9720808
CaP__Ga2Te2Br7,1.9110932397666864,1.8164107
CaP__Ga2Te2Br7,2.782747445056817,2.8182619
CaP__Ga2Te2Br7,1.4922968519725115,1.4585888
CaP__Ga2Te2Br7,1.6219696637645291,1.5830582
K3SbSe4__KGe,1.214623044637962,1.1953869
K3SbSe4__KGe,1.311386356520872,1.327561
K3SbSe4__KGe,2.40578654234164,2.3914955
K3SbSe4__KGe,2.578127975903611,2.565508
GaN5O14__SnS2,0.774043468178512,0.7288957
GaN5O14__SnS2,0.4793313076129821,0.41031826
GaN5O14__SnS2,1.3499830592893178,1.2455903
GaN5O14__SnS2,2.35388357348886,2.0220075
Li2P7(H3N)9__P2Pb4O9,0.8680427378689621,0.9322028
Li2P7(H3N)9__P2Pb4O9,2.052826178456368,2.228637
Li2P7(H3N)9__P2Pb4O9,0.5283166404973683,0.48640034
Li2P7(H3N)9__P2Pb4O9,0.7938983934247245,0.89494276
Na2GeTeO6__InCl2,0.8452308808680299,0.7744913
Na2GeTeO6__InCl2,1.2956838418979522,1.1201317
Na2GeTeO6__InCl2,0.8429967837864732,0.80452204
Na2GeTeO6__InCl2,2.003472868007958,1.8983759
LiInO2__InPS4,0.9124047285877755,0.8781025
LiInO2__InPS4,2.1237463092523847,1.9589036
LiInO2__InPS4,2.6120292483374463,2.4560454
LiInO2__InPS4,1.3561570734716104,1.3014172
Ca2SnO4__Cd3(AsO4)2,0.9229123205507692,0.94882745
Ca2SnO4__Cd3(AsO4)2,1.0610092233310815,1.0076698
Ca2SnO4__Cd3(AsO4)2,2.2051961047336825,2.222269
Ca2SnO4__Cd3(AsO4)2,0.8823609555923088,0.9124355
NaSe2__Na2In2SiS6,1.49217182116165,1.4972275
NaSe2__Na2In2SiS6,1.5427855725407484,1.6064322
NaSe2__Na2In2SiS6,2.060822735456936,2.1420653
NaSe2__Na2In2SiS6,0.8826145344906483,0.8264459
K3Li3TeO6__TeBrO3F5,2.5512283956275774,2.580535
K3Li3TeO6__TeBrO3F5,2.1377277078424823,2.1617408
K3Li3TeO6__TeBrO3F5,0.6080406817504942,0.6051911
K3Li3TeO6__TeBrO3F5,0.6630950145993956,0.6746089
In2(PS3)3__Sb7Se8F35,2.0077572656821885,2.008308
In2(PS3)3__Sb7Se8F35,0.5181655782330051,0.5625372
In2(PS3)3__Sb7Se8F35,0.628531081540468,0.6891274
In2(PS3)3__Sb7Se8F35,1.938026932468492,1.9282175
Ca2As2O7__GeBr2,0.7228549961049051,0.73184264
Ca2As2O7__GeBr2,2.319713403934312,2.344735
Ca2As2O7__GeBr2,1.5220710619353537,1.5408459
Ca2As2O7__GeBr2,2.6470993088391204,2.6365225
KTeP2__AsSe6IF6,0.4703009183117134,0.53409046
KTeP2__AsSe6IF6,1.838206975937244,1.8785495
KTeP2__AsSe6IF6,1.7139248518520478,1.7598326
KTeP2__AsSe6IF6,1.0581081330059272,1.0608412
Ca3CdO4__NO2,2.072791235784928,2.0980875
Ca3CdO4__NO2,0.6356406849406423,0.6631593
Ca3CdO4__NO2,1.4708143473804869,1.4279431
Ca3CdO4__NO2,2.4204281733666657,2.363979
LiInSe2__CaHN,2.7774062627245044,2.7475066
LiInSe2__CaHN,1.870824585353669,1.8249797
LiInSe2__CaHN,1.1397211185463436,1.1727339
LiInSe2__CaHN,2.6576121291870134,2.6096132
Ca3PN__Na5SiAs3,0.4472011842594889,0.4967649
Ca3PN__Na5SiAs3,1.2140001237470677,1.3395447
Ca3PN__Na5SiAs3,1.5283314066060725,1.8721098
Ca3PN__Na5SiAs3,1.7256332302602833,1.9235489
C__Si2H2S3,2.129417473519234,2.1406066
C__Si2H2S3,0.6087259781247608,0.72205126
C__Si2H2S3,1.6874550385760456,1.7310625
C__Si2H2S3,0.9026996955606824,1.0103248
CdSiP2__KZn4(SbO4)3,1.070483060339552,1.0543958
CdSiP2__KZn4(SbO4)3,1.2151860925445717,1.190822
CdSiP2__KZn4(SbO4)3,0.9803140437855696,1.0050144
CdSiP2__KZn4(SbO4)3,0.6462567781086846,0.6857572
ZnSe__NaAlAsO4F,1.066873147828105,1.0905613
ZnSe__NaAlAsO4F,2.0455316163568003,2.0629811
ZnSe__NaAlAsO4F,0.3723929748710147,0.4850261
ZnSe__NaAlAsO4F,2.279724447625718,2.215791
Na2ZnSe2__KSb3O5,0.966812594687588,0.9330804
Na2ZnSe2__KSb3O5,1.239974029284915,1.1992912
Na2ZnSe2__KSb3O5,2.4619713586503216,2.4377315
Na2ZnSe2__KSb3O5,2.0257743310385483,1.9778054
KSb3O5__LiC,1.0969485929692435,1.3732941
KSb3O5__LiC,1.0398512955884525,1.233922
KSb3O5__LiC,0.4398809109710859,0.31618223
KSb3O5__LiC,1.0731895426273108,1.3581333
SbClF8__K3Na2SnAs3,0.6194865069850781,0.6377977
SbClF8__K3Na2SnAs3,2.3436856185595705,2.3602614
SbClF8__K3Na2SnAs3,0.7884563960183328,0.88180846
SbClF8__K3Na2SnAs3,1.7075156301958423,1.7718977
S3(NO7)2__NaSe2,0.9127669485267084,0.8908903
S3(NO7)2__NaSe2,2.661767874431821,2.6344264
S3(NO7)2__NaSe2,2.684761387518201,2.63462
S3(NO7)2__NaSe2,1.0433853653465972,1.0062985
KAsSe2__Zn(NO3)2,0.5766515644103877,0.6246927
KAsSe2__Zn(NO3)2,1.7026403731097477,1.7182634
KAsSe2__Zn(NO3)2,2.469519106965057,2.486233
KAsSe2__Zn(NO3)2,0.639628582731976,0.634755
Al2PbSe4__Na5Al3H14,1.4490268776031272,1.5065631
Al2PbSe4__Na5Al3H14,0.5624870441002399,0.48156154
Al2PbSe4__Na5Al3H14,0.9805944013399508,0.8938502
Al2PbSe4__Na5Al3H14,0.5825969738831097,0.6073267
PICl8__TeBrO3F5,1.6793676890596827,1.64517
PICl8__TeBrO3F5,2.5341877708905463,2.411487
PICl8__TeBrO3F5,2.129180384642898,2.120856
PICl8__TeBrO3F5,0.9677727545956571,0.99556476
Cd2GeO4__ZnSe,1.189574751437995,1.3305813
Cd2GeO4__ZnSe,0.4005953876844493,0.33213693
Cd2GeO4__ZnSe,0.4860102454152832,0.47468364
Cd2GeO4__ZnSe,1.2073975163017547,1.2839842
Na2Ti2Se9__KIn(TeO3)2,2.157700739466073,2.1822488
Na2Ti2Se9__KIn(TeO3)2,2.184291052431719,2.234956
Na2Ti2Se9__KIn(TeO3)2,1.452356603860659,1.5625414
Na2Ti2Se9__KIn(TeO3)2,1.4590905892976207,1.5203689
Ca21(Zn2Sb9)2__ZnSeO4,0.78485334092057,0.830519
Ca21(Zn2Sb9)2__ZnSeO4,2.6824019284954974,2.6686516
Ca21(Zn2Sb9)2__ZnSeO4,0.6756657925103298,0.6743046
Ca21(Zn2Sb9)2__ZnSeO4,2.2013457790387787,2.143795
Ge2S3Br2__Ca3Al3N5,1.2507498494925366,1.2323875
Ge2S3Br2__Ca3Al3N5,2.876290244812344,2.7979746
Ge2S3Br2__Ca3Al3N5,1.1513231229261311,1.1321588
Ge2S3Br2__Ca3Al3N5,0.7709845191384033,0.759127
LiZnSb__Si(PbS2)2,1.2157259661954036,1.1224041
LiZnSb__Si(PbS2)2,0.5343161814305908,0.53912884
LiZnSb__Si(PbS2)2,2.414988666295763,2.3018348
LiZnSb__Si(PbS2)2,2.0845000130876703,2.015468
LiTi2(PO4)3__ZnI2,2.0121371485159694,2.0389068
LiTi2(PO4)3__ZnI2,1.62716465452847,1.6455393
LiTi2(PO4)3__ZnI2,1.7921279457548702,1.7898288
LiTi2(PO4)3__ZnI2,1.2656151122501609,1.2426202
KInSnSe4__SiS2,1.0198722008701846,1.1037252
KInSnSe4__SiS2,2.794440661186879,2.7752428
KInSnSe4__SiS2,1.3634496675555,1.3537085
KInSnSe4__SiS2,0.8237875137818711,0.9205943
GeTe__LiPH21S3N7,1.823391535719443,1.7610112
GeTe__LiPH21S3N7,0.949237354147534,0.9645289
GeTe__LiPH21S3N7,1.244343888137547,1.2320487
GeTe__LiPH21S3N7,0.8538663216386086,0.88796616
KCO3__Ge19(PBr)4,1.9546531171511528,1.9438066
KCO3__Ge19(PBr)4,0.8949840486931095,0.836097
KCO3__Ge19(PBr)4,1.1700148076084596,1.2000434
KCO3__Ge19(PBr)4,0.5584601482409863,0.5663197
LiP__KP,0.8831255432381173,0.9387519
LiP__KP,2.116976022532662,1.9469689
LiP__KP,2.3020503912859653,2.1987727
LiP__KP,2.187266129948568,2.2058206
KIn(TeO3)2__BrF5,2.4162066391736365,2.3976321
KIn(TeO3)2__BrF5,1.2896768471523163,1.2850616
KIn(TeO3)2__BrF5,2.7273594858665176,2.711106
KIn(TeO3)2__BrF5,1.523248883880066,1.5309284
NaCO3__AlTeI7,1.4648155129479636,1.3349429
NaCO3__AlTeI7,0.5053719826296563,0.44738838
NaCO3__AlTeI7,1.4963152810237683,1.3170666
NaCO3__AlTeI7,1.7045167518005384,1.6319102
K4Na2TeO6__TiP2O7,1.013733483912159,0.9924434
K4Na2TeO6__TiP2O7,0.8317803534577577,0.8456918
K4Na2TeO6__TiP2O7,0.966694395637536,1.0171753
K4Na2TeO6__TiP2O7,2.063912654920834,2.0595713
SbSBr__AsSe6IF6,1.4482956046592022,1.5340998
SbSBr__AsSe6IF6,0.8066041079796131,0.79280657
SbSBr__AsSe6IF6,1.9956266685599435,2.030231
SbSBr__AsSe6IF6,2.057321053225895,2.0588436
Li2P7(H3N)9__In3SnI5,1.300004900443376,1.3291162
Li2P7(H3N)9__In3SnI5,1.031885408745303,1.0907671
Li2P7(H3N)9__In3SnI5,1.5926025805478825,1.6097316
Li2P7(H3N)9__In3SnI5,1.5059123301784745,1.4888788
P__IO2F,1.4676643020424414,1.477178
P__IO2F,2.442470594686858,2.4246397
P__IO2F,1.9555373003378969,2.02341
P__IO2F,1.2390467747097549,1.2510726
NaZnAsO4__GeO2,0.7934726061132205,0.81275105
NaZnAsO4__GeO2,2.032304477378817,1.9508001
NaZnAsO4__GeO2,2.551002416906263,2.5052612
NaZnAsO4__GeO2,1.776726758255912,1.6996305
K2Sn(AsS3)2__Zn(HO)2,1.0378214125922212,1.0227197
K2Sn(AsS3)2__Zn(HO)2,0.9568609264431897,0.97708285
K2Sn(AsS3)2__Zn(HO)2,1.0580466235906285,1.1510453
K2Sn(AsS3)2__Zn(HO)2,1.855801710338783,1.7950592
Ca(GaSe2)2__Na2Li3GaO4,2.5144380979331893,2.4475846
Ca(GaSe2)2__Na2Li3GaO4,0.7470088752882897,0.73930585
Ca(GaSe2)2__Na2Li3GaO4,1.017838594430224,0.9955162
Ca(GaSe2)2__Na2Li3GaO4,0.9167729276828672,0.85971135
InAsH2O5__Zn3TeAs2Pb3O14,0.939318737568582,0.92048556
InAsH2O5__Zn3TeAs2Pb3O14,1.618421427380758,1.3700595
InAsH2O5__Zn3TeAs2Pb3O14,0.8844032751790384,0.7811276
InAsH2O5__Zn3TeAs2Pb3O14,1.683251208549336,1.3848501
Na3As4H5O14__TePCl9,2.4560981863977847,2.340482
Na3As4H5O14__TePCl9,1.113773840787403,1.1309144
Na3As4H5O14__TePCl9,0.932579283261812,0.959399
Na3As4H5O14__TePCl9,1.204720721557611,1.2533623
K2Al2Sb3__GaN5O14,2.592077553953694,2.5281801
K2Al2Sb3__GaN5O14,2.8810519286227634,2.8296695
K2Al2Sb3__GaN5O14,2.658307370081055,2.6170316
K2Al2Sb3__GaN5O14,2.158992938943721,2.1474602
CdSiP2__Ca7SiN6,1.3435894981203833,1.2659212
CdSiP2__Ca7SiN6,1.388259775662548,1.3257594
CdSiP2__Ca7SiN6,1.9439245208020448,1.7389513
CdSiP2__Ca7SiN6,0.6428436452180112,0.64935535
K3AsS3__Ca2Al2Sn2O9,2.188591558691406,2.0763817
K3AsS3__Ca2Al2Sn2O9,1.6714083472325485,1.60888
K3AsS3__Ca2Al2Sn2O9,1.4883135471022748,1.4519157
K3AsS3__Ca2Al2Sn2O9,0.6289922657058303,0.6049531
AlTeCl7__CaPbF6,2.016644446579537,2.0483584
AlTeCl7__CaPbF6,1.099506331060072,1.1371968
AlTeCl7__CaPbF6,2.633014264368539,2.642004
AlTeCl7__CaPbF6,1.4394439588131207,1.4763167
Na6Ge2Se7__LiAsO3,1.3986283887520683,1.4336925
Na6Ge2Se7__LiAsO3,1.7013411163214662,1.6294072
Na6Ge2Se7__LiAsO3,1.6278760861007209,1.6398785
Na6Ge2Se7__LiAsO3,2.0188105745398666,1.9358414
K4As2Se5__SiP,1.0133797411854233,0.970211
K4As2Se5__SiP,1.2455437623815466,1.294525
K4As2Se5__SiP,2.446953388220602,2.3856125
K4As2Se5__SiP,1.8492754673476384,1.9222181
K2GeTe4__Na2In2GeSe6,0.6738951554515317,0.89913714
K2GeTe4__Na2In2GeSe6,1.024406009779773,1.560613
K2GeTe4__Na2In2GeSe6,0.8584850308097097,1.4122276
K2GeTe4__Na2In2GeSe6,0.424680694426564,0.37257528
K4GeSe4__K7NaGe8,1.0293495898240972,1.0762026
K4GeSe4__K7NaGe8,1.8168169655273203,1.8986485
K4GeSe4__K7NaGe8,2.82429667080021,2.813826
K4GeSe4__K7NaGe8,0.6332433682408504,0.65321547
Na4Cd3Se5__K2SnCl6,1.6482934449599942,1.5590315
Na4Cd3Se5__K2SnCl6,1.6207922473162046,1.6577703
Na4Cd3Se5__K2SnCl6,1.208329355716985,1.1658139
Na4Cd3Se5__K2SnCl6,2.035054813483969,2.04446
Ca11Sn3C8__Cd7(P2Cl3)2,1.6619817577125349,1.6966836
Ca11Sn3C8__Cd7(P2Cl3)2,1.076823044278488,1.0643791
Ca11Sn3C8__Cd7(P2Cl3)2,0.6551558910575379,0.65466756
Ca11Sn3C8__Cd7(P2Cl3)2,0.633928577182221,0.64877075
NaSb5O13__In6Te10Pb,2.673529938085437,2.3253405
NaSb5O13__In6Te10Pb,2.347471697988563,2.0144465
NaSb5O13__In6Te10Pb,1.4452821916484098,1.2783432
NaSb5O13__In6Te10Pb,1.0036073373079288,0.9106092
P__Sb2IBr2F11,0.95657767684608,0.9492488
P__Sb2IBr2F11,1.011898455989855,1.0643898
P__Sb2IBr2F11,0.8378201328699111,0.8403604
P__Sb2IBr2F11,1.508987104890389,1.4825745
Na2PbO3__SbCl5,1.4234528552428003,1.4199947
Na2PbO3__SbCl5,1.7505484233709272,1.7789184
Na2PbO3__SbCl5,1.6480816484556726,1.6823996
Na2PbO3__SbCl5,1.1333488274879242,1.0859715
Ga7Te10__K2GeTe4,1.9269734690718665,1.8001244
Ga7Te10__K2GeTe4,1.5380782862278066,1.3904026
Ga7Te10__K2GeTe4,0.843913301400417,0.777412
Ga7Te10__K2GeTe4,1.006303727733136,0.8789057
NaCdIn2(PO4)3__GaSeBr7,0.8917937442551228,0.9639449
NaCdIn2(PO4)3__GaSeBr7,1.93098682424609,1.9331357
NaCdIn2(PO4)3__GaSeBr7,2.540141901319329,2.4694493
NaCdIn2(PO4)3__GaSeBr7,1.4649903129560908,1.4791988
Na2Si2Se5__Te(HO)6,0.6198764569599862,0.6425738
Na2Si2Se5__Te(HO)6,1.735383753190242,1.7758956
Na2Si2Se5__Te(HO)6,0.8623107680703489,0.89270246
Na2Si2Se5__Te(HO)6,1.2359305077920857,1.2726471
Ca4GeN4__K2CdGeO4,1.7637527196631135,1.816627
Ca4GeN4__K2CdGeO4,1.2040407956720047,1.2049785
Ca4GeN4__K2CdGeO4,0.7318518835735347,0.69683164
Ca4GeN4__K2CdGeO4,0.5998839862586307,0.6032036
K2SiAs2__Li2ZnSnS4,1.862618121131271,1.8416071
K2SiAs2__Li2ZnSnS4,1.4155403103735271,1.3504761
K2SiAs2__Li2ZnSnS4,2.527792480487353,2.4165683
K2SiAs2__Li2ZnSnS4,1.6226732975644682,1.5604901
K6Zn4Sn5S17__LiTi2(PO4)3,2.3364760276834677,2.0979862
K6Zn4Sn5S17__LiTi2(PO4)3,1.4004544140061943,1.3749819
K6Zn4Sn5S17__LiTi2(PO4)3,1.022838393860749,0.99952054
K6Zn4Sn5S17__LiTi2(PO4)3,1.5529420390590725,1.3730066
Cd(SbO3)2__Na14Cd2O9,1.5272540163780088,1.5717943
Cd(SbO3)2__Na14Cd2O9,2.539313889399321,2.6181767
Cd(SbO3)2__Na14Cd2O9,1.5268037299920445,1.576438
Cd(SbO3)2__Na14Cd2O9,1.6577920955346797,1.6888378
NF2__Na3AlH6,1.1873172537392962,1.1750584
NF2__Na3AlH6,2.7092241750689405,2.686289
NF2__Na3AlH6,2.216311995119306,2.2372272
NF2__Na3AlH6,2.437672696414311,2.402947
Pentacene__Ge2S3Br2,1.5574631468727582,1.5662613
Pentacene__Ge2S3Br2,1.5968960873023224,1.6402277
Pentacene__Ge2S3Br2,2.632055503048273,2.5705788
Pentacene__Ge2S3Br2,2.580858193078184,2.5111308
K2PbO2__K6Sn2S7,0.5878334307499833,0.6249566
K2PbO2__K6Sn2S7,0.7258100857824509,0.68593085
K2PbO2__K6Sn2S7,0.4459552753565423,0.39457634
K2PbO2__K6Sn2S7,1.3435941833562628,1.4894993
S3(NO7)2__Na8Ga2O7,0.7223422581306003,0.6937664
S3(NO7)2__Na8Ga2O7,2.5140406528488715,2.45177
S3(NO7)2__Na8Ga2O7,2.2452228657133344,2.1988866
S3(NO7)2__Na8Ga2O7,0.7235392120890715,0.74509573
Sb2Se3__PbSeO4,1.1493470930328888,1.1571032
Sb2Se3__PbSeO4,2.854422081413828,2.7723534
Sb2Se3__PbSeO4,1.6514298693568104,1.643635
Sb2Se3__PbSeO4,2.6510176951782274,2.5920117
Ca7SiN6__Ca2Al2Sn2O9,1.5214326255415265,1.2613487
Ca7SiN6__Ca2Al2Sn2O9,2.391041600859345,2.001072
Ca7SiN6__Ca2Al2Sn2O9,0.9474809721277244,0.73333716
Ca7SiN6__Ca2Al2Sn2O9,2.2303834721314626,1.7707875
K4CdAs2__KSn2(PO4)3,0.651958161279871,0.6626661
K4CdAs2__KSn2(PO4)3,2.043740790038842,1.9872544
K4CdAs2__KSn2(PO4)3,2.935196680710908,2.9102058
K4CdAs2__KSn2(PO4)3,1.7646246854555705,1.7569177
KSn__TeO3,0.7811478124278534,0.8179747
KSn__TeO3,1.1991447953651877,1.2126065
KSn__TeO3,1.4242753305780556,1.3980583
KSn__TeO3,1.8590892361498244,1.8188733
K4TiSn3(PO5)4__GaSeBr7,2.6155271559976208,2.4858298
K4TiSn3(PO5)4__GaSeBr7,0.5768769159566068,0.60109603
K4TiSn3(PO5)4__GaSeBr7,1.8971609200953667,1.8780415
K4TiSn3(PO5)4__GaSeBr7,2.741582711518756,2.6147544
K2Zn3O4__NaInSe2,1.415834101947942,1.4732274
K2Zn3O4__NaInSe2,0.9117361712495192,1.0239599
K2Zn3O4__NaInSe2,0.93521757983637,0.93993866
K2Zn3O4__NaInSe2,1.396843929660492,1.4185178
K3Na2SnAs3__Na2LiAlP2,1.505060132220186,1.5592208
K3Na2SnAs3__Na2LiAlP2,0.7012333810147895,0.7420541
K3Na2SnAs3__Na2LiAlP2,1.86318184406468,1.8895267
K3Na2SnAs3__Na2LiAlP2,1.1566268162614393,1.2014841
K2H6PbO6__K4Ge9O20,1.5613423581966346,1.2161967
K2H6PbO6__K4Ge9O20,2.237375864621518,1.6724988
K2H6PbO6__K4Ge9O20,2.23062138504768,1.719679
K2H6PbO6__K4Ge9O20,0.4630621933389653,0.3248571
In2(Se2O5)3__SnPO4F,0.6274882842664851,0.66938764
In2(Se2O5)3__SnPO4F,2.0701352264133086,2.0938473
In2(Se2O5)3__SnPO4F,2.5882493323674405,2.59548
In2(Se2O5)3__SnPO4F,1.5579276645800375,1.6348921
KNaGeO3__Sb9S4F39,2.3759331421632486,2.3709342
KNaGeO3__Sb9S4F39,2.8166873748682515,2.7626052
KNaGeO3__Sb9S4F39,0.9723863195118048,0.978673
KNaGeO3__Sb9S4F39,0.5798885131715352,0.6588663
K2Ti2O5__Rubrene,2.7510809419564985,2.719759
K2Ti2O5__Rubrene,2.042310863893983,2.05762
K2Ti2O5__Rubrene,0.4153849603667143,0.52665067
K2Ti2O5__Rubrene,1.624534575287775,1.6879497
P4S7__Ge3Pb5O11,0.5538569546539293,0.5805501
P4S7__Ge3Pb5O11,1.3485673517378745,1.368759
P4S7__Ge3Pb5O11,1.960162924137396,1.9951046
P4S7__Ge3Pb5O11,1.7370001178058785,1.7600257
K2SnTe3__In2(SeO4)3,2.282228941909738,2.1831315
K2SnTe3__In2(SeO4)3,1.7836174620170666,1.6871619
K2SnTe3__In2(SeO4)3,1.967061583472837,1.8754789
K2SnTe3__In2(SeO4)3,2.0629628193798517,2.0238214
Na2In2SiS6__LiC,0.625455356606171,0.59025854
Na2In2SiS6__LiC,2.106341369692978,1.995148
Na2In2SiS6__LiC,1.7500351542916457,1.6168981
Na2In2SiS6__LiC,0.7061519318310533,0.65991336
K2Sn(AsS3)2__Na2In2SiS6,1.0638288240306353,0.97757876
K2Sn(AsS3)2__Na2In2SiS6,0.4920794453001601,0.46317366
K2Sn(AsS3)2__Na2In2SiS6,0.4919381152263065,0.49757358
K2Sn(AsS3)2__Na2In2SiS6,2.6825130295166897,2.3707304
TeI__SnPS3,1.7266305666210406,1.6105148
TeI__SnPS3,0.829158110382098,0.8344844
TeI__SnPS3,1.3382695782066152,1.3546592
TeI__SnPS3,2.0386714517797717,1.9205327
Li7SbN4__Na2GeTeO6,0.6761146573963581,0.56358874
Li7SbN4__Na2GeTeO6,1.5672705554741295,1.7952129
Li7SbN4__Na2GeTeO6,0.9022881301773046,0.9422468
Li7SbN4__Na2GeTeO6,0.7337461652594945,0.7384835
K5GaSe4__CdSnP14,2.075765386004107,2.0534103
K5GaSe4__CdSnP14,0.8906870537639877,0.8645571
K5GaSe4__CdSnP14,2.316677899688064,2.2856185
K5GaSe4__CdSnP14,2.5257855109537477,2.4717624
Li10Zn4O9__SbAs2Cl13,2.6284268487080977,2.5875616
Li10Zn4O9__SbAs2Cl13,1.998421994637892,1.990654
Li10Zn4O9__SbAs2Cl13,0.9919288151042028,0.9948316
Li10Zn4O9__SbAs2Cl13,0.5313481660152681,0.52051836
ZnSe__Li2ZnSn3O8,2.381583062912924,1.8458958
ZnSe__Li2ZnSn3O8,0.9472030413204856,0.80977696
ZnSe__Li2ZnSn3O8,1.187433593942807,1.025488
ZnSe__Li2ZnSn3O8,2.1947312886826675,1.5868973
ZnF2__K2LiInAs2,0.8213107225520406,0.8148755
ZnF2__K2LiInAs2,1.0186313537411025,0.9968706
ZnF2__K2LiInAs2,0.8571034070037539,0.8433609
ZnF2__K2LiInAs2,2.017742948334309,2.0293636
Sn2Sb2Pb4O13__InSb(P2O7)2,1.4859739356151356,1.5125206
Sn2Sb2Pb4O13__InSb(P2O7)2,0.9069220037141928,0.9602017
Sn2Sb2Pb4O13__InSb(P2O7)2,0.7350330914893133,0.72910327
Sn2Sb2Pb4O13__InSb(P2O7)2,1.2152831250300538,1.3086427
P3NCl12__AlInI4,0.7331012817936223,0.7396006
P3NCl12__AlInI4,1.7896527655505017,1.7923169
P3NCl12__AlInI4,1.8266176244205536,1.8185169
P3NCl12__AlInI4,1.4979885947700422,1.4836835
KSnAsS5__LiPH21S3N7,1.455436052453894,1.4386692
KSnAsS5__LiPH21S3N7,2.441843968672747,2.3305087
KSnAsS5__LiPH21S3N7,1.9862904810437088,1.926211
KSnAsS5__LiPH21S3N7,0.6532081346907417,0.66993076
GeClO2F5__K6Zn4Sn5S17,1.3527272437772435,1.3381801
GeClO2F5__K6Zn4Sn5S17,1.4973161220306022,1.5315815
GeClO2F5__K6Zn4Sn5S17,2.6855861735297224,2.5474753
GeClO2F5__K6Zn4Sn5S17,1.1695149856609777,1.1716858
Na3AlH6__K6Te3(H8O7)4,2.154993161225981,2.147707
Na3AlH6__K6Te3(H8O7)4,2.613543761417357,2.613663
Na3AlH6__K6Te3(H8O7)4,2.864691247415273,2.8543677
Na3AlH6__K6Te3(H8O7)4,1.212512289700031,1.2371764
K3AsSe4__Ca2Al2Sn2O9,1.4475646727214424,1.3370674
K3AsSe4__Ca2Al2Sn2O9,2.23558946864388,2.1400301
K3AsSe4__Ca2Al2Sn2O9,1.0058102532981783,1.0144408
K3AsSe4__Ca2Al2Sn2O9,1.1149712385228083,1.1025672
KAs2HO6__P2Pb4O9,1.8936237359516268,1.647242
KAs2HO6__P2Pb4O9,1.1067914733315185,0.99735194
KAs2HO6__P2Pb4O9,2.423200645253636,2.1873384
KAs2HO6__P2Pb4O9,0.5888889205516411,0.5132039
LiGaO2__SnPCl9,1.145061949874555,1.1048403
LiGaO2__SnPCl9,1.0707410960170631,1.0470315
LiGaO2__SnPCl9,0.8824694765945701,0.86963946
LiGaO2__SnPCl9,2.364001129895715,2.3475962
P7Pb__Na2Ti2Si2O9,2.645367055606446,2.6061065
P7Pb__Na2Ti2Si2O9,0.4898768406909184,0.54286975
P7Pb__Na2Ti2Si2O9,2.561128843323774,2.593798
P7Pb__Na2Ti2Si2O9,0.5133441471285987,0.5365344
Ga2O3__LiIn(IO3)4,1.489311983197312,1.3962412
Ga2O3__LiIn(IO3)4,1.0731263053329558,1.006221
Ga2O3__LiIn(IO3)4,2.0296559713195745,1.7627498
Ga2O3__LiIn(IO3)4,2.009843202727304,1.6737688
Zn(InSe2)2__TiZn(SO4)3,1.894556000233952,1.8568491
Zn(InSe2)2__TiZn(SO4)3,0.8262818508415568,0.9051358
Zn(InSe2)2__TiZn(SO4)3,0.8066190189925454,0.8789852
Zn(InSe2)2__TiZn(SO4)3,1.893333182184339,1.7908932
TeO2__KInO2,2.2872014013069237,2.320046
TeO2__KInO2,1.579255154611423,1.6170009
TeO2__KInO2,0.5694865203522907,0.60897124
TeO2__KInO2,2.573349338805277,2.5647082
NaLi2Sb__K2Ti2O5,2.4628363398801123,2.4337945
NaLi2Sb__K2Ti2O5,2.584772342590413,2.5488818
NaLi2Sb__K2Ti2O5,0.9534564854107996,1.0581306
NaLi2Sb__K2Ti2O5,1.261755927793684,1.2442815
Na6GaP3__AsI5F6,1.60271969039623,1.5603435
Na6GaP3__AsI5F6,2.3494295852870377,2.2637844
Na6GaP3__AsI5F6,1.1738408991101716,1.1455824
Na6GaP3__AsI5F6,0.8356853200622402,0.86999494
K2O__K6Pb2O5,1.10514900680341,0.9376996
K2O__K6Pb2O5,1.436929626067939,1.3202155
K2O__K6Pb2O5,1.0407675719604388,0.9793629
K2O__K6Pb2O5,0.80476195249244,0.78658175
Li2SnSe3__Na2PS3,2.317629776200841,2.1594636
Li2SnSe3__Na2PS3,2.522659185427906,2.328067
Li2SnSe3__Na2PS3,0.8713636857338635,0.86080253
Li2SnSe3__Na2PS3,2.145179239276655,2.0414174
In2(CN2)3__LiTi2(PO4)3,1.0309461460863516,1.0469185
In2(CN2)3__LiTi2(PO4)3,1.5828190422007506,1.5638233
In2(CN2)3__LiTi2(PO4)3,2.506216355123858,2.3716037
In2(CN2)3__LiTi2(PO4)3,1.3921197958594524,1.3395361
KTe__PCl5,2.389881256224191,2.3858607
KTe__PCl5,1.4929312665454773,1.42553
KTe__PCl5,1.698219787305518,1.6470745
KTe__PCl5,2.156101277788113,2.0638008
AsI5F6__Ca3In2(GeO4)3,2.418922873516852,2.427195
AsI5F6__Ca3In2(GeO4)3,2.3943366241257538,2.3524315
AsI5F6__Ca3In2(GeO4)3,2.0068700656130343,1.9823952
AsI5F6__Ca3In2(GeO4)3,1.737222309757712,1.6978074
SbP2O7__KIn7S8,2.6152627675815974,2.576385
SbP2O7__KIn7S8,2.450086286310365,2.4388428
SbP2O7__KIn7S8,2.0527518721864726,2.0606747
SbP2O7__KIn7S8,0.9209961445485856,0.97639304
Na(GeP)3__LiInSiO4,0.6505050161939048,0.6781291
Na(GeP)3__LiInSiO4,2.2525001693887576,2.273866
Na(GeP)3__LiInSiO4,1.356163471260318,1.3970888
Na(GeP)3__LiInSiO4,1.5246464897581822,1.6499538
Ca2Si__CdI2,1.1425159752621168,1.0972128
Ca2Si__CdI2,0.5253098068986073,0.55091983
Ca2Si__CdI2,0.8972231767922992,0.9187911
Ca2Si__CdI2,1.6080950032877417,1.5856205
Li4PbO4__TeS7Cl2,1.3190911543118455,1.3100454
Li4PbO4__TeS7Cl2,1.3318914260209316,1.3275852
Li4PbO4__TeS7Cl2,1.4076568096745634,1.4226357
Li4PbO4__TeS7Cl2,0.6171100981852948,0.6014384
LiSbO3__Ti(NO3)4,1.4639357814072758,1.4918954
LiSbO3__Ti(NO3)4,0.7645056639895154,0.7727306
LiSbO3__Ti(NO3)4,2.794783268978453,2.7025945
LiSbO3__Ti(NO3)4,1.6171587525842666,1.6063532
Li2Ca(SiN2)2__AlAs3S5Cl4,0.92802666593926,0.94968456
Li2Ca(SiN2)2__AlAs3S5Cl4,2.3749241434084216,2.358709
Li2Ca(SiN2)2__AlAs3S5Cl4,2.3297936973350937,2.2353516
Li2Ca(SiN2)2__AlAs3S5Cl4,2.408687202316889,2.320198
KSnAsO5__TiSnP2SO12,1.789156259716841,1.7754822
KSnAsO5__TiSnP2SO12,0.7694003053776763,0.7385905
KSnAsO5__TiSnP2SO12,2.360334577964632,2.2323697
KSnAsO5__TiSnP2SO12,0.7018253516554129,0.7373002
KSbS2__Al2ZnS4,0.6416996898933345,0.5367258
KSbS2__Al2ZnS4,2.460601242964919,2.1914928
KSbS2__Al2ZnS4,0.9045028179775194,0.9057747
KSbS2__Al2ZnS4,1.57826172904193,1.5403732
GePbS3__Zn3PBr3,0.4480996455399093,0.5400395
GePbS3__Zn3PBr3,1.141595432672184,1.2000039
GePbS3__Zn3PBr3,0.3911646234873543,0.47475907
GePbS3__Zn3PBr3,1.3153125712352571,1.3791525
Ca11AlSb9__Sb9S4F39,2.309294054490407,2.2673304
Ca11AlSb9__Sb9S4F39,1.1340381504377337,1.1542963
Ca11AlSb9__Sb9S4F39,0.5683662399981474,0.62281954
Ca11AlSb9__Sb9S4F39,0.6031782110712016,0.57479227
Ca(Ga3Te5)2__LiZnN,2.218141238758982,2.2111833
Ca(Ga3Te5)2__LiZnN,2.4526853907108093,2.3825462
Ca(Ga3Te5)2__LiZnN,1.3988365078212333,1.3763268
Ca(Ga3Te5)2__LiZnN,0.7756353708781307,0.7645666
TiBr4__LiZnPS4,0.7232950795758001,0.8165899
TiBr4__LiZnPS4,0.4272737910968154,0.49869922
TiBr4__LiZnPS4,0.9471779665921972,1.0561552
TiBr4__LiZnPS4,0.6383477227063162,0.74141127
Na2In2GeSe6__Li5SiN3,2.5628946482810844,2.4785268
Na2In2GeSe6__Li5SiN3,0.7994614008467538,0.85700077
Na2In2GeSe6__Li5SiN3,0.6340504777110746,0.7164404
Na2In2GeSe6__Li5SiN3,1.6513113183607897,1.5720133
CdSe2__Sb8(PbS5)3,1.045389776233548,1.0111
CdSe2__Sb8(PbS5)3,1.262811431922005,1.2463142
CdSe2__Sb8(PbS5)3,1.5516322811008765,1.4454964
CdSe2__Sb8(PbS5)3,1.488011350899935,1.4385377
KTi2(PO4)3__KICl4,1.971897056525344,1.9708328
KTi2(PO4)3__KICl4,2.280954628318372,2.3053339
KTi2(PO4)3__KICl4,1.5341999224588547,1.5439583
KTi2(PO4)3__KICl4,0.6625479768031856,0.69434726
TeSe2__Zn3Cd3(TeO6)2,0.6676758178975675,0.7017694
TeSe2__Zn3Cd3(TeO6)2,1.6498940420421129,1.4567257
TeSe2__Zn3Cd3(TeO6)2,0.6908417715927294,0.7241815
TeSe2__Zn3Cd3(TeO6)2,1.9037490474400052,1.6796024
K3AlSe3__Ge19(AsBr)4,1.5041272631560172,1.4689505
K3AlSe3__Ge19(AsBr)4,2.782883569999977,2.7229028
K3AlSe3__Ge19(AsBr)4,0.7700781758106511,0.8041506
K3AlSe3__Ge19(AsBr)4,1.3422943081091463,1.327696
KSnS4__Na6Ge2S7,2.3918531130330614,2.1656034
KSnS4__Na6Ge2S7,0.5257177802899288,0.5085624
KSnS4__Na6Ge2S7,1.1489545712906044,0.99819857
KSnS4__Na6Ge2S7,1.1692042025995395,1.1052281
CaGaGeH__In4GeS4,2.045250697950887,1.8965285
CaGaGeH__In4GeS4,1.7533104722126998,1.6375976
CaGaGeH__In4GeS4,2.0003216521476594,1.8461193
CaGaGeH__In4GeS4,2.0933148745153227,1.9292775
Ca3AlN3__Na3Sb3(AsO7)2,0.9542363734004384,0.92703795
Ca3AlN3__Na3Sb3(AsO7)2,2.126067694792873,2.109005
Ca3AlN3__Na3Sb3(AsO7)2,0.6149273147950751,0.61579317
Ca3AlN3__Na3Sb3(AsO7)2,0.548462003224747,0.63291305
Na2PS3__ZnSiN2,1.7280736180520275,1.7082678
Na2PS3__ZnSiN2,0.5354608986778491,0.57146186
Na2PS3__ZnSiN2,2.55232063188392,2.4603324
Na2PS3__ZnSiN2,1.06943896408224,1.0311723
KAlTe2__Ca3(AlN2)2,1.066292858036996,1.1088372
KAlTe2__Ca3(AlN2)2,1.0800225493667628,1.0927097
KAlTe2__Ca3(AlN2)2,1.5094453156696492,1.5868144
KAlTe2__Ca3(AlN2)2,1.7524051859149865,1.649346
K4I2O9__KInAs3H7O13,0.8155904391719921,0.79009855
K4I2O9__KInAs3H7O13,1.5841285946954753,1.429141
K4I2O9__KInAs3H7O13,2.020259724200241,1.8248445
K4I2O9__KInAs3H7O13,1.986818137876103,1.728453
KSeO2F__K2SbH5O6,2.024038099418604,2.0714593
KSeO2F__K2SbH5O6,1.381901856122968,1.4256045
KSeO2F__K2SbH5O6,2.751500032674584,2.796817
KSeO2F__K2SbH5O6,2.376322882480314,2.4051309
Na5Ti2Si2PO13__KSnPO5,1.1096771177071083,1.3746269
Na5Ti2Si2PO13__KSnPO5,0.9157739635586554,1.1587453
Na5Ti2Si2PO13__KSnPO5,0.7785585595393673,0.9813524
Na5Ti2Si2PO13__KSnPO5,0.7670828138957638,1.0025221
