candidate_id,y_true,y_pred
Ca3(GaN2)2__NaLiTe,-2.3208450590662406,-1.0482024
Ca3(GaN2)2__NaLiTe,-1.8812353547263239,-1.07206
Ca3(GaN2)2__NaLiTe,-1.1623857868842395,-0.33913004
Ca3(GaN2)2__NaLiTe,-5.989964998371649,-2.448506
K5Na(Ti2Se9)3__SbF4,10.013173976396796,9.838346
K5Na(Ti2Se9)3__SbF4,9.981717126741382,9.90061
K5Na(Ti2Se9)3__SbF4,9.985302731767565,9.920245
K5Na(Ti2Se9)3__SbF4,10.018522184553337,9.894196
KTiPSe5__ZnCN2,9.992043953579515,9.762945
KTiPSe5__ZnCN2,9.989685537761126,9.853029
KTiPSe5__ZnCN2,10.014213507306923,9.844736
KTiPSe5__ZnCN2,9.961721568537596,9.739848
Na6P4Pb3S16__NaH2N,10.00859536526041,9.895991
Na6P4Pb3S16__NaH2N,9.779092820720479,9.576921
Na6P4Pb3S16__NaH2N,7.452490407797327,9.010751
Na6P4Pb3S16__NaH2N,10.009332397205378,9.913754
KPbO2__K2ZnS2,3.76930465340272,2.8336394
KPbO2__K2ZnS2,-0.7278143951159801,1.1446531
KPbO2__K2ZnS2,3.1997673964839866,2.8205006
KPbO2__K2ZnS2,1.4046933014200391,1.8448519
NaSb5O13__Na2PS3,5.383538086782495,7.693077
NaSb5O13__Na2PS3,8.114291915633366,9.01946
NaSb5O13__Na2PS3,10.001962585093331,9.688653
NaSb5O13__Na2PS3,7.674414467354753,9.048239
Li2Te2O5__K6Ti2O7,10.051489675014064,9.9096575
Li2Te2O5__K6Ti2O7,7.833043061976462,8.718384
Li2Te2O5__K6Ti2O7,5.928304536637952,7.627751
Li2Te2O5__K6Ti2O7,8.260188809936688,9.244648
Ca3(Si4P7)2__Li2ZnSnS4,8.352030025582867,8.084464
Ca3(Si4P7)2__Li2ZnSnS4,4.284780209350814,5.8655667
Ca3(Si4P7)2__Li2ZnSnS4,6.831676223238803,7.301567
Ca3(Si4P7)2__Li2ZnSnS4,9.038139437706839,8.2927685
Cd3SiO5__NaGaGeO4,10.024716445249116,8.86976
Cd3SiO5__NaGaGeO4,9.9644472592067,9.54685
Cd3SiO5__NaGaGeO4,10.031635216516133,8.820983
Cd3SiO5__NaGaGeO4,10.00071127133711,9.566593
Na4Al3Ge3IO12__K2TeH6SO10,3.6723717704276577,7.758362
Na4Al3Ge3IO12__K2TeH6SO10,6.492441779375511,8.637036
Na4Al3Ge3IO12__K2TeH6SO10,2.0768467333037486,7.066789
Na4Al3Ge3IO12__K2TeH6SO10,2.24212543134121,7.4577327
Ca11InSb9__Zn3PBr3,10.022603034539408,9.9365225
Ca11InSb9__Zn3PBr3,9.980836025708218,9.925889
Ca11InSb9__Zn3PBr3,10.021185664359631,9.942628
Ca11InSb9__Zn3PBr3,9.983545368476824,9.938643
NaGe__Ga(IO3)3,10.01746175309578,9.767022
NaGe__Ga(IO3)3,9.997440074396694,9.475255
NaGe__Ga(IO3)3,9.966559736031135,9.059679
NaGe__Ga(IO3)3,9.993769339596758,9.188247
KPS3__AsClF8,10.019703894057608,9.99945
KPS3__AsClF8,9.985554828505126,9.968461
KPS3__AsClF8,10.00778877069062,9.967926
KPS3__AsClF8,10.022577284667744,9.908098
Li2TeS3__Cd(NO3)2,9.997143007971657,9.768804
Li2TeS3__Cd(NO3)2,10.00150398500782,9.671739
Li2TeS3__Cd(NO3)2,10.007172968079944,9.6350765
Li2TeS3__Cd(NO3)2,9.964033995613685,9.483699
Na8TiAs4__Na3Ga3(TeO6)2,8.617861862215866,8.767527
Na8TiAs4__Na3Ga3(TeO6)2,7.789965929237268,8.358753
Na8TiAs4__Na3Ga3(TeO6)2,7.595330752040352,8.323793
Na8TiAs4__Na3Ga3(TeO6)2,8.84390804655478,9.217375
TePb__NaAlAsO4F,10.001982802209955,9.828565
TePb__NaAlAsO4F,9.98273508325747,10.0358715
TePb__NaAlAsO4F,10.022949521168941,10.158806
TePb__NaAlAsO4F,9.993244987372888,9.989831
K2Zn3O4__Zn2Te3O8,9.954464136203217,9.681489
K2Zn3O4__Zn2Te3O8,9.984088741826774,9.291783
K2Zn3O4__Zn2Te3O8,10.049613651661023,9.519141
K2Zn3O4__Zn2Te3O8,9.964708349565939,9.815155
Ca2Ge__KH3(SeO4)2,10.004394213921657,9.581672
Ca2Ge__KH3(SeO4)2,10.008281528370423,9.799081
Ca2Ge__KH3(SeO4)2,9.998104644242582,10.047417
Ca2Ge__KH3(SeO4)2,9.972099304041091,9.941933
Na3In2(AsO4)3__KInAs3H7O13,1.0116023115780437,6.3989744
Na3In2(AsO4)3__KInAs3H7O13,5.660147275882528,8.714866
Na3In2(AsO4)3__KInAs3H7O13,5.686753643605214,8.797198
Na3In2(AsO4)3__KInAs3H7O13,1.739375198208169,6.6431007
K2PbO2__GeAsSe,9.976938696555823,10.070021
K2PbO2__GeAsSe,9.982121943439077,9.900448
K2PbO2__GeAsSe,9.986458732443333,10.024868
K2PbO2__GeAsSe,10.005800472499903,9.915162
Cd2SnO4__S3(NO7)2,10.025562245317774,10.057403
Cd2SnO4__S3(NO7)2,9.979948271926428,10.003882
Cd2SnO4__S3(NO7)2,9.963418086827364,9.982623
Cd2SnO4__S3(NO7)2,10.01671677437168,9.9473505
SnF2__K11Cd2Sb5,10.037130925771343,10.045828
SnF2__K11Cd2Sb5,10.013671836353113,9.960058
SnF2__K11Cd2Sb5,10.015779054496385,10.025491
SnF2__K11Cd2Sb5,10.001812023175448,9.940743
HI3__Na3CdPCO7,10.036009651135322,9.754387
HI3__Na3CdPCO7,10.000261652655487,10.040042
HI3__Na3CdPCO7,10.001309288203514,9.959343
HI3__Na3CdPCO7,10.037377909357167,9.776759
NaS2__Na2TiZn2GeO7,-0.3449480281573138,4.553072
NaS2__Na2TiZn2GeO7,1.5604588631353185,5.1492553
NaS2__Na2TiZn2GeO7,-0.23065569083747073,4.5452175
NaS2__Na2TiZn2GeO7,-0.6442597980456055,4.6213026
Na2Te__KHS,9.968089521594505,9.506659
Na2Te__KHS,10.004954760512776,9.820129
Na2Te__KHS,9.968383257234168,10.378025
Na2Te__KHS,10.018504015207567,10.249717
SbBrF8__Li3SbS4,9.997610591516754,9.9647455
SbBrF8__Li3SbS4,10.002830265876124,9.983165
SbBrF8__Li3SbS4,9.99090526474997,9.952403
SbBrF8__Li3SbS4,10.014312145906954,10.00085
Ca2PI__NaIn(GeO3)2,0.8288701268988429,-0.30760452
Ca2PI__NaIn(GeO3)2,-1.0611559647134334,-0.23293985
Ca2PI__NaIn(GeO3)2,1.6431754120849547,0.26151612
Ca2PI__NaIn(GeO3)2,-1.4098761594739047,-0.35619918
NaZnAs__K2Ge2PbS6,3.905397516715749,8.021563
NaZnAs__K2Ge2PbS6,7.013924932061254,9.520087
NaZnAs__K2Ge2PbS6,3.8550568872765645,7.8533325
NaZnAs__K2Ge2PbS6,4.071272753554067,7.7673054
TPD__SbBr3,10.01489454376505,9.910856
TPD__SbBr3,9.943225542800322,10.013366
TPD__SbBr3,9.994435760692705,10.066495
TPD__SbBr3,10.05032994474082,9.982967
Pb3SeO5__Ca(AlSe2)2,9.993078998655802,9.93091
Pb3SeO5__Ca(AlSe2)2,10.032049915741377,9.991324
Pb3SeO5__Ca(AlSe2)2,10.040083754445288,9.959671
Pb3SeO5__Ca(AlSe2)2,10.031103720720381,9.990063
K5Zn4Sn5H4S17N__Na2Ti6O13,10.007043502354627,8.839402
K5Zn4Sn5H4S17N__Na2Ti6O13,10.013220556791174,9.82842
K5Zn4Sn5H4S17N__Na2Ti6O13,10.035101115330253,9.45125
K5Zn4Sn5H4S17N__Na2Ti6O13,9.99095678773167,9.376022
K2NaAlP2__Cd4As2Cl3,9.957176399628857,9.980138
K2NaAlP2__Cd4As2Cl3,10.00885495936491,10.0671
K2NaAlP2__Cd4As2Cl3,10.055201395404834,9.99697
K2NaAlP2__Cd4As2Cl3,10.009429457384591,10.010529
K2SbCl5__AlInS3,9.847410990137163,9.233475
K2SbCl5__AlInS3,7.373171360763338,7.464473
K2SbCl5__AlInS3,6.191843872463024,6.6019745
K2SbCl5__AlInS3,9.990996903330808,10.1429205
NaLi2Sb__Na5AlO4,10.006278408260135,9.943457
NaLi2Sb__Na5AlO4,9.993051620235839,9.131367
NaLi2Sb__Na5AlO4,10.026303550093795,9.170562
NaLi2Sb__Na5AlO4,9.98515889807463,9.436526
KP__K6ZnSe4,2.3735524216015405,1.1647046
KP__K6ZnSe4,3.347606799366913,2.2806215
KP__K6ZnSe4,3.247183438055855,2.1627
KP__K6ZnSe4,1.537787534037404,0.6237506
Zn(InSe2)2__Ca3(AlAs2)2,8.886262520374164,9.285887
Zn(InSe2)2__Ca3(AlAs2)2,6.803072667330967,7.6277094
Zn(InSe2)2__Ca3(AlAs2)2,7.612156101784351,8.34115
Zn(InSe2)2__Ca3(AlAs2)2,6.5761512919629395,7.7220197
K2Sn2O3__Ca5P8,8.43096933304227,9.338953
K2Sn2O3__Ca5P8,5.743919329231815,8.524943
K2Sn2O3__Ca5P8,5.190782901723385,8.205152
K2Sn2O3__Ca5P8,8.614156616251629,9.404135
KCdGeAs2__InCl,10.006103663578493,9.370103
KCdGeAs2__InCl,10.000179802164652,10.199668
KCdGeAs2__InCl,9.944134409718357,9.820445
KCdGeAs2__InCl,9.99740454143033,10.295618
InBr__NaPS3,-2.4083276854980658,-0.9842896
InBr__NaPS3,4.007571390545305,1.0753577
InBr__NaPS3,2.237065583195051,0.40049165
InBr__NaPS3,3.0344975114762884,0.48366374
Na6S2O9__InOF,9.977433586017662,8.500788
Na6S2O9__InOF,10.01296983622285,9.87752
Na6S2O9__InOF,9.985365807656613,8.521692
Na6S2O9__InOF,9.979080819165645,8.95496
Li2TeS3__CdI2,9.12444759201531,8.012688
Li2TeS3__CdI2,9.693235504912574,7.986519
Li2TeS3__CdI2,10.01238713064438,8.368367
Li2TeS3__CdI2,9.019451655935585,7.759297
KGaTe2__SbCl5,10.018678742374286,9.956856
KGaTe2__SbCl5,10.000709388113355,9.981092
KGaTe2__SbCl5,9.985840748743355,9.980357
KGaTe2__SbCl5,10.01019663119185,9.960499
AlGaAs2__NaGaO2,10.008459149422139,9.74898
AlGaAs2__NaGaO2,10.029637645398212,9.606669
AlGaAs2__NaGaO2,9.995437035308024,9.773278
AlGaAs2__NaGaO2,10.018532704756314,9.652776
Na2TiS2O__K5LiGe2O7,7.309742198003443,5.0961266
Na2TiS2O__K5LiGe2O7,4.332329185723309,3.696087
Na2TiS2O__K5LiGe2O7,8.548900400150336,5.783154
Na2TiS2O__K5LiGe2O7,6.41342354285357,4.743156
K2In(PSe4)2__Na2Cd3(P2O7)2,10.000702339589333,9.457477
K2In(PSe4)2__Na2Cd3(P2O7)2,9.982713593231345,10.223075
K2In(PSe4)2__Na2Cd3(P2O7)2,10.025107226473423,10.176246
K2In(PSe4)2__Na2Cd3(P2O7)2,9.993054970333178,9.95635
Ca3AlAs3__Na2SeO4,9.98503839573956,9.580284
Ca3AlAs3__Na2SeO4,9.972482503625999,9.426332
Ca3AlAs3__Na2SeO4,9.983351984634885,9.898785
Ca3AlAs3__Na2SeO4,10.001223237308354,9.388599
NaTiSe4__CdCN2,9.974196682405235,10.002885
NaTiSe4__CdCN2,9.997925950807044,9.969567
NaTiSe4__CdCN2,10.004216097783893,10.013829
NaTiSe4__CdCN2,10.002049208569861,10.035011
K7LiSi8__K2SnO2,10.002122887586628,10.203552
K7LiSi8__K2SnO2,9.982298245657962,10.286235
K7LiSi8__K2SnO2,10.006874361621884,10.413912
K7LiSi8__K2SnO2,7.292551513386146,9.800499
LiZnAs__LiGa5O8,6.655011896504029,8.7814665
LiZnAs__LiGa5O8,5.005001273414337,8.370415
LiZnAs__LiGa5O8,8.509428608546362,9.778782
LiZnAs__LiGa5O8,10.014467715468193,9.955916
K2CdGeO4__AlInS3,-3.2749231349876387,-1.3026423
K2CdGeO4__AlInS3,-1.8725084074504428,-0.54647803
K2CdGeO4__AlInS3,-1.9028064146133934,-0.6455336
K2CdGeO4__AlInS3,-4.595342089503634,-1.7504593
K4PbO4__KLiS,10.003740646565271,9.098387
K4PbO4__KLiS,9.995302784633516,9.51228
K4PbO4__KLiS,10.001967235206788,9.195418
K4PbO4__KLiS,9.989979987395644,9.582067
Ca(ZnP)2__Ca2Si,5.378416543506575,6.463167
Ca(ZnP)2__Ca2Si,2.7708968524198423,4.6090546
Ca(ZnP)2__Ca2Si,0.4085885670328249,2.9043512
Ca(ZnP)2__Ca2Si,0.8076177908778306,2.9932332
InSb2S4Br__KNO3,1.6519018819635092,3.0057323
InSb2S4Br__KNO3,0.9380780261400802,3.1075675
InSb2S4Br__KNO3,2.970478486331403,3.7374625
InSb2S4Br__KNO3,4.477218550267694,4.474446
Li2SnN2__KIO4,2.5660120006177363,5.4363246
Li2SnN2__KIO4,2.3057143957131787,5.368619
Li2SnN2__KIO4,2.9100139660652538,5.7751884
Li2SnN2__KIO4,5.901079196613329,7.6250772
P4S9__InCl3,9.267687277108763,7.430754
P4S9__InCl3,4.929221675172985,5.5092745
P4S9__InCl3,6.809583115675514,6.4834895
P4S9__InCl3,5.50601218821891,5.792483
K(SiAs)3__AlICl6,9.963579913169871,10.208313
K(SiAs)3__AlICl6,9.955186180149681,10.066885
K(SiAs)3__AlICl6,9.980288324768168,10.069766
K(SiAs)3__AlICl6,9.985780945191483,10.091316
Li2SnO3__CaTe2O5,-6.005300621870878,-3.1555686
Li2SnO3__CaTe2O5,-5.978902960498711,-2.9787834
Li2SnO3__CaTe2O5,-5.8914194244949645,-2.9865983
Li2SnO3__CaTe2O5,-6.008244766290418,-3.5387926
K2LiGaAs2__Ca3Zn3(TeO6)2,9.990327578508088,9.995987
K2LiGaAs2__Ca3Zn3(TeO6)2,9.989871753089382,9.575844
K2LiGaAs2__Ca3Zn3(TeO6)2,9.979830130707258,10.1131
K2LiGaAs2__Ca3Zn3(TeO6)2,10.016242312838525,9.21245
ICl3__Na2Ti2Se9,10.00267870222468,9.971744
ICl3__Na2Ti2Se9,10.01189255781074,10.001212
ICl3__Na2Ti2Se9,9.995332467852542,9.976452
ICl3__Na2Ti2Se9,9.998477022830121,9.992757
Na5SnP3__Na5InS4,4.902403431103608,0.27747613
Na5SnP3__Na5InS4,7.79365316330306,1.7661681
Na5SnP3__Na5InS4,2.0807376386827747,-0.49836442
Na5SnP3__Na5InS4,2.171088618547428,-0.58726674
Li2TeS3__K2ZnSe2,3.7245901633116167,-0.1728148
Li2TeS3__K2ZnSe2,9.345725619067753,3.1733902
Li2TeS3__K2ZnSe2,8.2869367048017,2.5555513
Li2TeS3__K2ZnSe2,6.91370394993588,1.5527807
Zn2AsHO5__K2LiSn4,9.97128752266015,9.998991
Zn2AsHO5__K2LiSn4,10.02936625094539,9.966081
Zn2AsHO5__K2LiSn4,10.008456016933295,9.968971
Zn2AsHO5__K2LiSn4,10.017771367295392,10.019485
Alq3__Ti6CCl14,10.020521324379326,10.012866
Alq3__Ti6CCl14,9.990614877883568,9.947976
Alq3__Ti6CCl14,10.009992295396987,9.970236
Alq3__Ti6CCl14,10.01074685977807,10.018232
K2Ga2As3__K6CdO4,8.44949093843997,8.622231
K2Ga2As3__K6CdO4,10.014436083702678,9.679673
K2Ga2As3__K6CdO4,9.74217814177206,9.652862
K2Ga2As3__K6CdO4,9.97965703212488,9.820682
Zn3Cd3(TeO6)2__TPD,10.010581219529643,9.968799
Zn3Cd3(TeO6)2__TPD,10.025230870992724,9.913263
Zn3Cd3(TeO6)2__TPD,10.012423730627292,9.973006
Zn3Cd3(TeO6)2__TPD,9.98749371603374,10.027223
Ca3(GeAs2)2__NaAsO3,10.010938601965318,9.552418
Ca3(GeAs2)2__NaAsO3,9.958001004120122,10.087241
Ca3(GeAs2)2__NaAsO3,10.00253279353663,10.07818
Ca3(GeAs2)2__NaAsO3,9.9815629857489,9.757329
Sb2Se3__Sn2SI2,0.6383216404005129,4.853251
Sb2Se3__Sn2SI2,6.10161660212181,7.507021
Sb2Se3__Sn2SI2,1.9495610056806267,5.371257
Sb2Se3__Sn2SI2,6.3861134096010606,7.683924
K2SbPO6__Na2Ti6O13,5.153146439627067,0.36327842
K2SbPO6__Na2Ti6O13,0.17411247628573312,-2.373527
K2SbPO6__Na2Ti6O13,0.6785810987594159,-1.9919257
K2SbPO6__Na2Ti6O13,1.3127612749612234,-1.7344667
K4CdAs2__K3Al2As3,3.5125058107185834,-1.1662652
K4CdAs2__K3Al2As3,2.992220451356144,-1.919739
K4CdAs2__K3Al2As3,2.6489769533254783,-1.8732957
K4CdAs2__K3Al2As3,5.377589562018589,-0.07764351
Sn(SO4)2__Ca3AlAs3,9.98932974260837,10.03336
Sn(SO4)2__Ca3AlAs3,10.017439206006854,9.976455
Sn(SO4)2__Ca3AlAs3,10.040723503857699,9.977371
Sn(SO4)2__Ca3AlAs3,9.954877016171977,9.935515
K3AsO4__InAs(H2O3)2,8.172551007028103,8.95868
K3AsO4__InAs(H2O3)2,9.695525164517937,9.302473
K3AsO4__InAs(H2O3)2,9.167252305946677,9.017696
K3AsO4__InAs(H2O3)2,8.932791764904614,9.04384
Ca11InSb9__S(IO3)2,10.026086898783365,10.006842
Ca11InSb9__S(IO3)2,10.037948320774913,9.983657
Ca11InSb9__S(IO3)2,10.041654100202974,10.022462
Ca11InSb9__S(IO3)2,10.016640233617387,10.0131
NaAs__CdP4,10.01468121656454,10.0357485
NaAs__CdP4,9.999072157910023,10.047341
NaAs__CdP4,8.941861829928047,9.832419
NaAs__CdP4,8.56977599570301,9.969685
Na4TiP2O9__SeO2,9.986587237918958,10.1847725
Na4TiP2O9__SeO2,9.967150344106374,10.191166
Na4TiP2O9__SeO2,10.011883186258553,10.210497
Na4TiP2O9__SeO2,9.98054738896366,10.187245
MEH-PPV__NaP3(PbO3)4,9.993299481626568,9.982116
MEH-PPV__NaP3(PbO3)4,10.010293394048539,10.009307
MEH-PPV__NaP3(PbO3)4,10.000893857877891,9.992483
MEH-PPV__NaP3(PbO3)4,10.021540254292704,9.98892
K2NaAlH6__Zn3Te2P2(PbO7)2,10.045989423795005,9.997611
K2NaAlH6__Zn3Te2P2(PbO7)2,9.962333697439114,10.18004
K2NaAlH6__Zn3Te2P2(PbO7)2,9.979671810640603,10.203576
K2NaAlH6__Zn3Te2P2(PbO7)2,9.990141698514305,10.083799
K5SnAs3__CaTi4(PO4)6,10.024267579899544,10.17333
K5SnAs3__CaTi4(PO4)6,9.991882104483649,10.031589
K5SnAs3__CaTi4(PO4)6,9.980535912354513,10.004614
K5SnAs3__CaTi4(PO4)6,10.007118481130274,10.076597
InSbS3__CaPSe3,-0.385934460794268,-3.4548562
InSbS3__CaPSe3,-0.05594345787518138,-3.3527281
InSbS3__CaPSe3,3.2949290695029845,-2.0058253
InSbS3__CaPSe3,2.177981479370421,-2.316975
AlAs3S5Cl4__Na3As4H5O14,1.0640215185182418,0.86218154
AlAs3S5Cl4__Na3As4H5O14,0.9319204948475958,0.676762
AlAs3S5Cl4__Na3As4H5O14,-0.5175377563375984,0.14916304
AlAs3S5Cl4__Na3As4H5O14,3.3521579680968236,1.4787637
TeSe2__Na3SbO3,10.00465466296604,10.22409
TeSe2__Na3SbO3,10.000651095399313,10.127576
TeSe2__Na3SbO3,9.994423531337308,10.368858
TeSe2__Na3SbO3,9.999820167377528,10.041548
K4P21I__Ga2Sn2S5,-4.430957168534684,-3.853101
K4P21I__Ga2Sn2S5,-4.393172254722359,-3.5583208
K4P21I__Ga2Sn2S5,-6.0157663753447865,-4.182696
K4P21I__Ga2Sn2S5,-5.9848569876003905,-4.733604
AlPI8__Na4SnO4,7.4949711778045,-0.101963826
AlPI8__Na4SnO4,6.657567540053863,-0.35276008
AlPI8__Na4SnO4,2.182891941062205,-3.2227914
AlPI8__Na4SnO4,4.3246748336450285,-2.0203931
Ca2Sb2O7__K3P11,5.570850627378032,4.1151714
Ca2Sb2O7__K3P11,2.0667863072546937,1.3310759
Ca2Sb2O7__K3P11,3.813176670548685,2.6114953
Ca2Sb2O7__K3P11,3.4118361065092015,2.415779
Zn3TeO6__K2GaSb2,9.993165688928007,10.029948
Zn3TeO6__K2GaSb2,10.00827482540924,9.996953
Zn3TeO6__K2GaSb2,10.032642661158327,9.957844
Zn3TeO6__K2GaSb2,10.01011437608283,10.020051
Zn(InTe2)2__TePbO3,9.968727500672083,9.123676
Zn(InTe2)2__TePbO3,9.962658678748971,9.19192
Zn(InTe2)2__TePbO3,10.01378726207209,9.448722
Zn(InTe2)2__TePbO3,9.957781356335394,8.849344
LiH__Li3AlN2,-2.639283914992518,0.3519237
LiH__Li3AlN2,-0.3663208555967515,1.8870076
LiH__Li3AlN2,-0.4081203504631264,1.831116
LiH__Li3AlN2,-0.581030605003676,1.7807566
Na5GaO4__CaTe2O5,5.07934537402927,7.918051
Na5GaO4__CaTe2O5,9.972833940112212,9.764863
Na5GaO4__CaTe2O5,10.015325125476203,9.751138
Na5GaO4__CaTe2O5,5.11327366315996,7.833662
NaAsS2__K4Sb2O5,1.926691190360476,2.1326468
NaAsS2__K4Sb2O5,3.4059748919947004,2.8158293
NaAsS2__K4Sb2O5,-1.558353074666439,0.8594312
NaAsS2__K4Sb2O5,-0.7675320286748513,1.0223922
CdS__Ti2PCl13,2.7233203586159185,7.089938
CdS__Ti2PCl13,8.427968117532567,9.677368
CdS__Ti2PCl13,7.660732882932908,9.484558
CdS__Ti2PCl13,5.903975865424233,8.910877
Na6ZnO4__P3BrCl14,10.006531251760116,9.981653
Na6ZnO4__P3BrCl14,10.019629227841364,10.013183
Na6ZnO4__P3BrCl14,9.990350766341685,9.999328
Na6ZnO4__P3BrCl14,10.02305630341421,9.972128
K5LiGe2O7__KH,-0.4637560115881304,-2.0643291
K5LiGe2O7__KH,-1.0375304349681769,-2.599623
K5LiGe2O7__KH,-3.8932544774365145,-4.121881
K5LiGe2O7__KH,-1.324528966373291,-3.0331638
Na2TiSiO5__Ca4Al6TeO12,-5.879541628880168,-4.4680176
Na2TiSiO5__Ca4Al6TeO12,-1.819227393374651,-2.0717356
Na2TiSiO5__Ca4Al6TeO12,-4.052740810445108,-3.5416822
Na2TiSiO5__Ca4Al6TeO12,-4.062150175698106,-3.5548096
In2(SeO4)3__NaZnSiHO4,-6.00895506234422,-5.461759
In2(SeO4)3__NaZnSiHO4,-5.668635767390942,-4.4280734
In2(SeO4)3__NaZnSiHO4,-3.521721913472154,-2.7598448
In2(SeO4)3__NaZnSiHO4,-4.140214300173513,-2.9983828
KGaSb2__GePbS3,9.971305775798616,9.834166
KGaSb2__GePbS3,9.970769276657837,9.997295
KGaSb2__GePbS3,10.00697318373787,9.986716
KGaSb2__GePbS3,9.978155692528107,9.977384
Ti2Sb2Pb4O13__SbSCl9,9.97539453962794,10.415779
Ti2Sb2Pb4O13__SbSCl9,10.016826071861777,10.408633
Ti2Sb2Pb4O13__SbSCl9,9.976435604805179,10.498845
Ti2Sb2Pb4O13__SbSCl9,10.00852537336945,10.481265
NaCdPO4__LiInSiO4,1.2871783502438605,1.1534711
NaCdPO4__LiInSiO4,-2.4617673079825284,-0.9012699
NaCdPO4__LiInSiO4,0.9430639911273476,0.96586746
NaCdPO4__LiInSiO4,3.886795716874537,2.8922884
Li10Si(PSe6)2__In2(CN2)3,4.354925867808693,5.879773
Li10Si(PSe6)2__In2(CN2)3,7.647451170652965,7.60155
Li10Si(PSe6)2__In2(CN2)3,8.604143368421685,7.9419723
Li10Si(PSe6)2__In2(CN2)3,6.9538274659221,7.2514396
PCBM__NaAlSe2,10.001687355114605,9.983869
PCBM__NaAlSe2,9.981857777070086,10.017246
PCBM__NaAlSe2,10.04681771575644,10.030462
PCBM__NaAlSe2,10.011823142484777,10.026029
KInAs3H7O13__LiGaS2,3.676907398978148,6.172884
KInAs3H7O13__LiGaS2,7.659816342633933,8.18626
KInAs3H7O13__LiGaS2,3.4817905971796184,6.2527413
KInAs3H7O13__LiGaS2,4.320681820738568,6.441251
K2TeSe3__CaTiO3,5.626484016206582,-0.091722436
K2TeSe3__CaTiO3,2.0729873075614704,-2.3019397
K2TeSe3__CaTiO3,3.7051125053059155,-1.7697831
K2TeSe3__CaTiO3,5.279023708534487,-0.34747365
Te3(PbO4)2__TeO2,10.008541283675106,10.165181
Te3(PbO4)2__TeO2,7.01589796219707,9.568884
Te3(PbO4)2__TeO2,10.025906188644932,10.183327
Te3(PbO4)2__TeO2,8.33966240360479,9.901347
KCa(H2N)3__Ca5(IO6)2,4.720988647605666,5.6196556
KCa(H2N)3__Ca5(IO6)2,10.001620729405758,8.046483
KCa(H2N)3__Ca5(IO6)2,7.869873114772027,7.0918736
KCa(H2N)3__Ca5(IO6)2,5.616112388373472,5.732409
Na4GeSe4__BrNO3,9.966243598040188,9.991972
Na4GeSe4__BrNO3,10.022120268891166,9.995798
Na4GeSe4__BrNO3,10.038160893567145,9.996071
Na4GeSe4__BrNO3,10.012359084645986,9.9745655
Ga10GePb3O20__CdH2SeO5,10.000630128926854,10.246322
Ga10GePb3O20__CdH2SeO5,9.998235199601266,10.25003
Ga10GePb3O20__CdH2SeO5,9.980145316333601,10.298768
Ga10GePb3O20__CdH2SeO5,9.995643270103827,10.418389
S(IO3)2__BrCl,9.97710073263071,10.376901
S(IO3)2__BrCl,9.990164160187254,10.386776
S(IO3)2__BrCl,9.991896924604077,10.404142
S(IO3)2__BrCl,10.009627418596134,10.44975
P2S5__K3LiGe4,9.984851068482714,9.996616
P2S5__K3LiGe4,9.988263407167436,9.96062
P2S5__K3LiGe4,10.02995849864426,9.951326
P2S5__K3LiGe4,9.996405616454282,9.980453
ZnSe__KSb2PO8,4.376471106518871,-0.50080425
ZnSe__KSb2PO8,5.528517475835421,-0.09313076
ZnSe__KSb2PO8,6.532034801827858,-0.5943799
ZnSe__KSb2PO8,8.914627206614508,0.6357154
Li2GePbS4__AsClF8,10.009260786460334,9.933362
Li2GePbS4__AsClF8,10.035304960480675,10.0134945
Li2GePbS4__AsClF8,10.036619859497025,9.958033
Li2GePbS4__AsClF8,10.006967759336439,9.985631
KNaS__CdS,10.005189553505165,10.083
KNaS__CdS,9.970633515983414,10.0272665
KNaS__CdS,10.015978698127345,9.909179
KNaS__CdS,9.994264828897483,10.099789
Sn2OF2__H3C3N5,-2.0954747500947026,0.18472703
Sn2OF2__H3C3N5,-0.38853905094596575,0.94122106
Sn2OF2__H3C3N5,-2.003752519710791,0.11889971
Sn2OF2__H3C3N5,-0.45053369220408906,0.7293975
GeBr4__In2(Se2O5)3,4.636263917889903,4.331498
GeBr4__In2(Se2O5)3,9.99983219352242,7.8377485
GeBr4__In2(Se2O5)3,8.7924165521332,6.709852
GeBr4__In2(Se2O5)3,9.957779682231267,8.115745
Na2O__Li5SbS3I2,4.93667288513839,4.329786
Na2O__Li5SbS3I2,5.187274322440184,4.5057335
Na2O__Li5SbS3I2,5.162932829914322,4.554236
Na2O__Li5SbS3I2,0.634396843880869,1.1914454
TeS7Cl2__KTi2(PO4)3,10.002114056974733,10.051015
TeS7Cl2__KTi2(PO4)3,9.987871368859388,9.999685
TeS7Cl2__KTi2(PO4)3,10.055594062296427,10.0509815
TeS7Cl2__KTi2(PO4)3,10.00146229271694,9.981048
Ca3(SiP2)2__S5(IO9)2,10.018719705855093,9.953231
Ca3(SiP2)2__S5(IO9)2,9.998721671429175,10.009598
Ca3(SiP2)2__S5(IO9)2,9.978987437369906,9.971857
Ca3(SiP2)2__S5(IO9)2,10.003147905248126,10.004299
K3SbTe3__TePbO3,10.005940990520974,9.976543
K3SbTe3__TePbO3,9.979102863734985,10.033737
K3SbTe3__TePbO3,9.986251406906122,10.099228
K3SbTe3__TePbO3,9.97120281517765,9.846978
SIO3F__Sb2PbO6,10.009072245718308,9.969598
SIO3F__Sb2PbO6,10.009162844698169,10.008803
SIO3F__Sb2PbO6,9.987140428528274,9.986064
SIO3F__Sb2PbO6,10.006195983514319,9.997421
HS2IO8__ZnH2SeO5,4.621724844210253,6.5530963
HS2IO8__ZnH2SeO5,2.9827028838067613,5.357376
HS2IO8__ZnH2SeO5,5.067824561849046,6.7661123
HS2IO8__ZnH2SeO5,2.892088822560258,5.216087
LiAs__NaS,3.9342991945400536,8.081952
LiAs__NaS,3.3977367929270113,8.071296
LiAs__NaS,0.9557400306056028,6.952714
LiAs__NaS,2.7482843210856784,7.705056
NClO3__NaPS3,9.999688629453841,10.010007
NClO3__NaPS3,10.04093792575714,10.008045
NClO3__NaPS3,10.001456374606082,10.022396
NClO3__NaPS3,10.003779658479607,10.02792
PbI2__Li2GeN2,-1.8905805237475237,-1.9345398
PbI2__Li2GeN2,0.5268392352647269,-0.8278442
PbI2__Li2GeN2,3.8581109943558625,1.5288855
PbI2__Li2GeN2,0.5272467040032898,-0.83925134
K2NaH10IO10__KSiSbO5,-1.9028090019141675,-1.9066561
K2NaH10IO10__KSiSbO5,-1.1451369029112464,-1.7321297
K2NaH10IO10__KSiSbO5,1.1696799814515033,0.074573256
K2NaH10IO10__KSiSbO5,0.4732946208771503,-0.32840294
Zn2Te3O8__SbClF8,9.980016099191293,10.449385
Zn2Te3O8__SbClF8,9.973415903755653,10.223558
Zn2Te3O8__SbClF8,9.9767826102182,10.284634
Zn2Te3O8__SbClF8,10.011210750619604,10.1225195
NaSbS2__K3GaSe3,10.006640903392958,8.9702425
NaSbS2__K3GaSe3,10.000559232435084,8.3948345
NaSbS2__K3GaSe3,10.0167213060395,8.991312
NaSbS2__K3GaSe3,9.982827155744035,8.337157
Cd3SiO5__K4P21I,8.907781647516652,8.61193
Cd3SiO5__K4P21I,6.719806528641743,7.8483853
Cd3SiO5__K4P21I,10.008386376949325,9.259224
Cd3SiO5__K4P21I,6.974370862378874,7.984423
LiInTe2__GePbS3,10.009211751014174,10.024072
LiInTe2__GePbS3,9.91105660841838,9.869504
LiInTe2__GePbS3,9.984602466507653,10.265492
LiInTe2__GePbS3,9.962569955274539,10.003604
KSb2PO8__K2Zn(SnSe3)2,8.332530869130744,9.051075
KSb2PO8__K2Zn(SnSe3)2,10.024523971786133,9.526631
KSb2PO8__K2Zn(SnSe3)2,10.021476600131807,9.425297
KSb2PO8__K2Zn(SnSe3)2,4.916651427165154,7.2661476
Na6S2O9__K2PS3,4.651497941398955,6.967337
Na6S2O9__K2PS3,1.7277855065191017,4.7820787
Na6S2O9__K2PS3,3.606492221936434,6.3285356
Na6S2O9__K2PS3,4.843968549530841,7.0357165
CdSe__Na3H5(SeO4)4,10.026100999689723,10.097423
CdSe__Na3H5(SeO4)4,10.018031311851285,10.152604
CdSe__Na3H5(SeO4)4,10.002159803902254,9.678082
CdSe__Na3H5(SeO4)4,9.978275532156706,10.1630945
GeTe__K2CdSiO4,10.006565929170407,10.070771
GeTe__K2CdSiO4,10.010919740657222,10.025549
GeTe__K2CdSiO4,9.978931939710296,10.208605
GeTe__K2CdSiO4,10.022064354073386,9.955938
Na2ZnH4(SeO5)2__Te4P2O13,4.930683240671946,8.843097
Na2ZnH4(SeO5)2__Te4P2O13,4.410045343938125,8.989679
Na2ZnH4(SeO5)2__Te4P2O13,3.303139585300212,8.546242
Na2ZnH4(SeO5)2__Te4P2O13,6.209192299993167,9.024394
SbBr5F6__KInTe2,9.987189743353888,9.998818
SbBr5F6__KInTe2,9.989345191000753,9.971132
SbBr5F6__KInTe2,10.033127312977731,9.990715
SbBr5F6__KInTe2,10.033970926138988,9.974046
NaInSn2__K2Pb2O3,10.014131397786096,9.503951
NaInSn2__K2Pb2O3,9.98623141679323,9.425754
NaInSn2__K2Pb2O3,10.033750996784724,9.437571
NaInSn2__K2Pb2O3,9.715962928377275,9.2817545
Zn(InTe2)2__Sb7Se8F35,10.013185105796437,10.026551
Zn(InTe2)2__Sb7Se8F35,10.002306184349429,10.0298195
Zn(InTe2)2__Sb7Se8F35,10.029639568775801,10.0118065
Zn(InTe2)2__Sb7Se8F35,9.986771616184893,10.080512
KNa4GaO4__Na2SnO2,6.233075785449882,9.626096
KNa4GaO4__Na2SnO2,9.9668532647424,10.2249975
KNa4GaO4__Na2SnO2,6.4909131844186225,9.61784
KNa4GaO4__Na2SnO2,7.735223205447775,9.903768
Ga2Te5__P3BrCl14,10.018787592988877,9.959736
Ga2Te5__P3BrCl14,10.028445898085721,9.963502
Ga2Te5__P3BrCl14,10.001061091754625,10.028324
Ga2Te5__P3BrCl14,10.018448253834613,9.943571
Na10Zn4O9__Na5IO6,6.246219679786972,6.97645
Na10Zn4O9__Na5IO6,3.0686607607474397,5.7080607
Na10Zn4O9__Na5IO6,5.428090116594551,6.8369665
Na10Zn4O9__Na5IO6,4.906129123481892,6.174652
LiAsS2__Ca2Si5N8,10.016557370279667,10.199125
LiAsS2__Ca2Si5N8,10.02858958350728,9.66487
LiAsS2__Ca2Si5N8,9.994345172199585,10.152943
LiAsS2__Ca2Si5N8,9.996109776237084,10.240047
KTeP2__Ti6CCl14,9.984874077401708,10.029094
KTeP2__Ti6CCl14,9.965966073231023,10.117311
KTeP2__Ti6CCl14,9.979126062807245,10.108656
KTeP2__Ti6CCl14,10.006962044041321,10.091117
Cd7(P2Cl3)2__P2H9(CBr)3,10.005806307813371,9.90707
Cd7(P2Cl3)2__P2H9(CBr)3,10.018839626897472,9.448261
Cd7(P2Cl3)2__P2H9(CBr)3,8.162451531987703,8.1791315
Cd7(P2Cl3)2__P2H9(CBr)3,9.017349894616041,8.603644
K3SnSe3__LiGaO2,7.826552488187342,9.241543
K3SnSe3__LiGaO2,8.392613362628664,9.389082
K3SnSe3__LiGaO2,7.995896887868747,9.135737
K3SnSe3__LiGaO2,4.989531104270703,7.860726
K6Zn4Sn5S17__NaSbCl6,5.93128666573196,6.3150296
K6Zn4Sn5S17__NaSbCl6,9.525531721359515,7.950144
K6Zn4Sn5S17__NaSbCl6,9.991064145126549,8.203723
K6Zn4Sn5S17__NaSbCl6,8.343858547224864,7.65317
Ca3(GaP2)2__In2S3,7.672609614006412,9.73071
Ca3(GaP2)2__In2S3,6.223651901375858,9.570525
Ca3(GaP2)2__In2S3,7.173851534907958,9.704608
Ca3(GaP2)2__In2S3,10.028187122860887,10.002154
Na5Al3H14__LiGa(H2N)4,7.267733158141757,7.693395
Na5Al3H14__LiGa(H2N)4,8.321750456145736,8.094124
Na5Al3H14__LiGa(H2N)4,4.845212891039557,6.8644104
Na5Al3H14__LiGa(H2N)4,3.750104843002902,5.819419
KSnPS4__NClO3,10.013528996471868,9.973353
KSnPS4__NClO3,9.99528032706027,10.004667
KSnPS4__NClO3,10.019559298261296,9.982195
KSnPS4__NClO3,10.016427025122296,9.978057
KInBr3__KGeCl3,10.006842301084664,8.312058
KInBr3__KGeCl3,5.2681644535522185,5.722984
KInBr3__KGeCl3,9.63717115779929,7.8813834
KInBr3__KGeCl3,3.869586670828692,5.7068715
Na3AsO4__KTe3O6F,5.850885580618793,9.421482
Na3AsO4__KTe3O6F,7.930991324556097,9.914987
Na3AsO4__KTe3O6F,5.149714093943642,9.271111
Na3AsO4__KTe3O6F,4.060541989273689,8.993422
TeI4__P,2.3197661253549087,3.3380752
TeI4__P,-4.156905339091469,-0.46205914
TeI4__P,0.26257539792428913,2.0031872
TeI4__P,-3.7566249559550076,-0.10202033
NaSe__Ca5P3H,3.2950845418384516,1.9014928
NaSe__Ca5P3H,-1.7906619350078703,-1.9257891
NaSe__Ca5P3H,-1.2207732358959342,-1.5057259
NaSe__Ca5P3H,2.2058460355295053,0.2577782
Na5(InTe3)2__Ca3(AlAs2)2,-1.2057296228268344,-2.4216735
Na5(InTe3)2__Ca3(AlAs2)2,-1.7200949454175123,-2.5451648
Na5(InTe3)2__Ca3(AlAs2)2,1.2916244707578535,-0.4263275
Na5(InTe3)2__Ca3(AlAs2)2,0.9684507201122124,-0.554991
Na5SiAs3__K4Sb2O5,7.026211966171932,8.450667
Na5SiAs3__K4Sb2O5,6.284375707140268,8.403949
Na5SiAs3__K4Sb2O5,6.709816426822193,8.363568
Na5SiAs3__K4Sb2O5,9.98133241092634,9.806182
TeO3__NaLiZnS2,10.02401065258919,10.00737
TeO3__NaLiZnS2,9.976877188980167,10.0086155
TeO3__NaLiZnS2,9.993712346674483,9.96138
TeO3__NaLiZnS2,10.003831552005543,10.007538
Na5SnP3__K2Sb4O11,5.23336062660519,7.52553
Na5SnP3__K2Sb4O11,3.3114512094230326,6.0505204
Na5SnP3__K2Sb4O11,3.569403662013704,6.2674413
Na5SnP3__K2Sb4O11,6.382478595439252,8.252908
Pb(IO3)2__NaHO,1.049587278664587,-1.7313952
Pb(IO3)2__NaHO,3.030563725607807,-0.2072112
Pb(IO3)2__NaHO,3.866651072057441,0.33978835
Pb(IO3)2__NaHO,1.2100827012578568,-1.4445988
NaZnAsO4__K2TiSi3(HO5)2,1.1433440532047596,1.6149558
NaZnAsO4__K2TiSi3(HO5)2,-0.006575601480164788,1.2500306
NaZnAsO4__K2TiSi3(HO5)2,-1.8525141791613828,0.24282542
NaZnAsO4__K2TiSi3(HO5)2,-4.832588372575511,-0.32448035
Zn(SbO3)2__Cd(AsO3)2,7.788657158168288,9.894612
Zn(SbO3)2__Cd(AsO3)2,4.1595081469440585,8.864464
Zn(SbO3)2__Cd(AsO3)2,3.1459413756029666,7.973869
Zn(SbO3)2__Cd(AsO3)2,5.341235742000608,9.345196
CdHOF__Li2ZnGeS4,10.007793103009073,10.038185
CdHOF__Li2ZnGeS4,10.01656026580704,10.030255
CdHOF__Li2ZnGeS4,10.004725796757699,10.033711
CdHOF__Li2ZnGeS4,10.00997008052792,10.025229
Na2SnGe2(HO4)2__ZnSeO4,6.337489964863762,7.5918827
Na2SnGe2(HO4)2__ZnSeO4,10.014306770869007,9.750414
Na2SnGe2(HO4)2__ZnSeO4,5.824489423415295,7.5185194
Na2SnGe2(HO4)2__ZnSeO4,6.688054586886862,7.625889
Sb2Te2O9__TiSn6F16,1.3621136683916084,0.0243743
Sb2Te2O9__TiSn6F16,-1.9567103178178638,-1.6824228
Sb2Te2O9__TiSn6F16,2.156829564895967,0.7119812
Sb2Te2O9__TiSn6F16,0.11736500033117542,-0.6756483
InI2__SbAs2Cl13,9.999347559278839,10.348212
InI2__SbAs2Cl13,10.000223316021122,10.336607
InI2__SbAs2Cl13,9.996587435535083,10.335825
InI2__SbAs2Cl13,9.976883305149464,10.277423
SiAs__Na2HF4,5.631401845301499,8.781602
SiAs__Na2HF4,6.762817132280532,8.995348
SiAs__Na2HF4,4.4751520220858785,9.032821
SiAs__Na2HF4,8.950688702586623,9.742064
Li2SnTeO6__Al2ZnSe4,1.6107823770450114,1.4212472
Li2SnTeO6__Al2ZnSe4,2.457619824594442,1.7495707
Li2SnTeO6__Al2ZnSe4,-2.9382424858421983,-1.5162673
Li2SnTeO6__Al2ZnSe4,0.008022246584348393,0.026520213
Na5AlO4__PbF4,10.026442910554112,9.980325
Na5AlO4__PbF4,10.013306236000568,9.943918
Na5AlO4__PbF4,10.007633028058756,10.001782
Na5AlO4__PbF4,10.00823838900579,9.9884815
KSn2(PO4)3__TeCl4,10.039230252252183,10.084202
KSn2(PO4)3__TeCl4,9.937703716698854,9.980947
KSn2(PO4)3__TeCl4,10.020458229606001,10.176139
KSn2(PO4)3__TeCl4,9.979902102625495,10.074583
NaP3(PbO3)4__SIO3F,9.955987729849063,10.05537
NaP3(PbO3)4__SIO3F,10.008907120735001,10.009604
NaP3(PbO3)4__SIO3F,10.022673761873458,9.999975
NaP3(PbO3)4__SIO3F,10.019519494049124,9.988398
AlP__Na2Zn(GeS3)2,-0.05950040498238842,1.8106602
AlP__Na2Zn(GeS3)2,-0.5229638742433794,1.2822064
AlP__Na2Zn(GeS3)2,0.022546188900173517,2.053823
AlP__Na2Zn(GeS3)2,-3.0860770881669377,0.1773054
Na3Ca3AlAs4__SnCl2,9.94200977222741,10.009742
Na3Ca3AlAs4__SnCl2,10.035104358230067,9.950266
Na3Ca3AlAs4__SnCl2,10.023338556302447,10.046794
Na3Ca3AlAs4__SnCl2,10.029767290199388,9.960905
SbBr5F6__NaP15,10.04124939963524,9.982919
SbBr5F6__NaP15,10.011741415063499,9.953024
SbBr5F6__NaP15,9.968853495164412,9.974066
SbBr5F6__NaP15,10.017436981227059,9.974455
Al4CdO7__Te(S2O7)2,9.989222908203658,10.084398
Al4CdO7__Te(S2O7)2,10.02511171487624,10.17649
Al4CdO7__Te(S2O7)2,9.97791670196673,10.319119
Al4CdO7__Te(S2O7)2,9.956364991681383,10.066065
SnTe3O8__As2Pb3O8,-3.939677742891213,-3.2478907
SnTe3O8__As2Pb3O8,-1.776643235189249,-2.289905
SnTe3O8__As2Pb3O8,-3.9039617053030384,-3.151874
SnTe3O8__As2Pb3O8,-3.5648217330883494,-3.1385577
Cd2AsO4F__Br2O3,7.993644528760006,9.6065855
Cd2AsO4F__Br2O3,9.579880748604788,9.994978
Cd2AsO4F__Br2O3,6.094756474512706,9.417765
Cd2AsO4F__Br2O3,8.694935913220087,9.6493
ZnI2__P2Pb3O8,-3.2655689321986645,0.90364176
ZnI2__P2Pb3O8,-4.449056488433579,0.0022313958
ZnI2__P2Pb3O8,-5.998587172272932,-0.86745864
ZnI2__P2Pb3O8,-5.929396315670576,-0.796832
Zn2AsHO5__HC2N3,9.997316902737959,10.083992
Zn2AsHO5__HC2N3,8.622061151789648,8.333375
Zn2AsHO5__HC2N3,10.007524983865071,8.964181
Zn2AsHO5__HC2N3,10.00534263425341,9.286281
K10Zn4Sn4S17__Sb9S4F39,10.002900165163231,10.010469
K10Zn4Sn4S17__Sb9S4F39,10.048164610347568,9.982053
K10Zn4Sn4S17__Sb9S4F39,9.954742806435105,10.125224
K10Zn4Sn4S17__Sb9S4F39,9.99483154354474,10.019906
Na2Zn2Si2O7__P2Pb3O8,7.982438360929125,9.589249
Na2Zn2Si2O7__P2Pb3O8,8.413822608444729,9.605236
Na2Zn2Si2O7__P2Pb3O8,8.352680169283568,9.715981
Na2Zn2Si2O7__P2Pb3O8,8.752614472159431,9.790529
CaAlH5__NaLi3(H2N)4,4.670048960539108,8.831926
CaAlH5__NaLi3(H2N)4,4.665420430623327,8.761958
CaAlH5__NaLi3(H2N)4,5.218207987582812,8.59863
CaAlH5__NaLi3(H2N)4,6.319238195176137,8.846748
K6ZnSe4__As3Pb5ClO12,9.968449064143451,10.112666
K6ZnSe4__As3Pb5ClO12,10.030216596322479,10.023216
K6ZnSe4__As3Pb5ClO12,9.995799086377275,9.845564
K6ZnSe4__As3Pb5ClO12,9.987645510317424,10.025994
Ca4SiN4__CaGeN2,5.265452168434074,4.283332
Ca4SiN4__CaGeN2,1.922180792381399,2.7344508
Ca4SiN4__CaGeN2,2.311440801802641,2.822369
Ca4SiN4__CaGeN2,0.7235485436781809,2.1942677
Ca2Ti3O8__SbAs2Cl13,10.027163850126477,9.818416
Ca2Ti3O8__SbAs2Cl13,9.99606379340975,9.959303
Ca2Ti3O8__SbAs2Cl13,9.98990311870074,9.972399
Ca2Ti3O8__SbAs2Cl13,10.023214344034304,10.0157175
PICl6__Na6Ge2S7,10.031318445173573,9.991615
PICl6__Na6Ge2S7,10.013379638897092,9.903111
PICl6__Na6Ge2S7,10.019862524122585,9.955653
PICl6__Na6Ge2S7,10.004828791278472,9.967472
NaAsSe2__LiTiPO5,8.417026066443293,9.835241
NaAsSe2__LiTiPO5,5.661429869176283,8.595002
NaAsSe2__LiTiPO5,6.951825952556875,9.266327
NaAsSe2__LiTiPO5,9.972779435362893,9.657468
KSbS2__BrF3,10.037459220285992,10.000965
KSbS2__BrF3,10.002969888530075,9.98243
KSbS2__BrF3,9.99086951714949,9.958555
KSbS2__BrF3,10.014165742048089,9.93437
Ca21(Zn2As9)2__NClO3,9.996907894550493,9.968917
Ca21(Zn2As9)2__NClO3,10.032297514897863,9.974035
Ca21(Zn2As9)2__NClO3,10.013240088055863,9.96754
Ca21(Zn2As9)2__NClO3,9.990313148346356,9.979108
NaInSn2__CdSe2,9.988114197635273,9.985326
NaInSn2__CdSe2,10.012127361435306,10.072506
NaInSn2__CdSe2,9.977340352503552,10.094536
NaInSn2__CdSe2,9.983622361222354,9.952411
SeBr4__Li5SiP3,10.027079690512691,9.988797
SeBr4__Li5SiP3,10.028790714403549,9.999345
SeBr4__Li5SiP3,10.00433657077413,9.96695
SeBr4__Li5SiP3,9.96981754335831,9.991652
K6ZnSe4__CaTiN2,-0.5223968225005664,-1.1414231
K6ZnSe4__CaTiN2,2.426371071008369,0.19738121
K6ZnSe4__CaTiN2,-2.9291739482778327,-1.0199931
K6ZnSe4__CaTiN2,1.2403025701505461,-0.37154657
In2(PS3)3__TiPCl9,9.969729655673321,9.792732
In2(PS3)3__TiPCl9,5.4247746461247806,8.029493
In2(PS3)3__TiPCl9,10.014863363358105,10.095073
In2(PS3)3__TiPCl9,7.312442505109285,8.295113
K4PbO4__LiAlSe2,8.867307486613804,6.9083204
K4PbO4__LiAlSe2,3.8619802423500293,4.780179
K4PbO4__LiAlSe2,4.528678151491994,5.5151176
K4PbO4__LiAlSe2,6.758652306899017,6.155953
In3SnI5__Na2Se2O7,6.311200494790934,6.679457
In3SnI5__Na2Se2O7,9.6367625481561,8.441588
In3SnI5__Na2Se2O7,6.521820825978218,6.853701
In3SnI5__Na2Se2O7,5.37107910151263,5.975015
K6Sn3As5__TiGeS3,5.463152078359193,9.1775
K6Sn3As5__TiGeS3,10.022207009136501,9.763083
K6Sn3As5__TiGeS3,8.20009455481991,9.217732
K6Sn3As5__TiGeS3,8.347786097925912,9.325948
Na3PS4__K3SbTe3,7.536948969241416,8.40034
Na3PS4__K3SbTe3,4.104112069300487,6.295855
Na3PS4__K3SbTe3,7.242872963908085,7.950626
Na3PS4__K3SbTe3,6.031002833443668,7.5026727
Ca3(SiP2)2__K2Ge2S5,5.623072575304163,7.99495
Ca3(SiP2)2__K2Ge2S5,9.978705757923882,9.819713
Ca3(SiP2)2__K2Ge2S5,8.002211977250989,9.693128
Ca3(SiP2)2__K2Ge2S5,8.373911249631217,9.589262
NaSbTe2__LiTiAsO5,9.99442679812565,10.025508
NaSbTe2__LiTiAsO5,9.996382287083525,9.932419
NaSbTe2__LiTiAsO5,10.006648137431833,9.961091
NaSbTe2__LiTiAsO5,10.02176937750672,10.127191
K3SbO4__Na2GeO3,5.233226379633841,8.720945
K3SbO4__Na2GeO3,1.3722126597159325,7.203337
K3SbO4__Na2GeO3,5.429273507913087,8.784967
K3SbO4__Na2GeO3,1.3634640819654271,7.1704617
Sb2BrF15__GaTeI7,9.99739748387782,10.06042
Sb2BrF15__GaTeI7,10.005267624998686,10.095994
Sb2BrF15__GaTeI7,10.005327553992096,10.150466
Sb2BrF15__GaTeI7,10.017409587519833,10.09836
K2Ga2As3__K4PbO4,7.0919458417744865,8.470438
K2Ga2As3__K4PbO4,9.969502113551444,9.390605
K2Ga2As3__K4PbO4,6.317400793924769,8.25205
K2Ga2As3__K4PbO4,9.988075920110758,9.481029
KInO2__KIn(TeO3)2,2.7863485051001704,6.0696826
KInO2__KIn(TeO3)2,1.5794375840293267,5.6478505
KInO2__KIn(TeO3)2,4.237827904895994,7.0536737
KInO2__KIn(TeO3)2,7.214382717752856,8.462887
Li2TeS3__Na2Sb4O7,3.9732680086994763,4.55578
Li2TeS3__Na2Sb4O7,0.16098201992113131,2.8013823
Li2TeS3__Na2Sb4O7,-1.574063578447632,2.3277614
Li2TeS3__Na2Sb4O7,-1.8416356098253022,2.150883
K2Sn2O3__Li2Ti6Zn3O16,2.211117386405311,8.137503
K2Sn2O3__Li2Ti6Zn3O16,7.865276459244509,9.822485
K2Sn2O3__Li2Ti6Zn3O16,5.014246978354539,9.197527
K2Sn2O3__Li2Ti6Zn3O16,5.805469393047857,9.477019
KZnSb__Na2CaTi2(GeO4)3,10.012694250418871,9.935739
KZnSb__Na2CaTi2(GeO4)3,7.855907794423527,8.7843895
KZnSb__Na2CaTi2(GeO4)3,7.705796061804079,8.734525
KZnSb__Na2CaTi2(GeO4)3,7.031761270877506,8.49824
Zn(SbO3)2__KSi5N7,10.001641315006625,9.840173
Zn(SbO3)2__KSi5N7,10.032997148061607,9.833269
Zn(SbO3)2__KSi5N7,10.016283033272556,9.856385
Zn(SbO3)2__KSi5N7,10.000159919860936,10.015555
P7Pb__Na6S2O9,9.998420927228041,9.627001
P7Pb__Na6S2O9,10.003025893000675,9.529085
P7Pb__Na6S2O9,9.987113302871016,9.57351
P7Pb__Na6S2O9,10.009151679816254,9.502365
Na6GaAs3__KSnPO5,10.008053089475888,9.532172
Na6GaAs3__KSnPO5,9.993091000965121,10.034574
Na6GaAs3__KSnPO5,10.031843740587126,9.782186
Na6GaAs3__KSnPO5,10.02687986029438,10.060656
IO2F__K2LiAlH6,10.02579980802392,10.038607
IO2F__K2LiAlH6,10.021932949152303,10.027311
IO2F__K2LiAlH6,10.025613122713692,10.048362
IO2F__K2LiAlH6,9.970861239047832,10.036067
BrNO3__Ca2As2O7,9.999152673897026,9.954947
BrNO3__Ca2As2O7,10.008435301809474,9.967088
BrNO3__Ca2As2O7,10.007528715831802,9.973113
BrNO3__Ca2As2O7,10.000767384759707,9.987957
SbSI__Sb2IBr2F11,9.974139547920661,10.27181
SbSI__Sb2IBr2F11,9.999314603492026,10.27148
SbSI__Sb2IBr2F11,9.984819728325823,10.279704
SbSI__Sb2IBr2F11,10.010410466021158,10.288223
Li3SbS4__K2SbCl5,4.465038213048336,6.7778645
Li3SbS4__K2SbCl5,4.013711133575233,6.774879
Li3SbS4__K2SbCl5,4.898181635501707,6.7513804
Li3SbS4__K2SbCl5,-0.4884373430410267,4.64216
Na5SnP3__K2Li3GaO4,10.008576365937587,10.100885
Na5SnP3__K2Li3GaO4,10.004844371889437,10.133338
Na5SnP3__K2Li3GaO4,9.985214053191159,9.587971
Na5SnP3__K2Li3GaO4,9.995586057550955,10.085763
SnO2__Al6Cd4SO12,10.023888775912752,9.876415
SnO2__Al6Cd4SO12,10.015191206624634,9.920163
SnO2__Al6Cd4SO12,9.991806166577717,10.085719
SnO2__Al6Cd4SO12,9.977580912691312,10.174852
Na4Ge2PbS6__SbCl5,9.968167311708648,10.026881
Na4Ge2PbS6__SbCl5,9.970944434747022,9.985582
Na4Ge2PbS6__SbCl5,9.986611259984514,10.005509
Na4Ge2PbS6__SbCl5,10.041696710480403,9.9998045
HI3__LiInI4,9.983235682914826,10.003428
HI3__LiInI4,10.043039841972853,9.996515
HI3__LiInI4,10.018566824437038,10.020969
HI3__LiInI4,9.98746934302518,10.349117
KSbO3__K2Zn(GeO3)2,-5.626278461896655,-2.837605
KSbO3__K2Zn(GeO3)2,-4.292026251474122,-1.6957214
KSbO3__K2Zn(GeO3)2,-4.364877838047244,-1.399907
KSbO3__K2Zn(GeO3)2,-6.025573879948779,-3.5763078
Ca2Ge__P3HT,10.021673159769195,9.9753
Ca2Ge__P3HT,10.005017999619817,9.989317
Ca2Ge__P3HT,10.001005531301814,9.951943
Ca2Ge__P3HT,10.001720818206685,10.015513
K4Ti3S14__K2In2P3Se10,0.49188184279602254,3.0821142
K4Ti3S14__K2In2P3Se10,-0.40777625693272135,2.6883533
K4Ti3S14__K2In2P3Se10,5.540284696684977,5.9552794
K4Ti3S14__K2In2P3Se10,3.4652031557541676,4.846275
TeS7Cl2__Na2LiAlH6,10.019670133577199,9.998153
TeS7Cl2__Na2LiAlH6,10.002082375073277,10.028435
TeS7Cl2__Na2LiAlH6,9.99984110313255,9.99847
TeS7Cl2__Na2LiAlH6,9.998843560787227,9.957439
K2Sb4O11__Al2Te3,-2.8809609246331798,-2.707279
K2Sb4O11__Al2Te3,0.11151644079350727,-0.76702005
K2Sb4O11__Al2Te3,1.0235870242388814,-0.3364232
K2Sb4O11__Al2Te3,0.23370587248525113,-0.70046383
K4PbO3__SICl7,10.045086732621375,9.983117
K4PbO3__SICl7,10.00207104259313,10.012608
K4PbO3__SICl7,10.001239439756228,9.991135
K4PbO3__SICl7,9.995904723121123,9.996828
Na2SnAs2__CaTeO3,9.978927675526327,9.813572
Na2SnAs2__CaTeO3,10.017271621863852,10.178282
Na2SnAs2__CaTeO3,10.02535764088978,10.162856
Na2SnAs2__CaTeO3,10.00019998331287,10.068539
Sb2O5__K3Li3TeO6,10.00832920790917,9.901328
Sb2O5__K3Li3TeO6,10.027572577053778,9.897498
Sb2O5__K3Li3TeO6,10.014233456634475,9.468896
Sb2O5__K3Li3TeO6,9.994515359990862,9.865215
K2Pb2O3__Ca2PN3,3.4408797002132525,7.2877
K2Pb2O3__Ca2PN3,7.206339925141938,9.183349
K2Pb2O3__Ca2PN3,3.1764628071359913,7.012257
K2Pb2O3__Ca2PN3,5.00094617459581,8.430513
SCl4__NaGa(SeO3)2,10.01836337393756,10.061675
SCl4__NaGa(SeO3)2,9.992422024879026,9.985771
SCl4__NaGa(SeO3)2,10.023071399117692,9.985916
SCl4__NaGa(SeO3)2,10.00934013289,10.05362
TeHO3__Cd(GaTe2)2,9.995840504408607,10.019316
TeHO3__Cd(GaTe2)2,9.983414369603729,10.041426
TeHO3__Cd(GaTe2)2,9.9885061971668,9.952203
TeHO3__Cd(GaTe2)2,10.036606622858992,9.982737
K2GeSe3__CdPbF6,9.99624123807574,10.198706
K2GeSe3__CdPbF6,9.993941452933763,10.015056
K2GeSe3__CdPbF6,10.004410972551181,10.230002
K2GeSe3__CdPbF6,9.9620362062913,10.240506
Pentacene__LiCaAlN2,10.022465990924282,10.00352
Pentacene__LiCaAlN2,9.99529668897596,9.9969015
Pentacene__LiCaAlN2,10.01899210193837,10.0077715
Pentacene__LiCaAlN2,9.999970009188383,9.996079
SbBr5F6__Na2In2GeS6,10.000156588407474,9.998204
SbBr5F6__Na2In2GeS6,10.030138924239084,9.989689
SbBr5F6__Na2In2GeS6,10.002182952003656,9.991576
SbBr5F6__Na2In2GeS6,10.010383521737358,9.993073
Li3As7(H3N)13__Na2Se2O7,5.188004793750779,-0.6423245
Li3As7(H3N)13__Na2Se2O7,2.6612896849844128,-0.58635443
Li3As7(H3N)13__Na2Se2O7,7.0429705305431565,0.2589348
Li3As7(H3N)13__Na2Se2O7,4.777676544811768,-0.12930788
LiZnN__Ca(AlSe2)2,9.99739881299575,8.931936
LiZnN__Ca(AlSe2)2,10.009206408418043,9.320062
LiZnN__Ca(AlSe2)2,10.019214549369808,9.202458
LiZnN__Ca(AlSe2)2,10.01751624357287,9.149423
Na5GeP3__K2Zn3O4,-1.5986767400108504,-0.8577409
Na5GeP3__K2Zn3O4,-5.729214138262484,-2.686757
Na5GeP3__K2Zn3O4,-0.7380350969732457,-0.44144633
Na5GeP3__K2Zn3O4,-2.85092295855941,-1.6895425
Ti(SeO3)2__Sb2S19F12,9.98571429412763,10.220029
Ti(SeO3)2__Sb2S19F12,9.987732775806931,10.10587
Ti(SeO3)2__Sb2S19F12,10.002003817308445,10.254378
Ti(SeO3)2__Sb2S19F12,9.977237527370978,10.350827
Li10Sn(PSe6)2__NaInS2,10.010105975697265,8.324754
Li10Sn(PSe6)2__NaInS2,6.848315324513425,6.3340635
Li10Sn(PSe6)2__NaInS2,6.287007098942188,5.9139457
Li10Sn(PSe6)2__NaInS2,7.786376575701909,6.788205
K5In3(SiO3)7__SnTe3O8,9.993230815704488,10.203051
K5In3(SiO3)7__SnTe3O8,9.979035265817298,10.194691
K5In3(SiO3)7__SnTe3O8,9.99900245134768,10.161502
K5In3(SiO3)7__SnTe3O8,9.968201744953491,10.425855
LiCa11Sb9__KPSe6,9.953538292009679,9.813257
LiCa11Sb9__KPSe6,9.998396083050658,10.005751
LiCa11Sb9__KPSe6,9.993053858498856,9.598245
LiCa11Sb9__KPSe6,9.961712648612801,9.151527
PTCDA__TeBrO3F5,9.987906992179127,9.984263
PTCDA__TeBrO3F5,10.018477877051419,10.334198
PTCDA__TeBrO3F5,9.991012513634601,10.040966
PTCDA__TeBrO3F5,9.995364483251159,9.993662
In5S5Br__AlPI8,-0.3100149500602381,-1.8157567
In5S5Br__AlPI8,1.4950823562247806,-0.256784
In5S5Br__AlPI8,-0.7506073572454728,-1.8869376
In5S5Br__AlPI8,0.5242818442047769,-0.8529595
LiSb3O8__TeSe,9.139811777692703,10.013131
LiSb3O8__TeSe,5.426589914503024,9.742205
LiSb3O8__TeSe,9.842758288878022,10.04393
LiSb3O8__TeSe,5.820906679046374,9.766501
ZnSe2__NaH2N,2.047522166788354,7.3381505
ZnSe2__NaH2N,1.977775302222888,7.4646497
ZnSe2__NaH2N,4.464411394866727,8.2805805
ZnSe2__NaH2N,1.9103887692872399,7.2289658
Na2SnAs2__SnPCl9,9.968833438675643,10.250205
Na2SnAs2__SnPCl9,10.001182128491356,10.221873
Na2SnAs2__SnPCl9,9.936434458582902,10.260227
Na2SnAs2__SnPCl9,10.01561039461823,10.256127
KGaI4__SbS8Cl3,10.00051617045464,9.9700985
KGaI4__SbS8Cl3,10.006956866120918,9.932138
KGaI4__SbS8Cl3,10.012396253218737,9.866944
KGaI4__SbS8Cl3,9.987034925882451,9.912691
Si__ZnSe2O5,9.995659485085906,9.651114
Si__ZnSe2O5,9.970247780623424,9.602339
Si__ZnSe2O5,9.951029346295227,9.926177
Si__ZnSe2O5,9.996391774711592,9.65713
IBr__K4Ge(PS3)4,10.016925758851434,10.0324135
IBr__K4Ge(PS3)4,10.009132549953794,10.001648
IBr__K4Ge(PS3)4,9.986164732201733,10.031644
IBr__K4Ge(PS3)4,10.023761463085414,10.015736
Li2S__P2Pb3S8,9.997771104588175,9.567712
Li2S__P2Pb3S8,10.021265035258578,9.655801
Li2S__P2Pb3S8,9.982054154085843,9.925007
Li2S__P2Pb3S8,8.748420885765878,8.4752445
K6Ti2S6O__PbBr2,10.037274904274023,10.058585
K6Ti2S6O__PbBr2,10.02898391544812,10.338492
K6Ti2S6O__PbBr2,6.363930293113689,9.174349
K6Ti2S6O__PbBr2,10.016553818105459,10.171279
BrF5__K2ZnTe2,9.980687918325959,10.021204
BrF5__K2ZnTe2,10.046286604104266,9.980745
BrF5__K2ZnTe2,9.982229453030884,10.009918
BrF5__K2ZnTe2,9.986960944279467,9.995445
Al2PbSe4__SbPO5,9.97247654643306,10.250106
Al2PbSe4__SbPO5,10.006584235735803,10.21224
Al2PbSe4__SbPO5,10.009879178964866,10.132228
Al2PbSe4__SbPO5,9.979032073456072,10.27007
Na7Al2Sb5__Na6ZnSe4,10.000583561459305,9.501636
Na7Al2Sb5__Na6ZnSe4,10.029040966644104,9.75921
Na7Al2Sb5__Na6ZnSe4,10.005755011344847,9.599296
Na7Al2Sb5__Na6ZnSe4,10.011356638371417,9.350986
K3LiGe4__P2H9(CBr)3,9.997414186417519,9.9670925
K3LiGe4__P2H9(CBr)3,10.000662625100793,10.058122
K3LiGe4__P2H9(CBr)3,9.98397565233352,9.995185
K3LiGe4__P2H9(CBr)3,10.012299018462059,9.965608
SnSe__GeSe,-5.778496995841789,-5.9104443
SnSe__GeSe,-1.6167789439789118,-2.224231
SnSe__GeSe,-4.030399088770336,-3.9349003
SnSe__GeSe,-5.972984935336726,-6.1846805
Ca3GaN3__Na10Zn4O9,10.012027095410248,9.612702
Ca3GaN3__Na10Zn4O9,10.003787979048314,9.779972
Ca3GaN3__Na10Zn4O9,9.982129361449376,10.131648
Ca3GaN3__Na10Zn4O9,9.96950799891201,9.725071
GeS2__SbClF8,9.98837809988483,10.077037
GeS2__SbClF8,9.996481045551267,10.120401
GeS2__SbClF8,9.97761188790438,9.910437
GeS2__SbClF8,10.014305314292947,10.110623
TiSnP2SO12__KSiSbO5,2.229019527221041,0.77896893
TiSnP2SO12__KSiSbO5,2.0973504515456627,0.8203674
TiSnP2SO12__KSiSbO5,5.09904978071254,2.8994625
TiSnP2SO12__KSiSbO5,7.406284241284749,4.467375
Na3TiF8__Sn5O6,9.994095776058865,9.878894
Na3TiF8__Sn5O6,10.02754700962391,9.649724
Na3TiF8__Sn5O6,9.183208675342645,9.4539995
Na3TiF8__Sn5O6,9.997117377942663,9.8984585
In2Si2Pb2O9__H4CSN2,9.958543194868813,10.107683
In2Si2Pb2O9__H4CSN2,9.97865121031626,10.1746855
In2Si2Pb2O9__H4CSN2,9.96081915613362,10.11416
In2Si2Pb2O9__H4CSN2,9.995526663503124,10.204689
K4I2O9__SbBr(OF3)2,9.999592441482651,10.0335455
K4I2O9__SbBr(OF3)2,9.994734674472877,10.026725
K4I2O9__SbBr(OF3)2,10.021926991051105,10.024127
K4I2O9__SbBr(OF3)2,10.022022473646356,10.060328
SnO__K2Ga2As3,10.0435887856836,9.951909
SnO__K2Ga2As3,9.985860665781555,10.004485
SnO__K2Ga2As3,10.00402064163607,9.956983
SnO__K2Ga2As3,9.987974619541324,9.975007
Li2TiO3__Sn(SO4)2,9.98416094359386,10.156027
Li2TiO3__Sn(SO4)2,9.99626304958895,10.153918
Li2TiO3__Sn(SO4)2,10.022365094473773,10.243277
Li2TiO3__Sn(SO4)2,9.966576162766488,10.166353
SbPS4__CdSiP2,5.945927433852943,7.854078
SbPS4__CdSiP2,4.51087023154056,6.762668
SbPS4__CdSiP2,8.547292876674554,9.508824
SbPS4__CdSiP2,9.959792599890323,9.853261
Na3AsO4__Ca2SnO4,7.147343631400986,9.159389
Na3AsO4__Ca2SnO4,5.7089601502649545,7.59909
Na3AsO4__Ca2SnO4,10.004785926707298,9.78364
Na3AsO4__Ca2SnO4,3.866370358680448,6.7234197
K4Ti3S14__P4S9,9.9811768721218,9.931827
K4Ti3S14__P4S9,10.006868979818588,9.985171
K4Ti3S14__P4S9,9.946428468234782,9.997072
K4Ti3S14__P4S9,10.017679011599304,10.040397
Li2CdGeO4__Rubrene,10.010780831220528,9.96307
Li2CdGeO4__Rubrene,10.020278365215058,9.94262
Li2CdGeO4__Rubrene,9.982502742492429,9.988703
Li2CdGeO4__Rubrene,9.984846106156281,9.965387
Li2CdGeS4__CaSiN2,1.311141734813558,0.74336463
Li2CdGeS4__CaSiN2,4.102482595743129,1.4068033
Li2CdGeS4__CaSiN2,1.8569860211586167,0.8444052
Li2CdGeS4__CaSiN2,3.1984945169608174,1.198378
SbCl(OF3)2__Na4Al3Ge3IO12,10.03463605208012,10.017054
SbCl(OF3)2__Na4Al3Ge3IO12,9.978752612868888,10.014985
SbCl(OF3)2__Na4Al3Ge3IO12,10.007771257409958,9.964392
SbCl(OF3)2__Na4Al3Ge3IO12,10.007522706157058,10.020924
K2Sn2Se5__CaSb10(S3O5)2,9.943708430957301,10.154257
K2Sn2Se5__CaSb10(S3O5)2,9.954640283132475,9.503476
K2Sn2Se5__CaSb10(S3O5)2,10.031124697570416,10.338441
K2Sn2Se5__CaSb10(S3O5)2,9.96656315820253,10.230246
Ca3In2(GeO4)3__K2Zn(H2N)4,10.022044822697568,8.931723
Ca3In2(GeO4)3__K2Zn(H2N)4,9.970806354132552,9.825451
Ca3In2(GeO4)3__K2Zn(H2N)4,9.974531859117048,9.07252
Ca3In2(GeO4)3__K2Zn(H2N)4,9.98490370582536,9.164447
Sn(SeO3)2__Zn(IO3)2,3.7067260427980426,2.515378
Sn(SeO3)2__Zn(IO3)2,3.4943499416104227,2.3328094
Sn(SeO3)2__Zn(IO3)2,4.410667687253982,2.569879
Sn(SeO3)2__Zn(IO3)2,5.436945107462706,3.0926685
KSb(PO4)2__Li2Se,-3.141252344527728,-0.4497364
KSb(PO4)2__Li2Se,1.3511082231932265,2.0703602
KSb(PO4)2__Li2Se,-2.2388650176243576,-0.18360175
KSb(PO4)2__Li2Se,-3.4179863521781675,-0.78506106
Li3N__K2O,4.4189925651764055,-1.8925279
Li3N__K2O,6.2889313964842115,-0.8504622
Li3N__K2O,6.5748617452172216,-0.42421928
Li3N__K2O,6.382494656622047,-0.6879092
Sn2SI2__SnTe3O8,4.305039817300087,4.8495994
Sn2SI2__SnTe3O8,1.0365816592301065,3.0750568
Sn2SI2__SnTe3O8,5.919590278085865,4.984016
Sn2SI2__SnTe3O8,4.077902479750144,4.8307767
GaSbO4__LiGa5O8,10.043996642081344,9.31622
GaSbO4__LiGa5O8,10.009224819161973,9.189382
GaSbO4__LiGa5O8,9.968977465311681,9.289021
GaSbO4__LiGa5O8,9.979805883203511,9.635334
SbBr5F6__I2O5,-0.6355747199516533,-0.19157246
SbBr5F6__I2O5,-0.08074544064426327,0.05243196
SbBr5F6__I2O5,-2.121734849505753,-0.631532
SbBr5F6__I2O5,-1.3559645105232867,-0.41208062
K2GaAs2__K2NaGaP2,-1.999360192373042,-1.1899321
K2GaAs2__K2NaGaP2,-1.4809253374913363,-1.1147954
K2GaAs2__K2NaGaP2,-2.6286530795306424,-1.7880757
K2GaAs2__K2NaGaP2,-1.572356557069603,-0.9016676
CdIn2O4__Cd2AsHO5,9.979443663835575,9.722311
CdIn2O4__Cd2AsHO5,9.971106408396786,9.87018
CdIn2O4__Cd2AsHO5,10.009757031477363,9.924693
CdIn2O4__Cd2AsHO5,9.981344642339906,10.027619
K2SnO2__SeO2,9.99201939232751,9.944344
K2SnO2__SeO2,9.958515342480746,10.057598
K2SnO2__SeO2,10.001355777374549,10.049654
K2SnO2__SeO2,10.014578654565835,9.957012
In2(SeO4)3__NaTi2(PO4)3,5.968504815440558,6.0584936
In2(SeO4)3__NaTi2(PO4)3,10.021706170313902,9.636204
In2(SeO4)3__NaTi2(PO4)3,6.699957571436832,6.4654675
In2(SeO4)3__NaTi2(PO4)3,6.35265981518459,6.3914194
Na2ZnO2__SnO,10.004871410816516,9.339114
Na2ZnO2__SnO,9.9793154577755,9.395005
Na2ZnO2__SnO,9.997506030755721,9.748652
Na2ZnO2__SnO,9.96241546891365,9.4542465
K4ZnAs2__Na2SnO3,10.010919896919704,9.433844
K4ZnAs2__Na2SnO3,10.00265385186525,9.963263
K4ZnAs2__Na2SnO3,10.007965770386239,9.942246
K4ZnAs2__Na2SnO3,9.975253011319074,10.073067
NaS__KSi5N7,10.038267373098675,9.895137
NaS__KSi5N7,10.006634289882626,9.8033905
NaS__KSi5N7,9.997842860355487,9.967014
NaS__KSi5N7,10.008982443955789,9.798403
Ti4S24Cl6O__K5Na(Ti2Se9)3,10.016809753265091,10.008306
Ti4S24Cl6O__K5Na(Ti2Se9)3,10.026477674972215,9.957378
Ti4S24Cl6O__K5Na(Ti2Se9)3,10.008175652146866,10.05787
Ti4S24Cl6O__K5Na(Ti2Se9)3,9.980180169497526,9.95703
Na6ZnSe4__Ca3In2(GeO4)3,1.9258546826144989,-0.05220195
Na6ZnSe4__Ca3In2(GeO4)3,3.8202272687375243,0.4782209
Na6ZnSe4__Ca3In2(GeO4)3,4.458229252816328,0.60756063
Na6ZnSe4__Ca3In2(GeO4)3,6.161117646049587,1.6009307
K9InSe7__GaAsO4,9.987988778793989,9.769772
K9InSe7__GaAsO4,9.996989136318524,10.160807
K9InSe7__GaAsO4,9.995185348300357,10.046496
K9InSe7__GaAsO4,9.981229008360492,9.82804
ZnGeP2__K2Ge(IO3)6,5.312346250698461,8.3668995
ZnGeP2__K2Ge(IO3)6,5.826618176205386,8.492935
ZnGeP2__K2Ge(IO3)6,9.278768298810625,10.030267
ZnGeP2__K2Ge(IO3)6,9.537095010615417,10.041419
KNa7Pb2O7__K3Na2InO4,5.419343724621043,1.4219308
KNa7Pb2O7__K3Na2InO4,6.111601612019627,1.6472596
KNa7Pb2O7__K3Na2InO4,5.322246939124937,1.3774232
KNa7Pb2O7__K3Na2InO4,4.119711442161022,0.6624443
Cd3(PO4)2__Al(IO3)3,0.8360169104693237,0.28422552
Cd3(PO4)2__Al(IO3)3,1.104633003613415,0.25486472
Cd3(PO4)2__Al(IO3)3,4.514199453746982,1.5014515
Cd3(PO4)2__Al(IO3)3,1.884217277718784,0.33402738
Ca4CN4__KSbO2,-4.00842643221137,-3.1607769
Ca4CN4__KSbO2,-3.398509521841281,-3.3620908
Ca4CN4__KSbO2,-2.261360959073525,-2.0066473
Ca4CN4__KSbO2,-1.4945932469869565,-1.8195124
K4CdAs2__K5InO4,5.181583852779666,9.110837
K4CdAs2__K5InO4,4.447191412231362,8.748546
K4CdAs2__K5InO4,5.402987069976697,9.305582
K4CdAs2__K5InO4,5.793302274486722,9.397042
KZnSb__In6Te10Pb,1.7646300349155049,6.5018973
KZnSb__In6Te10Pb,7.740971987588952,9.125918
KZnSb__In6Te10Pb,4.363908050528891,7.655497
KZnSb__In6Te10Pb,6.551668412735834,8.881938
K2Sb4O11__GeBr4,9.965080973316665,10.019836
K2Sb4O11__GeBr4,9.98486424983729,10.123435
K2Sb4O11__GeBr4,10.01670090471432,10.128865
K2Sb4O11__GeBr4,9.980198522237473,10.167363
KLiS__AsS,10.006121477836734,10.099106
KLiS__AsS,10.015414304916423,10.006325
KLiS__AsS,10.008696546231723,9.998492
KLiS__AsS,10.036294630939553,10.08719
KNaTe__KGaI4,5.995488823259103,6.1547165
KNaTe__KGaI4,1.4114410631895498,3.6636665
KNaTe__KGaI4,0.6046406827208819,3.9033747
KNaTe__KGaI4,4.338628127571529,5.3725886
LiInSiO4__AsN(OF3)2,10.027844445771793,9.999721
LiInSiO4__AsN(OF3)2,10.012699263094387,10.001529
LiInSiO4__AsN(OF3)2,10.006454607613927,10.032167
LiInSiO4__AsN(OF3)2,10.02745652756628,9.990107
K2Na3SiP3__CaSnN2,-0.770395195676237,1.1040636
K2Na3SiP3__CaSnN2,0.2842248136695011,1.7882103
K2Na3SiP3__CaSnN2,3.8343225262357654,4.263274
K2Na3SiP3__CaSnN2,0.15260507750895388,1.6488677
AlI3__TeHO3,9.95842402251913,10.094046
AlI3__TeHO3,9.982550082647114,10.08007
AlI3__TeHO3,9.988368916900496,10.091639
AlI3__TeHO3,10.002780686920488,10.092983
Ca3(GaP2)2__Al2Se3,9.996962308851849,9.75013
Ca3(GaP2)2__Al2Se3,9.990999241589856,9.467635
Ca3(GaP2)2__Al2Se3,9.988601818530995,10.018039
Ca3(GaP2)2__Al2Se3,10.002010246600952,9.847487
Cd(InTe2)2__Ca4As3,6.313096746286196,8.346486
Cd(InTe2)2__Ca4As3,2.6926336413940484,6.852649
Cd(InTe2)2__Ca4As3,2.806319583256989,6.907485
Cd(InTe2)2__Ca4As3,6.173627614058828,8.474967
KNaSe__Al2Cd3(GeO4)3,9.968363465130722,10.102648
KNaSe__Al2Cd3(GeO4)3,9.979357346537027,10.1795
KNaSe__Al2Cd3(GeO4)3,10.018049186004154,10.000703
KNaSe__Al2Cd3(GeO4)3,10.003627004906221,10.112904
InSiTe3__SbBr3,10.02498902706025,9.274706
InSiTe3__SbBr3,9.958134282109656,9.873073
InSiTe3__SbBr3,9.959761520716627,9.21428
InSiTe3__SbBr3,9.991346786269553,9.34898
KCdGeAs2__Cd3(PO4)2,9.999160912643104,10.230731
KCdGeAs2__Cd3(PO4)2,10.002022696313492,10.062405
KCdGeAs2__Cd3(PO4)2,9.976361720654921,10.25222
KCdGeAs2__Cd3(PO4)2,9.980739588002251,10.057944
K2Al2Sb3__In2Se3,6.212437834606795,9.334148
K2Al2Sb3__In2Se3,5.9384113683538295,9.259768
K2Al2Sb3__In2Se3,9.651301119192938,10.075075
K2Al2Sb3__In2Se3,9.974490530200196,10.012907
Li3AsH16(SO2)4__KBrF4,4.23066050037433,4.372691
Li3AsH16(SO2)4__KBrF4,3.0142475775861657,4.282846
Li3AsH16(SO2)4__KBrF4,3.666002525281365,4.572928
Li3AsH16(SO2)4__KBrF4,3.6361984171898647,4.5211926
Ca2PI__K2TiCl6,-4.13020203208435,-3.4783921
Ca2PI__K2TiCl6,1.271646646438802,-0.46550018
Ca2PI__K2TiCl6,0.10021224005441935,-1.2749137
Ca2PI__K2TiCl6,-2.152284289924795,-3.2488484
Na6Ge2S7__PICl6,10.02305261257442,9.985305
Na6Ge2S7__PICl6,9.967516827237043,9.988237
Na6Ge2S7__PICl6,10.005217229056333,9.983336
Na6Ge2S7__PICl6,9.994465317172988,9.992588
Ca4Sb2O__LiInI4,8.870330241339785,6.2339673
Ca4Sb2O__LiInI4,5.269261308218467,4.861949
Ca4Sb2O__LiInI4,5.562665634934894,4.972357
Ca4Sb2O__LiInI4,10.005290397791025,6.5651855
K2CdSiO4__GaSeBr7,6.917250793486583,7.6178493
K2CdSiO4__GaSeBr7,6.453774102262759,7.3450055
K2CdSiO4__GaSeBr7,10.00829568605616,9.538769
K2CdSiO4__GaSeBr7,9.955320192001686,9.635188
Na2GeSe3__K2Na(H2N)3,-3.612733462019477,-0.8470997
Na2GeSe3__K2Na(H2N)3,-3.1508053153547935,-0.8375045
Na2GeSe3__K2Na(H2N)3,-2.894190177250464,-0.7554488
Na2GeSe3__K2Na(H2N)3,-0.9128454215000893,0.45844516
Na6P4Pb3S16__K2SnCl6,-2.5541170415668963,-0.34961614
Na6P4Pb3S16__K2SnCl6,-3.3719668968404064,-0.84070194
Na6P4Pb3S16__K2SnCl6,-4.475444369402838,-1.5126302
Na6P4Pb3S16__K2SnCl6,-5.978866506221021,-2.5921478
Sb2S3__Na4GeO4,10.024547627841867,9.112259
Sb2S3__Na4GeO4,9.988887287252338,8.688198
Sb2S3__Na4GeO4,10.014436208860657,9.259874
Sb2S3__Na4GeO4,10.0508324530339,9.312458
CaGaGeH__Sn2S3,9.987867848116714,9.964924
CaGaGeH__Sn2S3,10.017372699987021,9.9384985
CaGaGeH__Sn2S3,9.958163953071061,9.981158
CaGaGeH__Sn2S3,9.957356857531458,9.942859
NaP__CaTi2(HO3)2,10.039482734263204,9.75301
NaP__CaTi2(HO3)2,10.000101371947347,9.796276
NaP__CaTi2(HO3)2,9.974312037971355,10.117765
NaP__CaTi2(HO3)2,10.034061065901561,10.019728
InBr3__Al2(SeO4)3,2.8430222493785275,2.67315
InBr3__Al2(SeO4)3,-0.20907882357464638,0.9291502
InBr3__Al2(SeO4)3,3.212347626442618,3.5951996
InBr3__Al2(SeO4)3,2.5338397935018286,2.437002
Li2ZnGeS4__CBP,9.979804520998936,10.046631
Li2ZnGeS4__CBP,10.032349704676436,9.985796
Li2ZnGeS4__CBP,9.992096025717611,9.984937
Li2ZnGeS4__CBP,10.007041360614895,9.976427
K3GeTe3__CaH3NO5,10.004286161486316,9.720319
K3GeTe3__CaH3NO5,9.971998636653527,9.864237
K3GeTe3__CaH3NO5,10.00178894858309,9.91416
K3GeTe3__CaH3NO5,9.98308123932134,9.868602
Ca3(GeP2)2__SiH17S3N5,9.982404126252334,9.930927
Ca3(GeP2)2__SiH17S3N5,10.031261074183346,10.020607
Ca3(GeP2)2__SiH17S3N5,9.962285784577162,9.929351
Ca3(GeP2)2__SiH17S3N5,9.987075618526735,9.90137
K4I2O9__Li2GeN2,4.95031509834391,-0.42064556
K4I2O9__Li2GeN2,5.137396734553883,-0.22908926
K4I2O9__Li2GeN2,4.338719336930984,-0.64267886
K4I2O9__Li2GeN2,-0.193800888365333,-1.9483672
CdSO4__InPO4,6.921909168581624,7.679246
CdSO4__InPO4,10.028553623052014,9.7370205
CdSO4__InPO4,9.987456984571299,9.732253
CdSO4__InPO4,5.57286217907125,6.8672104
Br2O3__LiGaTe2,9.991562007292552,9.970763
Br2O3__LiGaTe2,10.026313701117497,10.011471
Br2O3__LiGaTe2,10.014908566604364,9.959323
Br2O3__LiGaTe2,10.0330054292259,9.990816
NOF__LiTiAsO5,9.968616972018031,9.997375
NOF__LiTiAsO5,10.005839433175563,9.974944
NOF__LiTiAsO5,10.024784544992011,9.993776
NOF__LiTiAsO5,10.022607623013515,10.002447
Cd(GaSe2)2__K4SiO4,4.945127109641419,8.487545
Cd(GaSe2)2__K4SiO4,3.6875392741296142,7.91168
Cd(GaSe2)2__K4SiO4,5.195566647028268,8.765547
Cd(GaSe2)2__K4SiO4,2.982815637284154,7.401376
TiI4__Al2ZnSe4,4.967300741486141,4.7623014
TiI4__Al2ZnSe4,8.053070468525563,4.863222
TiI4__Al2ZnSe4,7.756825982339879,5.044805
TiI4__Al2ZnSe4,5.6453473748600596,5.1993074
K2Ti2O5__Zn(SbO3)2,10.003733474015231,8.679208
K2Ti2O5__Zn(SbO3)2,9.989738378653962,9.68295
K2Ti2O5__Zn(SbO3)2,9.987476151470121,9.655256
K2Ti2O5__Zn(SbO3)2,9.975267076310628,8.709754
TeI4__SbH36S4N11,-2.5064728060350947,-0.8948483
TeI4__SbH36S4N11,-1.000006744336988,-0.36514166
TeI4__SbH36S4N11,-3.7481009101964915,-1.1133188
TeI4__SbH36S4N11,0.2917906338272147,1.0626496
ZnSb4H18S7N6__Te2O3F2,9.989933949847574,9.898227
ZnSb4H18S7N6__Te2O3F2,9.976771984962806,9.752549
ZnSb4H18S7N6__Te2O3F2,9.996205066067844,9.714562
ZnSb4H18S7N6__Te2O3F2,9.996077176005402,9.644352
ICl3__GaP,10.028979588126807,9.952961
ICl3__GaP,9.978084105720113,10.016474
ICl3__GaP,9.996687099902372,9.990626
ICl3__GaP,10.038506018626387,10.018039
SiH17S3N5__Na6GaP3,9.961605176886183,9.982404
SiH17S3N5__Na6GaP3,10.005372362501285,9.9346075
SiH17S3N5__Na6GaP3,9.998725388692446,9.960467
SiH17S3N5__Na6GaP3,10.038317171195501,9.942644
Na2PbO3__K3As11,5.750713648910947,7.526391
Na2PbO3__K3As11,8.579383198496751,9.254934
Na2PbO3__K3As11,8.667141946622518,9.410888
Na2PbO3__K3As11,7.6895156760999415,9.124307
TiSO5__Li4Zn(H2N)6,-1.7359872144286401,-0.67146474
TiSO5__Li4Zn(H2N)6,-0.45181993223631356,0.059705187
TiSO5__Li4Zn(H2N)6,-2.8792655451641815,-2.0184762
TiSO5__Li4Zn(H2N)6,-6.015336586218974,-2.8938265
Na3SiTe3__SbPO5,9.952112068370434,10.288639
Na3SiTe3__SbPO5,10.017137880682723,10.385109
Na3SiTe3__SbPO5,9.974752880426118,10.22498
Na3SiTe3__SbPO5,10.00855073527343,10.17953
KSb(PO4)2__Ca3Ga2(GeO4)3,7.4201518076845865,7.053157
KSb(PO4)2__Ca3Ga2(GeO4)3,3.232502995959824,4.6770964
KSb(PO4)2__Ca3Ga2(GeO4)3,5.476390844264386,6.2379155
KSb(PO4)2__Ca3Ga2(GeO4)3,5.318527565585267,6.101409
Ti(SO4)2__Sn2(SO4)3,-0.4549909101832893,-1.8305041
Ti(SO4)2__Sn2(SO4)3,1.2921875213170186,-0.30542195
Ti(SO4)2__Sn2(SO4)3,-0.07455177049506782,-1.8137981
Ti(SO4)2__Sn2(SO4)3,3.569636821602958,1.4252433
Li7SbN4__Ti5(PO5)4,6.439792312529581,7.002838
Li7SbN4__Ti5(PO5)4,7.142318675917618,7.55359
Li7SbN4__Ti5(PO5)4,2.3750497741952286,4.41618
Li7SbN4__Ti5(PO5)4,2.145074837142376,4.5472465
KSb(PSe3)2__KH(IO3)2,10.001098818694237,8.926607
KSb(PSe3)2__KH(IO3)2,9.98713848343763,8.885944
KSb(PSe3)2__KH(IO3)2,10.006695178067915,9.448078
KSb(PSe3)2__KH(IO3)2,9.985198920939377,9.306453
Ca11InSb9__Ga2PbO4,9.986927239986287,9.044941
Ca11InSb9__Ga2PbO4,10.006818377700627,9.148911
Ca11InSb9__Ga2PbO4,9.986511865604689,8.94893
Ca11InSb9__Ga2PbO4,9.941922485872071,9.084825
K2Se5__K3AlSe3,9.798584920029564,3.4479113
K2Se5__K3AlSe3,5.8159641789781205,2.341466
K2Se5__K3AlSe3,5.4174062110099745,1.7605771
K2Se5__K3AlSe3,9.595237759949173,3.539101
NaInS2__CaPS3,6.234167099107684,8.201286
NaInS2__CaPS3,7.040709964328022,8.102466
NaInS2__CaPS3,5.880827460286988,7.7430954
NaInS2__CaPS3,9.992733418731095,9.742517
K2GeTe4__Na3GeSe3,6.453866511014125,7.9519577
K2GeTe4__Na3GeSe3,3.2991441813162488,6.4890385
K2GeTe4__Na3GeSe3,3.0021354379672935,6.4791975
K2GeTe4__Na3GeSe3,2.5483187772548583,6.0340867
AlP__Zn(GaO2)2,5.103365379280882,6.441216
AlP__Zn(GaO2)2,2.97431251150764,5.410709
AlP__Zn(GaO2)2,5.81242280533969,6.712048
AlP__Zn(GaO2)2,8.682182583899293,7.837094
Na5InTe4__ICl,10.033861989337334,9.967402
Na5InTe4__ICl,9.992923604328881,9.953295
Na5InTe4__ICl,9.971699286059827,9.965266
Na5InTe4__ICl,10.022462667404465,9.9292555
Ga2PbSe4__Ca3CdO4,-5.941802523646044,-2.4708607
Ga2PbSe4__Ca3CdO4,-5.228314925434428,-1.7165186
Ga2PbSe4__Ca3CdO4,-4.305533200014868,-1.1349055
Ga2PbSe4__Ca3CdO4,-5.957638221774018,-2.9491959
KIO3__NaCdPO4,-5.792125872608811,-4.54758
KIO3__NaCdPO4,-3.5457812861345626,-3.394609
KIO3__NaCdPO4,-2.8836512683179163,-2.4679546
KIO3__NaCdPO4,-1.8733227318385324,-1.6855371
LiCa3As2H__SiI3,10.032884280288785,10.214207
LiCa3As2H__SiI3,9.995427005171349,10.180783
LiCa3As2H__SiI3,9.99487402588292,9.859388
LiCa3As2H__SiI3,9.964069209478877,10.212775
K2Sn2Se5__InSb3Pb4O13,8.40922829233987,8.761989
K2Sn2Se5__InSb3Pb4O13,5.2632479153637615,7.2751913
K2Sn2Se5__InSb3Pb4O13,6.436349394783804,7.59366
K2Sn2Se5__InSb3Pb4O13,4.754683809151668,6.827139
C__KH2(IO3)3,10.024225801878867,9.589477
C__KH2(IO3)3,9.992590153200357,9.714661
C__KH2(IO3)3,10.012737357357416,9.5874195
C__KH2(IO3)3,9.978523532122967,9.199824
CaHN__AsI3,8.608380064980073,9.854969
CaHN__AsI3,7.814930357502414,9.813567
CaHN__AsI3,9.968181011367422,10.230289
CaHN__AsI3,10.017273257090405,10.242087
Ca3(GaP2)2__Zn(InSe2)2,7.046912693775218,9.4886055
Ca3(GaP2)2__Zn(InSe2)2,4.445963957603332,8.516922
Ca3(GaP2)2__Zn(InSe2)2,4.936831947088187,8.532246
Ca3(GaP2)2__Zn(InSe2)2,4.1226603921328175,8.6783905
ICl3__Na2SnO2,9.992590998580097,9.978412
ICl3__Na2SnO2,10.012008796294932,10.004681
ICl3__Na2SnO2,10.025687622325822,9.976666
ICl3__Na2SnO2,9.996538453686679,10.014669
SiSe2__Ca4CN4,6.503415996218212,7.5996914
SiSe2__Ca4CN4,7.191297753847938,7.7599063
SiSe2__Ca4CN4,4.038784943280054,6.077443
SiSe2__Ca4CN4,7.44696683208838,7.962299
CaSe__K2CdGeO4,7.47245954192433,7.5948486
CaSe__K2CdGeO4,7.206021687962498,7.5633583
CaSe__K2CdGeO4,2.6662035085115576,5.95573
CaSe__K2CdGeO4,6.516342709465375,7.3000865
K2Li(H2N)3__NaIn(GeO3)2,-5.164839386330441,-3.2821617
K2Li(H2N)3__NaIn(GeO3)2,0.8979464621602837,-0.19324702
K2Li(H2N)3__NaIn(GeO3)2,-0.5887786050814275,-1.0457706
K2Li(H2N)3__NaIn(GeO3)2,-5.093455547775632,-3.0533166
K2Ge(IO3)6__Si2H2S3,9.959042216374657,10.18543
K2Ge(IO3)6__Si2H2S3,8.48377149435554,9.276694
K2Ge(IO3)6__Si2H2S3,8.307777972676472,9.466257
K2Ge(IO3)6__Si2H2S3,10.022313612527512,10.316698
LiZnP__ZnPbF6,9.993898004413067,10.166587
LiZnP__ZnPbF6,10.012870718055328,10.165986
LiZnP__ZnPbF6,9.975440993214686,10.160722
LiZnP__ZnPbF6,9.980352952560649,10.185509
LiCaP__Ca2Al2Sn2O9,7.130936539831894,7.9148045
LiCaP__Ca2Al2Sn2O9,9.994389002740677,9.713184
LiCaP__Ca2Al2Sn2O9,6.642221737690722,7.719572
LiCaP__Ca2Al2Sn2O9,9.995655557969549,9.83785
K4CdAs2__CaSn(SO4)3,9.95120151755649,9.951303
K4CdAs2__CaSn(SO4)3,9.990400678137842,9.331497
K4CdAs2__CaSn(SO4)3,9.960524260877104,9.228944
K4CdAs2__CaSn(SO4)3,9.97996713781146,9.806169
Na8Ga2O7__NClOF4,9.995031782282052,10.033722
Na8Ga2O7__NClOF4,10.008775851527902,9.975904
Na8Ga2O7__NClOF4,10.046882687511676,10.008383
Na8Ga2O7__NClOF4,10.004494959625417,9.99502
KSnS4__Cd3SiO5,10.000133945408184,9.925501
KSnS4__Cd3SiO5,9.99132027533665,10.0957
KSnS4__Cd3SiO5,10.01106414557221,9.946773
KSnS4__Cd3SiO5,9.985174092037749,10.010891
SCl__K3Si6H6N11,9.977350448002666,10.027185
SCl__K3Si6H6N11,10.02352837212055,9.98969
SCl__K3Si6H6N11,10.036400389118057,10.058781
SCl__K3Si6H6N11,10.004675051669237,10.085833
LiInSiO4__TiI2O7,10.036088240716193,10.29075
LiInSiO4__TiI2O7,9.967097823001916,10.377461
LiInSiO4__TiI2O7,9.995063984751987,10.339443
LiInSiO4__TiI2O7,9.96945679858158,10.152125
K3TiCl6__CaAlH5,10.00735350022037,10.041577
K3TiCl6__CaAlH5,10.001207079842338,9.620208
K3TiCl6__CaAlH5,10.02882622995217,9.975639
K3TiCl6__CaAlH5,10.022119812361852,10.095467
GeS__SnBr2,4.8597437861912764,7.4894457
GeS__SnBr2,7.981690879269342,8.966722
GeS__SnBr2,7.784147870496519,8.776888
GeS__SnBr2,7.35673647118035,8.705934
Na5InS4__Ca3Ga2Si(SnO6)2,5.050020445461813,8.05116
Na5InS4__Ca3Ga2Si(SnO6)2,0.523939228940649,6.027795
Na5InS4__Ca3Ga2Si(SnO6)2,5.419173769744816,8.315628
Na5InS4__Ca3Ga2Si(SnO6)2,0.1790052359132831,6.250777
CdP14Pb__Sb2Te2O9,9.964414867361366,9.709819
CdP14Pb__Sb2Te2O9,9.987470472359105,9.270918
CdP14Pb__Sb2Te2O9,9.998423369680312,9.353393
CdP14Pb__Sb2Te2O9,9.990338593545713,9.208829
Na2Si2Se5__K4GeS4,-4.052217596313943,-3.0510905
Na2Si2Se5__K4GeS4,-0.4097182194344641,-0.6703226
Na2Si2Se5__K4GeS4,-4.024298786883207,-3.0984585
Na2Si2Se5__K4GeS4,-2.190558928569228,-2.4022343
Ca(GaSe2)2__KAlSe2,2.7131237773052015,7.879527
Ca(GaSe2)2__KAlSe2,4.0823458827137244,8.355594
Ca(GaSe2)2__KAlSe2,0.9105678574290313,7.0898623
Ca(GaSe2)2__KAlSe2,5.831929321326489,9.043103
SiAs2__Na4SeO5,-5.986129669906495,-1.6969026
SiAs2__Na4SeO5,-4.700402968976852,-0.48118624
SiAs2__Na4SeO5,-5.986056730338466,-1.1328548
SiAs2__Na4SeO5,-5.970901876133283,-1.637665
K2CdO2__Cd2Te2O7,10.003288457201194,10.245267
K2CdO2__Cd2Te2O7,9.974230796986701,10.336847
K2CdO2__Cd2Te2O7,9.994616382847635,10.282261
K2CdO2__Cd2Te2O7,10.01206649668514,10.349606
As2Pb8O13__TiCl4,6.658350447668898,6.363104
As2Pb8O13__TiCl4,3.674149309278081,5.080608
As2Pb8O13__TiCl4,4.221354880205478,5.668448
As2Pb8O13__TiCl4,2.4905839716552687,4.750448
Ca2BrN__Sn2(SO4)3,5.542974109890434,8.696906
Ca2BrN__Sn2(SO4)3,6.982227313313979,9.41717
Ca2BrN__Sn2(SO4)3,10.013892914161277,9.996329
Ca2BrN__Sn2(SO4)3,8.620485472307484,9.712119
Al(TeCl2)2__NaP3(PbO3)4,9.992805969325051,10.102242
Al(TeCl2)2__NaP3(PbO3)4,10.02511718937632,10.1463175
Al(TeCl2)2__NaP3(PbO3)4,9.995810242298667,9.958587
Al(TeCl2)2__NaP3(PbO3)4,9.988468627897076,9.875293
K3LiGe4__Li2GePbS4,9.980241036626301,8.621366
K3LiGe4__Li2GePbS4,10.010800627466592,8.973916
K3LiGe4__Li2GePbS4,9.983154452045204,8.528501
K3LiGe4__Li2GePbS4,9.951108678919855,8.919103
K2Ti2O5__CaGeO3,-3.8726829066886825,-3.9207602
K2Ti2O5__CaGeO3,0.05996585740275805,-1.176823
K2Ti2O5__CaGeO3,-3.365967619074752,-3.6772368
K2Ti2O5__CaGeO3,-2.9404698527620923,-3.6854315
CdSO4__TiSnP2SO12,1.5597365075902696,4.418804
CdSO4__TiSnP2SO12,3.933913134680381,5.8295984
CdSO4__TiSnP2SO12,5.725953379149816,7.0444407
CdSO4__TiSnP2SO12,3.7057574261698263,5.8016143
Te3As2__LiSb3O8,7.136247944049682,-0.25155494
Te3As2__LiSb3O8,5.612496502436819,-1.257675
Te3As2__LiSb3O8,4.177577848559574,-1.884785
Te3As2__LiSb3O8,8.621758061108206,0.79635113
KZnP__Li10Zn4O9,9.991973703113306,9.651356
KZnP__Li10Zn4O9,10.04167175977494,9.328029
KZnP__Li10Zn4O9,9.97028357982288,9.3705015
KZnP__Li10Zn4O9,10.013431535605259,9.974726
K2ZnSe2__KH2(IO3)3,10.00109208221467,9.911545
K2ZnSe2__KH2(IO3)3,10.006746038423508,9.8468895
K2ZnSe2__KH2(IO3)3,9.979585492164846,9.796006
K2ZnSe2__KH2(IO3)3,9.962568079980745,10.146532
PbSe2O5__TeO2,9.52724906411331,10.308421
PbSe2O5__TeO2,4.640348854164747,9.283486
PbSe2O5__TeO2,7.475123753870573,9.967398
PbSe2O5__TeO2,5.221125384342338,9.375632
BrF3__NaCa2IO6,10.016413138754451,10.010753
BrF3__NaCa2IO6,9.971175296438277,10.004951
BrF3__NaCa2IO6,10.002118070647814,9.994363
BrF3__NaCa2IO6,10.01667250927313,10.042961
PbS__GaP,9.995411236532092,9.380546
PbS__GaP,10.036441945445508,9.614129
PbS__GaP,10.012420104606623,8.493705
PbS__GaP,9.97659993611638,9.642094
GaN__TePb5O8,5.789559009315202,6.9290266
GaN__TePb5O8,8.239152898746104,7.982645
GaN__TePb5O8,8.301776931722216,8.253772
GaN__TePb5O8,7.965376573095996,7.9516387
K10In5Sb9__Na2In2SiS6,9.973837261985498,10.0046835
K10In5Sb9__Na2In2SiS6,9.979926467930966,9.623907
K10In5Sb9__Na2In2SiS6,10.052015751193924,9.655871
K10In5Sb9__Na2In2SiS6,9.996223879293709,9.550459
Li2ZnGeO4__CBP,9.989713123746633,9.989584
Li2ZnGeO4__CBP,10.013047563008428,9.976916
Li2ZnGeO4__CBP,10.008093743670239,9.945042
Li2ZnGeO4__CBP,9.994364467024482,9.956127
SiAs__Ca(H2N)2,4.496934211822247,2.2296298
SiAs__Ca(H2N)2,3.237098279265208,1.787732
SiAs__Ca(H2N)2,4.9455679815448415,2.5110552
SiAs__Ca(H2N)2,2.3088948858712115,1.5439397
K3P11__KF2,9.976148811009663,10.104778
K3P11__KF2,9.949078241855334,10.160249
K3P11__KF2,9.949328029183022,10.146877
K3P11__KF2,9.992613920311687,10.148948
K5Zn4Sn5H4S17N__Cd(InS2)2,7.873970200751274,9.024307
K5Zn4Sn5H4S17N__Cd(InS2)2,6.507992045714642,8.814251
K5Zn4Sn5H4S17N__Cd(InS2)2,6.789532857337439,8.637119
K5Zn4Sn5H4S17N__Cd(InS2)2,8.268780769390116,9.247093
KP15__K3Li3TeO6,9.955981786551835,8.1675825
KP15__K3Li3TeO6,5.433815367490148,5.738744
KP15__K3Li3TeO6,9.99177155918379,8.223977
KP15__K3Li3TeO6,7.102710366756263,6.9062867
Cd(InSe2)2__TePCl9,10.011029870755447,10.084024
Cd(InSe2)2__TePCl9,10.002111724293096,10.102721
Cd(InSe2)2__TePCl9,10.006157185773816,10.037015
Cd(InSe2)2__TePCl9,9.969767592807086,10.081893
Na4TiP2O9__KGaI4,8.106497057323294,9.272493
Na4TiP2O9__KGaI4,9.044498585065826,9.301049
Na4TiP2O9__KGaI4,5.379621671910452,7.7913103
Na4TiP2O9__KGaI4,7.345289926102802,8.855017
Na2TeS3__LiIn(IO3)4,1.0741280397265913,7.2925334
Na2TeS3__LiIn(IO3)4,6.293982360846764,8.92909
Na2TeS3__LiIn(IO3)4,1.097250543561698,7.310996
Na2TeS3__LiIn(IO3)4,6.425615618369721,8.856187
LiZnP__TiSO5,9.986413791159816,8.984351
LiZnP__TiSO5,9.993994504626997,9.967353
LiZnP__TiSO5,9.959952487244927,9.507591
LiZnP__TiSO5,9.985273820881533,9.052581
Li3As__CdIn2O4,4.86289527414551,6.967742
Li3As__CdIn2O4,1.9223413371828808,5.1971393
Li3As__CdIn2O4,3.914956447507645,6.0675325
Li3As__CdIn2O4,2.109105263573186,5.8258553
K14In4O13__Sn3(PO4)2,9.991803681251245,9.81731
K14In4O13__Sn3(PO4)2,9.939234567868565,9.781973
K14In4O13__Sn3(PO4)2,9.990934030075515,9.874563
K14In4O13__Sn3(PO4)2,9.965945150384327,9.841289
InSb3F18__NPB,10.002376286485296,9.992019
InSb3F18__NPB,9.981273042850633,9.958282
InSb3F18__NPB,10.034350843490959,10.153389
InSb3F18__NPB,10.004472278402442,9.953706
NaCa2IO6__Na2Ti2Si2O9,-0.5719046955365117,1.4700929
NaCa2IO6__Na2Ti2Si2O9,-2.783876593493504,0.017609362
NaCa2IO6__Na2Ti2Si2O9,0.8485893771783505,2.2840483
NaCa2IO6__Na2Ti2Si2O9,-0.8380464988183729,1.1262558
K3Na2InO4__K3SbSe3,3.50905398302018,4.4100122
K3Na2InO4__K3SbSe3,4.299700332207813,4.991313
K3Na2InO4__K3SbSe3,4.735908276059545,5.3544087
K3Na2InO4__K3SbSe3,2.144462019676401,3.6407917
Cd(GaSe2)2__Na4TiP2O9,8.952135917560696,9.784718
Cd(GaSe2)2__Na4TiP2O9,3.753136714581798,7.658134
Cd(GaSe2)2__Na4TiP2O9,6.681779443179681,9.0252495
Cd(GaSe2)2__Na4TiP2O9,7.03715849979869,9.331072
Na5GeP3__SnS,10.004905175462833,10.269992
Na5GeP3__SnS,5.634140543196049,9.281298
Na5GeP3__SnS,7.14875132608533,9.505623
Na5GeP3__SnS,9.998797108277133,10.1206255
K2PbO2__K4SiO4,4.7612484546804215,8.662144
K2PbO2__K4SiO4,5.4041159883306165,8.912914
K2PbO2__K4SiO4,7.357227101137634,9.471325
K2PbO2__K4SiO4,6.266483955421526,9.283824
CdTe__Na2S5,10.017055710986607,9.441964
CdTe__Na2S5,10.031777338825963,9.52647
CdTe__Na2S5,9.965259669341577,8.827614
CdTe__Na2S5,9.993169910509815,9.48995
KGe__K6Se2O9,9.98334652039344,9.944011
KGe__K6Se2O9,9.978986448300024,9.929707
KGe__K6Se2O9,9.98424949032735,9.938628
KGe__K6Se2O9,9.97554310047918,9.943014
In4SnS4__CaGeO3,10.0175946965625,9.7495
In4SnS4__CaGeO3,9.996564139104613,10.179281
In4SnS4__CaGeO3,9.995403312379608,10.220821
In4SnS4__CaGeO3,10.019114032239022,9.653586
K2NaInSb2__Na2Zn2O3,9.967390265158244,10.040108
K2NaInSb2__Na2Zn2O3,10.005622313299176,10.032753
K2NaInSb2__Na2Zn2O3,9.998857882212304,9.939988
K2NaInSb2__Na2Zn2O3,9.967327969024252,10.04834
Na6GaAs3__Na2TiS2O,10.007375820273554,9.902129
Na6GaAs3__Na2TiS2O,9.971659895407896,9.991539
Na6GaAs3__Na2TiS2O,9.992471082671184,10.216317
Na6GaAs3__Na2TiS2O,9.973707985159608,9.795525
K2Ge2Se5__AlH3,6.2574552139856605,6.400278
K2Ge2Se5__AlH3,5.618901895912316,6.2083573
K2Ge2Se5__AlH3,5.318951694594132,5.934399
K2Ge2Se5__AlH3,7.000293680204364,6.9251924
P3NCl12__Ga2PbS4,9.994275083075058,10.025692
P3NCl12__Ga2PbS4,10.005755841873441,9.971046
P3NCl12__Ga2PbS4,10.033588714386534,9.992279
P3NCl12__Ga2PbS4,10.030623730491019,9.997349
InSiTe3__K(GeAs)3,-1.870297879865665,-1.5716838
InSiTe3__K(GeAs)3,-2.1457820468247464,-1.5725449
InSiTe3__K(GeAs)3,-0.5704953723138919,-1.0580596
InSiTe3__K(GeAs)3,2.387992090822961,1.0154418
Li2TeO4__Na4As2O7,2.9062803022826675,1.2307178
Li2TeO4__Na4As2O7,3.7447791667115413,1.4317032
Li2TeO4__Na4As2O7,0.144137157596288,-0.09580788
Li2TeO4__Na4As2O7,2.504556750023008,0.7279348
K2GeTe4__Na2CaSn2(GeO4)3,5.147338035309779,4.829585
K2GeTe4__Na2CaSn2(GeO4)3,-1.0670774779539196,2.0965052
K2GeTe4__Na2CaSn2(GeO4)3,4.589572193900942,4.600531
K2GeTe4__Na2CaSn2(GeO4)3,0.24283588751917332,2.7746983
K6Si2S6O__Na3H5(SeO4)4,3.4073277574746075,5.7400184
K6Si2S6O__Na3H5(SeO4)4,4.510791015120379,6.322912
K6Si2S6O__Na3H5(SeO4)4,7.666420114689763,7.852386
K6Si2S6O__Na3H5(SeO4)4,2.0315407583464093,5.4744945
Zn2(PS3)3__LiTi2(PO4)3,6.946695423495008,8.03318
Zn2(PS3)3__LiTi2(PO4)3,7.308930583523962,8.01136
Zn2(PS3)3__LiTi2(PO4)3,9.99496000124613,9.931665
Zn2(PS3)3__LiTi2(PO4)3,8.790514266473302,8.62888
SbCl5__Li2Te,9.987509159480485,10.005395
SbCl5__Li2Te,10.017015106682454,10.003945
SbCl5__Li2Te,10.010919350050912,10.015315
SbCl5__Li2Te,9.994493593092917,10.015222
PICl6__K2SbCl5,10.028205737419265,9.964006
PICl6__K2SbCl5,9.987132002796931,10.047367
PICl6__K2SbCl5,10.054182376750015,10.0189705
PICl6__K2SbCl5,9.996567774999516,10.086758
K3SbSe3__Te2O3F2,10.017939016142794,9.971606
K3SbSe3__Te2O3F2,9.98486767488224,9.976212
K3SbSe3__Te2O3F2,9.976694000206484,9.993289
K3SbSe3__Te2O3F2,10.023551762196256,9.992874
K2LiGaAs2__Sb2O5,10.012852393530508,10.040378
K2LiGaAs2__Sb2O5,9.99568204973039,10.005566
K2LiGaAs2__Sb2O5,10.001996361809018,9.967311
K2LiGaAs2__Sb2O5,10.015493101299658,10.04161
AlI3__NaAlI4,1.4241478116534763,1.0292001
AlI3__NaAlI4,7.118894914275258,4.8656588
AlI3__NaAlI4,4.146911228516849,2.7871907
AlI3__NaAlI4,7.604608642565885,4.9100475
GeS__NaHO,7.03964089928764,9.368273
GeS__NaHO,6.874270703862004,9.227799
GeS__NaHO,8.436840053165412,9.818543
GeS__NaHO,8.997929014932721,9.853364
Na2CaTi2(GeO4)3__KCd6P7O24,6.94899643635472,8.437793
Na2CaTi2(GeO4)3__KCd6P7O24,8.82423646771766,9.374185
Na2CaTi2(GeO4)3__KCd6P7O24,6.24336743637184,7.99755
Na2CaTi2(GeO4)3__KCd6P7O24,10.023140234045671,10.1054535
Na3TiF8__HS2IO8,9.996132802026771,10.028141
Na3TiF8__HS2IO8,10.004768232769896,9.949508
Na3TiF8__HS2IO8,9.961821305079345,9.9544325
Na3TiF8__HS2IO8,10.00423526127522,10.022443
K(TeO3)2__Ge(PbS2)2,1.5947591172031774,4.114471
K(TeO3)2__Ge(PbS2)2,1.4956109421455688,4.0674577
K(TeO3)2__Ge(PbS2)2,1.7091583213411297,4.245871
K(TeO3)2__Ge(PbS2)2,3.4299876433239302,5.2751045
Na2TeO4__PSe,7.6985989762359885,8.093476
Na2TeO4__PSe,7.034930012356718,7.934099
Na2TeO4__PSe,9.988507167814115,9.191691
Na2TeO4__PSe,6.238270170516417,7.6067476
K2Zn(SnSe3)2__Al2PbS4,6.024419472230157,8.422274
K2Zn(SnSe3)2__Al2PbS4,4.382243950485011,7.5191197
K2Zn(SnSe3)2__Al2PbS4,3.16042882582544,6.811705
K2Zn(SnSe3)2__Al2PbS4,4.982392904877444,8.503542
LiNO3__Ca5(IO6)2,7.969456559683426,7.7779255
LiNO3__Ca5(IO6)2,5.685351071034743,6.9532485
LiNO3__Ca5(IO6)2,6.844551430224897,7.322141
LiNO3__Ca5(IO6)2,5.218221757272027,6.659624
Ca5(IO6)2__K3In(IO3)6,0.3199641919779279,-3.1955972
Ca5(IO6)2__K3In(IO3)6,2.2422055026633805,-2.9265268
Ca5(IO6)2__K3In(IO3)6,3.2523834816682493,-2.1579585
Ca5(IO6)2__K3In(IO3)6,4.526611925717006,-1.1069388
KAlTe2__PTCDA,10.009347817027498,9.985115
KAlTe2__PTCDA,9.977672558149461,9.979306
KAlTe2__PTCDA,10.01425232197455,9.960102
KAlTe2__PTCDA,10.033600764728455,9.958225
K(TeO3)2__ClF5,10.023784981892158,9.964796
K(TeO3)2__ClF5,10.002310706438742,9.976791
K(TeO3)2__ClF5,9.986148893830958,9.975949
K(TeO3)2__ClF5,10.009905649394748,9.961585
TiP2PbO8__Cd(NO3)2,9.961855030571162,9.770655
TiP2PbO8__Cd(NO3)2,10.007330247701045,10.042899
TiP2PbO8__Cd(NO3)2,9.993671340900235,10.095599
TiP2PbO8__Cd(NO3)2,10.014783384626941,9.883122
K3SbO4__NOF,10.005223669753624,9.987595
K3SbO4__NOF,9.960305587327463,9.964046
K3SbO4__NOF,10.036811459692318,9.93009
K3SbO4__NOF,10.005261330323592,9.982796
K14In4O13__ZnO,9.953960796466363,10.018548
K14In4O13__ZnO,9.984903341952785,9.962077
K14In4O13__ZnO,10.017377460319814,10.056573
K14In4O13__ZnO,9.9869663895162,10.012037
LiCaP__NaTi2(AsO4)3,9.960579928249832,10.050732
LiCaP__NaTi2(AsO4)3,9.990904723158357,9.983542
LiCaP__NaTi2(AsO4)3,10.031984372517698,10.036616
LiCaP__NaTi2(AsO4)3,10.000177959221173,10.101486
Na4Si2PbSe6__S3(NO7)2,10.018906352114639,9.958909
Na4Si2PbSe6__S3(NO7)2,9.98210874111006,9.970233
Na4Si2PbSe6__S3(NO7)2,10.00926813490819,9.98442
Na4Si2PbSe6__S3(NO7)2,9.995006100482549,9.998937
Li7PSe6__CdI2,9.301278709052019,9.470168
Li7PSe6__CdI2,10.018457758760585,9.788338
Li7PSe6__CdI2,9.996590941660662,9.490524
Li7PSe6__CdI2,10.038869378209405,9.713106
K2CdGeO4__Na3In(PO4)2,0.5135829131824883,2.6869888
K2CdGeO4__Na3In(PO4)2,-0.941664053562038,2.242308
K2CdGeO4__Na3In(PO4)2,1.755885496193837,3.2736585
K2CdGeO4__Na3In(PO4)2,-3.2387244132286828,1.5478237
Al(IO3)3__NPB,9.992523219549302,10.029282
Al(IO3)3__NPB,9.993342834604308,9.946152
Al(IO3)3__NPB,9.995580080987757,9.934936
Al(IO3)3__NPB,10.014737314717358,9.96004
As(BrF2)3__KSn2Cl5,10.025021633910924,10.021424
As(BrF2)3__KSn2Cl5,9.995605283497001,10.037181
As(BrF2)3__KSn2Cl5,10.007790217324011,9.93801
As(BrF2)3__KSn2Cl5,10.04782854742304,9.947103
Ca3PN__Ca3AlN3,10.010062777628274,9.933295
Ca3PN__Ca3AlN3,10.031687898208839,9.877206
Ca3PN__Ca3AlN3,9.994720792743072,9.799428
Ca3PN__Ca3AlN3,10.01537463120773,9.740702
K2CdSiO4__KGaO2,2.0406677106527433,-1.8590426
K2CdSiO4__KGaO2,5.430290115781743,0.28711858
K2CdSiO4__KGaO2,2.8864352475827357,-1.2546817
K2CdSiO4__KGaO2,0.7535629098793016,-2.130149
CdP14Pb__K4Ti3S14,8.629780935858003,9.269772
CdP14Pb__K4Ti3S14,3.0820498396098603,6.606266
CdP14Pb__K4Ti3S14,5.58056649201224,7.8462934
CdP14Pb__K4Ti3S14,8.45385208445422,9.179333
K2NaInAs2__NaSi,5.330814013000087,6.5661006
K2NaInAs2__NaSi,5.591302089997655,6.5794225
K2NaInAs2__NaSi,2.591722594913293,4.889047
K2NaInAs2__NaSi,1.0550274460448545,3.9839253
GeSe2__NaAsS2,2.545006541070417,4.4607525
GeSe2__NaAsS2,5.323663560626172,6.431978
GeSe2__NaAsS2,2.7196550893198843,4.6391554
GeSe2__NaAsS2,1.518599941649574,3.5569358
Te3As2__Ca3AsCl3,10.01868625039941,8.381982
Te3As2__Ca3AsCl3,10.031097788519391,9.16012
Te3As2__Ca3AsCl3,10.011518825924847,8.526705
Te3As2__Ca3AsCl3,9.99888671743612,8.496656
Ca2ZnN2__K6Ge2O7,10.00370890491744,9.807396
Ca2ZnN2__K6Ge2O7,9.98305961073625,9.736085
Ca2ZnN2__K6Ge2O7,9.98683384809564,10.088102
Ca2ZnN2__K6Ge2O7,10.01927573691357,9.945797
K2Se5__Na2SnO2,9.991621493783514,9.226717
K2Se5__Na2SnO2,10.014329143924327,9.956578
K2Se5__Na2SnO2,9.982197719060363,9.266273
K2Se5__Na2SnO2,9.984697849100739,9.998621
NaAs__PbBr2,9.983322335307891,8.678634
NaAs__PbBr2,10.015191243845376,8.826296
NaAs__PbBr2,10.008604860398368,9.16602
NaAs__PbBr2,9.973660689787893,9.862606
Ca(ZnP)2__SbI3Cl8,9.98449377547997,9.981068
Ca(ZnP)2__SbI3Cl8,10.016238440840919,10.010326
Ca(ZnP)2__SbI3Cl8,9.983240955488315,10.056796
Ca(ZnP)2__SbI3Cl8,10.032538027091913,9.974143
Li2ZnGeS4__Li2P7(H3N)9,9.9886953061418,10.267604
Li2ZnGeS4__Li2P7(H3N)9,7.558107903778017,9.803891
Li2ZnGeS4__Li2P7(H3N)9,6.662312986301304,9.634004
Li2ZnGeS4__Li2P7(H3N)9,9.504173513204417,10.135003
AsClF8__Ca3(SiAs2)2,10.040818506625918,9.97584
AsClF8__Ca3(SiAs2)2,9.984492040116423,9.992009
AsClF8__Ca3(SiAs2)2,10.017723067887308,9.972922
AsClF8__Ca3(SiAs2)2,10.021178372662554,9.998055
LiCaGaN2__In3SnI5,9.002026725185162,10.0394945
LiCaGaN2__In3SnI5,9.911855167096638,10.172549
LiCaGaN2__In3SnI5,4.726941865998746,9.066022
LiCaGaN2__In3SnI5,8.201073851269616,9.942458
K2PS3__NaCdF3,5.464252688641704,5.5956264
K2PS3__NaCdF3,4.507984001750205,5.5304375
K2PS3__NaCdF3,7.208137642890208,6.5705533
K2PS3__NaCdF3,5.600349649915228,5.476879
Ga2Te2Cl7__KSb(PSe3)2,8.59894401017555,8.071035
Ga2Te2Cl7__KSb(PSe3)2,7.237318382327341,7.504855
Ga2Te2Cl7__KSb(PSe3)2,9.636610166213014,8.398422
Ga2Te2Cl7__KSb(PSe3)2,8.359019721756324,8.007976
K4Ge(PSe3)4__Ge(PbS2)2,2.323107819519545,5.145985
K4Ge(PSe3)4__Ge(PbS2)2,6.031225682469515,6.8863597
K4Ge(PSe3)4__Ge(PbS2)2,6.841408299732959,7.349054
K4Ge(PSe3)4__Ge(PbS2)2,4.18200108578884,6.0843725
Cd3(PO4)2__CdH3NO5,9.121060602796708,9.102895
Cd3(PO4)2__CdH3NO5,9.971109607096999,10.124937
Cd3(PO4)2__CdH3NO5,10.010920774399674,10.67929
Cd3(PO4)2__CdH3NO5,10.001855629227187,10.214981
AsClOF8__PbBr2,9.978071786388305,10.185537
AsClOF8__PbBr2,10.010942047646607,10.109151
AsClOF8__PbBr2,10.008855632497696,10.193112
AsClOF8__PbBr2,10.01738266330934,10.104453
CdPS3__K8Ti5P2(O4F11)2,8.160806874657505,3.6802733
CdPS3__K8Ti5P2(O4F11)2,7.990847793487643,3.6454606
CdPS3__K8Ti5P2(O4F11)2,2.7583475974635023,1.5236578
CdPS3__K8Ti5P2(O4F11)2,7.754988285776553,3.571248
CdSe2__Si,-1.0523041593929308,-0.028233
CdSe2__Si,-0.8564598030689619,0.030275196
CdSe2__Si,-1.0810570576211886,0.017273689
CdSe2__Si,-5.98660141515912,-3.4503136
TiZn(SO4)3__ZnCN2,9.989998294255356,9.8448305
TiZn(SO4)3__ZnCN2,9.996161859499994,9.813748
TiZn(SO4)3__ZnCN2,10.031881967929213,9.8099375
TiZn(SO4)3__ZnCN2,10.008727943938057,9.916936
Zn(GaS2)2__SeCl4,10.023060193101399,9.898246
Zn(GaS2)2__SeCl4,9.999860748232903,10.055428
Zn(GaS2)2__SeCl4,10.024548369818916,9.949284
Zn(GaS2)2__SeCl4,10.022316884612005,10.076725
KBrF4__ClF5,9.99871827967658,9.971962
KBrF4__ClF5,9.988107021099383,9.973657
KBrF4__ClF5,10.019495817771292,9.973799
KBrF4__ClF5,9.988860303023541,10.0558605
Al2CdTe4__Li4GeS4,3.0742946172842855,7.697344
Al2CdTe4__Li4GeS4,7.374803146216081,9.71433
Al2CdTe4__Li4GeS4,7.259219703368138,9.691444
Al2CdTe4__Li4GeS4,3.3581434386102575,7.896165
NaAlSe2__Li2TiTeO6,6.047757311610834,8.731812
NaAlSe2__Li2TiTeO6,5.893794129354138,8.712451
NaAlSe2__Li2TiTeO6,2.4268892719047033,7.4448104
NaAlSe2__Li2TiTeO6,7.240127650611822,9.219266
K3GaO3__PbSe2O5,9.96577531438625,10.018683
K3GaO3__PbSe2O5,10.020086697341137,10.0527315
K3GaO3__PbSe2O5,9.97531573236602,10.166623
K3GaO3__PbSe2O5,10.022772427288512,10.06228
KGe__AlSCl7,9.969410110362137,10.074697
KGe__AlSCl7,9.950262124745278,10.057409
KGe__AlSCl7,9.965846473946842,10.0187645
KGe__AlSCl7,10.02499814447647,10.004388
K11Cd2Sb5__K4Sb2O5,10.021339049226404,9.120164
K11Cd2Sb5__K4Sb2O5,10.007986316995039,9.954097
K11Cd2Sb5__K4Sb2O5,10.028956128700408,9.798275
K11Cd2Sb5__K4Sb2O5,9.993227413583018,9.629268
Ca3N2__PbO,10.014114496233837,9.984644
Ca3N2__PbO,9.99132557334555,9.987496
Ca3N2__PbO,10.003287648798013,9.991211
Ca3N2__PbO,9.977684698432194,9.977378
NaCl7__InI2,4.2333974596806385,3.8223972
NaCl7__InI2,4.350154274720314,3.3327336
NaCl7__InI2,4.371980443527491,4.08713
NaCl7__InI2,4.4153524424053066,4.064508
Cd3(PO4)2__K2LiAlH6,9.973446182433289,10.092263
Cd3(PO4)2__K2LiAlH6,10.037436577906993,9.9842415
Cd3(PO4)2__K2LiAlH6,9.992290421270821,10.093442
Cd3(PO4)2__K2LiAlH6,10.03674170258959,10.020034
KAlTe2__Li3SbO4,10.008067518446847,9.742749
KAlTe2__Li3SbO4,10.031138108345829,9.884126
KAlTe2__Li3SbO4,9.969298728219037,9.793632
KAlTe2__Li3SbO4,9.944799588695714,9.689637
K2TiO3__Al(IO3)3,9.990256290899902,10.11739
K2TiO3__Al(IO3)3,9.982963247482553,10.312954
K2TiO3__Al(IO3)3,9.985590175716327,10.159355
K2TiO3__Al(IO3)3,10.01662655076198,10.268397
NaP7__CdF2,9.999261515465241,9.819271
NaP7__CdF2,9.965783338717769,9.984205
NaP7__CdF2,10.02946755149659,9.936985
NaP7__CdF2,10.035641348323836,10.003268
K2SiP2__GaSbO4,9.433418782136757,9.687765
K2SiP2__GaSbO4,10.053795926460975,10.018635
K2SiP2__GaSbO4,10.042099955268707,10.037284
K2SiP2__GaSbO4,6.52163762761767,8.731783
AlSb__GaS,7.757839681703008,7.0631056
AlSb__GaS,8.659731651270112,7.3060074
AlSb__GaS,7.81492502949274,6.851684
AlSb__GaS,7.993126883112672,7.0998154
Ca3PCl3__K4SnSe4,6.720295032230687,7.7340283
Ca3PCl3__K4SnSe4,6.792352989043241,7.6565704
Ca3PCl3__K4SnSe4,6.693784457652305,7.772504
Ca3PCl3__K4SnSe4,5.537924371999733,7.173068
KSnS4__CdHOF,9.972225460427687,9.97973
KSnS4__CdHOF,10.045461501825523,10.022741
KSnS4__CdHOF,10.024904928419385,9.995857
KSnS4__CdHOF,9.977821010934203,10.03026
Ca2HN__CaSb10(S3O5)2,-6.010719843261112,-5.2559266
Ca2HN__CaSb10(S3O5)2,-3.9130491195681225,-2.585176
Ca2HN__CaSb10(S3O5)2,-5.9748024099588894,-4.9963017
Ca2HN__CaSb10(S3O5)2,-2.09516881567584,-1.3795764
Na2SnGe2(HO4)2__SbI3,5.8964561620471025,7.289644
Na2SnGe2(HO4)2__SbI3,6.679744464001685,7.7157702
Na2SnGe2(HO4)2__SbI3,5.61148795146154,6.593842
Na2SnGe2(HO4)2__SbI3,8.085546279902383,8.820513
K4Sb2O5__Ga3Sb7(S4Cl7)2,8.112580250966108,9.814961
K4Sb2O5__Ga3Sb7(S4Cl7)2,5.7760345860980715,9.123276
K4Sb2O5__Ga3Sb7(S4Cl7)2,5.954528871968561,9.06892
K4Sb2O5__Ga3Sb7(S4Cl7)2,9.163746779339087,10.024592
Na3SiTe3__Ca3Ga2(GeO4)3,5.962837222523382,1.2534537
Na3SiTe3__Ca3Ga2(GeO4)3,5.082748006964961,0.62069726
Na3SiTe3__Ca3Ga2(GeO4)3,2.0576338537852816,-0.3897491
Na3SiTe3__Ca3Ga2(GeO4)3,4.137627841016215,0.37018895
NaCdIn2(PO4)3__Ca3Si2SnO9,-2.2958905242725627,-1.0506772
NaCdIn2(PO4)3__Ca3Si2SnO9,-5.967818177900012,-1.9587232
NaCdIn2(PO4)3__Ca3Si2SnO9,-6.021472437580037,-1.7527318
NaCdIn2(PO4)3__Ca3Si2SnO9,-0.5236597442976928,-0.465519
AsSe6IF6__Ca5(IO6)2,9.99873801922339,10.124454
AsSe6IF6__Ca5(IO6)2,10.015595294549021,10.1717
AsSe6IF6__Ca5(IO6)2,10.016051521560339,10.070293
AsSe6IF6__Ca5(IO6)2,10.009866311741511,10.044204
KGaGeO4__NO3,10.016946096581737,10.025163
KGaGeO4__NO3,10.071078238493978,9.94892
KGaGeO4__NO3,10.023912250687427,9.962083
KGaGeO4__NO3,10.030839160926954,9.989303
K3SnTe3__CaC2,-0.7699821849992641,0.3362784
K3SnTe3__CaC2,0.31061183773722606,0.68298334
K3SnTe3__CaC2,2.8344002309063154,1.919638
K3SnTe3__CaC2,0.16167772584140302,0.8682608
Ga2Se3__SbAsPCl13,10.000947365557018,9.856798
Ga2Se3__SbAsPCl13,9.990263923813421,9.931747
Ga2Se3__SbAsPCl13,9.963957701719218,9.945534
Ga2Se3__SbAsPCl13,10.004791196864243,9.743946
Ca3InP3__Pb2SeN2O9,10.012786224268632,9.924537
Ca3InP3__Pb2SeN2O9,10.015082545733584,9.963681
Ca3InP3__Pb2SeN2O9,10.004152822649889,9.98652
Ca3InP3__Pb2SeN2O9,10.011541295026882,10.005103
Na3PSe4__KTiPS5,0.5325980299801425,0.5070051
Na3PSe4__KTiPS5,-3.5977923600721176,-1.7740228
Na3PSe4__KTiPS5,-2.708658074512225,-1.4357284
Na3PSe4__KTiPS5,-2.9332668497591574,-1.6982837
K6Sn3As5__AsClOF8,9.973590686590928,9.958374
K6Sn3As5__AsClOF8,10.026322031559282,9.927903
K6Sn3As5__AsClOF8,10.019867283291479,9.949319
K6Sn3As5__AsClOF8,9.993591709147127,10.001597
TeS7Br2__CdBr2,6.6551276122862895,0.6748195
TeS7Br2__CdBr2,6.441789421425779,0.56427133
TeS7Br2__CdBr2,6.670209980007125,0.57405317
TeS7Br2__CdBr2,2.6884104259911528,-1.494314
P2Pb3O8__ZnH2N2O7,8.295553815146798,9.7069
P2Pb3O8__ZnH2N2O7,10.037106818840924,10.302929
P2Pb3O8__ZnH2N2O7,7.566442983277928,9.497723
P2Pb3O8__ZnH2N2O7,5.637571736548121,9.3446045
K14In4O13__Zn3S2O9,10.003899379015914,10.076459
K14In4O13__Zn3S2O9,9.983387830763272,9.999689
K14In4O13__Zn3S2O9,9.983514678979887,10.016737
K14In4O13__Zn3S2O9,10.00233020816135,9.970867
Zn(GaSe2)2__K3AsS3,-0.35978394028573124,1.6159422
Zn(GaSe2)2__K3AsS3,4.100083235655184,3.181496
Zn(GaSe2)2__K3AsS3,1.785050621597288,2.0864418
Zn(GaSe2)2__K3AsS3,-0.7660684573752533,1.2551452
P3NCl12__K3P11,10.002712665975379,10.032273
P3NCl12__K3P11,10.023745516652061,10.000615
P3NCl12__K3P11,10.04483061592563,10.014774
P3NCl12__K3P11,10.004838929453419,9.974614
NaZnAs__LiCa3Si2N5,9.986097456773987,10.262062
NaZnAs__LiCa3Si2N5,10.007095082896017,10.317796
NaZnAs__LiCa3Si2N5,9.992441843776241,10.256719
NaZnAs__LiCa3Si2N5,10.011149680300553,9.778511
GaSeBr7__ClO2,9.97326796580893,9.962188
GaSeBr7__ClO2,10.040542557485162,9.985364
GaSeBr7__ClO2,10.030696400852662,9.996155
GaSeBr7__ClO2,10.006466868457524,9.998415
LiAl(PS3)2__K2Ti(SiO3)3,-4.399413887533142,-0.66916597
LiAl(PS3)2__K2Ti(SiO3)3,-2.096750394773772,-0.8930284
LiAl(PS3)2__K2Ti(SiO3)3,-4.595140528184066,-1.3271695
LiAl(PS3)2__K2Ti(SiO3)3,-3.7527323915074517,-0.8828822
Na5SnP3__K3In3(PO4)4,10.012458756142149,10.072109
Na5SnP3__K3In3(PO4)4,9.983081418729663,9.95613
Na5SnP3__K3In3(PO4)4,9.980947011711551,10.090441
Na5SnP3__K3In3(PO4)4,10.03015575354884,10.054301
NaLiSe__K2Pb3C3O9F2,9.997665778815419,10.283749
NaLiSe__K2Pb3C3O9F2,9.99898217725308,10.179589
NaLiSe__K2Pb3C3O9F2,9.975790930881168,10.104147
NaLiSe__K2Pb3C3O9F2,9.99622537121149,10.111321
K3GaO3__KGaO2,-5.232797041701277,-0.47500855
K3GaO3__KGaO2,-4.720228715709589,-0.36375096
K3GaO3__KGaO2,-4.35847148844675,-0.1389506
K3GaO3__KGaO2,-2.7765717413517037,1.0186636
K2Al2Sb3__Na2TeSe3,10.00126430086772,9.868377
K2Al2Sb3__Na2TeSe3,9.936173824245047,9.985135
K2Al2Sb3__Na2TeSe3,9.771344145322903,9.878428
K2Al2Sb3__Na2TeSe3,9.963391665645208,9.691673
Ca21(Zn2As9)2__K3As11,-1.7784052495114286,-1.656546
Ca21(Zn2As9)2__K3As11,-1.5862757778191237,-1.2153269
Ca21(Zn2As9)2__K3As11,-0.5749579359990248,-0.7741632
Ca21(Zn2As9)2__K3As11,-1.5955759487781018,-1.331618
K2GeAs2__Cd4As2Br3,9.999388351438999,9.971925
K2GeAs2__Cd4As2Br3,9.950952983003763,9.999379
K2GeAs2__Cd4As2Br3,10.004069460838643,10.006932
K2GeAs2__Cd4As2Br3,10.016471733675061,9.962727
Zn3(PO4)2__K3H(SeO4)2,3.1074717483230914,3.4145093
Zn3(PO4)2__K3H(SeO4)2,-2.511902326975084,0.013065585
Zn3(PO4)2__K3H(SeO4)2,-2.2259950199831597,0.29479828
Zn3(PO4)2__K3H(SeO4)2,1.2718521996491978,2.3835523
NaS2__Li3PS4,7.8302874690978275,6.7247233
NaS2__Li3PS4,9.630643026171482,7.329869
NaS2__Li3PS4,4.089660310287266,4.9453945
NaS2__Li3PS4,3.331841422355749,4.535628
CdS__LiH2BrO5,10.01926335677373,9.650572
CdS__LiH2BrO5,10.022583712975138,10.260835
CdS__LiH2BrO5,9.979308666126409,10.07119
CdS__LiH2BrO5,10.012545339168952,10.206227
Ca3PCl3__Na2Zn2Si2O7,6.280277277508689,8.665311
Ca3PCl3__Na2Zn2Si2O7,7.073378076700517,8.835829
Ca3PCl3__Na2Zn2Si2O7,3.249962627571034,7.2371597
Ca3PCl3__Na2Zn2Si2O7,6.290884352334567,8.784682
Sb4H2SO10__K3InP2,9.99837620826126,9.992055
Sb4H2SO10__K3InP2,10.044275983442358,9.940368
Sb4H2SO10__K3InP2,10.004198659729752,9.979568
Sb4H2SO10__K3InP2,9.961109599005617,9.981388
NClOF4__As2S3,10.001367505703628,10.000768
NClOF4__As2S3,9.993280515514272,10.008308
NClOF4__As2S3,10.010289115963404,10.001173
NClOF4__As2S3,9.996281244248538,10.029988
KAs2HO6__Al2CdS4,5.175953895417343,6.002488
KAs2HO6__Al2CdS4,0.389905819843692,2.7483616
KAs2HO6__Al2CdS4,6.029368545976133,6.4346523
KAs2HO6__Al2CdS4,5.812984924628964,6.383835
K6CdO4__NaNO3,9.98875722234993,9.751545
K6CdO4__NaNO3,9.962873017407754,9.813405
K6CdO4__NaNO3,10.030954026094731,9.504703
K6CdO4__NaNO3,9.983576299164547,9.809088
Cd(GaSe2)2__KP15,4.186804732027321,0.328262
Cd(GaSe2)2__KP15,5.791053023922705,1.2527447
Cd(GaSe2)2__KP15,3.501979357848084,-0.119050264
Cd(GaSe2)2__KP15,3.9494396891188757,0.25139
GaSb3Pb4O13__Li2GePbS4,7.385805762784808,-1.1400734
GaSb3Pb4O13__Li2GePbS4,1.6167035997140478,-2.3690448
GaSb3Pb4O13__Li2GePbS4,2.7381589883953423,-2.5242825
GaSb3Pb4O13__Li2GePbS4,6.68033513344661,-1.0436281
Ca2Ge__Zn2AsHO5,9.99186257577184,9.985009
Ca2Ge__Zn2AsHO5,10.019006411260662,9.969277
Ca2Ge__Zn2AsHO5,10.042756557967307,9.963523
Ca2Ge__Zn2AsHO5,9.95833445167147,9.973445
Na2In2GeSe6__ZnP2,9.983459762098107,10.047641
Na2In2GeSe6__ZnP2,7.252315233281442,9.435227
Na2In2GeSe6__ZnP2,9.977965616972178,10.156441
Na2In2GeSe6__ZnP2,10.018603889586114,10.091624
Na5SiP3__LiS4,1.6998424092165896,2.9456723
Na5SiP3__LiS4,0.6534984805544771,2.385989
Na5SiP3__LiS4,-1.712293094438475,1.0278548
Na5SiP3__LiS4,-1.4481903759377632,0.95629805
Te(HO)6__K4TiO4,9.994572568029145,10.017774
Te(HO)6__K4TiO4,10.010232964787257,10.113934
Te(HO)6__K4TiO4,10.01884557929387,9.971939
Te(HO)6__K4TiO4,10.031870712888136,10.048077
KSb5S8__KGaTe2,3.7961834909883945,5.831859
KSb5S8__KGaTe2,3.0976450210668816,5.5838456
KSb5S8__KGaTe2,6.111146375186866,7.5785775
KSb5S8__KGaTe2,4.3267255858829055,6.1665187
K5SnAs3__Na3P11,7.16369428722179,9.067162
K5SnAs3__Na3P11,8.140082790647208,9.091427
K5SnAs3__Na3P11,4.477445217210238,7.9565654
K5SnAs3__Na3P11,8.191252766533065,9.075313
Na2Cd(GeS3)2__Na2Zn2S3,-0.7382665278603537,1.2802771
Na2Cd(GeS3)2__Na2Zn2S3,-5.13264874407564,-0.41385472
Na2Cd(GeS3)2__Na2Zn2S3,-1.7397969771417892,0.8381531
Na2Cd(GeS3)2__Na2Zn2S3,-1.7159720044258766,0.96902806
NaTe3__NO2,10.002536496821842,9.961135
NaTe3__NO2,10.023095767714329,9.990205
NaTe3__NO2,10.036200631445713,9.928108
NaTe3__NO2,10.000109752567353,9.963987
Zn(NO3)2__KTe,9.971306722036198,9.740366
Zn(NO3)2__KTe,10.00724726105706,10.022461
Zn(NO3)2__KTe,10.017533100961792,9.818123
Zn(NO3)2__KTe,10.005954235263292,9.9796505
K4I2O9__Zn4SiTePbO10,-5.691700216220644,-2.73331
K4I2O9__Zn4SiTePbO10,-1.3203968364765633,0.10952838
K4I2O9__Zn4SiTePbO10,-3.36940131491085,-1.4511033
K4I2O9__Zn4SiTePbO10,-3.7676808425942183,-1.5560184
IF7__Ca2PbO4,9.983472737379723,9.960413
IF7__Ca2PbO4,9.999255919904453,9.963392
IF7__Ca2PbO4,10.003703306409813,9.991448
IF7__Ca2PbO4,10.016525286037666,9.961754
SiSe2__Na2GeO3,9.986142924342884,8.950999
SiSe2__Na2GeO3,6.66339764238616,8.072377
SiSe2__Na2GeO3,6.633086342024175,7.9219184
SiSe2__Na2GeO3,7.403390030946502,8.369212
CaS__K5In3(SiO3)7,3.156983455205431,6.902624
CaS__K5In3(SiO3)7,7.5854570048264245,8.910007
CaS__K5In3(SiO3)7,8.734893549655967,9.302009
CaS__K5In3(SiO3)7,7.478754318551856,8.844761
K2TiSi3(HO5)2__As2Pb3O8,1.5341842087943776,7.531538
K2TiSi3(HO5)2__As2Pb3O8,7.275188108675092,9.355291
K2TiSi3(HO5)2__As2Pb3O8,2.8929086943165854,7.985883
K2TiSi3(HO5)2__As2Pb3O8,6.656287545482931,8.730045
Ga2TeSe2__Li2CdSiO4,0.26346813654767426,2.6559765
Ga2TeSe2__Li2CdSiO4,2.5080264029531874,3.5005403
Ga2TeSe2__Li2CdSiO4,2.665741531931311,3.575031
Ga2TeSe2__Li2CdSiO4,1.0289178522036366,3.0146735
Na2Ti3O7__As3Pb5ClO12,9.97590970351045,10.211058
Na2Ti3O7__As3Pb5ClO12,9.988239515242663,10.0771475
Na2Ti3O7__As3Pb5ClO12,9.975326507927589,10.280483
Na2Ti3O7__As3Pb5ClO12,10.008178938961946,10.204144
K2In2P3Se10__Ti6CCl14,10.025428505592174,9.898228
K2In2P3Se10__Ti6CCl14,9.979012572862935,9.874222
K2In2P3Se10__Ti6CCl14,9.967120396675563,9.891105
K2In2P3Se10__Ti6CCl14,10.010819338849924,9.88297
NaH2N__SO2,9.951615366209058,10.242201
NaH2N__SO2,10.025289604880909,10.309245
NaH2N__SO2,10.000796871668129,10.297215
NaH2N__SO2,10.00865940578316,10.185233
InTeO3F__Ca(Ga3Te5)2,10.023234367836231,9.998654
InTeO3F__Ca(Ga3Te5)2,9.9673608943296,10.0542555
InTeO3F__Ca(Ga3Te5)2,10.032674388683636,9.987993
InTeO3F__Ca(Ga3Te5)2,9.99187340338084,9.996526
Al2Cd3(GeO4)3__SCl,9.99213416020188,10.170252
Al2Cd3(GeO4)3__SCl,9.985751084505615,10.057555
Al2Cd3(GeO4)3__SCl,10.022522643584974,10.069657
Al2Cd3(GeO4)3__SCl,10.022366939958609,10.0192995
Ti6In2Si2P12O49__Cd2AsHO5,9.974551289051407,10.410948
Ti6In2Si2P12O49__Cd2AsHO5,10.001884610631155,10.369321
Ti6In2Si2P12O49__Cd2AsHO5,10.008577582193688,10.353673
Ti6In2Si2P12O49__Cd2AsHO5,9.99933171959585,10.231441
Na5AlO4__Li2CdSiO4,2.72211352360551,5.8714085
Na5AlO4__Li2CdSiO4,1.9766756165499717,5.8976126
Na5AlO4__Li2CdSiO4,3.072111740878323,6.626555
Na5AlO4__Li2CdSiO4,2.6334058794715984,6.114068
Na4Ge2Te5__K3P11,7.776774255499706,-1.6172498
Na4Ge2Te5__K3P11,9.971305526471191,0.06508031
Na4Ge2Te5__K3P11,5.68955017087969,-2.7165835
Na4Ge2Te5__K3P11,4.177921455922361,-2.7653043
ZnSiPbO4__Ca(SbO3)2,3.068142338408339,6.819904
ZnSiPbO4__Ca(SbO3)2,4.4164670928702385,7.3836412
ZnSiPbO4__Ca(SbO3)2,3.913786553720894,7.425265
ZnSiPbO4__Ca(SbO3)2,4.381873042128153,7.3620534
K11Cd2Sb5__K2In2P3Se10,6.716761202165555,9.420572
K11Cd2Sb5__K2In2P3Se10,7.400343614724697,9.426625
K11Cd2Sb5__K2In2P3Se10,3.3780006875518844,7.7179465
K11Cd2Sb5__K2In2P3Se10,7.740188123612284,9.57924
Na3AlAs2__SbSBr,10.031661841080812,9.966537
Na3AlAs2__SbSBr,10.052093078496553,10.009275
Na3AlAs2__SbSBr,10.015255411248518,9.793574
Na3AlAs2__SbSBr,10.051298870395046,10.0270605
CaH3NO5__ZnF2,9.989820911116775,10.23917
CaH3NO5__ZnF2,9.989624789351126,10.182326
CaH3NO5__ZnF2,10.00520151647557,10.193521
CaH3NO5__ZnF2,9.99744381799427,10.192976
NO3__Sb2IBr2F11,0.19747159210409324,-0.6016888
NO3__Sb2IBr2F11,-3.6535902612942603,-3.085662
NO3__Sb2IBr2F11,-0.7757691813518995,-1.6172005
NO3__Sb2IBr2F11,-2.5114727485119395,-2.372594
K2GaAs2__Li2Te2O5,10.004359414148869,10.092951
K2GaAs2__Li2Te2O5,9.992245255020148,9.961647
K2GaAs2__Li2Te2O5,9.941287018985701,9.846517
K2GaAs2__Li2Te2O5,9.988739799081326,9.981377
K3GeTe3__Li2SnSe3,2.016463953475735,0.18789715
K3GeTe3__Li2SnSe3,-2.3085112519923507,-2.8347914
K3GeTe3__Li2SnSe3,0.45656515032519124,-1.0389923
K3GeTe3__Li2SnSe3,-0.9560429784635749,-2.3797247
GaSbO4__Zn3Te2P2(PbO7)2,9.98991458438318,9.908512
GaSbO4__Zn3Te2P2(PbO7)2,10.001618063800224,10.009035
GaSbO4__Zn3Te2P2(PbO7)2,10.021022414451785,9.858516
GaSbO4__Zn3Te2P2(PbO7)2,10.006369082334743,10.169108
K6Na3AlSb4__Na4CdP2,8.632721750455804,9.777537
K6Na3AlSb4__Na4CdP2,2.8354237359136887,8.741789
K6Na3AlSb4__Na4CdP2,4.358540446777617,8.893739
K6Na3AlSb4__Na4CdP2,6.455074055895773,9.209319
Ga10GePb3O20__K3In3(PO4)4,-1.3950177414944265,-1.9758446
Ga10GePb3O20__K3In3(PO4)4,-2.190957537712982,-2.764418
Ga10GePb3O20__K3In3(PO4)4,-1.1048851059173934,-1.7977731
Ga10GePb3O20__K3In3(PO4)4,1.1101286873374037,0.17100878
Na5GaO4__Ca2GeS4,-5.993565584069246,-3.0135252
Na5GaO4__Ca2GeS4,-6.00242035957735,-2.992345
Na5GaO4__Ca2GeS4,-2.048265990133168,-1.5745099
Na5GaO4__Ca2GeS4,-2.125354353773988,-1.5162109
Na5GeAs3__K6ZnSe4,4.981369466480544,2.723362
Na5GeAs3__K6ZnSe4,3.687254387917188,1.8344526
Na5GeAs3__K6ZnSe4,0.1051312198580841,0.48228928
Na5GeAs3__K6ZnSe4,1.8022852802692222,0.95418537
ClO3__Ti(SO4)2,9.987197842872655,9.967251
ClO3__Ti(SO4)2,10.010896180257395,9.977851
ClO3__Ti(SO4)2,10.010919037891274,10.01099
ClO3__Ti(SO4)2,10.006954304800997,9.950331
SCl__LiZnAs,9.998717042476967,9.962289
SCl__LiZnAs,10.00624488753,10.023064
SCl__LiZnAs,10.028157252267839,10.007397
SCl__LiZnAs,9.972459053726013,9.966356
InTeO3F__ZnCN2,-2.9908080458031234,-3.0984192
InTeO3F__ZnCN2,-3.770020205345095,-3.3648076
InTeO3F__ZnCN2,-3.4522905414403304,-3.256339
InTeO3F__ZnCN2,-5.979410762147589,-4.539106
K3Ga3As4__KSn2(PO4)3,9.975266243093628,9.855211
K3Ga3As4__KSn2(PO4)3,9.980370619805278,10.034059
K3Ga3As4__KSn2(PO4)3,10.005226214630177,9.808458
K3Ga3As4__KSn2(PO4)3,10.015781330346533,9.970213
As3Pb5ClO12__H2SeO4,7.425193606274043,8.304069
As3Pb5ClO12__H2SeO4,5.166169201166963,7.507776
As3Pb5ClO12__H2SeO4,3.895552705447088,7.203072
As3Pb5ClO12__H2SeO4,4.604518868975448,7.317864
Li3Sb__AsS(IF3)2,10.000578627809642,9.885664
Li3Sb__AsS(IF3)2,9.999528727565918,10.022998
Li3Sb__AsS(IF3)2,10.055388330879577,10.0173435
Li3Sb__AsS(IF3)2,9.990060073981798,9.979357
Cd(GaO2)2__Ga10GePb3O20,5.496314451461007,3.1155968
Cd(GaO2)2__Ga10GePb3O20,5.83463524269191,3.1987817
Cd(GaO2)2__Ga10GePb3O20,2.749923274520692,2.0586667
Cd(GaO2)2__Ga10GePb3O20,2.6368222221965882,2.3431246
In7Cl9__Li2GeTeO6,1.6513103411130292,0.8541861
In7Cl9__Li2GeTeO6,0.6694718474899595,0.2666508
In7Cl9__Li2GeTeO6,1.2127225655604623,0.42550147
In7Cl9__Li2GeTeO6,2.58753059719706,1.1671323
SbN(OF3)2__NF2,9.992636078022306,10.070884
SbN(OF3)2__NF2,9.989973225381718,10.173697
SbN(OF3)2__NF2,9.993529585387895,10.245484
SbN(OF3)2__NF2,9.970924743570864,9.961521
Na2SnGe2(HO4)2__SbOF,10.006236289722182,10.063513
Na2SnGe2(HO4)2__SbOF,10.021654653855638,10.178434
Na2SnGe2(HO4)2__SbOF,9.9688754386262,10.137061
Na2SnGe2(HO4)2__SbOF,9.951176661252637,10.101204
K3SnTe3__K6Na3AlSb4,7.293606226228523,8.901793
K3SnTe3__K6Na3AlSb4,3.3791301156798146,6.780703
K3SnTe3__K6Na3AlSb4,6.798676024381606,8.456361
K3SnTe3__K6Na3AlSb4,8.161095169766233,9.3646755
Sb9S4F39__K3As(PSe3)3,10.028022528558171,10.004099
Sb9S4F39__K3As(PSe3)3,10.007015882445941,10.020238
Sb9S4F39__K3As(PSe3)3,10.012785379198395,9.986117
Sb9S4F39__K3As(PSe3)3,9.995366194210426,9.991418
K4SnSe4__CdSe,9.973148456104996,9.396538
K4SnSe4__CdSe,9.976206852498933,8.505236
K4SnSe4__CdSe,10.030232136930008,9.513468
K4SnSe4__CdSe,9.974232992578232,9.32216
SnO__Cd4P6SN12,9.997484034031245,9.799422
SnO__Cd4P6SN12,9.97006807510909,10.239156
SnO__Cd4P6SN12,10.03506053547363,10.291285
SnO__Cd4P6SN12,10.015647490990359,9.891923
Na4SnO4__Ti6In2Si2P12O49,-5.383928194089882,-0.6864605
Na4SnO4__Ti6In2Si2P12O49,-1.7030981299725407,0.59656316
Na4SnO4__Ti6In2Si2P12O49,-0.07813370518831197,1.8545239
Na4SnO4__Ti6In2Si2P12O49,-0.14383898982368482,1.8480177
LiCaP__KPS3,9.984029824625997,10.214241
LiCaP__KPS3,10.004012913527907,10.208789
LiCaP__KPS3,9.703077235188177,10.095308
LiCaP__KPS3,9.986216353556323,10.222163
Li10Si(PSe6)2__KSnI3,8.166102518575933,4.960934
Li10Si(PSe6)2__KSnI3,9.98887721190674,6.2053547
Li10Si(PSe6)2__KSnI3,4.876682316574621,3.5519552
Li10Si(PSe6)2__KSnI3,5.991069521754561,3.6975331
Ca3CdO4__KNO2,10.025036866036976,10.268665
Ca3CdO4__KNO2,4.856722260366997,9.197191
Ca3CdO4__KNO2,8.977056247041045,10.1956835
Ca3CdO4__KNO2,4.331364607456066,9.315658
KSi__KInP2S7,8.790407897478033,8.622554
KSi__KInP2S7,7.735309602822453,8.452457
KSi__KInP2S7,5.454044165730533,7.6014194
KSi__KInP2S7,6.611614518025508,7.8370986
TeO3__K4SnO4,10.007345174595017,10.057714
TeO3__K4SnO4,9.996714010336786,10.013154
TeO3__K4SnO4,10.006747581924783,10.140592
TeO3__K4SnO4,10.044253892085818,10.058584
LiTiAsO5__AsSe6IF6,10.027334589530113,10.152961
LiTiAsO5__AsSe6IF6,10.025355178856058,10.23581
LiTiAsO5__AsSe6IF6,10.018584190998357,9.995254
LiTiAsO5__AsSe6IF6,10.005256702633245,10.092278
AlAs__KH2N,9.995071171522241,9.777971
AlAs__KH2N,10.001980037615334,9.804419
AlAs__KH2N,9.985909093802482,9.87263
AlAs__KH2N,9.784790197188109,9.098496
KNaTe__SnBr4,9.986584450830238,9.971315
KNaTe__SnBr4,10.040244621123342,9.999705
KNaTe__SnBr4,10.020907195071675,9.996093
KNaTe__SnBr4,10.010404500317081,10.044235
Na4SnTe4__Ca(Ga3Te5)2,2.1426550174839005,3.5905352
Na4SnTe4__Ca(Ga3Te5)2,2.0752384399611192,3.5125043
Na4SnTe4__Ca(Ga3Te5)2,5.849113119509563,5.86626
Na4SnTe4__Ca(Ga3Te5)2,1.703227726772652,2.8883502
Na4TiP2O9__Na2Sb4O7,-0.6481367398661131,-1.542381
Na4TiP2O9__Na2Sb4O7,-1.8597047342736568,-2.2364333
Na4TiP2O9__Na2Sb4O7,-2.102339354680706,-2.3486202
Na4TiP2O9__Na2Sb4O7,-1.126841569361508,-1.9381264
ClO2__SbCl(OF3)2,7.621195346905811,-0.8393359
ClO2__SbCl(OF3)2,4.7035419269556,-1.3011926
ClO2__SbCl(OF3)2,8.87958855352061,-0.20899469
ClO2__SbCl(OF3)2,7.629605480710478,-0.8380892
NaInTe2__Na2Ga2GeS6,10.023771540208088,9.781083
NaInTe2__Na2Ga2GeS6,9.98772269722559,9.865205
NaInTe2__Na2Ga2GeS6,10.014663930047039,10.069578
NaInTe2__Na2Ga2GeS6,9.982229595032155,10.055551
K6CdO4__Na2TiGeO5,8.461240361684707,9.755026
K6CdO4__Na2TiGeO5,5.52534288020821,9.126054
K6CdO4__Na2TiGeO5,4.86911409547033,9.072921
K6CdO4__Na2TiGeO5,6.986274540789024,9.696583
Ti(NO3)4__Zn(NO3)2,3.2892395375936543,6.140472
Ti(NO3)4__Zn(NO3)2,4.760730396444263,6.62671
Ti(NO3)4__Zn(NO3)2,2.1030267072205,5.981453
Ti(NO3)4__Zn(NO3)2,3.4956993875602707,6.2119365
Na4CdP2__K2ZnSe2,5.476948943328485,5.333211
Na4CdP2__K2ZnSe2,7.355992982260337,6.450891
Na4CdP2__K2ZnSe2,8.59481877797004,6.811214
Na4CdP2__K2ZnSe2,5.992597573121524,5.1737275
LiIn(CN2)2__K4TiO4,4.108517693925637,1.779353
LiIn(CN2)2__K4TiO4,1.5645915776159451,-0.08655706
LiIn(CN2)2__K4TiO4,2.462917220244364,0.5445853
LiIn(CN2)2__K4TiO4,3.026868082247479,0.96236175
Na2CdH4(SeO5)2__PI2,9.966617181043143,9.48471
Na2CdH4(SeO5)2__PI2,9.978984709821452,8.455864
Na2CdH4(SeO5)2__PI2,9.992411081202881,9.506636
Na2CdH4(SeO5)2__PI2,9.962703938499834,8.53031
KNa4GeAs3__KGaGeO4,10.02367829809029,10.103479
KNa4GeAs3__KGaGeO4,10.017510156169807,10.212724
KNa4GeAs3__KGaGeO4,9.993895691604592,9.96262
KNa4GeAs3__KGaGeO4,10.02746281405274,10.173707
K3Al2As3__Na2Cd(GeS3)2,9.965425762177865,9.553512
K3Al2As3__Na2Cd(GeS3)2,9.982145585267485,10.1012745
K3Al2As3__Na2Cd(GeS3)2,10.008639506635625,10.320557
K3Al2As3__Na2Cd(GeS3)2,10.03144866364358,9.434864
P2Pb4O9__Cd(NO3)2,6.374164435303591,7.510058
P2Pb4O9__Cd(NO3)2,4.720584647824989,6.8389344
P2Pb4O9__Cd(NO3)2,2.750237618729102,6.266828
P2Pb4O9__Cd(NO3)2,5.919679780899885,7.388034
K3Na2SnAs3__K2Al2Sb3,-4.281329552054428,-3.0622313
K3Na2SnAs3__K2Al2Sb3,-1.719433610613315,-2.3363104
K3Na2SnAs3__K2Al2Sb3,-2.020898199238482,-2.584436
K3Na2SnAs3__K2Al2Sb3,-2.6705828215469465,-2.812337
CdTe__SiP2,1.4204104290187716,5.9652576
CdTe__SiP2,2.1608063361355994,6.44565
CdTe__SiP2,6.205725386820779,8.170932
CdTe__SiP2,4.691843717312185,7.514069
SICl7__CdH3NO5,10.023207306433898,9.04451
SICl7__CdH3NO5,10.003241643039003,9.616209
SICl7__CdH3NO5,9.955371209191519,9.264606
SICl7__CdH3NO5,10.01640015594885,9.733864
NaCaAs__K2TeSe3,9.853642274970674,9.900749
NaCaAs__K2TeSe3,7.914579902449454,9.471063
NaCaAs__K2TeSe3,9.977669225778795,10.390846
NaCaAs__K2TeSe3,9.100131734773624,9.671318
P2Pb4O9__CaZnAsHO5,4.269588534044566,6.504188
P2Pb4O9__CaZnAsHO5,8.28926599432788,8.5140505
P2Pb4O9__CaZnAsHO5,4.845689605045261,6.493859
P2Pb4O9__CaZnAsHO5,3.611791425264585,6.1776223
In2(PS3)3__K2H6PbO6,-3.7240359325724315,-0.17750633
In2(PS3)3__K2H6PbO6,-4.1169098869165435,-0.21757942
In2(PS3)3__K2H6PbO6,-3.6940694890033274,-0.05870278
In2(PS3)3__K2H6PbO6,0.3827936737138803,1.6592339
Na4Ge2Se5__Li2TiO3,0.5794481445569967,7.0261626
Na4Ge2Se5__Li2TiO3,5.2579220037777965,8.878607
Na4Ge2Se5__Li2TiO3,2.713648917133772,7.7410307
Na4Ge2Se5__Li2TiO3,6.055089055011763,8.970823
LiAsSe2__NaAs3H2O9,10.037339436734612,9.648853
LiAsSe2__NaAs3H2O9,10.010887533830791,9.935754
LiAsSe2__NaAs3H2O9,10.024072844929604,9.565487
LiAsSe2__NaAs3H2O9,10.0176320619326,10.378637
K2SiAs2__K2TiAl(PO4)3,7.316283754727602,8.464182
K2SiAs2__K2TiAl(PO4)3,6.537273673217212,8.186298
K2SiAs2__K2TiAl(PO4)3,6.346229667378018,8.401537
K2SiAs2__K2TiAl(PO4)3,9.99006555996827,10.024227
CdS__CdI2,7.080613006308514,9.686083
CdS__CdI2,4.751476434211635,8.786998
CdS__CdI2,4.070556361821749,8.232138
CdS__CdI2,5.713269503800389,9.262215
Te(HO)6__NaCaAs,9.987289073492658,10.014506
Te(HO)6__NaCaAs,10.021562917821303,9.87546
Te(HO)6__NaCaAs,10.003185109213012,10.083969
Te(HO)6__NaCaAs,10.010366558999024,10.020374
SbI3__K2ZnH4(I2O7)2,4.328985203734779,3.4142077
SbI3__K2ZnH4(I2O7)2,10.02301319884096,6.12886
SbI3__K2ZnH4(I2O7)2,8.139694096056516,4.873816
SbI3__K2ZnH4(I2O7)2,3.7541777180833993,2.9335022
Li2P7(H3N)9__NaHS,9.104521163293576,5.5786824
Li2P7(H3N)9__NaHS,9.738238873078872,5.861239
Li2P7(H3N)9__NaHS,7.997292845054033,5.1450005
Li2P7(H3N)9__NaHS,5.738979818896635,5.2565203
Na14Cd2O9__Rubrene,9.983508946766417,9.967642
Na14Cd2O9__Rubrene,10.04378432630026,9.923399
Na14Cd2O9__Rubrene,10.01081959997711,9.987038
Na14Cd2O9__Rubrene,9.956455109815954,9.96058
K6Sn2S7__Sn2OF5,10.02995609002254,9.965219
K6Sn2S7__Sn2OF5,10.009674793106582,9.996949
K6Sn2S7__Sn2OF5,10.010900494498976,10.01375
K6Sn2S7__Sn2OF5,9.987418477484315,9.96018
KSb(PSe3)2__NaTi2(PO4)3,-0.8443822405646421,1.6615137
KSb(PSe3)2__NaTi2(PO4)3,1.0120831173561795,2.4994261
KSb(PSe3)2__NaTi2(PO4)3,-5.555358365056908,-0.8964329
KSb(PSe3)2__NaTi2(PO4)3,-1.7613617656045437,0.789729
Na4SeO5__Al6Cd4TeO12,0.34149804317143406,1.1505418
Na4SeO5__Al6Cd4TeO12,3.9678269342001298,2.127284
Na4SeO5__Al6Cd4TeO12,1.055475043245452,1.4197481
Na4SeO5__Al6Cd4TeO12,4.195467892243001,2.3254466
KAs__Li4SnS4,9.98397386341506,10.101894
KAs__Li4SnS4,10.004493477499642,10.013218
KAs__Li4SnS4,10.016757730860203,9.869484
KAs__Li4SnS4,9.990257071319661,9.968656
Na4SiSe4__Ge4Se9,9.994109257044311,9.890871
Na4SiSe4__Ge4Se9,9.988989320374477,9.935931
Na4SiSe4__Ge4Se9,10.00166876168623,9.175728
Na4SiSe4__Ge4Se9,9.99532624343379,10.14581
Ca11Sn3C8__Sb6S2O15,10.009150299226079,10.118735
Ca11Sn3C8__Sb6S2O15,9.99298578904984,10.062731
Ca11Sn3C8__Sb6S2O15,9.966829623147806,10.070379
Ca11Sn3C8__Sb6S2O15,10.003364824490363,10.080126
NaInTe2__PCBM,9.9970865679437,9.986365
NaInTe2__PCBM,10.007760768246756,9.969256
NaInTe2__PCBM,10.01583310467093,9.981235
NaInTe2__PCBM,9.989434874959182,9.980351
Na2Zn2S3__SeCl4,9.943028785248373,9.939924
Na2Zn2S3__SeCl4,10.011632592428223,9.905928
Na2Zn2S3__SeCl4,10.011920585326903,9.916067
Na2Zn2S3__SeCl4,10.05726933205728,9.896713
Ca6GaN5__Sn2OF5,10.0040971531842,9.972005
Ca6GaN5__Sn2OF5,9.983735786041551,10.0033655
Ca6GaN5__Sn2OF5,10.02933016973149,9.973786
Ca6GaN5__Sn2OF5,9.99173427615644,9.861155
CaHN__K3SbS3,3.868618705760058,4.634013
CaHN__K3SbS3,9.997075384074318,8.074768
CaHN__K3SbS3,9.68466230334541,7.896862
CaHN__K3SbS3,5.495116856265499,5.4880133
Pb5SO8__LiPH21S3N7,-3.6352736966740724,0.21308307
Pb5SO8__LiPH21S3N7,-2.598838095027102,0.038059477
Pb5SO8__LiPH21S3N7,-3.0744923893321627,0.36355558
Pb5SO8__LiPH21S3N7,-2.599398574949866,0.460571
Na2CdH4(SeO5)2__TiCdO3,-0.5833940422603131,0.31084937
Na2CdH4(SeO5)2__TiCdO3,-4.143002656887688,-1.4963993
Na2CdH4(SeO5)2__TiCdO3,-3.9449797780582836,-1.5909692
Na2CdH4(SeO5)2__TiCdO3,-4.007503380057233,-1.5408127
PCBM__Li3AsH16(SO2)4,10.005451433801682,10.017923
PCBM__Li3AsH16(SO2)4,9.987851441832408,9.966675
PCBM__Li3AsH16(SO2)4,9.981150040766815,10.062152
PCBM__Li3AsH16(SO2)4,10.037637715757262,9.989716
NaAs__Ca(AlSe2)2,10.001078408323483,10.112443
NaAs__Ca(AlSe2)2,10.02110657381419,10.133043
NaAs__Ca(AlSe2)2,9.956523492448321,9.893146
NaAs__Ca(AlSe2)2,10.015778849687242,10.018
Na2CdO2__TiPbO3,0.499507763021545,1.9131885
Na2CdO2__TiPbO3,-1.0757832678981243,0.91007584
Na2CdO2__TiPbO3,-3.708115065462221,-0.050398048
Na2CdO2__TiPbO3,-3.682153242598165,-0.13779716
Ca(CdP)2__SBr,10.00606948029324,9.971255
Ca(CdP)2__SBr,9.986127342954926,10.0414
Ca(CdP)2__SBr,10.039227223821781,10.035618
Ca(CdP)2__SBr,10.01841813596302,9.968106
Na2ZnH4(SeO5)2__ClF3,9.991168838761581,9.976241
Na2ZnH4(SeO5)2__ClF3,10.0326268745716,9.9784155
Na2ZnH4(SeO5)2__ClF3,10.005281171079622,9.982413
Na2ZnH4(SeO5)2__ClF3,10.008928038510366,9.962726
Na7Al2Sb5__CdH3NO5,9.99032009431431,9.997679
Na7Al2Sb5__CdH3NO5,10.013497242783297,9.921162
Na7Al2Sb5__CdH3NO5,10.010292838229402,9.979025
Na7Al2Sb5__CdH3NO5,10.049318658366518,10.021042
GeAs__PI2,10.002944816422772,10.11797
GeAs__PI2,10.000811722877128,10.187007
GeAs__PI2,9.961464801960412,10.45147
GeAs__PI2,9.978151610845993,10.234077
NaInSe2__CaTe2O5,10.013253533274023,9.971739
NaInSe2__CaTe2O5,10.008051051609444,10.062342
NaInSe2__CaTe2O5,10.00208082295935,10.043312
NaInSe2__CaTe2O5,9.99464883061035,9.980266
Rubrene__PPbS3,10.029850343239964,9.963519
Rubrene__PPbS3,10.004269764394836,10.029824
Rubrene__PPbS3,10.006689394625905,9.98154
Rubrene__PPbS3,9.9800342928778,10.004253
K2Sn(S2O7)3__Zn2NCl,9.988348248046128,9.755895
K2Sn(S2O7)3__Zn2NCl,9.974807398115374,9.899915
K2Sn(S2O7)3__Zn2NCl,9.977287439130173,10.001755
K2Sn(S2O7)3__Zn2NCl,9.999646624638752,9.992372
Li3P__InBr2,9.99851768267882,10.3025
Li3P__InBr2,9.979253099716688,10.045953
Li3P__InBr2,10.003446744155417,10.046412
Li3P__InBr2,10.014976692859527,10.217454
Al2CdS4__K5As3O10,-5.059471218953744,-5.7068686
Al2CdS4__K5As3O10,-5.630068303923248,-5.826473
Al2CdS4__K5As3O10,-0.3225435928562639,-1.7951727
Al2CdS4__K5As3O10,-3.787275767478989,-4.0580587
Na3SiTe3__In2PO5,5.791374298016364,8.675951
Na3SiTe3__In2PO5,9.664982661455646,9.680753
Na3SiTe3__In2PO5,6.803535205877689,9.093311
Na3SiTe3__In2PO5,5.969634807065894,8.70915
LiSbO3__NaLi3(H2N)4,-5.1633995940650586,-2.5234492
LiSbO3__NaLi3(H2N)4,0.0006997499826156653,-0.99886703
LiSbO3__NaLi3(H2N)4,-1.8784256615941934,-2.277786
LiSbO3__NaLi3(H2N)4,-1.777866734816881,-1.9853785
LiAlTe2__K3As(PSe3)3,10.02718526119446,9.80365
LiAlTe2__K3As(PSe3)3,9.337810093919591,8.97572
LiAlTe2__K3As(PSe3)3,6.559615403941322,7.549322
LiAlTe2__K3As(PSe3)3,5.145488957055649,7.2925253
Sb2ClO2F11__GaP2I9,10.016778373730414,10.028496
Sb2ClO2F11__GaP2I9,9.956160324170957,9.97391
Sb2ClO2F11__GaP2I9,10.000678513666172,9.973392
Sb2ClO2F11__GaP2I9,10.01984943118513,9.9707155
K2TiS3__TCTA,9.998953232878812,9.967278
K2TiS3__TCTA,10.005545558041629,9.980326
K2TiS3__TCTA,10.058212791535315,9.986767
K2TiS3__TCTA,10.038151441151793,9.969354
GaHO2__GaBr2,3.9881963538298293,5.608773
GaHO2__GaBr2,2.2544145493361505,4.2296324
GaHO2__GaBr2,2.374296896742212,4.4057126
GaHO2__GaBr2,2.0637655342993018,3.861294
K2Se5__NaAs3(PbO3)4,10.008189940259957,9.968714
K2Se5__NaAs3(PbO3)4,9.98691472303874,10.063238
K2Se5__NaAs3(PbO3)4,10.001704182503131,9.872925
K2Se5__NaAs3(PbO3)4,10.025035149461822,10.074511
Cd2AsO4F__K2ZnSiO4,10.007568335541292,9.559309
Cd2AsO4F__K2ZnSiO4,10.023339440122973,9.757097
Cd2AsO4F__K2ZnSiO4,10.000778690689733,10.049527
Cd2AsO4F__K2ZnSiO4,9.988033964073717,10.077139
CdGeN2__Ga2I3,8.368647420054245,4.5299983
CdGeN2__Ga2I3,9.987256472494328,5.9794044
CdGeN2__Ga2I3,7.426430580040482,4.285316
CdGeN2__Ga2I3,7.175215017864808,3.674899
KTiPSe5__Na2LiGaAs2,1.4207555182520535,3.4814804
KTiPSe5__Na2LiGaAs2,1.278355619377822,3.4496498
KTiPSe5__Na2LiGaAs2,2.22588836614197,4.3742304
KTiPSe5__Na2LiGaAs2,3.1478083108570227,4.9942827
Ca2Al2Sn2O9__IO2F,10.050854743983521,9.96403
Ca2Al2Sn2O9__IO2F,9.99998425706536,9.93936
Ca2Al2Sn2O9__IO2F,10.00683271742852,10.0015
Ca2Al2Sn2O9__IO2F,9.983190102840146,9.9763155
TPD__Na5SnAs3,10.015571234965906,9.907356
TPD__Na5SnAs3,9.995329175028953,9.940866
TPD__Na5SnAs3,10.001110306964392,9.988078
TPD__Na5SnAs3,10.014640705181792,9.981238
Zn3P2__Ca3AsN,3.0668933474951063,-2.4926002
Zn3P2__Ca3AsN,4.3689967100518095,-2.030515
Zn3P2__Ca3AsN,7.005822959868979,-0.802437
Zn3P2__Ca3AsN,9.183231302099118,1.0474253
CaP__Ga2Te2Br7,9.979530078741764,9.926122
CaP__Ga2Te2Br7,9.973246977614147,9.89194
CaP__Ga2Te2Br7,10.020632226649278,10.001817
CaP__Ga2Te2Br7,10.000664793689376,9.98865
K3SbSe4__KGe,6.527936263013648,8.308522
K3SbSe4__KGe,6.311893358202892,7.983239
K3SbSe4__KGe,7.304818921418492,8.823321
K3SbSe4__KGe,8.083773509808259,9.305735
GaN5O14__SnS2,1.6122184959563384,-1.4766821
GaN5O14__SnS2,3.3312187123708172,0.10532205
GaN5O14__SnS2,-0.4333886511282997,-2.3793101
GaN5O14__SnS2,2.1937124991484875,-0.97594297
Li2P7(H3N)9__P2Pb4O9,-0.06831102933286297,2.9279935
Li2P7(H3N)9__P2Pb4O9,1.0886282553207924,3.2157285
Li2P7(H3N)9__P2Pb4O9,1.7851677338669167,3.6690314
Li2P7(H3N)9__P2Pb4O9,-1.100856623731079,2.3828866
Na2GeTeO6__InCl2,-4.127799039140556,-3.695947
Na2GeTeO6__InCl2,0.8382934200323333,-0.0103832735
Na2GeTeO6__InCl2,-0.8986470830965292,-1.6335299
Na2GeTeO6__InCl2,-3.1428934953026837,-3.3015928
LiInO2__InPS4,5.943935793307175,7.067786
LiInO2__InPS4,6.653399607352669,6.966899
LiInO2__InPS4,6.292912894297913,7.264756
LiInO2__InPS4,4.179794256858638,5.7991133
Ca2SnO4__Cd3(AsO4)2,9.96025561545366,10.082557
Ca2SnO4__Cd3(AsO4)2,9.951372445877999,10.023277
Ca2SnO4__Cd3(AsO4)2,10.00146300968582,10.083076
Ca2SnO4__Cd3(AsO4)2,9.997801671002778,10.026123
NaSe2__Na2In2SiS6,2.627171966679177,2.5586865
NaSe2__Na2In2SiS6,2.4473957667055912,2.4182372
NaSe2__Na2In2SiS6,3.7642509156411763,3.0144417
NaSe2__Na2In2SiS6,2.519544139583869,2.5950003
K3Li3TeO6__TeBrO3F5,9.997128722425057,9.993672
K3Li3TeO6__TeBrO3F5,10.02615832286381,9.986786
K3Li3TeO6__TeBrO3F5,10.002594749795142,9.988087
K3Li3TeO6__TeBrO3F5,10.012893361114463,9.979314
In2(PS3)3__Sb7Se8F35,9.985054513198671,10.121601
In2(PS3)3__Sb7Se8F35,9.965717696652145,10.070207
In2(PS3)3__Sb7Se8F35,10.010941139928955,10.161286
In2(PS3)3__Sb7Se8F35,10.005024229084492,10.140778
Ca2As2O7__GeBr2,9.962220653361934,10.174356
Ca2As2O7__GeBr2,9.996630210150824,9.95993
Ca2As2O7__GeBr2,9.96498466904352,10.217332
Ca2As2O7__GeBr2,9.990799949138422,10.191916
KTeP2__AsSe6IF6,9.99330072756459,9.985255
KTeP2__AsSe6IF6,10.020188324109963,10.001355
KTeP2__AsSe6IF6,10.018372936568795,9.986579
KTeP2__AsSe6IF6,10.016086084045872,9.990414
Ca3CdO4__NO2,9.989181957331132,9.972149
Ca3CdO4__NO2,10.016375806189975,9.956341
Ca3CdO4__NO2,10.003327414366149,10.014731
Ca3CdO4__NO2,10.011652912333782,9.99914
LiInSe2__CaHN,9.995814008579217,9.92825
LiInSe2__CaHN,10.023376152939623,9.6934395
LiInSe2__CaHN,9.980430926121702,9.96182
LiInSe2__CaHN,9.982550840656796,9.599724
Ca3PN__Na5SiAs3,-1.6432106794385506,-0.12293905
Ca3PN__Na5SiAs3,-4.25987266172718,-1.7023921
Ca3PN__Na5SiAs3,-0.8298843396335326,0.4107771
Ca3PN__Na5SiAs3,0.2185739694288393,0.8794294
C__Si2H2S3,10.013611522958335,9.365919
C__Si2H2S3,9.984287479607964,9.733878
C__Si2H2S3,10.042688615717516,9.705274
C__Si2H2S3,9.969379103085378,9.44923
CdSiP2__KZn4(SbO4)3,0.7679569782735393,-0.98036534
CdSiP2__KZn4(SbO4)3,-3.1948006393282786,-2.8005652
CdSiP2__KZn4(SbO4)3,1.3337508056470702,-0.53760135
CdSiP2__KZn4(SbO4)3,0.8434068036178639,-0.90189993
ZnSe__NaAlAsO4F,10.007758414422796,10.19915
ZnSe__NaAlAsO4F,9.973664481735359,10.230069
ZnSe__NaAlAsO4F,10.001708862921719,10.263284
ZnSe__NaAlAsO4F,10.008681933728045,10.005117
Na2ZnSe2__KSb3O5,5.149671726428178,8.819674
Na2ZnSe2__KSb3O5,5.780627809021212,8.640176
Na2ZnSe2__KSb3O5,0.3211286349488038,6.258208
Na2ZnSe2__KSb3O5,5.045154249300711,8.352786
KSb3O5__LiC,-3.3449313737981186,-2.352976
KSb3O5__LiC,-3.898084559500863,-2.6455417
KSb3O5__LiC,-5.8647723697585885,-4.2010813
KSb3O5__LiC,-4.173097904578565,-2.7986774
SbClF8__K3Na2SnAs3,10.022955656464065,10.031868
SbClF8__K3Na2SnAs3,9.996076411188296,10.007257
SbClF8__K3Na2SnAs3,10.028870872653055,10.00874
SbClF8__K3Na2SnAs3,9.968646820075481,10.001312
S3(NO7)2__NaSe2,10.014705536537617,10.014447
S3(NO7)2__NaSe2,10.057006023462508,10.009317
S3(NO7)2__NaSe2,10.011761244345765,9.9910965
S3(NO7)2__NaSe2,9.98803421879665,9.9780855
KAsSe2__Zn(NO3)2,9.94347673049403,9.99806
KAsSe2__Zn(NO3)2,10.021785683108291,9.983507
KAsSe2__Zn(NO3)2,9.978387085060534,9.981708
KAsSe2__Zn(NO3)2,9.986897193752613,9.918502
Al2PbSe4__Na5Al3H14,-3.2476109043579604,-0.3655866
Al2PbSe4__Na5Al3H14,-1.0218270836674712,-0.60933024
Al2PbSe4__Na5Al3H14,0.8946578018896234,0.40272626
Al2PbSe4__Na5Al3H14,-3.4439096010001364,-0.51047003
PICl8__TeBrO3F5,10.009818689453727,9.412313
PICl8__TeBrO3F5,10.008489941885047,9.798078
PICl8__TeBrO3F5,10.025099343224182,9.602379
PICl8__TeBrO3F5,9.811886333534677,8.9079
Cd2GeO4__ZnSe,-3.6474506541368563,-2.1875489
Cd2GeO4__ZnSe,-3.3119645001221123,-2.0179744
Cd2GeO4__ZnSe,-3.879181452897994,-2.720974
Cd2GeO4__ZnSe,-5.964106018102484,-4.7930226
Na2Ti2Se9__KIn(TeO3)2,9.998122309997909,10.005058
Na2Ti2Se9__KIn(TeO3)2,10.003282233003793,10.00384
Na2Ti2Se9__KIn(TeO3)2,10.019030365538667,9.932993
Na2Ti2Se9__KIn(TeO3)2,10.01526778528781,9.840145
Ca21(Zn2Sb9)2__ZnSeO4,9.996467847729368,9.96625
Ca21(Zn2Sb9)2__ZnSeO4,9.987429939519982,10.01689
Ca21(Zn2Sb9)2__ZnSeO4,9.98643981257486,10.022215
Ca21(Zn2Sb9)2__ZnSeO4,10.001798256296933,10.014511
Ge2S3Br2__Ca3Al3N5,9.992884863631252,10.050823
Ge2S3Br2__Ca3Al3N5,9.983914841968517,10.027122
Ge2S3Br2__Ca3Al3N5,10.001227305637316,10.040137
Ge2S3Br2__Ca3Al3N5,10.030621187114061,10.010259
LiZnSb__Si(PbS2)2,9.969293354662886,10.054465
LiZnSb__Si(PbS2)2,9.994654666681193,9.946816
LiZnSb__Si(PbS2)2,10.000969093453408,9.640384
LiZnSb__Si(PbS2)2,10.009795331991553,9.53361
LiTi2(PO4)3__ZnI2,9.97824072832575,9.8686495
LiTi2(PO4)3__ZnI2,7.4787169961241355,7.891588
LiTi2(PO4)3__ZnI2,7.2381765297987615,7.668743
LiTi2(PO4)3__ZnI2,10.003644901214155,9.528255
KInSnSe4__SiS2,9.97216791724725,9.752854
KInSnSe4__SiS2,9.980230364624752,9.50402
KInSnSe4__SiS2,10.005492571082815,9.756935
KInSnSe4__SiS2,10.015626177149459,10.150893
GeTe__LiPH21S3N7,9.987278414601521,10.182159
GeTe__LiPH21S3N7,10.037183666010797,10.056614
GeTe__LiPH21S3N7,10.008370408432288,10.19102
GeTe__LiPH21S3N7,9.995994253658102,10.175106
KCO3__Ge19(PBr)4,9.969471588853104,8.510981
KCO3__Ge19(PBr)4,10.025428138582123,9.043258
KCO3__Ge19(PBr)4,10.011920735631165,9.371081
KCO3__Ge19(PBr)4,9.972826808900027,8.891704
LiP__KP,-2.1469873574943046,-2.4198709
LiP__KP,3.4557283350030525,0.88594514
LiP__KP,-3.105944893213412,-2.715506
LiP__KP,-2.3661032406139357,-2.3295908
KIn(TeO3)2__BrF5,9.961825055031218,9.936938
KIn(TeO3)2__BrF5,9.97692793217357,9.983731
KIn(TeO3)2__BrF5,10.018664661353618,9.97531
KIn(TeO3)2__BrF5,10.050591706166548,10.008762
NaCO3__AlTeI7,6.647442400018751,2.6175644
NaCO3__AlTeI7,7.8536055720058675,2.9265747
NaCO3__AlTeI7,7.814943886439833,3.034883
NaCO3__AlTeI7,1.9890572562939253,0.80013883
K4Na2TeO6__TiP2O7,9.956255299614607,10.039393
K4Na2TeO6__TiP2O7,9.950270621621932,10.401308
K4Na2TeO6__TiP2O7,9.994840285941848,10.009774
K4Na2TeO6__TiP2O7,9.979749588617834,9.929269
SbSBr__AsSe6IF6,5.866517652155216,7.5555005
SbSBr__AsSe6IF6,3.6819715399925568,5.4739966
SbSBr__AsSe6IF6,7.694485677533831,8.54359
SbSBr__AsSe6IF6,3.9290050400828536,5.8994627
Li2P7(H3N)9__In3SnI5,9.975290194631064,9.848375
Li2P7(H3N)9__In3SnI5,4.979986563951797,7.7918935
Li2P7(H3N)9__In3SnI5,8.26024567130295,9.504904
Li2P7(H3N)9__In3SnI5,8.629401321271086,9.693047
P__IO2F,10.003265665166957,9.982667
P__IO2F,9.992317296641257,9.999891
P__IO2F,10.006207984543943,10.002069
P__IO2F,9.992140859058583,10.022758
NaZnAsO4__GeO2,10.00878829586392,10.009296
NaZnAsO4__GeO2,9.952585497060907,10.062015
NaZnAsO4__GeO2,9.986787901567416,8.8900585
NaZnAsO4__GeO2,10.027088192128387,10.180325
K2Sn(AsS3)2__Zn(HO)2,9.97143257423158,9.625171
K2Sn(AsS3)2__Zn(HO)2,9.970856825942482,10.119796
K2Sn(AsS3)2__Zn(HO)2,9.988805649024068,10.160283
K2Sn(AsS3)2__Zn(HO)2,10.010046375633022,9.679079
Ca(GaSe2)2__Na2Li3GaO4,9.738980489019434,9.089908
Ca(GaSe2)2__Na2Li3GaO4,5.805233091012448,7.9947877
Ca(GaSe2)2__Na2Li3GaO4,9.999192598398956,9.519912
Ca(GaSe2)2__Na2Li3GaO4,5.759529517138176,8.159092
InAsH2O5__Zn3TeAs2Pb3O14,-0.6934316923486161,-0.7407758
InAsH2O5__Zn3TeAs2Pb3O14,2.5344321986879335,-0.59678644
InAsH2O5__Zn3TeAs2Pb3O14,3.3628020054833465,-0.29678276
InAsH2O5__Zn3TeAs2Pb3O14,3.547832507145896,-0.02156587
Na3As4H5O14__TePCl9,10.001921660705365,9.954325
Na3As4H5O14__TePCl9,9.996588781008265,8.971118
Na3As4H5O14__TePCl9,9.948816668269394,9.999192
Na3As4H5O14__TePCl9,10.035380927287974,9.038774
K2Al2Sb3__GaN5O14,9.97313305789523,10.00023
K2Al2Sb3__GaN5O14,9.953092780135808,10.018164
K2Al2Sb3__GaN5O14,9.995152424333375,9.961428
K2Al2Sb3__GaN5O14,10.049410075292892,9.962312
CdSiP2__Ca7SiN6,7.821752668215378,2.1872308
CdSiP2__Ca7SiN6,3.856111004232226,-0.622482
CdSiP2__Ca7SiN6,7.855050520961291,2.2265906
CdSiP2__Ca7SiN6,6.720630925012349,1.4703387
K3AsS3__Ca2Al2Sn2O9,2.3275438322978332,0.30135494
K3AsS3__Ca2Al2Sn2O9,0.0075137696104771315,-1.0671957
K3AsS3__Ca2Al2Sn2O9,-0.4214940819522406,-1.1629051
K3AsS3__Ca2Al2Sn2O9,-1.7788026134407982,-1.868224
AlTeCl7__CaPbF6,6.90696781677341,5.6079926
AlTeCl7__CaPbF6,6.854985552462277,5.582062
AlTeCl7__CaPbF6,8.118253994803569,6.4361176
AlTeCl7__CaPbF6,3.030901506816185,2.9508896
Na6Ge2Se7__LiAsO3,9.999459389120556,9.698894
Na6Ge2Se7__LiAsO3,10.019494486645678,10.136015
Na6Ge2Se7__LiAsO3,9.986512698887694,9.837906
Na6Ge2Se7__LiAsO3,9.986472380704972,9.834078
K4As2Se5__SiP,9.12635128096248,9.557294
K4As2Se5__SiP,6.129939193882505,8.514417
K4As2Se5__SiP,8.172149062123196,9.226057
K4As2Se5__SiP,9.983313500567705,9.832562
K2GeTe4__Na2In2GeSe6,-6.048447078561548,-2.3702357
K2GeTe4__Na2In2GeSe6,-5.854604341412115,-2.6276708
K2GeTe4__Na2In2GeSe6,-4.531010059043837,-1.3389084
K2GeTe4__Na2In2GeSe6,-5.9976389293316865,-2.6666567
K4GeSe4__K7NaGe8,6.1163486906177,7.631141
K4GeSe4__K7NaGe8,10.012515317114486,9.798652
K4GeSe4__K7NaGe8,6.7888527956690705,7.69857
K4GeSe4__K7NaGe8,10.02273287348615,9.8127985
Na4Cd3Se5__K2SnCl6,5.761233062517681,8.586088
Na4Cd3Se5__K2SnCl6,7.133868669189835,8.795265
Na4Cd3Se5__K2SnCl6,4.0249976794728,7.4842057
Na4Cd3Se5__K2SnCl6,4.32668187942092,7.780634
Ca11Sn3C8__Cd7(P2Cl3)2,9.994520380871409,10.006866
Ca11Sn3C8__Cd7(P2Cl3)2,10.002151519358897,10.056345
Ca11Sn3C8__Cd7(P2Cl3)2,9.99325229441602,10.000436
Ca11Sn3C8__Cd7(P2Cl3)2,9.978842170758886,9.999325
NaSb5O13__In6Te10Pb,6.435612543049133,5.4109535
NaSb5O13__In6Te10Pb,10.008894287362233,7.6765776
NaSb5O13__In6Te10Pb,5.5410455844872075,5.2830772
NaSb5O13__In6Te10Pb,6.890686560314125,5.619774
P__Sb2IBr2F11,9.970027449244968,10.361402
P__Sb2IBr2F11,9.984152625354305,10.510366
P__Sb2IBr2F11,10.009940427394898,10.343875
P__Sb2IBr2F11,9.970753975603781,10.398738
Na2PbO3__SbCl5,9.99124514976473,10.0434265
Na2PbO3__SbCl5,9.981523441058492,10.016219
Na2PbO3__SbCl5,10.02338765416997,9.995199
Na2PbO3__SbCl5,9.969125611299399,10.065537
Ga7Te10__K2GeTe4,-5.4659080435196445,-2.9738798
Ga7Te10__K2GeTe4,-5.371800856563395,-3.0667431
Ga7Te10__K2GeTe4,-4.320806418863131,-2.8724587
Ga7Te10__K2GeTe4,0.36830451208264564,-0.13166106
NaCdIn2(PO4)3__GaSeBr7,10.046525004988997,9.179955
NaCdIn2(PO4)3__GaSeBr7,9.958527754156028,9.900676
NaCdIn2(PO4)3__GaSeBr7,9.998633607467172,9.017723
NaCdIn2(PO4)3__GaSeBr7,9.971928764388455,10.177876
Na2Si2Se5__Te(HO)6,9.986467165907367,9.93616
Na2Si2Se5__Te(HO)6,9.997537905755435,9.944607
Na2Si2Se5__Te(HO)6,10.01828834350546,9.986244
Na2Si2Se5__Te(HO)6,9.99312715593318,10.046084
Ca4GeN4__K2CdGeO4,0.3932920710949529,2.9369938
Ca4GeN4__K2CdGeO4,2.066528316199245,3.7740445
Ca4GeN4__K2CdGeO4,4.8286266198773475,5.0845532
Ca4GeN4__K2CdGeO4,0.5777557948968061,2.9770238
K2SiAs2__Li2ZnSnS4,9.99824821928866,9.600778
K2SiAs2__Li2ZnSnS4,8.51127270484612,8.7298355
K2SiAs2__Li2ZnSnS4,6.538133749122695,7.703532
K2SiAs2__Li2ZnSnS4,8.145281733812773,8.48703
K6Zn4Sn5S17__LiTi2(PO4)3,8.622603935628058,7.7684207
K6Zn4Sn5S17__LiTi2(PO4)3,5.133398226286635,5.819384
K6Zn4Sn5S17__LiTi2(PO4)3,8.41091656118396,7.767277
K6Zn4Sn5S17__LiTi2(PO4)3,7.179894965405991,7.1363845
Cd(SbO3)2__Na14Cd2O9,5.829325752632571,7.65895
Cd(SbO3)2__Na14Cd2O9,9.254629359498875,8.998328
Cd(SbO3)2__Na14Cd2O9,4.489090537901406,7.3590994
Cd(SbO3)2__Na14Cd2O9,5.468920073800326,7.5596414
NF2__Na3AlH6,10.028356330507965,10.002464
NF2__Na3AlH6,10.026392028453165,9.995594
NF2__Na3AlH6,10.01418850125811,9.974791
NF2__Na3AlH6,10.00390908654126,9.9625225
Pentacene__Ge2S3Br2,10.023912047678479,10.037697
Pentacene__Ge2S3Br2,10.019721517088705,10.054383
Pentacene__Ge2S3Br2,9.991283616424786,10.00161
Pentacene__Ge2S3Br2,10.02779529464612,9.988235
K2PbO2__K6Sn2S7,-4.504558872033566,-2.9395642
K2PbO2__K6Sn2S7,-5.979635401017803,-3.9800098
K2PbO2__K6Sn2S7,-2.6392042630824655,-1.3913894
K2PbO2__K6Sn2S7,-5.996395078580962,-4.4270425
S3(NO7)2__Na8Ga2O7,9.98519197969502,10.001804
S3(NO7)2__Na8Ga2O7,10.00045218265743,10.014904
S3(NO7)2__Na8Ga2O7,10.012253565173447,10.010999
S3(NO7)2__Na8Ga2O7,10.004555662230265,10.041663
Sb2Se3__PbSeO4,10.028678954253097,10.132089
Sb2Se3__PbSeO4,9.97678202656324,9.799552
Sb2Se3__PbSeO4,10.042845505557409,10.04875
Sb2Se3__PbSeO4,10.02594606274527,10.020805
Ca7SiN6__Ca2Al2Sn2O9,5.1202930309931345,-0.6275887
Ca7SiN6__Ca2Al2Sn2O9,4.919934207031893,-0.14197645
Ca7SiN6__Ca2Al2Sn2O9,8.116486318239499,0.8739331
Ca7SiN6__Ca2Al2Sn2O9,4.344044384044962,-0.2524033
K4CdAs2__KSn2(PO4)3,10.028901735418556,9.968539
K4CdAs2__KSn2(PO4)3,10.03060868306101,10.205927
K4CdAs2__KSn2(PO4)3,9.999758685034298,9.731367
K4CdAs2__KSn2(PO4)3,10.024720711100702,10.122491
KSn__TeO3,10.001052020122506,9.942416
KSn__TeO3,10.022393011695213,9.943437
KSn__TeO3,10.00002147301594,9.958191
KSn__TeO3,9.966381457606994,9.944607
K4TiSn3(PO5)4__GaSeBr7,10.018288908681669,9.75756
K4TiSn3(PO5)4__GaSeBr7,9.989570212367555,9.863575
K4TiSn3(PO5)4__GaSeBr7,9.95642462040701,9.893647
K4TiSn3(PO5)4__GaSeBr7,10.014954365857628,9.802853
K2Zn3O4__NaInSe2,4.548905368588074,6.552773
K2Zn3O4__NaInSe2,1.5629962644064592,4.7898645
K2Zn3O4__NaInSe2,7.362733360945308,7.668003
K2Zn3O4__NaInSe2,5.321913279720148,6.921161
K3Na2SnAs3__Na2LiAlP2,0.5388872768998605,3.7098706
K3Na2SnAs3__Na2LiAlP2,2.404350357921396,4.449986
K3Na2SnAs3__Na2LiAlP2,2.7769209681071247,4.5186477
K3Na2SnAs3__Na2LiAlP2,-0.24243333819492505,3.5556588
K2H6PbO6__K4Ge9O20,3.5784602884308554,-1.1704749
K2H6PbO6__K4Ge9O20,4.268394434712849,-0.9074064
K2H6PbO6__K4Ge9O20,8.333296319006687,0.4514693
K2H6PbO6__K4Ge9O20,8.67300226542593,0.5506046
In2(Se2O5)3__SnPO4F,10.014090819120717,9.851969
In2(Se2O5)3__SnPO4F,9.993067295377541,9.98019
In2(Se2O5)3__SnPO4F,10.020628588001097,10.162226
In2(Se2O5)3__SnPO4F,9.960038867688505,9.963011
KNaGeO3__Sb9S4F39,10.018290863352338,9.9780035
KNaGeO3__Sb9S4F39,9.98719531812754,10.024392
KNaGeO3__Sb9S4F39,9.987073565454917,10.027318
KNaGeO3__Sb9S4F39,10.005695623135846,10.059114
K2Ti2O5__Rubrene,10.01227151676908,9.975842
K2Ti2O5__Rubrene,10.017435765646836,9.938169
K2Ti2O5__Rubrene,10.003636338477648,10.005847
K2Ti2O5__Rubrene,9.982049275643941,10.021106
P4S7__Ge3Pb5O11,7.480116736410416,8.831505
P4S7__Ge3Pb5O11,8.326500165865887,9.177076
P4S7__Ge3Pb5O11,6.95801570818084,8.596195
P4S7__Ge3Pb5O11,4.079553725390881,6.854156
K2SnTe3__In2(SeO4)3,10.013925654760397,9.150915
K2SnTe3__In2(SeO4)3,9.972084324865866,9.174712
K2SnTe3__In2(SeO4)3,9.979642715201134,9.764941
K2SnTe3__In2(SeO4)3,10.008852329043878,8.821026
Na2In2SiS6__LiC,3.966755971514645,7.126749
Na2In2SiS6__LiC,3.4068650523766464,7.04692
Na2In2SiS6__LiC,3.773369919651333,7.0431786
Na2In2SiS6__LiC,2.856102087143756,6.8060703
K2Sn(AsS3)2__Na2In2SiS6,4.095629860083233,-0.12082226
K2Sn(AsS3)2__Na2In2SiS6,7.08619064007574,1.1426581
K2Sn(AsS3)2__Na2In2SiS6,7.540518364008272,1.3724216
K2Sn(AsS3)2__Na2In2SiS6,3.007337669019593,-0.5898437
TeI__SnPS3,9.993169045598686,8.832267
TeI__SnPS3,9.982506206351223,9.67686
TeI__SnPS3,10.006690666725149,8.921287
TeI__SnPS3,10.010772797347675,8.818781
Li7SbN4__Na2GeTeO6,-5.967581070853445,-1.5387037
Li7SbN4__Na2GeTeO6,-5.977485782549505,-1.5145122
Li7SbN4__Na2GeTeO6,-5.971585312469851,-1.624045
Li7SbN4__Na2GeTeO6,-1.855009780759504,0.27003843
K5GaSe4__CdSnP14,9.993557007417568,10.07912
K5GaSe4__CdSnP14,9.960822195154655,10.244688
K5GaSe4__CdSnP14,9.953802923957188,10.146696
K5GaSe4__CdSnP14,10.036256129705858,10.2164545
Li10Zn4O9__SbAs2Cl13,9.951963621296926,9.501566
Li10Zn4O9__SbAs2Cl13,9.964243331927284,9.49395
Li10Zn4O9__SbAs2Cl13,9.990941564675156,9.427617
Li10Zn4O9__SbAs2Cl13,10.018938322402319,9.527089
ZnSe__Li2ZnSn3O8,5.154318494592563,3.5083752
ZnSe__Li2ZnSn3O8,7.162084122646875,4.3297462
ZnSe__Li2ZnSn3O8,7.191779292664051,4.339609
ZnSe__Li2ZnSn3O8,6.394784903326223,4.0833592
ZnF2__K2LiInAs2,10.016547811126243,10.007064
ZnF2__K2LiInAs2,10.024264632599053,9.96847
ZnF2__K2LiInAs2,9.98989789337315,9.937118
ZnF2__K2LiInAs2,10.030349942898455,9.961808
Sn2Sb2Pb4O13__InSb(P2O7)2,5.565693080503323,9.653949
Sn2Sb2Pb4O13__InSb(P2O7)2,2.648422389821681,8.273496
Sn2Sb2Pb4O13__InSb(P2O7)2,5.303959753788582,9.618223
Sn2Sb2Pb4O13__InSb(P2O7)2,5.8451410393962755,9.652073
P3NCl12__AlInI4,9.978549709087197,9.988968
P3NCl12__AlInI4,9.993423194545985,9.986947
P3NCl12__AlInI4,10.0616583371878,9.959314
P3NCl12__AlInI4,10.005388578995491,9.973194
KSnAsS5__LiPH21S3N7,10.007370912734562,9.251178
KSnAsS5__LiPH21S3N7,9.994879066824435,9.383064
KSnAsS5__LiPH21S3N7,9.98951892309543,9.459769
KSnAsS5__LiPH21S3N7,9.9498275893185,9.756665
GeClO2F5__K6Zn4Sn5S17,9.986768096035599,10.007506
GeClO2F5__K6Zn4Sn5S17,10.012343000365856,9.960195
GeClO2F5__K6Zn4Sn5S17,10.007167493734732,9.972213
GeClO2F5__K6Zn4Sn5S17,9.996175900258462,9.985922
Na3AlH6__K6Te3(H8O7)4,9.953372959652587,10.112579
Na3AlH6__K6Te3(H8O7)4,10.02840129013551,9.798832
Na3AlH6__K6Te3(H8O7)4,9.984783387405255,9.781682
Na3AlH6__K6Te3(H8O7)4,10.008997024858543,10.230921
K3AsSe4__Ca2Al2Sn2O9,9.290368563278903,6.601217
K3AsSe4__Ca2Al2Sn2O9,9.792866952419155,6.747525
K3AsSe4__Ca2Al2Sn2O9,4.501542513139414,5.0760574
K3AsSe4__Ca2Al2Sn2O9,7.63288072253543,6.044802
KAs2HO6__P2Pb4O9,-0.9153567074727891,-2.244501
KAs2HO6__P2Pb4O9,-1.1996051036762554,-2.299091
KAs2HO6__P2Pb4O9,-0.15673264288758249,-1.7056857
KAs2HO6__P2Pb4O9,3.628137771598577,1.1155124
LiGaO2__SnPCl9,10.025410526846622,10.064568
LiGaO2__SnPCl9,9.930830874818891,10.098821
LiGaO2__SnPCl9,10.01072581188236,10.103931
LiGaO2__SnPCl9,9.967101930747928,10.134662
P7Pb__Na2Ti2Si2O9,10.0240889944407,10.071205
P7Pb__Na2Ti2Si2O9,9.97623166639852,10.08135
P7Pb__Na2Ti2Si2O9,10.011279140405753,9.797534
P7Pb__Na2Ti2Si2O9,9.997288601190908,10.219118
Ga2O3__LiIn(IO3)4,3.2500111368261817,0.23706548
Ga2O3__LiIn(IO3)4,1.0574434627072236,-1.0354084
Ga2O3__LiIn(IO3)4,4.229176228311108,0.43436584
Ga2O3__LiIn(IO3)4,5.796645019250551,1.3619573
Zn(InSe2)2__TiZn(SO4)3,9.978485397183986,9.457979
Zn(InSe2)2__TiZn(SO4)3,10.02019460483645,9.693342
Zn(InSe2)2__TiZn(SO4)3,9.987218952200044,9.012581
Zn(InSe2)2__TiZn(SO4)3,9.992716743774896,9.199706
TeO2__KInO2,9.984351812721817,10.002875
TeO2__KInO2,10.046355510001959,10.008133
TeO2__KInO2,9.99523561484695,9.980353
TeO2__KInO2,10.009028886188483,10.015044
NaLi2Sb__K2Ti2O5,10.011845547387107,10.021814
NaLi2Sb__K2Ti2O5,9.94019045857681,10.075706
NaLi2Sb__K2Ti2O5,10.017510693609456,10.148724
NaLi2Sb__K2Ti2O5,10.021218662507737,10.144431
Na6GaP3__AsI5F6,9.972857834126517,9.995374
Na6GaP3__AsI5F6,10.034477053073621,9.990904
Na6GaP3__AsI5F6,10.011653901313428,9.966972
Na6GaP3__AsI5F6,9.983812069018338,9.960176
K2O__K6Pb2O5,-1.5937654688490919,-0.43559465
K2O__K6Pb2O5,-4.446059208056367,-1.2197506
K2O__K6Pb2O5,-2.732715612830113,-1.0975413
K2O__K6Pb2O5,-5.986619817674846,-1.453989
Li2SnSe3__Na2PS3,4.678990220540029,6.70177
Li2SnSe3__Na2PS3,9.986790781876202,9.050566
Li2SnSe3__Na2PS3,8.391364085471885,8.572271
Li2SnSe3__Na2PS3,7.554876337621105,7.896375
In2(CN2)3__LiTi2(PO4)3,6.645083319929868,3.0556583
In2(CN2)3__LiTi2(PO4)3,5.95586368638024,2.549241
In2(CN2)3__LiTi2(PO4)3,6.321719277615475,2.7428794
In2(CN2)3__LiTi2(PO4)3,3.6393144110108224,1.1259162
KTe__PCl5,10.03818931451021,9.937542
KTe__PCl5,9.993800728951475,9.941768
KTe__PCl5,10.005812003344229,9.950511
KTe__PCl5,9.98995820614749,9.97868
AsI5F6__Ca3In2(GeO4)3,9.99928118548229,10.017846
AsI5F6__Ca3In2(GeO4)3,10.018623026232614,9.999996
AsI5F6__Ca3In2(GeO4)3,10.005675346952671,9.9859085
AsI5F6__Ca3In2(GeO4)3,10.021117965790706,10.053408
SbP2O7__KIn7S8,10.031444116762845,10.03507
SbP2O7__KIn7S8,10.020425194615877,9.985065
SbP2O7__KIn7S8,10.01540455053226,9.984439
SbP2O7__KIn7S8,10.007960783973129,9.998865
Na(GeP)3__LiInSiO4,9.332917632589876,9.679764
Na(GeP)3__LiInSiO4,5.671391967749761,8.170718
Na(GeP)3__LiInSiO4,8.673337578749768,9.532975
Na(GeP)3__LiInSiO4,5.834487629992234,8.3459215
Ca2Si__CdI2,9.979737859165727,10.042639
Ca2Si__CdI2,9.9935572760447,10.025495
Ca2Si__CdI2,10.000904000991426,10.02611
Ca2Si__CdI2,10.004648953639975,10.069092
Li4PbO4__TeS7Cl2,9.969070080910086,9.99674
Li4PbO4__TeS7Cl2,9.985062942317905,9.973727
Li4PbO4__TeS7Cl2,9.971813045644508,9.937879
Li4PbO4__TeS7Cl2,9.9890610844807,9.947797
LiSbO3__Ti(NO3)4,9.977178773334824,9.09033
LiSbO3__Ti(NO3)4,9.985336056122927,9.775451
LiSbO3__Ti(NO3)4,10.014784842840664,9.592958
LiSbO3__Ti(NO3)4,9.714301877389076,8.918406
Li2Ca(SiN2)2__AlAs3S5Cl4,9.999102729303315,9.995566
Li2Ca(SiN2)2__AlAs3S5Cl4,9.982349081731106,9.8436575
Li2Ca(SiN2)2__AlAs3S5Cl4,10.017110850584642,10.023901
Li2Ca(SiN2)2__AlAs3S5Cl4,9.98589380837613,9.775658
KSnAsO5__TiSnP2SO12,9.023639142854579,7.6512933
KSnAsO5__TiSnP2SO12,8.233062477446628,7.459353
KSnAsO5__TiSnP2SO12,9.216537043398036,7.8374763
KSnAsO5__TiSnP2SO12,3.322730177356972,4.940687
KSbS2__Al2ZnS4,1.6943213054658732,6.1431313
KSbS2__Al2ZnS4,0.31977968470517143,6.03661
KSbS2__Al2ZnS4,3.4970163770384834,7.0564747
KSbS2__Al2ZnS4,4.443544025510379,7.600874
GePbS3__Zn3PBr3,9.989869101606,10.168559
GePbS3__Zn3PBr3,5.270860475040315,9.267542
GePbS3__Zn3PBr3,9.974087801550949,10.233294
GePbS3__Zn3PBr3,5.428369245233683,9.361312
Ca11AlSb9__Sb9S4F39,9.992163292059818,10.019828
Ca11AlSb9__Sb9S4F39,10.025710069599628,10.010358
Ca11AlSb9__Sb9S4F39,10.016148000662984,10.012927
Ca11AlSb9__Sb9S4F39,9.992750432442053,9.978315
Ca(Ga3Te5)2__LiZnN,10.005745870592055,9.855667
Ca(Ga3Te5)2__LiZnN,9.985945080722967,9.858063
Ca(Ga3Te5)2__LiZnN,10.01368055349756,9.906888
Ca(Ga3Te5)2__LiZnN,9.958856800771594,9.911756
TiBr4__LiZnPS4,-3.021754397736273,-0.250376
TiBr4__LiZnPS4,2.671823521872633,3.085925
TiBr4__LiZnPS4,-3.912936890429533,-0.74118125
TiBr4__LiZnPS4,-2.544665086287721,-0.053192005
Na2In2GeSe6__Li5SiN3,9.985228220535461,10.016857
Na2In2GeSe6__Li5SiN3,9.992990252149573,10.12521
Na2In2GeSe6__Li5SiN3,8.339314669994653,9.198231
Na2In2GeSe6__Li5SiN3,10.030682386537242,10.184341
CdSe2__Sb8(PbS5)3,2.445683215051099,-0.1098633
CdSe2__Sb8(PbS5)3,-0.09184354775145265,-1.008251
CdSe2__Sb8(PbS5)3,-0.23878571773546783,-1.1618531
CdSe2__Sb8(PbS5)3,3.4768095360505415,0.83638155
KTi2(PO4)3__KICl4,9.997587506468548,9.691701
KTi2(PO4)3__KICl4,9.73687344013206,9.615111
KTi2(PO4)3__KICl4,5.361436472958285,7.539738
KTi2(PO4)3__KICl4,9.976247842053503,9.646917
TeSe2__Zn3Cd3(TeO6)2,0.8127106525399359,-1.050568
TeSe2__Zn3Cd3(TeO6)2,1.716787581719414,-0.20958583
TeSe2__Zn3Cd3(TeO6)2,2.351455434361506,0.4713424
TeSe2__Zn3Cd3(TeO6)2,-2.0273444056516925,-2.775842
K3AlSe3__Ge19(AsBr)4,9.983676227656893,9.94021
K3AlSe3__Ge19(AsBr)4,10.000951136329313,9.939777
K3AlSe3__Ge19(AsBr)4,9.98381026042304,9.967496
K3AlSe3__Ge19(AsBr)4,9.984976910048188,9.983392
KSnS4__Na6Ge2S7,2.1410837680202968,0.18843505
KSnS4__Na6Ge2S7,2.320067871004963,0.349253
KSnS4__Na6Ge2S7,3.4252703372772615,1.7805424
KSnS4__Na6Ge2S7,4.673769709577609,2.4663544
CaGaGeH__In4GeS4,5.104809572351193,5.799382
CaGaGeH__In4GeS4,7.166760072770237,6.952942
CaGaGeH__In4GeS4,7.907800557660771,7.138826
CaGaGeH__In4GeS4,7.212020652719391,6.8545923
Ca3AlN3__Na3Sb3(AsO7)2,9.973637254210285,10.413097
Ca3AlN3__Na3Sb3(AsO7)2,9.992080137756673,10.237862
Ca3AlN3__Na3Sb3(AsO7)2,10.002015392478372,10.287946
Ca3AlN3__Na3Sb3(AsO7)2,10.004899272587757,10.041045
Na2PS3__ZnSiN2,9.98379362851168,9.243906
Na2PS3__ZnSiN2,8.044518547186552,8.8957405
Na2PS3__ZnSiN2,9.960777733999288,9.414153
Na2PS3__ZnSiN2,10.001924943552615,9.281116
KAlTe2__Ca3(AlN2)2,-3.309750117604124,-3.4951363
KAlTe2__Ca3(AlN2)2,-2.540029067531796,-2.3115432
KAlTe2__Ca3(AlN2)2,0.6014721826567128,-0.27873954
KAlTe2__Ca3(AlN2)2,0.30966876127834575,-0.6382543
K4I2O9__KInAs3H7O13,7.239209412859751,5.713442
K4I2O9__KInAs3H7O13,6.379225613365761,5.367211
K4I2O9__KInAs3H7O13,4.578613431868333,5.0418124
K4I2O9__KInAs3H7O13,8.024729594468784,6.0659375
KSeO2F__K2SbH5O6,8.654807348410253,9.225416
KSeO2F__K2SbH5O6,7.417036880438833,8.945357
KSeO2F__K2SbH5O6,2.598738200897019,6.136782
KSeO2F__K2SbH5O6,5.276353017061537,7.91155
Na5Ti2Si2PO13__KSnPO5,-5.9939028854942675,-1.1778253
Na5Ti2Si2PO13__KSnPO5,-2.593408577037922,1.0255826
Na5Ti2Si2PO13__KSnPO5,-1.9165066347621609,1.2991934
Na5Ti2Si2PO13__KSnPO5,-2.229845294939257,1.0646054
