candidate_id,y_true,y_pred
Ca3(GaN2)2__NaLiTe,1.2632307,0.90230536
Ca3(GaN2)2__NaLiTe,1.4076277,1.3647252
Ca3(GaN2)2__NaLiTe,1.2996691,0.81227386
Ca3(GaN2)2__NaLiTe,1.4421543,1.3547758
K5Na(Ti2Se9)3__SbF4,2.5751073,2.5681312
K5Na(Ti2Se9)3__SbF4,1.4419425,1.4154485
K5Na(Ti2Se9)3__SbF4,1.1253498,1.0601226
K5Na(Ti2Se9)3__SbF4,1.5676258,1.5165907
KTiPSe5__ZnCN2,0.9040934,0.89031005
KTiPSe5__ZnCN2,2.3418388,2.3247762
KTiPSe5__ZnCN2,1.352694,1.3266221
KTiPSe5__ZnCN2,1.2868873,1.2756346
Na6P4Pb3S16__NaH2N,2.1833515,2.123235
Na6P4Pb3S16__NaH2N,1.824734,1.7222441
Na6P4Pb3S16__NaH2N,1.6938182,1.6229526
Na6P4Pb3S16__NaH2N,0.54429084,0.54075056
KPbO2__K2ZnS2,0.5178101,0.5335796
KPbO2__K2ZnS2,1.8855704,2.1648076
KPbO2__K2ZnS2,1.3033316,1.41243
KPbO2__K2ZnS2,0.783476,0.8629929
NaSb5O13__Na2PS3,2.678016,2.6826923
NaSb5O13__Na2PS3,2.2528572,2.2676733
NaSb5O13__Na2PS3,2.0063763,1.9701171
NaSb5O13__Na2PS3,0.8800253,0.88005716
Li2Te2O5__K6Ti2O7,1.9088284,1.754831
Li2Te2O5__K6Ti2O7,2.5477562,2.3399692
Li2Te2O5__K6Ti2O7,2.7768595,2.554787
Li2Te2O5__K6Ti2O7,1.7757542,1.6349522
Ca3(Si4P7)2__Li2ZnSnS4,2.2765489,2.299883
Ca3(Si4P7)2__Li2ZnSnS4,1.5837682,1.5895797
Ca3(Si4P7)2__Li2ZnSnS4,2.225183,2.1840327
Ca3(Si4P7)2__Li2ZnSnS4,1.1566582,1.1570548
Cd3SiO5__NaGaGeO4,1.474376,1.4728631
Cd3SiO5__NaGaGeO4,2.1073973,2.0270257
Cd3SiO5__NaGaGeO4,1.0113223,1.0688436
Cd3SiO5__NaGaGeO4,2.0935268,2.0308018
Na4Al3Ge3IO12__K2TeH6SO10,0.6562473,0.61261326
Na4Al3Ge3IO12__K2TeH6SO10,2.1976547,2.1243298
Na4Al3Ge3IO12__K2TeH6SO10,0.5734446,0.566144
Na4Al3Ge3IO12__K2TeH6SO10,1.118884,1.0646348
Ca11InSb9__Zn3PBr3,1.0063632,0.9510715
Ca11InSb9__Zn3PBr3,1.9120594,1.8669039
Ca11InSb9__Zn3PBr3,2.483636,2.45674
Ca11InSb9__Zn3PBr3,1.6110694,1.535242
NaGe__Ga(IO3)3,1.0589503,1.0209911
NaGe__Ga(IO3)3,1.8864872,1.894257
NaGe__Ga(IO3)3,2.8528736,2.923837
NaGe__Ga(IO3)3,0.7846958,0.7347637
KPS3__AsClF8,2.2245662,2.2339253
KPS3__AsClF8,1.9195074,1.9029976
KPS3__AsClF8,1.044909,0.993383
KPS3__AsClF8,0.8811676,0.8803941
Li2TeS3__Cd(NO3)2,1.4883066,1.4687715
Li2TeS3__Cd(NO3)2,2.3856633,2.295529
Li2TeS3__Cd(NO3)2,0.6098642,0.5888624
Li2TeS3__Cd(NO3)2,2.1556637,2.1429672
Na8TiAs4__Na3Ga3(TeO6)2,2.2429361,2.167121
Na8TiAs4__Na3Ga3(TeO6)2,2.7033548,2.6178367
Na8TiAs4__Na3Ga3(TeO6)2,1.0548083,1.0211382
Na8TiAs4__Na3Ga3(TeO6)2,0.880461,0.8756749
TePb__NaAlAsO4F,2.55023,2.469467
TePb__NaAlAsO4F,0.6593734,0.65725595
TePb__NaAlAsO4F,0.9427415,0.9251815
TePb__NaAlAsO4F,2.4003038,2.3481526
K2Zn3O4__Zn2Te3O8,1.6525937,1.650409
K2Zn3O4__Zn2Te3O8,1.838984,1.8023897
K2Zn3O4__Zn2Te3O8,0.8784198,0.8814826
K2Zn3O4__Zn2Te3O8,0.883508,0.86485857
Ca2Ge__KH3(SeO4)2,2.5187607,2.4974532
Ca2Ge__KH3(SeO4)2,1.4737996,1.4238969
Ca2Ge__KH3(SeO4)2,2.727954,2.6809323
Ca2Ge__KH3(SeO4)2,1.5268292,1.5215105
Na3In2(AsO4)3__KInAs3H7O13,1.480609,1.5442228
Na3In2(AsO4)3__KInAs3H7O13,1.5587796,1.5593561
Na3In2(AsO4)3__KInAs3H7O13,2.433587,2.5236847
Na3In2(AsO4)3__KInAs3H7O13,2.7226946,2.896304
K2PbO2__GeAsSe,2.4140859,2.3276095
K2PbO2__GeAsSe,2.4061017,2.305816
K2PbO2__GeAsSe,1.0716836,1.0436425
K2PbO2__GeAsSe,2.0147226,1.9617869
Cd2SnO4__S3(NO7)2,1.3000659,1.2726859
Cd2SnO4__S3(NO7)2,2.5281363,2.4933429
Cd2SnO4__S3(NO7)2,0.5334243,0.5370226
Cd2SnO4__S3(NO7)2,2.5811462,2.6117527
SnF2__K11Cd2Sb5,2.937518,2.8898203
SnF2__K11Cd2Sb5,2.2137368,2.162888
SnF2__K11Cd2Sb5,1.7454159,1.6754502
SnF2__K11Cd2Sb5,0.952914,0.9748869
HI3__Na3CdPCO7,0.9484122,0.9155124
HI3__Na3CdPCO7,0.68008995,0.60895014
HI3__Na3CdPCO7,2.0358973,1.978792
HI3__Na3CdPCO7,1.4831945,1.4829509
NaS2__Na2TiZn2GeO7,1.883217,2.0153108
NaS2__Na2TiZn2GeO7,2.1750607,2.3655167
NaS2__Na2TiZn2GeO7,1.0299535,1.0628284
NaS2__Na2TiZn2GeO7,0.63345647,0.63652176
Na2Te__KHS,1.8895624,1.8739276
Na2Te__KHS,2.7417529,2.7212703
Na2Te__KHS,0.93866795,0.91133034
Na2Te__KHS,2.5927618,2.4983184
SbBrF8__Li3SbS4,0.868741,0.7914066
SbBrF8__Li3SbS4,2.3820238,2.3871915
SbBrF8__Li3SbS4,0.77059895,0.737978
SbBrF8__Li3SbS4,1.2509526,1.2153777
Ca2PI__NaIn(GeO3)2,2.0149608,2.0407162
Ca2PI__NaIn(GeO3)2,2.27491,2.7046552
Ca2PI__NaIn(GeO3)2,0.703179,0.69125324
Ca2PI__NaIn(GeO3)2,0.8679421,0.85491776
NaZnAs__K2Ge2PbS6,1.7419387,1.8037037
NaZnAs__K2Ge2PbS6,0.600162,0.5242609
NaZnAs__K2Ge2PbS6,2.3022435,2.318776
NaZnAs__K2Ge2PbS6,2.7103405,2.7798505
TPD__SbBr3,2.2511625,2.2406256
TPD__SbBr3,0.85681194,0.81064755
TPD__SbBr3,0.99309635,0.99461794
TPD__SbBr3,0.9336299,0.9418003
Pb3SeO5__Ca(AlSe2)2,0.49691725,0.49276215
Pb3SeO5__Ca(AlSe2)2,2.526222,2.5132911
Pb3SeO5__Ca(AlSe2)2,2.3391485,2.321336
Pb3SeO5__Ca(AlSe2)2,0.97738117,0.9950493
K5Zn4Sn5H4S17N__Na2Ti6O13,1.1890086,1.1907057
K5Zn4Sn5H4S17N__Na2Ti6O13,2.2683148,2.200401
K5Zn4Sn5H4S17N__Na2Ti6O13,1.5669494,1.5685021
K5Zn4Sn5H4S17N__Na2Ti6O13,1.4501908,1.4437481
K2NaAlP2__Cd4As2Cl3,1.6939026,1.6452917
K2NaAlP2__Cd4As2Cl3,1.4507691,1.4167529
K2NaAlP2__Cd4As2Cl3,0.9577882,0.9007961
K2NaAlP2__Cd4As2Cl3,1.5069991,1.4601221
K2SbCl5__AlInS3,2.0792537,1.8681511
K2SbCl5__AlInS3,2.2660322,2.0912197
K2SbCl5__AlInS3,2.412007,2.2358816
K2SbCl5__AlInS3,0.49390423,0.43979394
NaLi2Sb__Na5AlO4,2.3187315,2.2642767
NaLi2Sb__Na5AlO4,0.60006964,0.6299259
NaLi2Sb__Na5AlO4,2.774989,2.7450151
NaLi2Sb__Na5AlO4,2.189533,2.1780343
KP__K6ZnSe4,1.3935981,1.345122
KP__K6ZnSe4,0.4036861,0.40984368
KP__K6ZnSe4,1.6569833,1.5284213
KP__K6ZnSe4,2.1147075,2.1608348
Zn(InSe2)2__Ca3(AlAs2)2,2.6182964,2.4046626
Zn(InSe2)2__Ca3(AlAs2)2,1.9449782,1.7751268
Zn(InSe2)2__Ca3(AlAs2)2,2.0306828,1.8851312
Zn(InSe2)2__Ca3(AlAs2)2,2.0834253,1.9618526
K2Sn2O3__Ca5P8,1.3056582,1.1182191
K2Sn2O3__Ca5P8,1.7687969,1.476169
K2Sn2O3__Ca5P8,1.8620741,1.5484276
K2Sn2O3__Ca5P8,1.1492612,0.95649403
KCdGeAs2__InCl,1.7497501,1.7262971
KCdGeAs2__InCl,0.6494514,0.61789477
KCdGeAs2__InCl,0.999095,0.9892418
KCdGeAs2__InCl,2.0462697,2.0130334
InBr__NaPS3,2.2356555,2.4822447
InBr__NaPS3,1.8918417,1.7378525
InBr__NaPS3,1.3317053,1.2574555
InBr__NaPS3,1.2079781,1.1389927
Na6S2O9__InOF,0.7210967,0.6904245
Na6S2O9__InOF,0.9313205,0.9093732
Na6S2O9__InOF,2.0818534,2.0751817
Na6S2O9__InOF,1.4621454,1.417129
Li2TeS3__CdI2,2.103847,1.9468029
Li2TeS3__CdI2,2.2833955,2.1611266
Li2TeS3__CdI2,0.92411375,0.8608077
Li2TeS3__CdI2,1.6329899,1.5631529
KGaTe2__SbCl5,2.6693923,2.6696432
KGaTe2__SbCl5,2.4963543,2.5239568
KGaTe2__SbCl5,0.7156004,0.6614938
KGaTe2__SbCl5,1.0729522,1.0220711
AlGaAs2__NaGaO2,1.869917,1.805247
AlGaAs2__NaGaO2,1.5150403,1.5306787
AlGaAs2__NaGaO2,1.4595681,1.4440855
AlGaAs2__NaGaO2,0.7253231,0.69922084
Na2TiS2O__K5LiGe2O7,1.5501814,1.4398875
Na2TiS2O__K5LiGe2O7,1.1939106,1.1932203
Na2TiS2O__K5LiGe2O7,1.7728237,1.6571382
Na2TiS2O__K5LiGe2O7,0.679353,0.62190855
K2In(PSe4)2__Na2Cd3(P2O7)2,2.5762029,2.5693848
K2In(PSe4)2__Na2Cd3(P2O7)2,2.5186636,2.464916
K2In(PSe4)2__Na2Cd3(P2O7)2,2.1450717,2.173233
K2In(PSe4)2__Na2Cd3(P2O7)2,1.3923898,1.369179
Ca3AlAs3__Na2SeO4,1.6211517,1.6378382
Ca3AlAs3__Na2SeO4,0.82478356,0.7975076
Ca3AlAs3__Na2SeO4,1.2652029,1.2979261
Ca3AlAs3__Na2SeO4,1.8279754,1.7756487
NaTiSe4__CdCN2,0.51807374,0.4506657
NaTiSe4__CdCN2,2.6714041,2.6561878
NaTiSe4__CdCN2,2.7042575,2.7066028
NaTiSe4__CdCN2,2.8177652,2.789169
K7LiSi8__K2SnO2,2.2663789,2.1638367
K7LiSi8__K2SnO2,1.4664389,1.3885928
K7LiSi8__K2SnO2,1.0217909,0.970193
K7LiSi8__K2SnO2,1.2182472,1.1829503
LiZnAs__LiGa5O8,2.2873123,2.3040693
LiZnAs__LiGa5O8,0.79129255,0.75572824
LiZnAs__LiGa5O8,1.2896187,1.3223114
LiZnAs__LiGa5O8,1.5524738,1.5685341
K2CdGeO4__AlInS3,0.71959114,0.62184536
K2CdGeO4__AlInS3,1.7049828,1.2089013
K2CdGeO4__AlInS3,0.54938805,0.474298
K2CdGeO4__AlInS3,0.8851797,0.78793675
K4PbO4__KLiS,0.77813673,0.7474124
K4PbO4__KLiS,1.7423561,1.7349825
K4PbO4__KLiS,1.763967,1.7558078
K4PbO4__KLiS,1.1440519,1.1464585
Ca(ZnP)2__Ca2Si,1.7589374,1.3362774
Ca(ZnP)2__Ca2Si,0.8345738,0.6738815
Ca(ZnP)2__Ca2Si,1.3158118,1.1108966
Ca(ZnP)2__Ca2Si,2.2130709,1.5273577
InSb2S4Br__KNO3,2.506507,2.6925657
InSb2S4Br__KNO3,2.6780076,2.8736746
InSb2S4Br__KNO3,0.903885,0.89911205
InSb2S4Br__KNO3,0.9963948,1.0810561
Li2SnN2__KIO4,2.3227408,2.1982472
Li2SnN2__KIO4,2.3536139,2.2032304
Li2SnN2__KIO4,2.5337007,2.2910793
Li2SnN2__KIO4,1.0701123,0.952336
P4S9__InCl3,2.3193424,2.0962696
P4S9__InCl3,1.6820949,1.5455629
P4S9__InCl3,2.628198,2.275687
P4S9__InCl3,1.4195582,1.294081
K(SiAs)3__AlICl6,0.8455421,0.8308696
K(SiAs)3__AlICl6,0.6510274,0.62571913
K(SiAs)3__AlICl6,2.5187953,2.4924943
K(SiAs)3__AlICl6,0.49659702,0.47464848
Li2SnO3__CaTe2O5,1.3156306,1.1565744
Li2SnO3__CaTe2O5,0.8419219,0.71285635
Li2SnO3__CaTe2O5,0.6709587,0.5991527
Li2SnO3__CaTe2O5,1.2949272,1.1678584
K2LiGaAs2__Ca3Zn3(TeO6)2,2.2209117,2.1846478
K2LiGaAs2__Ca3Zn3(TeO6)2,1.6674381,1.6364708
K2LiGaAs2__Ca3Zn3(TeO6)2,2.28133,2.2163293
K2LiGaAs2__Ca3Zn3(TeO6)2,2.6444683,2.5940516
ICl3__Na2Ti2Se9,0.9979013,0.94264597
ICl3__Na2Ti2Se9,1.4960191,1.431938
ICl3__Na2Ti2Se9,2.2848883,2.2386773
ICl3__Na2Ti2Se9,2.439262,2.398263
Na5SnP3__Na5InS4,1.7869046,1.8518621
Na5SnP3__Na5InS4,1.8554848,1.8819327
Na5SnP3__Na5InS4,1.9388912,2.047825
Na5SnP3__Na5InS4,2.742614,2.8702233
Li2TeS3__K2ZnSe2,2.0896251,1.887108
Li2TeS3__K2ZnSe2,1.9677722,1.7599324
Li2TeS3__K2ZnSe2,1.3546693,1.1564919
Li2TeS3__K2ZnSe2,1.6665231,1.5052212
Zn2AsHO5__K2LiSn4,1.999125,2.0261629
Zn2AsHO5__K2LiSn4,2.336368,2.3347282
Zn2AsHO5__K2LiSn4,0.6720897,0.65552413
Zn2AsHO5__K2LiSn4,2.402787,2.4086404
Alq3__Ti6CCl14,1.8456309,1.7862805
Alq3__Ti6CCl14,1.1407133,1.1069949
Alq3__Ti6CCl14,0.71764225,0.7143598
Alq3__Ti6CCl14,0.86583334,0.86998373
K2Ga2As3__K6CdO4,1.2809795,1.219448
K2Ga2As3__K6CdO4,1.8096172,1.7447543
K2Ga2As3__K6CdO4,2.1223278,2.0360096
K2Ga2As3__K6CdO4,1.8699535,1.7474846
Zn3Cd3(TeO6)2__TPD,1.5153672,1.4879786
Zn3Cd3(TeO6)2__TPD,0.7649072,0.71332264
Zn3Cd3(TeO6)2__TPD,2.748347,2.744704
Zn3Cd3(TeO6)2__TPD,1.3331977,1.3070298
Ca3(GeAs2)2__NaAsO3,2.0418746,2.0288758
Ca3(GeAs2)2__NaAsO3,1.463378,1.4324363
Ca3(GeAs2)2__NaAsO3,1.5431099,1.560295
Ca3(GeAs2)2__NaAsO3,2.5503116,2.5070224
Sb2Se3__Sn2SI2,0.9167827,0.8635389
Sb2Se3__Sn2SI2,2.3180559,2.3530025
Sb2Se3__Sn2SI2,2.3851154,2.5013192
Sb2Se3__Sn2SI2,1.8517872,1.848474
K2SbPO6__Na2Ti6O13,0.57904303,0.52536994
K2SbPO6__Na2Ti6O13,2.3281481,2.1333938
K2SbPO6__Na2Ti6O13,1.3831754,1.220768
K2SbPO6__Na2Ti6O13,2.1237895,1.848799
K4CdAs2__K3Al2As3,0.4521488,0.39782417
K4CdAs2__K3Al2As3,0.5729141,0.48296648
K4CdAs2__K3Al2As3,2.0793307,1.9128243
K4CdAs2__K3Al2As3,1.5632627,1.2490827
Sn(SO4)2__Ca3AlAs3,2.1559308,2.1045372
Sn(SO4)2__Ca3AlAs3,1.5602254,1.4733967
Sn(SO4)2__Ca3AlAs3,2.2778506,2.2703464
Sn(SO4)2__Ca3AlAs3,1.831989,1.8297602
K3AsO4__InAs(H2O3)2,1.4546385,1.3837931
K3AsO4__InAs(H2O3)2,2.2934823,2.2000058
K3AsO4__InAs(H2O3)2,1.350963,1.2890022
K3AsO4__InAs(H2O3)2,1.3217278,1.2783294
Ca11InSb9__S(IO3)2,0.89452654,0.84967524
Ca11InSb9__S(IO3)2,1.7722881,1.7650267
Ca11InSb9__S(IO3)2,1.8642333,1.8436294
Ca11InSb9__S(IO3)2,1.9559855,1.9347013
NaAs__CdP4,0.6225554,0.5659433
NaAs__CdP4,1.0133502,0.9664884
NaAs__CdP4,2.2566092,2.217539
NaAs__CdP4,1.2092386,1.1915712
Na4TiP2O9__SeO2,2.1201358,2.0981538
Na4TiP2O9__SeO2,2.6678076,2.65429
Na4TiP2O9__SeO2,2.6308746,2.6059055
Na4TiP2O9__SeO2,0.6730196,0.630358
MEH-PPV__NaP3(PbO3)4,2.4142394,2.3695014
MEH-PPV__NaP3(PbO3)4,1.3745849,1.3695982
MEH-PPV__NaP3(PbO3)4,2.561056,2.5665948
MEH-PPV__NaP3(PbO3)4,2.0310085,2.0280275
K2NaAlH6__Zn3Te2P2(PbO7)2,0.6127234,0.55575806
K2NaAlH6__Zn3Te2P2(PbO7)2,0.809298,0.7743682
K2NaAlH6__Zn3Te2P2(PbO7)2,2.7904863,2.7643268
K2NaAlH6__Zn3Te2P2(PbO7)2,1.3173767,1.3256329
K5SnAs3__CaTi4(PO4)6,1.8155948,1.7912151
K5SnAs3__CaTi4(PO4)6,1.1606387,1.129715
K5SnAs3__CaTi4(PO4)6,1.8772274,1.8104438
K5SnAs3__CaTi4(PO4)6,0.97790784,0.99051785
InSbS3__CaPSe3,2.445866,2.2307165
InSbS3__CaPSe3,1.9330883,1.7198967
InSbS3__CaPSe3,1.8745725,1.5822264
InSbS3__CaPSe3,1.2898775,1.1825542
AlAs3S5Cl4__Na3As4H5O14,1.3952444,1.5188638
AlAs3S5Cl4__Na3As4H5O14,1.5499665,1.7558907
AlAs3S5Cl4__Na3As4H5O14,2.258108,2.680096
AlAs3S5Cl4__Na3As4H5O14,1.6511891,1.6730875
TeSe2__Na3SbO3,1.9685708,2.0124934
TeSe2__Na3SbO3,2.3334584,2.3694808
TeSe2__Na3SbO3,1.9570755,1.9351557
TeSe2__Na3SbO3,0.9964551,1.0136981
K4P21I__Ga2Sn2S5,1.2080004,0.89125603
K4P21I__Ga2Sn2S5,1.3423729,1.6081616
K4P21I__Ga2Sn2S5,0.82550395,0.69738495
K4P21I__Ga2Sn2S5,1.0339994,0.8415796
AlPI8__Na4SnO4,1.6184231,1.4672054
AlPI8__Na4SnO4,1.9356198,1.7159729
AlPI8__Na4SnO4,2.0760176,1.8434521
AlPI8__Na4SnO4,0.6395428,0.5615513
Ca2Sb2O7__K3P11,0.55286336,0.46686596
Ca2Sb2O7__K3P11,0.7917178,0.7223228
Ca2Sb2O7__K3P11,1.2332301,1.0316433
Ca2Sb2O7__K3P11,0.892191,0.7742637
Zn3TeO6__K2GaSb2,1.8525853,1.824581
Zn3TeO6__K2GaSb2,0.92690957,0.87605566
Zn3TeO6__K2GaSb2,0.8871434,0.8720805
Zn3TeO6__K2GaSb2,2.042012,2.0164387
Zn(InTe2)2__TePbO3,1.7138566,1.664433
Zn(InTe2)2__TePbO3,1.6687071,1.6482159
Zn(InTe2)2__TePbO3,2.5806215,2.575281
Zn(InTe2)2__TePbO3,1.2674872,1.283609
LiH__Li3AlN2,0.8769341,0.7614249
LiH__Li3AlN2,1.1977527,0.9105947
LiH__Li3AlN2,0.5597602,0.453879
LiH__Li3AlN2,1.3001418,1.0281764
Na5GaO4__CaTe2O5,1.4875895,1.4843633
Na5GaO4__CaTe2O5,1.9854177,1.963612
Na5GaO4__CaTe2O5,2.2884097,2.2657356
Na5GaO4__CaTe2O5,2.550818,2.6112874
NaAsS2__K4Sb2O5,0.91325194,0.97567624
NaAsS2__K4Sb2O5,1.3602588,1.4801377
NaAsS2__K4Sb2O5,1.7908407,2.0141056
NaAsS2__K4Sb2O5,1.3609316,1.4919671
CdS__Ti2PCl13,2.4533334,2.5317984
CdS__Ti2PCl13,0.5849527,0.5274873
CdS__Ti2PCl13,1.9921391,1.9981529
CdS__Ti2PCl13,0.52389854,0.5211627
Na6ZnO4__P3BrCl14,1.3347737,1.2867552
Na6ZnO4__P3BrCl14,0.98180574,0.9105532
Na6ZnO4__P3BrCl14,1.0347092,0.9843908
Na6ZnO4__P3BrCl14,1.7097294,1.6590008
K5LiGe2O7__KH,0.8215217,0.80953354
K5LiGe2O7__KH,0.8352865,0.82205594
K5LiGe2O7__KH,1.7210712,1.4953866
K5LiGe2O7__KH,0.9879588,0.9007421
Na2TiSiO5__Ca4Al6TeO12,1.3157476,1.0263602
Na2TiSiO5__Ca4Al6TeO12,0.8495382,0.6980572
Na2TiSiO5__Ca4Al6TeO12,1.3340211,1.0090172
Na2TiSiO5__Ca4Al6TeO12,1.534243,1.0868763
In2(SeO4)3__NaZnSiHO4,0.55312943,0.5399545
In2(SeO4)3__NaZnSiHO4,0.8324191,0.74817383
In2(SeO4)3__NaZnSiHO4,0.381619,0.4097135
In2(SeO4)3__NaZnSiHO4,0.65369236,0.63121325
KGaSb2__GePbS3,2.4059017,2.3706424
KGaSb2__GePbS3,1.5419235,1.5004631
KGaSb2__GePbS3,1.7514043,1.6914161
KGaSb2__GePbS3,2.7357883,2.6783826
Ti2Sb2Pb4O13__SbSCl9,0.8571099,0.8404948
Ti2Sb2Pb4O13__SbSCl9,0.6903611,0.64863807
Ti2Sb2Pb4O13__SbSCl9,2.126754,2.111448
Ti2Sb2Pb4O13__SbSCl9,0.80717623,0.75855404
NaCdPO4__LiInSiO4,1.9576548,1.4311943
NaCdPO4__LiInSiO4,0.87082636,0.7539913
NaCdPO4__LiInSiO4,1.1343422,0.8823113
NaCdPO4__LiInSiO4,2.0238655,1.3481712
Li10Si(PSe6)2__In2(CN2)3,1.9668391,1.8694544
Li10Si(PSe6)2__In2(CN2)3,1.8780969,1.7926403
Li10Si(PSe6)2__In2(CN2)3,1.1196647,1.0458853
Li10Si(PSe6)2__In2(CN2)3,1.3497026,1.2453822
PCBM__NaAlSe2,2.7232347,2.6698143
PCBM__NaAlSe2,2.5713787,2.537655
PCBM__NaAlSe2,1.8405758,1.7533172
PCBM__NaAlSe2,0.89561623,0.85910004
KInAs3H7O13__LiGaS2,2.2312956,1.9210874
KInAs3H7O13__LiGaS2,0.48420945,0.44729394
KInAs3H7O13__LiGaS2,0.7722319,0.6978277
KInAs3H7O13__LiGaS2,0.882112,0.7234078
K2TeSe3__CaTiO3,1.1113931,1.0269884
K2TeSe3__CaTiO3,1.2529879,1.1319243
K2TeSe3__CaTiO3,1.6300446,1.406929
K2TeSe3__CaTiO3,2.1302269,1.9845582
Te3(PbO4)2__TeO2,1.7162427,1.6563077
Te3(PbO4)2__TeO2,1.6077635,1.5531712
Te3(PbO4)2__TeO2,2.276901,2.1849322
Te3(PbO4)2__TeO2,1.7699618,1.708576
KCa(H2N)3__Ca5(IO6)2,1.1913455,1.1343548
KCa(H2N)3__Ca5(IO6)2,0.67429006,0.59405446
KCa(H2N)3__Ca5(IO6)2,1.9584844,1.8922658
KCa(H2N)3__Ca5(IO6)2,1.6571391,1.5697308
Na4GeSe4__BrNO3,1.6396042,1.6077266
Na4GeSe4__BrNO3,1.3638169,1.3430719
Na4GeSe4__BrNO3,1.9062613,1.9159889
Na4GeSe4__BrNO3,0.81386983,0.73708844
Ga10GePb3O20__CdH2SeO5,1.7910016,1.7616774
Ga10GePb3O20__CdH2SeO5,1.295044,1.2390364
Ga10GePb3O20__CdH2SeO5,1.6030036,1.5726378
Ga10GePb3O20__CdH2SeO5,1.1934046,1.1617134
S(IO3)2__BrCl,0.99560523,0.99444157
S(IO3)2__BrCl,2.0201278,1.950724
S(IO3)2__BrCl,2.0083961,1.9377335
S(IO3)2__BrCl,0.6484473,0.59595823
P2S5__K3LiGe4,2.5532544,2.5578446
P2S5__K3LiGe4,2.6089647,2.5701706
P2S5__K3LiGe4,1.1444975,1.1519653
P2S5__K3LiGe4,1.7042881,1.7159547
ZnSe__KSb2PO8,1.9521585,1.9847105
ZnSe__KSb2PO8,0.8426959,0.7873477
ZnSe__KSb2PO8,2.1373112,2.2014666
ZnSe__KSb2PO8,2.069727,2.0787761
Li2GePbS4__AsClF8,2.6225822,2.6253269
Li2GePbS4__AsClF8,2.52049,2.5173025
Li2GePbS4__AsClF8,0.9260844,0.88322526
Li2GePbS4__AsClF8,2.5701108,2.5773637
KNaS__CdS,0.6965222,0.72089773
KNaS__CdS,2.6735978,2.6242864
KNaS__CdS,2.2109072,2.1476536
KNaS__CdS,2.4328423,2.4118414
Sn2OF2__H3C3N5,1.7978729,2.0850463
Sn2OF2__H3C3N5,0.9288214,1.0350095
Sn2OF2__H3C3N5,0.63180554,0.6262106
Sn2OF2__H3C3N5,1.8779142,2.225411
GeBr4__In2(Se2O5)3,1.8933382,1.7464632
GeBr4__In2(Se2O5)3,2.4605944,2.2266228
GeBr4__In2(Se2O5)3,0.60114163,0.54854536
GeBr4__In2(Se2O5)3,1.2451309,1.1633881
Na2O__Li5SbS3I2,0.4048182,0.34178632
Na2O__Li5SbS3I2,1.154147,1.1458676
Na2O__Li5SbS3I2,1.3202574,1.2819372
Na2O__Li5SbS3I2,0.9303565,0.87324446
TeS7Cl2__KTi2(PO4)3,0.65330607,0.6409434
TeS7Cl2__KTi2(PO4)3,1.3350136,1.3389738
TeS7Cl2__KTi2(PO4)3,1.5155269,1.5278685
TeS7Cl2__KTi2(PO4)3,1.2335559,1.2250682
Ca3(SiP2)2__S5(IO9)2,2.6424918,2.636436
Ca3(SiP2)2__S5(IO9)2,2.0695744,2.0435498
Ca3(SiP2)2__S5(IO9)2,2.4468303,2.4229047
Ca3(SiP2)2__S5(IO9)2,1.2564561,1.218885
K3SbTe3__TePbO3,0.76801544,0.7485979
K3SbTe3__TePbO3,1.1945329,1.1582979
K3SbTe3__TePbO3,2.3606322,2.3172977
K3SbTe3__TePbO3,2.3468425,2.3156664
SIO3F__Sb2PbO6,0.6773605,0.61257035
SIO3F__Sb2PbO6,1.2878977,1.2455053
SIO3F__Sb2PbO6,2.6627975,2.673423
SIO3F__Sb2PbO6,1.4934686,1.474756
HS2IO8__ZnH2SeO5,2.3738556,2.0219846
HS2IO8__ZnH2SeO5,0.84749615,0.7524792
HS2IO8__ZnH2SeO5,2.3478048,2.0232878
HS2IO8__ZnH2SeO5,0.7015942,0.6597604
LiAs__NaS,2.0885236,2.1691818
LiAs__NaS,1.2000266,1.2219342
LiAs__NaS,1.6517994,1.7694347
LiAs__NaS,2.0284934,2.0894585
NClO3__NaPS3,1.5390668,1.5020533
NClO3__NaPS3,1.0595074,1.0695825
NClO3__NaPS3,2.6339319,2.6234386
NClO3__NaPS3,1.8697163,1.8582898
PbI2__Li2GeN2,2.0942008,1.6958121
PbI2__Li2GeN2,2.2709408,1.698191
PbI2__Li2GeN2,1.9034046,1.4315058
PbI2__Li2GeN2,0.79504853,0.65916115
K2NaH10IO10__KSiSbO5,1.5746447,1.1351076
K2NaH10IO10__KSiSbO5,0.48424926,0.44942182
K2NaH10IO10__KSiSbO5,0.33428752,0.34077707
K2NaH10IO10__KSiSbO5,1.7625492,1.1421653
Zn2Te3O8__SbClF8,1.799753,1.7694155
Zn2Te3O8__SbClF8,1.027791,0.9972504
Zn2Te3O8__SbClF8,1.006246,1.0107151
Zn2Te3O8__SbClF8,1.7000701,1.6634032
NaSbS2__K3GaSe3,0.5421273,0.49174553
NaSbS2__K3GaSe3,2.0579467,2.0280383
NaSbS2__K3GaSe3,1.7640579,1.7004379
NaSbS2__K3GaSe3,1.695336,1.6620616
Cd3SiO5__K4P21I,2.6563656,2.4900928
Cd3SiO5__K4P21I,1.2166448,1.1260737
Cd3SiO5__K4P21I,1.5325956,1.4263405
Cd3SiO5__K4P21I,1.391759,1.2974709
LiInTe2__GePbS3,0.49046692,0.46747792
LiInTe2__GePbS3,2.255259,2.1718445
LiInTe2__GePbS3,0.43094623,0.4007064
LiInTe2__GePbS3,0.8873609,0.8953908
KSb2PO8__K2Zn(SnSe3)2,1.2774515,1.177915
KSb2PO8__K2Zn(SnSe3)2,1.4070146,1.2487234
KSb2PO8__K2Zn(SnSe3)2,0.98778176,0.83013815
KSb2PO8__K2Zn(SnSe3)2,2.150342,1.9052947
Na6S2O9__K2PS3,0.5307724,0.48289478
Na6S2O9__K2PS3,2.500684,2.103155
Na6S2O9__K2PS3,2.65505,2.203213
Na6S2O9__K2PS3,1.6951039,1.4029394
CdSe__Na3H5(SeO4)4,2.5155447,2.469924
CdSe__Na3H5(SeO4)4,1.3656138,1.3696636
CdSe__Na3H5(SeO4)4,2.2012293,2.1849375
CdSe__Na3H5(SeO4)4,1.6629723,1.6324433
GeTe__K2CdSiO4,2.561357,2.5042496
GeTe__K2CdSiO4,0.5302995,0.493209
GeTe__K2CdSiO4,2.567638,2.5042152
GeTe__K2CdSiO4,0.7755944,0.713337
Na2ZnH4(SeO5)2__Te4P2O13,0.5737346,0.5655533
Na2ZnH4(SeO5)2__Te4P2O13,1.1648173,1.1109632
Na2ZnH4(SeO5)2__Te4P2O13,1.6224272,1.6026908
Na2ZnH4(SeO5)2__Te4P2O13,2.5045445,2.4519813
SbBr5F6__KInTe2,1.4089303,1.3492562
SbBr5F6__KInTe2,1.0553921,1.0866512
SbBr5F6__KInTe2,0.67967135,0.628154
SbBr5F6__KInTe2,1.7073511,1.7055699
NaInSn2__K2Pb2O3,1.8191721,1.7524704
NaInSn2__K2Pb2O3,1.7718401,1.7254323
NaInSn2__K2Pb2O3,0.62869835,0.62353665
NaInSn2__K2Pb2O3,1.6553649,1.6389016
Zn(InTe2)2__Sb7Se8F35,2.2037454,2.1731198
Zn(InTe2)2__Sb7Se8F35,2.4848826,2.4774303
Zn(InTe2)2__Sb7Se8F35,1.7730416,1.7304316
Zn(InTe2)2__Sb7Se8F35,2.5232892,2.5270815
KNa4GaO4__Na2SnO2,1.5173185,1.474078
KNa4GaO4__Na2SnO2,2.4224927,2.359248
KNa4GaO4__Na2SnO2,0.7056471,0.6916356
KNa4GaO4__Na2SnO2,1.1967965,1.1704245
Ga2Te5__P3BrCl14,0.52508575,0.45622736
Ga2Te5__P3BrCl14,2.4711921,2.4949584
Ga2Te5__P3BrCl14,2.0125444,1.9620332
Ga2Te5__P3BrCl14,1.6585628,1.6353965
Na10Zn4O9__Na5IO6,1.7180773,1.6460259
Na10Zn4O9__Na5IO6,1.444632,1.3553191
Na10Zn4O9__Na5IO6,1.8826869,1.7803798
Na10Zn4O9__Na5IO6,1.8990321,1.7799954
LiAsS2__Ca2Si5N8,1.0129879,0.99411374
LiAsS2__Ca2Si5N8,2.5036066,2.4592593
LiAsS2__Ca2Si5N8,2.753466,2.6985238
LiAsS2__Ca2Si5N8,0.93198913,0.94912124
KTeP2__Ti6CCl14,1.0638808,1.0244716
KTeP2__Ti6CCl14,2.3232763,2.237582
KTeP2__Ti6CCl14,2.0795622,2.0270388
KTeP2__Ti6CCl14,1.5617377,1.5165311
Cd7(P2Cl3)2__P2H9(CBr)3,1.8206848,1.7543103
Cd7(P2Cl3)2__P2H9(CBr)3,1.7094033,1.6522721
Cd7(P2Cl3)2__P2H9(CBr)3,1.4783826,1.451393
Cd7(P2Cl3)2__P2H9(CBr)3,0.96364075,0.9128971
K3SnSe3__LiGaO2,0.5646432,0.5425635
K3SnSe3__LiGaO2,0.59548086,0.567063
K3SnSe3__LiGaO2,2.2796721,2.253161
K3SnSe3__LiGaO2,0.67136645,0.69255555
K6Zn4Sn5S17__NaSbCl6,2.1048903,2.0113516
K6Zn4Sn5S17__NaSbCl6,1.9974271,1.8770775
K6Zn4Sn5S17__NaSbCl6,0.4433833,0.40536422
K6Zn4Sn5S17__NaSbCl6,1.3300536,1.2385195
Ca3(GaP2)2__In2S3,2.430088,2.4206574
Ca3(GaP2)2__In2S3,1.6147498,1.5658804
Ca3(GaP2)2__In2S3,1.6907021,1.6038448
Ca3(GaP2)2__In2S3,2.0414193,2.0086825
Na5Al3H14__LiGa(H2N)4,0.5852534,0.52832574
Na5Al3H14__LiGa(H2N)4,2.3285668,2.1686864
Na5Al3H14__LiGa(H2N)4,0.79387784,0.75770956
Na5Al3H14__LiGa(H2N)4,1.3179687,1.2409266
KSnPS4__NClO3,1.45032,1.3910502
KSnPS4__NClO3,0.73048073,0.69362783
KSnPS4__NClO3,1.4932022,1.4484121
KSnPS4__NClO3,2.1143615,2.0589814
KInBr3__KGeCl3,0.84490585,0.77406794
KInBr3__KGeCl3,1.8308654,1.7302048
KInBr3__KGeCl3,2.0786073,1.9651111
KInBr3__KGeCl3,0.68085444,0.5743609
Na3AsO4__KTe3O6F,0.9431354,0.867996
Na3AsO4__KTe3O6F,0.63018286,0.6336373
Na3AsO4__KTe3O6F,1.5433924,1.5160147
Na3AsO4__KTe3O6F,2.3245733,2.2088661
TeI4__P,0.7399785,0.59610665
TeI4__P,1.1037495,0.9734445
TeI4__P,0.988864,0.8133066
TeI4__P,0.5971958,0.53183305
NaSe__Ca5P3H,0.63603,0.50370836
NaSe__Ca5P3H,1.3774774,1.0095673
NaSe__Ca5P3H,0.6552459,0.56336886
NaSe__Ca5P3H,0.85048145,0.70649135
Na5(InTe3)2__Ca3(AlAs2)2,1.6729949,1.3387972
Na5(InTe3)2__Ca3(AlAs2)2,1.1639693,0.865871
Na5(InTe3)2__Ca3(AlAs2)2,1.2180042,0.92833513
Na5(InTe3)2__Ca3(AlAs2)2,0.71566373,0.65505147
Na5SiAs3__K4Sb2O5,0.9324784,0.9258232
Na5SiAs3__K4Sb2O5,1.0299135,1.0064237
Na5SiAs3__K4Sb2O5,1.270923,1.2782524
Na5SiAs3__K4Sb2O5,2.4302125,2.435344
TeO3__NaLiZnS2,1.2461975,1.2267932
TeO3__NaLiZnS2,2.0624099,2.0261364
TeO3__NaLiZnS2,2.1804316,2.2037208
TeO3__NaLiZnS2,1.3737732,1.3140391
Na5SnP3__K2Sb4O11,0.609096,0.5813254
Na5SnP3__K2Sb4O11,2.5793736,2.6637776
Na5SnP3__K2Sb4O11,0.88058746,0.8181683
Na5SnP3__K2Sb4O11,0.9458447,0.94435024
Pb(IO3)2__NaHO,2.138354,1.6649586
Pb(IO3)2__NaHO,2.234138,1.3920923
Pb(IO3)2__NaHO,0.41944152,0.34994692
Pb(IO3)2__NaHO,2.0649195,1.5724427
NaZnAsO4__K2TiSi3(HO5)2,1.4173566,1.2619864
NaZnAsO4__K2TiSi3(HO5)2,1.4566951,1.3146635
NaZnAsO4__K2TiSi3(HO5)2,1.8536453,2.2019985
NaZnAsO4__K2TiSi3(HO5)2,1.0334784,1.0406228
Zn(SbO3)2__Cd(AsO3)2,0.42229435,0.39479524
Zn(SbO3)2__Cd(AsO3)2,2.0339947,2.0874257
Zn(SbO3)2__Cd(AsO3)2,0.87844646,0.87355644
Zn(SbO3)2__Cd(AsO3)2,0.5483698,0.50807613
CdHOF__Li2ZnGeS4,1.3217754,1.3367516
CdHOF__Li2ZnGeS4,1.5963117,1.6213712
CdHOF__Li2ZnGeS4,2.464825,2.4763713
CdHOF__Li2ZnGeS4,2.2521062,2.244743
Na2SnGe2(HO4)2__ZnSeO4,1.4741222,1.4230008
Na2SnGe2(HO4)2__ZnSeO4,1.8065151,1.6982876
Na2SnGe2(HO4)2__ZnSeO4,1.3441737,1.2684625
Na2SnGe2(HO4)2__ZnSeO4,1.125573,1.1117574
Sb2Te2O9__TiSn6F16,1.6189691,1.267625
Sb2Te2O9__TiSn6F16,2.1497538,1.8191639
Sb2Te2O9__TiSn6F16,0.4309325,0.38936096
Sb2Te2O9__TiSn6F16,0.52076435,0.4887432
InI2__SbAs2Cl13,1.6873101,1.6444975
InI2__SbAs2Cl13,1.5131763,1.4828054
InI2__SbAs2Cl13,2.5844038,2.4958975
InI2__SbAs2Cl13,2.183479,2.1611326
SiAs__Na2HF4,0.89489836,0.86093384
SiAs__Na2HF4,2.3710988,2.2822883
SiAs__Na2HF4,0.663346,0.5923118
SiAs__Na2HF4,0.51370794,0.4763292
Li2SnTeO6__Al2ZnSe4,0.57773745,0.43657947
Li2SnTeO6__Al2ZnSe4,0.32810023,0.32624424
Li2SnTeO6__Al2ZnSe4,1.817422,1.3066212
Li2SnTeO6__Al2ZnSe4,0.5844522,0.48190808
Na5AlO4__PbF4,0.72038823,0.71157324
Na5AlO4__PbF4,2.1046276,2.1259973
Na5AlO4__PbF4,1.5952407,1.5452563
Na5AlO4__PbF4,1.5158062,1.493998
KSn2(PO4)3__TeCl4,1.203041,1.1861324
KSn2(PO4)3__TeCl4,1.824143,1.7905978
KSn2(PO4)3__TeCl4,1.0371492,0.9739122
KSn2(PO4)3__TeCl4,2.5471537,2.5235813
NaP3(PbO3)4__SIO3F,1.9860117,1.9625233
NaP3(PbO3)4__SIO3F,1.6128334,1.6052469
NaP3(PbO3)4__SIO3F,0.83767205,0.78533846
NaP3(PbO3)4__SIO3F,2.4261832,2.3818767
AlP__Na2Zn(GeS3)2,1.4552544,1.4443483
AlP__Na2Zn(GeS3)2,0.4989211,0.48141629
AlP__Na2Zn(GeS3)2,0.9837121,1.0155213
AlP__Na2Zn(GeS3)2,1.5469688,1.6415898
Na3Ca3AlAs4__SnCl2,1.0145012,0.9838653
Na3Ca3AlAs4__SnCl2,2.7494948,2.7617676
Na3Ca3AlAs4__SnCl2,1.1487191,1.1142204
Na3Ca3AlAs4__SnCl2,1.815376,1.8223274
SbBr5F6__NaP15,1.552699,1.5562559
SbBr5F6__NaP15,2.5086873,2.5066054
SbBr5F6__NaP15,0.842204,0.84434885
SbBr5F6__NaP15,2.0893779,2.1046505
Al4CdO7__Te(S2O7)2,1.0431819,1.0125719
Al4CdO7__Te(S2O7)2,1.2031187,1.1490563
Al4CdO7__Te(S2O7)2,0.64891094,0.6421315
Al4CdO7__Te(S2O7)2,1.5513344,1.5192198
SnTe3O8__As2Pb3O8,2.0254142,1.8070081
SnTe3O8__As2Pb3O8,0.5939699,0.5063969
SnTe3O8__As2Pb3O8,1.0705403,0.9460972
SnTe3O8__As2Pb3O8,1.1047237,0.983362
Cd2AsO4F__Br2O3,1.1278079,1.0885991
Cd2AsO4F__Br2O3,0.6683996,0.6600778
Cd2AsO4F__Br2O3,1.0118487,0.9941562
Cd2AsO4F__Br2O3,2.4367852,2.4020975
ZnI2__P2Pb3O8,1.0954647,1.0467082
ZnI2__P2Pb3O8,0.6115799,0.7273781
ZnI2__P2Pb3O8,0.55824983,0.60894847
ZnI2__P2Pb3O8,0.81394064,0.92140007
Zn2AsHO5__HC2N3,1.1968273,1.143707
Zn2AsHO5__HC2N3,1.2997801,1.2857891
Zn2AsHO5__HC2N3,1.7955157,1.7574419
Zn2AsHO5__HC2N3,2.592054,2.4934685
K10Zn4Sn4S17__Sb9S4F39,2.1865947,2.1670158
K10Zn4Sn4S17__Sb9S4F39,0.48153237,0.44356722
K10Zn4Sn4S17__Sb9S4F39,0.9560021,0.8898197
K10Zn4Sn4S17__Sb9S4F39,2.5736873,2.582013
Na2Zn2Si2O7__P2Pb3O8,2.3446798,2.2618558
Na2Zn2Si2O7__P2Pb3O8,1.7057678,1.6871328
Na2Zn2Si2O7__P2Pb3O8,2.000252,1.9082414
Na2Zn2Si2O7__P2Pb3O8,1.4390827,1.4302508
CaAlH5__NaLi3(H2N)4,2.5526435,2.4691732
CaAlH5__NaLi3(H2N)4,1.0327246,0.9962919
CaAlH5__NaLi3(H2N)4,1.4337723,1.37171
CaAlH5__NaLi3(H2N)4,2.1408107,2.045061
K6ZnSe4__As3Pb5ClO12,1.6901121,1.6686349
K6ZnSe4__As3Pb5ClO12,1.6170601,1.5876927
K6ZnSe4__As3Pb5ClO12,0.87823176,0.8550654
K6ZnSe4__As3Pb5ClO12,1.9713311,1.9914662
Ca4SiN4__CaGeN2,1.7639934,1.8525485
Ca4SiN4__CaGeN2,0.7153019,0.71864146
Ca4SiN4__CaGeN2,2.08044,2.2351935
Ca4SiN4__CaGeN2,2.488055,2.7848675
Ca2Ti3O8__SbAs2Cl13,0.6512442,0.5534839
Ca2Ti3O8__SbAs2Cl13,2.6061206,2.5645719
Ca2Ti3O8__SbAs2Cl13,0.5592987,0.5045659
Ca2Ti3O8__SbAs2Cl13,1.8351263,1.8093253
PICl6__Na6Ge2S7,1.3592373,1.3553631
PICl6__Na6Ge2S7,2.797626,2.8333805
PICl6__Na6Ge2S7,0.59844786,0.54256886
PICl6__Na6Ge2S7,0.93372124,0.8813033
NaAsSe2__LiTiPO5,1.6802127,1.6859037
NaAsSe2__LiTiPO5,0.8592267,0.8353891
NaAsSe2__LiTiPO5,1.3349705,1.359999
NaAsSe2__LiTiPO5,2.235613,2.2229497
KSbS2__BrF3,1.3199129,1.2917148
KSbS2__BrF3,1.602632,1.5369874
KSbS2__BrF3,1.3390747,1.3311143
KSbS2__BrF3,2.258339,2.1920009
Ca21(Zn2As9)2__NClO3,0.8174496,0.7427065
Ca21(Zn2As9)2__NClO3,0.65758246,0.62600076
Ca21(Zn2As9)2__NClO3,1.1651679,1.1204263
Ca21(Zn2As9)2__NClO3,1.2280397,1.180535
NaInSn2__CdSe2,1.5191385,1.4636916
NaInSn2__CdSe2,1.8454098,1.7936143
NaInSn2__CdSe2,0.65868306,0.58056265
NaInSn2__CdSe2,2.2249253,2.1994002
SeBr4__Li5SiP3,2.2808766,2.3183188
SeBr4__Li5SiP3,2.7848117,2.7896264
SeBr4__Li5SiP3,1.2121842,1.1846834
SeBr4__Li5SiP3,0.9774121,0.964015
K6ZnSe4__CaTiN2,1.6648297,1.6335667
K6ZnSe4__CaTiN2,0.46761453,0.44975168
K6ZnSe4__CaTiN2,0.5941737,0.52424604
K6ZnSe4__CaTiN2,0.4129552,0.4075281
In2(PS3)3__TiPCl9,2.5965474,2.249529
In2(PS3)3__TiPCl9,1.9406796,1.8744892
In2(PS3)3__TiPCl9,0.40968361,0.38411027
In2(PS3)3__TiPCl9,0.7556006,0.70428807
K4PbO4__LiAlSe2,0.6920737,0.6509558
K4PbO4__LiAlSe2,2.8115504,2.834483
K4PbO4__LiAlSe2,0.9325306,0.9400988
K4PbO4__LiAlSe2,2.3584192,2.3746612
In3SnI5__Na2Se2O7,0.6480926,0.5875506
In3SnI5__Na2Se2O7,0.80359703,0.7380273
In3SnI5__Na2Se2O7,1.095514,1.043068
In3SnI5__Na2Se2O7,0.761941,0.74977034
K6Sn3As5__TiGeS3,2.221634,2.2100205
K6Sn3As5__TiGeS3,0.6960428,0.67080534
K6Sn3As5__TiGeS3,0.701971,0.66152316
K6Sn3As5__TiGeS3,0.5488084,0.49524957
Na3PS4__K3SbTe3,1.3611805,1.1577598
Na3PS4__K3SbTe3,2.634193,2.3448882
Na3PS4__K3SbTe3,0.59854746,0.5021422
Na3PS4__K3SbTe3,1.6485502,1.4154438
Ca3(SiP2)2__K2Ge2S5,2.2905242,2.3235621
Ca3(SiP2)2__K2Ge2S5,2.0914738,2.0269392
Ca3(SiP2)2__K2Ge2S5,2.0009532,2.0052063
Ca3(SiP2)2__K2Ge2S5,1.9369979,1.9589026
NaSbTe2__LiTiAsO5,0.5512407,0.55071396
NaSbTe2__LiTiAsO5,2.096503,2.0680606
NaSbTe2__LiTiAsO5,1.6583128,1.6490518
NaSbTe2__LiTiAsO5,0.5034624,0.48740882
K3SbO4__Na2GeO3,0.65719944,0.6579519
K3SbO4__Na2GeO3,1.0045269,1.0093604
K3SbO4__Na2GeO3,0.8321966,0.8319976
K3SbO4__Na2GeO3,1.0640571,1.0623171
Sb2BrF15__GaTeI7,0.83410347,0.7813509
Sb2BrF15__GaTeI7,1.7492521,1.7479523
Sb2BrF15__GaTeI7,1.8851017,1.8637413
Sb2BrF15__GaTeI7,0.643294,0.6144059
K2Ga2As3__K4PbO4,0.90760934,0.84513605
K2Ga2As3__K4PbO4,0.981736,0.94299775
K2Ga2As3__K4PbO4,1.2450498,1.1882573
K2Ga2As3__K4PbO4,0.91713834,0.852758
KInO2__KIn(TeO3)2,0.8676569,0.86527795
KInO2__KIn(TeO3)2,1.3176736,1.2958955
KInO2__KIn(TeO3)2,1.0935985,1.0665171
KInO2__KIn(TeO3)2,0.7752236,0.724523
Li2TeS3__Na2Sb4O7,0.7110499,0.80799085
Li2TeS3__Na2Sb4O7,2.3183827,2.5827525
Li2TeS3__Na2Sb4O7,1.5330327,1.6635658
Li2TeS3__Na2Sb4O7,1.1215057,1.2447373
K2Sn2O3__Li2Ti6Zn3O16,1.3078456,1.3317052
K2Sn2O3__Li2Ti6Zn3O16,1.5072317,1.6058869
K2Sn2O3__Li2Ti6Zn3O16,0.955335,1.0221063
K2Sn2O3__Li2Ti6Zn3O16,0.7433702,0.73830914
KZnSb__Na2CaTi2(GeO4)3,2.3007758,2.281308
KZnSb__Na2CaTi2(GeO4)3,0.7182685,0.6968786
KZnSb__Na2CaTi2(GeO4)3,2.0468001,2.0879426
KZnSb__Na2CaTi2(GeO4)3,0.6760359,0.616916
Zn(SbO3)2__KSi5N7,1.0057687,0.98030746
Zn(SbO3)2__KSi5N7,1.7267935,1.7323536
Zn(SbO3)2__KSi5N7,1.6702118,1.7105545
Zn(SbO3)2__KSi5N7,2.6304533,2.6228027
P7Pb__Na6S2O9,0.9220335,0.90047055
P7Pb__Na6S2O9,0.94328153,0.935444
P7Pb__Na6S2O9,0.5989595,0.6003364
P7Pb__Na6S2O9,1.6450747,1.6580065
Na6GaAs3__KSnPO5,2.6518593,2.5837438
Na6GaAs3__KSnPO5,2.7575133,2.718079
Na6GaAs3__KSnPO5,0.9589678,0.91411704
Na6GaAs3__KSnPO5,2.1558728,2.1370325
IO2F__K2LiAlH6,1.5588096,1.5506572
IO2F__K2LiAlH6,2.7723205,2.7004607
IO2F__K2LiAlH6,2.386446,2.3591592
IO2F__K2LiAlH6,1.8168694,1.7682433
BrNO3__Ca2As2O7,2.4865777,2.4977276
BrNO3__Ca2As2O7,2.0495114,2.0138307
BrNO3__Ca2As2O7,1.1050645,1.0599982
BrNO3__Ca2As2O7,1.3680562,1.3858148
SbSI__Sb2IBr2F11,2.0291593,1.9440881
SbSI__Sb2IBr2F11,0.59158087,0.5406284
SbSI__Sb2IBr2F11,2.3987045,2.3478312
SbSI__Sb2IBr2F11,0.96098924,0.93727607
Li3SbS4__K2SbCl5,1.0152037,1.0449221
Li3SbS4__K2SbCl5,0.9333896,1.0063982
Li3SbS4__K2SbCl5,0.40853924,0.40692055
Li3SbS4__K2SbCl5,1.6046815,1.7392398
Na5SnP3__K2Li3GaO4,1.7998083,1.811417
Na5SnP3__K2Li3GaO4,0.4888411,0.47373712
Na5SnP3__K2Li3GaO4,2.5511057,2.5470235
Na5SnP3__K2Li3GaO4,2.3300242,2.2943585
SnO2__Al6Cd4SO12,2.252272,2.2094755
SnO2__Al6Cd4SO12,1.128999,1.1416544
SnO2__Al6Cd4SO12,0.72877085,0.7082223
SnO2__Al6Cd4SO12,1.0426224,1.0000689
Na4Ge2PbS6__SbCl5,2.7399278,2.6894047
Na4Ge2PbS6__SbCl5,1.1128051,1.0725709
Na4Ge2PbS6__SbCl5,2.602869,2.5985801
Na4Ge2PbS6__SbCl5,2.4792252,2.5068023
HI3__LiInI4,0.87768734,0.87747234
HI3__LiInI4,0.68109137,0.60267365
HI3__LiInI4,1.4343016,1.4304655
HI3__LiInI4,2.0634542,2.046117
KSbO3__K2Zn(GeO3)2,0.9026708,0.5448994
KSbO3__K2Zn(GeO3)2,0.7203369,0.36997694
KSbO3__K2Zn(GeO3)2,0.68597865,0.40401384
KSbO3__K2Zn(GeO3)2,1.1322185,2.0085485
Ca2Ge__P3HT,1.427176,1.3423876
Ca2Ge__P3HT,2.4943807,2.3988783
Ca2Ge__P3HT,0.9542872,0.89523417
Ca2Ge__P3HT,1.5100408,1.4046682
K4Ti3S14__K2In2P3Se10,0.8793314,0.82487696
K4Ti3S14__K2In2P3Se10,1.3260915,1.3366939
K4Ti3S14__K2In2P3Se10,1.8490999,1.9093887
K4Ti3S14__K2In2P3Se10,2.1347792,2.2568614
TeS7Cl2__Na2LiAlH6,1.0609633,1.0456262
TeS7Cl2__Na2LiAlH6,2.9146957,2.935992
TeS7Cl2__Na2LiAlH6,1.8986977,1.9020013
TeS7Cl2__Na2LiAlH6,2.5711803,2.5907044
K2Sb4O11__Al2Te3,1.5754061,1.317727
K2Sb4O11__Al2Te3,1.9734138,1.388882
K2Sb4O11__Al2Te3,1.9861012,1.4774634
K2Sb4O11__Al2Te3,0.5934255,0.5742859
K4PbO3__SICl7,0.8721656,0.8546435
K4PbO3__SICl7,0.8784952,0.8354345
K4PbO3__SICl7,1.1499797,1.200704
K4PbO3__SICl7,2.6516829,2.5995295
Na2SnAs2__CaTeO3,2.4950876,2.4342864
Na2SnAs2__CaTeO3,0.6979907,0.71084005
Na2SnAs2__CaTeO3,0.9006852,0.9170671
Na2SnAs2__CaTeO3,1.7990698,1.8061692
Sb2O5__K3Li3TeO6,2.5333514,2.4817374
Sb2O5__K3Li3TeO6,1.3309938,1.3027028
Sb2O5__K3Li3TeO6,2.769212,2.7546928
Sb2O5__K3Li3TeO6,0.82732856,0.7993788
K2Pb2O3__Ca2PN3,1.1032119,1.0610043
K2Pb2O3__Ca2PN3,2.4219186,2.5172179
K2Pb2O3__Ca2PN3,0.8180651,0.8460898
K2Pb2O3__Ca2PN3,0.85816467,0.89484316
SCl4__NaGa(SeO3)2,2.0823824,2.1038082
SCl4__NaGa(SeO3)2,1.3409029,1.322755
SCl4__NaGa(SeO3)2,2.4245253,2.4270923
SCl4__NaGa(SeO3)2,2.815625,2.8504984
TeHO3__Cd(GaTe2)2,0.7647974,0.7141499
TeHO3__Cd(GaTe2)2,0.7511015,0.70196533
TeHO3__Cd(GaTe2)2,1.2780045,1.2449534
TeHO3__Cd(GaTe2)2,1.4268974,1.3998221
K2GeSe3__CdPbF6,2.1248674,2.1170306
K2GeSe3__CdPbF6,1.0085306,0.97099954
K2GeSe3__CdPbF6,1.6264107,1.6273834
K2GeSe3__CdPbF6,2.5306907,2.4901888
Pentacene__LiCaAlN2,2.5726664,2.5436404
Pentacene__LiCaAlN2,1.0463954,1.0131962
Pentacene__LiCaAlN2,2.2780592,2.260784
Pentacene__LiCaAlN2,0.71628135,0.6324692
SbBr5F6__Na2In2GeS6,1.4918892,1.4438134
SbBr5F6__Na2In2GeS6,0.8740858,0.87254316
SbBr5F6__Na2In2GeS6,1.2419167,1.2397721
SbBr5F6__Na2In2GeS6,0.9283974,0.84118587
Li3As7(H3N)13__Na2Se2O7,1.1139854,1.1487467
Li3As7(H3N)13__Na2Se2O7,2.6672442,2.7457206
Li3As7(H3N)13__Na2Se2O7,1.3360167,1.3373301
Li3As7(H3N)13__Na2Se2O7,2.0060215,2.05252
LiZnN__Ca(AlSe2)2,0.76990145,0.76747066
LiZnN__Ca(AlSe2)2,2.74385,2.7761333
LiZnN__Ca(AlSe2)2,1.0988193,1.071199
LiZnN__Ca(AlSe2)2,2.0379088,2.0428782
Na5GeP3__K2Zn3O4,1.1210899,0.7969915
Na5GeP3__K2Zn3O4,1.1302503,1.0447257
Na5GeP3__K2Zn3O4,0.32693133,0.34962457
Na5GeP3__K2Zn3O4,1.5136368,1.4142423
Ti(SeO3)2__Sb2S19F12,2.2059922,2.1991699
Ti(SeO3)2__Sb2S19F12,0.66509837,0.6163709
Ti(SeO3)2__Sb2S19F12,0.8688454,0.8177591
Ti(SeO3)2__Sb2S19F12,2.2622411,2.1906207
Li10Sn(PSe6)2__NaInS2,0.525321,0.46307534
Li10Sn(PSe6)2__NaInS2,1.2873602,1.1451147
Li10Sn(PSe6)2__NaInS2,1.5491271,1.3804151
Li10Sn(PSe6)2__NaInS2,2.2840028,2.0968752
K5In3(SiO3)7__SnTe3O8,2.5984416,2.5812209
K5In3(SiO3)7__SnTe3O8,1.8587451,1.8361558
K5In3(SiO3)7__SnTe3O8,0.7704058,0.74733686
K5In3(SiO3)7__SnTe3O8,1.4190098,1.3793391
LiCa11Sb9__KPSe6,1.373928,1.3835708
LiCa11Sb9__KPSe6,1.5314842,1.5044323
LiCa11Sb9__KPSe6,0.5405914,0.4974596
LiCa11Sb9__KPSe6,0.7978351,0.79787636
PTCDA__TeBrO3F5,1.0974264,1.0666853
PTCDA__TeBrO3F5,2.5154142,2.5341122
PTCDA__TeBrO3F5,2.0662503,2.060068
PTCDA__TeBrO3F5,0.83453923,0.7876557
In5S5Br__AlPI8,0.47839484,0.43807554
In5S5Br__AlPI8,1.2294266,1.011854
In5S5Br__AlPI8,1.6904882,1.4247191
In5S5Br__AlPI8,0.5216596,0.44976985
LiSb3O8__TeSe,0.88586503,0.81411403
LiSb3O8__TeSe,0.6387305,0.5899877
LiSb3O8__TeSe,0.6332874,0.6090757
LiSb3O8__TeSe,1.1006465,1.0741256
ZnSe2__NaH2N,0.7498821,0.7189805
ZnSe2__NaH2N,0.7306501,0.67395175
ZnSe2__NaH2N,1.8179832,1.8830589
ZnSe2__NaH2N,1.7997689,1.8424377
Na2SnAs2__SnPCl9,0.44080448,0.4032473
Na2SnAs2__SnPCl9,2.0393453,2.0204325
Na2SnAs2__SnPCl9,2.4534962,2.3895414
Na2SnAs2__SnPCl9,2.670475,2.5920978
KGaI4__SbS8Cl3,1.6691746,1.6550444
KGaI4__SbS8Cl3,2.2064586,2.2152593
KGaI4__SbS8Cl3,2.1381981,2.092755
KGaI4__SbS8Cl3,2.434724,2.3618386
Si__ZnSe2O5,1.3844765,1.3641193
Si__ZnSe2O5,1.0205278,1.0511671
Si__ZnSe2O5,2.353861,2.3163326
Si__ZnSe2O5,1.8298702,1.8098515
IBr__K4Ge(PS3)4,2.8402066,2.8283503
IBr__K4Ge(PS3)4,1.06805,1.0153373
IBr__K4Ge(PS3)4,1.9858134,1.9429802
IBr__K4Ge(PS3)4,1.454112,1.427939
Li2S__P2Pb3S8,2.1823647,2.083569
Li2S__P2Pb3S8,0.7609575,0.72390145
Li2S__P2Pb3S8,1.6484458,1.6018732
Li2S__P2Pb3S8,1.7527549,1.6946324
K6Ti2S6O__PbBr2,0.534133,0.49824935
K6Ti2S6O__PbBr2,1.6461521,1.6272744
K6Ti2S6O__PbBr2,2.0663612,2.027355
K6Ti2S6O__PbBr2,1.9216787,1.8721364
BrF5__K2ZnTe2,0.81418186,0.7762428
BrF5__K2ZnTe2,2.4760284,2.4785397
BrF5__K2ZnTe2,0.6289504,0.54793674
BrF5__K2ZnTe2,0.65205276,0.59366024
Al2PbSe4__SbPO5,1.3919396,1.378322
Al2PbSe4__SbPO5,0.6778891,0.6399061
Al2PbSe4__SbPO5,0.45496163,0.4595983
Al2PbSe4__SbPO5,1.2538201,1.2340823
Na7Al2Sb5__Na6ZnSe4,2.749363,2.7346666
Na7Al2Sb5__Na6ZnSe4,2.7357771,2.7256303
Na7Al2Sb5__Na6ZnSe4,2.3770611,2.3388915
Na7Al2Sb5__Na6ZnSe4,1.001039,0.9589003
K3LiGe4__P2H9(CBr)3,1.1003612,1.0722737
K3LiGe4__P2H9(CBr)3,2.4992769,2.545264
K3LiGe4__P2H9(CBr)3,0.6120487,0.5381762
K3LiGe4__P2H9(CBr)3,1.895327,1.8355108
SnSe__GeSe,0.55749625,0.48829848
SnSe__GeSe,0.7099046,0.7444497
SnSe__GeSe,1.34529,1.4388412
SnSe__GeSe,0.6577399,0.63096946
Ca3GaN3__Na10Zn4O9,0.46851388,0.43144134
Ca3GaN3__Na10Zn4O9,1.4181211,1.351719
Ca3GaN3__Na10Zn4O9,1.4477571,1.4063603
Ca3GaN3__Na10Zn4O9,0.65642446,0.59553576
GeS2__SbClF8,0.9973751,0.95286053
GeS2__SbClF8,1.2004054,1.1704158
GeS2__SbClF8,0.6274453,0.57116383
GeS2__SbClF8,1.4456921,1.4196261
TiSnP2SO12__KSiSbO5,1.5908211,1.4012326
TiSnP2SO12__KSiSbO5,1.8381304,1.6028665
TiSnP2SO12__KSiSbO5,0.51181304,0.4748835
TiSnP2SO12__KSiSbO5,0.8479229,0.72508353
Na3TiF8__Sn5O6,1.2679925,1.2564878
Na3TiF8__Sn5O6,1.2997108,1.2747068
Na3TiF8__Sn5O6,1.826574,1.7780762
Na3TiF8__Sn5O6,2.710727,2.5080183
In2Si2Pb2O9__H4CSN2,2.1569147,2.1421356
In2Si2Pb2O9__H4CSN2,2.726721,2.7266548
In2Si2Pb2O9__H4CSN2,2.0493152,1.9835652
In2Si2Pb2O9__H4CSN2,2.7264626,2.7036607
K4I2O9__SbBr(OF3)2,1.0297283,0.9657672
K4I2O9__SbBr(OF3)2,1.1632497,1.1361846
K4I2O9__SbBr(OF3)2,1.9425262,1.9057871
K4I2O9__SbBr(OF3)2,1.636683,1.6131194
SnO__K2Ga2As3,1.9197533,1.9078734
SnO__K2Ga2As3,0.87069696,0.8423542
SnO__K2Ga2As3,2.4173546,2.4017093
SnO__K2Ga2As3,1.4941583,1.4804436
Li2TiO3__Sn(SO4)2,2.6611288,2.6070719
Li2TiO3__Sn(SO4)2,2.364394,2.3286002
Li2TiO3__Sn(SO4)2,2.1818836,2.129152
Li2TiO3__Sn(SO4)2,0.60333073,0.56173146
SbPS4__CdSiP2,2.718592,2.4605892
SbPS4__CdSiP2,2.7749612,2.5292208
SbPS4__CdSiP2,0.5558786,0.46746057
SbPS4__CdSiP2,1.1056747,0.95416576
Na3AsO4__Ca2SnO4,2.3387694,2.0181832
Na3AsO4__Ca2SnO4,1.6906794,1.469528
Na3AsO4__Ca2SnO4,0.39872217,0.37200004
Na3AsO4__Ca2SnO4,1.0542483,0.9513636
K4Ti3S14__P4S9,2.3323917,2.260317
K4Ti3S14__P4S9,1.2220495,1.15542
K4Ti3S14__P4S9,2.1173544,2.1161604
K4Ti3S14__P4S9,1.4497551,1.4180197
Li2CdGeO4__Rubrene,0.76674664,0.68682605
Li2CdGeO4__Rubrene,1.8127376,1.7836515
Li2CdGeO4__Rubrene,0.8490841,0.8328585
Li2CdGeO4__Rubrene,2.451569,2.3923073
Li2CdGeS4__CaSiN2,1.2625085,1.3142141
Li2CdGeS4__CaSiN2,0.8095574,0.8115032
Li2CdGeS4__CaSiN2,2.552134,2.6983068
Li2CdGeS4__CaSiN2,0.687676,0.6558381
SbCl(OF3)2__Na4Al3Ge3IO12,2.2185888,2.241893
SbCl(OF3)2__Na4Al3Ge3IO12,1.5092579,1.4547768
SbCl(OF3)2__Na4Al3Ge3IO12,0.42774814,0.35328853
SbCl(OF3)2__Na4Al3Ge3IO12,2.008772,2.0010397
K2Sn2Se5__CaSb10(S3O5)2,2.4138834,2.374458
K2Sn2Se5__CaSb10(S3O5)2,2.0438037,1.9593965
K2Sn2Se5__CaSb10(S3O5)2,2.3356524,2.2828991
K2Sn2Se5__CaSb10(S3O5)2,2.1344893,2.0801594
Ca3In2(GeO4)3__K2Zn(H2N)4,0.6759476,0.6133138
Ca3In2(GeO4)3__K2Zn(H2N)4,2.545982,2.4918802
Ca3In2(GeO4)3__K2Zn(H2N)4,1.0830462,1.0277896
Ca3In2(GeO4)3__K2Zn(H2N)4,1.7647259,1.6852821
Sn(SeO3)2__Zn(IO3)2,0.7459866,0.6804097
Sn(SeO3)2__Zn(IO3)2,0.48552638,0.4019075
Sn(SeO3)2__Zn(IO3)2,1.7011386,1.5874376
Sn(SeO3)2__Zn(IO3)2,2.1849854,2.000065
KSb(PO4)2__Li2Se,2.3967268,1.8748765
KSb(PO4)2__Li2Se,1.2875489,0.9796289
KSb(PO4)2__Li2Se,1.6079766,1.2293403
KSb(PO4)2__Li2Se,1.1563152,0.97756046
Li3N__K2O,0.91973627,0.78787565
Li3N__K2O,1.2689056,1.1559207
Li3N__K2O,1.4665383,1.3581344
Li3N__K2O,2.1530063,1.973925
Sn2SI2__SnTe3O8,1.5008398,1.6051955
Sn2SI2__SnTe3O8,1.1885322,1.2933776
Sn2SI2__SnTe3O8,2.2903814,2.446203
Sn2SI2__SnTe3O8,0.5910586,0.5767619
GaSbO4__LiGa5O8,1.3527483,1.3531826
GaSbO4__LiGa5O8,2.6303616,2.605694
GaSbO4__LiGa5O8,2.1852477,2.1676354
GaSbO4__LiGa5O8,0.66915345,0.6269803
SbBr5F6__I2O5,1.1198493,1.2000451
SbBr5F6__I2O5,1.939349,2.1451902
SbBr5F6__I2O5,1.6783396,1.8176317
SbBr5F6__I2O5,1.1786832,1.2598611
K2GaAs2__K2NaGaP2,1.2290407,0.45650077
K2GaAs2__K2NaGaP2,1.0494188,0.5350464
K2GaAs2__K2NaGaP2,1.243578,0.8361036
K2GaAs2__K2NaGaP2,0.48080283,0.46356064
CdIn2O4__Cd2AsHO5,1.5279807,1.4611505
CdIn2O4__Cd2AsHO5,2.7923539,2.7263546
CdIn2O4__Cd2AsHO5,1.4242477,1.3979689
CdIn2O4__Cd2AsHO5,0.39595273,0.39392093
K2SnO2__SeO2,1.9916832,1.9765307
K2SnO2__SeO2,1.451364,1.429901
K2SnO2__SeO2,1.1807101,1.1835932
K2SnO2__SeO2,2.42108,2.429982
In2(SeO4)3__NaTi2(PO4)3,2.87757,2.7168715
In2(SeO4)3__NaTi2(PO4)3,0.9038095,0.8355977
In2(SeO4)3__NaTi2(PO4)3,1.5853332,1.4997932
In2(SeO4)3__NaTi2(PO4)3,1.7642938,1.6385001
Na2ZnO2__SnO,1.2617975,1.2513785
Na2ZnO2__SnO,2.390394,2.396107
Na2ZnO2__SnO,0.83851457,0.7730015
Na2ZnO2__SnO,1.8667285,1.8284508
K4ZnAs2__Na2SnO3,0.8660848,0.8730429
K4ZnAs2__Na2SnO3,1.6795747,1.6620811
K4ZnAs2__Na2SnO3,2.0155606,1.9999087
K4ZnAs2__Na2SnO3,1.407962,1.4337572
NaS__KSi5N7,2.30156,2.2718773
NaS__KSi5N7,1.8083495,1.775169
NaS__KSi5N7,2.527021,2.5042305
NaS__KSi5N7,1.0653617,1.0451696
Ti4S24Cl6O__K5Na(Ti2Se9)3,1.2026113,1.1980896
Ti4S24Cl6O__K5Na(Ti2Se9)3,1.5346876,1.491225
Ti4S24Cl6O__K5Na(Ti2Se9)3,1.2808173,1.2653717
Ti4S24Cl6O__K5Na(Ti2Se9)3,1.6043369,1.5785338
Na6ZnSe4__Ca3In2(GeO4)3,2.3286922,2.3957727
Na6ZnSe4__Ca3In2(GeO4)3,1.4920422,1.4616681
Na6ZnSe4__Ca3In2(GeO4)3,1.2332801,1.2508444
Na6ZnSe4__Ca3In2(GeO4)3,1.7360876,1.7671188
K9InSe7__GaAsO4,1.5581101,1.5560544
K9InSe7__GaAsO4,1.8548409,1.8546213
K9InSe7__GaAsO4,1.4213585,1.3972808
K9InSe7__GaAsO4,2.5342407,2.527758
ZnGeP2__K2Ge(IO3)6,1.3839769,1.402522
ZnGeP2__K2Ge(IO3)6,1.7763224,1.8244135
ZnGeP2__K2Ge(IO3)6,1.1673721,1.1656688
ZnGeP2__K2Ge(IO3)6,1.2049738,1.2334958
KNa7Pb2O7__K3Na2InO4,0.566465,0.5447622
KNa7Pb2O7__K3Na2InO4,1.3832104,1.4355632
KNa7Pb2O7__K3Na2InO4,1.5589281,1.6555818
KNa7Pb2O7__K3Na2InO4,2.1011188,2.1822495
Cd3(PO4)2__Al(IO3)3,1.1842716,1.1739352
Cd3(PO4)2__Al(IO3)3,2.0603852,2.2337692
Cd3(PO4)2__Al(IO3)3,1.4967289,1.5839049
Cd3(PO4)2__Al(IO3)3,0.6675853,0.60839874
Ca4CN4__KSbO2,1.4906952,1.0573566
Ca4CN4__KSbO2,1.6883426,0.8355893
Ca4CN4__KSbO2,0.41222128,0.36622405
Ca4CN4__KSbO2,0.4898335,0.4352597
K4CdAs2__K5InO4,2.0822988,2.1234515
K4CdAs2__K5InO4,2.2228005,2.2581785
K4CdAs2__K5InO4,1.0454359,1.085185
K4CdAs2__K5InO4,0.90339655,0.9050718
KZnSb__In6Te10Pb,0.9437064,0.9215277
KZnSb__In6Te10Pb,0.42837104,0.40263194
KZnSb__In6Te10Pb,1.7254993,1.7119759
KZnSb__In6Te10Pb,1.0208893,0.9962367
K2Sb4O11__GeBr4,1.1814636,1.1554494
K2Sb4O11__GeBr4,1.1566534,1.1037897
K2Sb4O11__GeBr4,2.3156366,2.2751272
K2Sb4O11__GeBr4,1.9127808,1.8824282
KLiS__AsS,2.360545,2.3221781
KLiS__AsS,1.7256804,1.7149454
KLiS__AsS,0.53205454,0.5033605
KLiS__AsS,2.0362577,1.9878074
KNaTe__KGaI4,1.9630165,1.8585275
KNaTe__KGaI4,0.9216819,0.87696844
KNaTe__KGaI4,1.2413987,1.1462748
KNaTe__KGaI4,0.49301204,0.43727863
LiInSiO4__AsN(OF3)2,2.7521048,2.7583027
LiInSiO4__AsN(OF3)2,2.2249882,2.238338
LiInSiO4__AsN(OF3)2,1.4304594,1.3986346
LiInSiO4__AsN(OF3)2,1.4574472,1.4631376
K2Na3SiP3__CaSnN2,0.6955766,0.5805677
K2Na3SiP3__CaSnN2,0.77310693,0.7012785
K2Na3SiP3__CaSnN2,1.6774833,1.5483463
K2Na3SiP3__CaSnN2,1.8062775,1.6711327
AlI3__TeHO3,1.0730342,1.0708355
AlI3__TeHO3,1.6269276,1.6021417
AlI3__TeHO3,2.3613515,2.3167198
AlI3__TeHO3,1.2467227,1.2067937
Ca3(GaP2)2__Al2Se3,1.7646519,1.7713093
Ca3(GaP2)2__Al2Se3,2.1828306,2.1510818
Ca3(GaP2)2__Al2Se3,0.82516545,0.81763446
Ca3(GaP2)2__Al2Se3,1.7592795,1.7201087
Cd(InTe2)2__Ca4As3,0.60208786,0.54223484
Cd(InTe2)2__Ca4As3,2.7540562,2.6964862
Cd(InTe2)2__Ca4As3,1.7038418,1.6744764
Cd(InTe2)2__Ca4As3,2.3679898,2.342302
KNaSe__Al2Cd3(GeO4)3,2.5068517,2.4492006
KNaSe__Al2Cd3(GeO4)3,1.4161713,1.4007093
KNaSe__Al2Cd3(GeO4)3,1.017292,0.991268
KNaSe__Al2Cd3(GeO4)3,1.5662018,1.5536124
InSiTe3__SbBr3,2.7835507,2.7973866
InSiTe3__SbBr3,2.3998313,2.413029
InSiTe3__SbBr3,1.0055349,1.0036129
InSiTe3__SbBr3,1.1351053,1.1408062
KCdGeAs2__Cd3(PO4)2,2.058164,1.978902
KCdGeAs2__Cd3(PO4)2,0.7866606,0.7591567
KCdGeAs2__Cd3(PO4)2,1.8752795,1.8616807
KCdGeAs2__Cd3(PO4)2,2.6451511,2.6176028
K2Al2Sb3__In2Se3,1.5036587,1.4696687
K2Al2Sb3__In2Se3,1.0905727,1.0491614
K2Al2Sb3__In2Se3,1.2977666,1.2477913
K2Al2Sb3__In2Se3,2.162053,2.0895953
Li3AsH16(SO2)4__KBrF4,0.48327768,0.47335857
Li3AsH16(SO2)4__KBrF4,0.50923127,0.48151588
Li3AsH16(SO2)4__KBrF4,0.83662754,0.88585407
Li3AsH16(SO2)4__KBrF4,1.3329113,1.4046406
Ca2PI__K2TiCl6,1.8088565,1.4074534
Ca2PI__K2TiCl6,0.6065841,0.5417716
Ca2PI__K2TiCl6,1.0643902,0.8110965
Ca2PI__K2TiCl6,0.5781659,0.49680376
Na6Ge2S7__PICl6,0.5636268,0.49124092
Na6Ge2S7__PICl6,2.3651218,2.3785841
Na6Ge2S7__PICl6,2.2247658,2.229476
Na6Ge2S7__PICl6,1.0287471,1.0236409
Ca4Sb2O__LiInI4,1.6001977,1.6069529
Ca4Sb2O__LiInI4,1.1507148,1.1514592
Ca4Sb2O__LiInI4,2.7415533,2.7777812
Ca4Sb2O__LiInI4,1.7771702,1.8050967
K2CdSiO4__GaSeBr7,2.1856766,2.0867922
K2CdSiO4__GaSeBr7,1.50602,1.4608794
K2CdSiO4__GaSeBr7,1.0859889,0.99221945
K2CdSiO4__GaSeBr7,1.6702657,1.5968744
Na2GeSe3__K2Na(H2N)3,0.731959,0.76451933
Na2GeSe3__K2Na(H2N)3,1.2650207,1.1325756
Na2GeSe3__K2Na(H2N)3,0.6609882,0.6225873
Na2GeSe3__K2Na(H2N)3,0.37876317,0.39685845
Na6P4Pb3S16__K2SnCl6,1.1337072,1.3814033
Na6P4Pb3S16__K2SnCl6,0.32740858,0.3838215
Na6P4Pb3S16__K2SnCl6,0.9883789,0.9263154
Na6P4Pb3S16__K2SnCl6,1.2034976,1.5191863
Sb2S3__Na4GeO4,0.7603401,0.8389527
Sb2S3__Na4GeO4,1.0766889,1.0835431
Sb2S3__Na4GeO4,0.5677107,0.5543873
Sb2S3__Na4GeO4,2.2002323,2.159523
CaGaGeH__Sn2S3,1.6843816,1.6649104
CaGaGeH__Sn2S3,0.6896601,0.65162146
CaGaGeH__Sn2S3,2.6307967,2.5638428
CaGaGeH__Sn2S3,2.2254148,2.1723452
NaP__CaTi2(HO3)2,2.5885143,2.537867
NaP__CaTi2(HO3)2,0.8830886,0.90819436
NaP__CaTi2(HO3)2,2.0746078,2.0214798
NaP__CaTi2(HO3)2,1.8587772,1.8114294
InBr3__Al2(SeO4)3,1.3795364,1.370222
InBr3__Al2(SeO4)3,2.5671275,2.3978407
InBr3__Al2(SeO4)3,1.371973,1.2824814
InBr3__Al2(SeO4)3,0.5384138,0.46400267
Li2ZnGeS4__CBP,2.8304186,2.8697479
Li2ZnGeS4__CBP,1.2033838,1.198033
Li2ZnGeS4__CBP,0.92130375,0.92555684
Li2ZnGeS4__CBP,1.1983202,1.1813465
K3GeTe3__CaH3NO5,1.1151425,1.1246052
K3GeTe3__CaH3NO5,2.6540928,2.6357806
K3GeTe3__CaH3NO5,0.6012595,0.57891315
K3GeTe3__CaH3NO5,2.1338398,2.1023202
Ca3(GeP2)2__SiH17S3N5,0.6901795,0.61697876
Ca3(GeP2)2__SiH17S3N5,1.4506227,1.4191244
Ca3(GeP2)2__SiH17S3N5,1.4438666,1.3844516
Ca3(GeP2)2__SiH17S3N5,1.8239444,1.8071404
K4I2O9__Li2GeN2,0.740668,0.6977789
K4I2O9__Li2GeN2,1.7414789,1.6243371
K4I2O9__Li2GeN2,0.73276275,0.69515896
K4I2O9__Li2GeN2,1.5302001,1.4935082
CdSO4__InPO4,0.6668672,0.58484465
CdSO4__InPO4,0.86711687,0.74988955
CdSO4__InPO4,0.56215024,0.5135446
CdSO4__InPO4,2.116089,1.9234858
Br2O3__LiGaTe2,0.68261105,0.65265954
Br2O3__LiGaTe2,1.8977147,1.8684072
Br2O3__LiGaTe2,0.9769546,0.95686704
Br2O3__LiGaTe2,0.9052118,0.8547588
NOF__LiTiAsO5,0.7942337,0.78202003
NOF__LiTiAsO5,0.99586,0.95111924
NOF__LiTiAsO5,2.5481954,2.4903007
NOF__LiTiAsO5,2.2116492,2.2829466
Cd(GaSe2)2__K4SiO4,2.5559144,2.6154425
Cd(GaSe2)2__K4SiO4,1.6471281,1.6633359
Cd(GaSe2)2__K4SiO4,0.92547613,0.9826558
Cd(GaSe2)2__K4SiO4,2.6725926,2.759283
TiI4__Al2ZnSe4,2.720847,2.7258008
TiI4__Al2ZnSe4,1.6652466,1.6796844
TiI4__Al2ZnSe4,0.82573104,0.7720911
TiI4__Al2ZnSe4,1.195973,1.1800483
K2Ti2O5__Zn(SbO3)2,1.8586458,1.8367106
K2Ti2O5__Zn(SbO3)2,2.4122849,2.4283493
K2Ti2O5__Zn(SbO3)2,2.0024686,1.9834952
K2Ti2O5__Zn(SbO3)2,2.764344,2.7011359
TeI4__SbH36S4N11,1.7323163,1.460711
TeI4__SbH36S4N11,1.9045906,2.0794196
TeI4__SbH36S4N11,0.59099,0.5588718
TeI4__SbH36S4N11,1.0635464,0.86910987
ZnSb4H18S7N6__Te2O3F2,1.5620968,1.5578903
ZnSb4H18S7N6__Te2O3F2,0.8722367,0.8238969
ZnSb4H18S7N6__Te2O3F2,2.0319366,2.0001495
ZnSb4H18S7N6__Te2O3F2,2.6072536,2.6140501
ICl3__GaP,0.9806939,0.93082845
ICl3__GaP,1.8528045,1.8306977
ICl3__GaP,0.5638561,0.551733
ICl3__GaP,0.84028685,0.7724531
SiH17S3N5__Na6GaP3,1.2907137,1.2708961
SiH17S3N5__Na6GaP3,2.6768067,2.6384866
SiH17S3N5__Na6GaP3,0.7320308,0.74853235
SiH17S3N5__Na6GaP3,0.70434296,0.70640117
Na2PbO3__K3As11,2.7219784,2.4045007
Na2PbO3__K3As11,0.8656107,0.7315238
Na2PbO3__K3As11,2.4605088,2.1572387
Na2PbO3__K3As11,0.5369031,0.4888175
TiSO5__Li4Zn(H2N)6,1.4005147,1.0048202
TiSO5__Li4Zn(H2N)6,1.186199,0.90278727
TiSO5__Li4Zn(H2N)6,0.45106548,0.4053586
TiSO5__Li4Zn(H2N)6,0.9620443,0.8656929
Na3SiTe3__SbPO5,0.7013588,0.6458909
Na3SiTe3__SbPO5,2.7399979,2.6927679
Na3SiTe3__SbPO5,2.8862607,2.8588111
Na3SiTe3__SbPO5,0.75578535,0.72969335
KSb(PO4)2__Ca3Ga2(GeO4)3,0.4067661,0.36953098
KSb(PO4)2__Ca3Ga2(GeO4)3,2.506662,2.1477025
KSb(PO4)2__Ca3Ga2(GeO4)3,1.7280031,1.4631904
KSb(PO4)2__Ca3Ga2(GeO4)3,1.7699513,1.4892035
Ti(SO4)2__Sn2(SO4)3,1.732746,1.6448015
Ti(SO4)2__Sn2(SO4)3,1.8976141,1.8104889
Ti(SO4)2__Sn2(SO4)3,0.6801468,0.6448663
Ti(SO4)2__Sn2(SO4)3,1.0515985,0.9876193
Li7SbN4__Ti5(PO5)4,2.1364048,2.0267105
Li7SbN4__Ti5(PO5)4,0.97774935,0.91185194
Li7SbN4__Ti5(PO5)4,2.2454576,2.216421
Li7SbN4__Ti5(PO5)4,1.5018346,1.4368852
KSb(PSe3)2__KH(IO3)2,1.6338365,1.6327572
KSb(PSe3)2__KH(IO3)2,2.158533,2.149196
KSb(PSe3)2__KH(IO3)2,2.180193,2.1237943
KSb(PSe3)2__KH(IO3)2,0.74325013,0.7320009
Ca11InSb9__Ga2PbO4,2.465815,2.435574
Ca11InSb9__Ga2PbO4,2.470452,2.4071188
Ca11InSb9__Ga2PbO4,2.6597323,2.6415133
Ca11InSb9__Ga2PbO4,2.0669487,2.0380497
K2Se5__K3AlSe3,2.493849,2.5246656
K2Se5__K3AlSe3,1.2037523,1.2333902
K2Se5__K3AlSe3,2.2451773,2.2930207
K2Se5__K3AlSe3,1.649246,1.6636316
NaInS2__CaPS3,0.8021972,0.7718012
NaInS2__CaPS3,1.3319097,1.3578445
NaInS2__CaPS3,1.7530103,1.7269138
NaInS2__CaPS3,2.1996837,2.1902707
K2GeTe4__Na3GeSe3,1.4353129,1.4107754
K2GeTe4__Na3GeSe3,0.9694184,0.94679624
K2GeTe4__Na3GeSe3,0.61409515,0.5779027
K2GeTe4__Na3GeSe3,1.5107076,1.4676963
AlP__Zn(GaO2)2,2.1721756,2.0307567
AlP__Zn(GaO2)2,0.7237153,0.65205014
AlP__Zn(GaO2)2,2.4558837,2.3071237
AlP__Zn(GaO2)2,1.7193185,1.6537234
Na5InTe4__ICl,0.97876495,0.9695216
Na5InTe4__ICl,0.6778702,0.60482925
Na5InTe4__ICl,1.134615,1.1282502
Na5InTe4__ICl,0.53794533,0.46974158
Ga2PbSe4__Ca3CdO4,0.5517537,0.33338323
Ga2PbSe4__Ca3CdO4,0.58108056,0.31660366
Ga2PbSe4__Ca3CdO4,0.33778965,0.36544168
Ga2PbSe4__Ca3CdO4,0.7054122,1.0490324
KIO3__NaCdPO4,1.1048907,0.8870277
KIO3__NaCdPO4,0.89111,0.6968408
KIO3__NaCdPO4,0.32562506,0.3214234
KIO3__NaCdPO4,1.1381043,0.8716288
LiCa3As2H__SiI3,2.623936,2.647762
LiCa3As2H__SiI3,0.58227307,0.5508118
LiCa3As2H__SiI3,2.6835608,2.6803975
LiCa3As2H__SiI3,0.88008106,0.8319153
K2Sn2Se5__InSb3Pb4O13,0.55787265,0.49923402
K2Sn2Se5__InSb3Pb4O13,1.84065,1.6942319
K2Sn2Se5__InSb3Pb4O13,2.0646715,1.9530007
K2Sn2Se5__InSb3Pb4O13,2.7663844,2.4783494
C__KH2(IO3)3,1.1843973,1.1806657
C__KH2(IO3)3,2.3755465,2.3310125
C__KH2(IO3)3,0.8391859,0.7966493
C__KH2(IO3)3,2.218238,2.1828306
CaHN__AsI3,2.6915889,2.6189187
CaHN__AsI3,1.1936455,1.1606469
CaHN__AsI3,2.366175,2.3595755
CaHN__AsI3,2.3590052,2.2975268
Ca3(GaP2)2__Zn(InSe2)2,1.0996819,1.0652938
Ca3(GaP2)2__Zn(InSe2)2,0.76504844,0.7298031
Ca3(GaP2)2__Zn(InSe2)2,2.728148,2.661959
Ca3(GaP2)2__Zn(InSe2)2,0.660189,0.60871816
ICl3__Na2SnO2,2.4872108,2.4851642
ICl3__Na2SnO2,2.4236248,2.3744433
ICl3__Na2SnO2,1.1643945,1.1295522
ICl3__Na2SnO2,1.1486751,1.1385193
SiSe2__Ca4CN4,0.64304245,0.5488831
SiSe2__Ca4CN4,0.7897262,0.66464144
SiSe2__Ca4CN4,1.2343657,1.0138539
SiSe2__Ca4CN4,1.6082456,1.3342232
CaSe__K2CdGeO4,2.0697858,1.950548
CaSe__K2CdGeO4,0.91234505,0.82700264
CaSe__K2CdGeO4,1.1235247,1.0730981
CaSe__K2CdGeO4,2.6295872,2.4738724
K2Li(H2N)3__NaIn(GeO3)2,1.3280703,1.0303847
K2Li(H2N)3__NaIn(GeO3)2,0.7633857,0.604463
K2Li(H2N)3__NaIn(GeO3)2,0.5590692,0.46148992
K2Li(H2N)3__NaIn(GeO3)2,0.95877963,0.80653995
K2Ge(IO3)6__Si2H2S3,0.52871543,0.5144867
K2Ge(IO3)6__Si2H2S3,1.811136,1.7316729
K2Ge(IO3)6__Si2H2S3,0.83038926,0.782101
K2Ge(IO3)6__Si2H2S3,1.3655262,1.3599484
LiZnP__ZnPbF6,1.074172,1.0609215
LiZnP__ZnPbF6,1.5674312,1.5623335
LiZnP__ZnPbF6,0.84155226,0.78627366
LiZnP__ZnPbF6,1.081203,1.0575389
LiCaP__Ca2Al2Sn2O9,1.360517,1.3435093
LiCaP__Ca2Al2Sn2O9,1.9117739,1.8901193
LiCaP__Ca2Al2Sn2O9,1.1279243,1.1071874
LiCaP__Ca2Al2Sn2O9,0.44275624,0.4281611
K4CdAs2__CaSn(SO4)3,0.6636012,0.6452668
K4CdAs2__CaSn(SO4)3,0.61406,0.5785204
K4CdAs2__CaSn(SO4)3,0.6552553,0.62675947
K4CdAs2__CaSn(SO4)3,2.5509508,2.489769
Na8Ga2O7__NClOF4,0.77518266,0.7566561
Na8Ga2O7__NClOF4,0.9077719,0.8974334
Na8Ga2O7__NClOF4,2.1800003,2.1139925
Na8Ga2O7__NClOF4,2.2624106,2.274921
KSnS4__Cd3SiO5,1.9704677,1.9137629
KSnS4__Cd3SiO5,2.1486382,2.1206503
KSnS4__Cd3SiO5,1.201132,1.1556625
KSnS4__Cd3SiO5,0.7335532,0.72215265
SCl__K3Si6H6N11,2.1012206,2.1098864
SCl__K3Si6H6N11,1.1238667,1.1424352
SCl__K3Si6H6N11,2.2155163,2.2262616
SCl__K3Si6H6N11,2.4354622,2.3969815
LiInSiO4__TiI2O7,2.8081627,2.7461786
LiInSiO4__TiI2O7,0.77412885,0.7699652
LiInSiO4__TiI2O7,1.491459,1.4580342
LiInSiO4__TiI2O7,2.0184562,1.9505509
K3TiCl6__CaAlH5,1.031132,1.0457131
K3TiCl6__CaAlH5,2.1455252,2.1241841
K3TiCl6__CaAlH5,2.585281,2.5818088
K3TiCl6__CaAlH5,2.4409301,2.4184232
GeS__SnBr2,1.5739311,1.5600938
GeS__SnBr2,0.8183877,0.8254289
GeS__SnBr2,1.9627638,1.9389156
GeS__SnBr2,1.2705092,1.2631725
Na5InS4__Ca3Ga2Si(SnO6)2,2.3794713,2.5676339
Na5InS4__Ca3Ga2Si(SnO6)2,0.87415665,0.9176442
Na5InS4__Ca3Ga2Si(SnO6)2,1.3458858,1.3699293
Na5InS4__Ca3Ga2Si(SnO6)2,0.724941,0.70158595
CdP14Pb__Sb2Te2O9,1.042456,1.0535643
CdP14Pb__Sb2Te2O9,0.80069035,0.7654915
CdP14Pb__Sb2Te2O9,1.6726494,1.6476504
CdP14Pb__Sb2Te2O9,0.6263144,0.6011437
Na2Si2Se5__K4GeS4,1.3503766,1.1481478
Na2Si2Se5__K4GeS4,1.3071746,0.9731545
Na2Si2Se5__K4GeS4,0.43726704,0.44219851
Na2Si2Se5__K4GeS4,0.4575849,0.4200048
Ca(GaSe2)2__KAlSe2,0.5573563,0.5260873
Ca(GaSe2)2__KAlSe2,1.6534728,1.77075
Ca(GaSe2)2__KAlSe2,1.8518305,1.9755253
Ca(GaSe2)2__KAlSe2,2.239194,2.330693
SiAs2__Na4SeO5,1.3156056,1.7194117
SiAs2__Na4SeO5,0.81213075,0.8655154
SiAs2__Na4SeO5,0.70895624,0.82025063
SiAs2__Na4SeO5,0.9705261,1.083932
K2CdO2__Cd2Te2O7,1.1879344,1.1747451
K2CdO2__Cd2Te2O7,1.1676689,1.1451263
K2CdO2__Cd2Te2O7,0.4939246,0.45596528
K2CdO2__Cd2Te2O7,1.0369542,1.061268
As2Pb8O13__TiCl4,0.3993257,0.39177668
As2Pb8O13__TiCl4,0.9156044,0.93898517
As2Pb8O13__TiCl4,1.907113,1.981193
As2Pb8O13__TiCl4,1.0316424,1.0867406
Ca2BrN__Sn2(SO4)3,0.7667197,0.73217267
Ca2BrN__Sn2(SO4)3,1.7293912,1.6896809
Ca2BrN__Sn2(SO4)3,0.49213907,0.47825795
Ca2BrN__Sn2(SO4)3,2.476321,2.3968947
Al(TeCl2)2__NaP3(PbO3)4,0.6001503,0.5859378
Al(TeCl2)2__NaP3(PbO3)4,1.1122552,1.098427
Al(TeCl2)2__NaP3(PbO3)4,0.68044776,0.6179163
Al(TeCl2)2__NaP3(PbO3)4,2.538693,2.5105143
K3LiGe4__Li2GePbS4,1.2381842,0.87130755
K3LiGe4__Li2GePbS4,1.2883664,0.8884267
K3LiGe4__Li2GePbS4,1.5942024,1.1115959
K3LiGe4__Li2GePbS4,1.0145146,0.7145629
K2Ti2O5__CaGeO3,1.5092493,1.4004443
K2Ti2O5__CaGeO3,1.8211632,1.280122
K2Ti2O5__CaGeO3,1.4571544,1.3656397
K2Ti2O5__CaGeO3,1.6243087,1.591759
CdSO4__TiSnP2SO12,1.2429749,1.0788419
CdSO4__TiSnP2SO12,1.6529064,1.3421919
CdSO4__TiSnP2SO12,1.7163167,1.3847901
CdSO4__TiSnP2SO12,2.4392421,2.0536547
Te3As2__LiSb3O8,1.6129723,1.463864
Te3As2__LiSb3O8,2.2380981,2.0384352
Te3As2__LiSb3O8,1.352675,1.2383547
Te3As2__LiSb3O8,0.53976077,0.47093755
KZnP__Li10Zn4O9,0.6503742,0.56541675
KZnP__Li10Zn4O9,1.6817027,1.6742902
KZnP__Li10Zn4O9,0.77162427,0.7770608
KZnP__Li10Zn4O9,0.914768,0.8630557
K2ZnSe2__KH2(IO3)3,1.8307499,1.7558955
K2ZnSe2__KH2(IO3)3,0.85492885,0.8072729
K2ZnSe2__KH2(IO3)3,2.518205,2.4695866
K2ZnSe2__KH2(IO3)3,1.5815773,1.5876182
PbSe2O5__TeO2,0.59521806,0.52731293
PbSe2O5__TeO2,2.1490526,2.0714602
PbSe2O5__TeO2,1.1666715,1.0827807
PbSe2O5__TeO2,1.3512417,1.2817273
BrF3__NaCa2IO6,2.0735104,2.0215795
BrF3__NaCa2IO6,1.7799053,1.7962837
BrF3__NaCa2IO6,1.6708544,1.6337181
BrF3__NaCa2IO6,2.4542274,2.4213517
PbS__GaP,1.9670115,1.9074973
PbS__GaP,2.514261,2.4641938
PbS__GaP,2.5332084,2.4892247
PbS__GaP,1.4156052,1.3969599
GaN__TePb5O8,1.534296,1.4795097
GaN__TePb5O8,1.4313179,1.3205651
GaN__TePb5O8,0.73217076,0.69270074
GaN__TePb5O8,2.1155684,2.008589
K10In5Sb9__Na2In2SiS6,0.67787474,0.6965444
K10In5Sb9__Na2In2SiS6,2.6680112,2.6696157
K10In5Sb9__Na2In2SiS6,2.5668643,2.5807097
K10In5Sb9__Na2In2SiS6,2.7262175,2.723379
Li2ZnGeO4__CBP,1.0304011,1.0220257
Li2ZnGeO4__CBP,1.6009378,1.5258191
Li2ZnGeO4__CBP,1.4327419,1.4265879
Li2ZnGeO4__CBP,0.61023396,0.6101027
SiAs__Ca(H2N)2,0.7280702,0.7007233
SiAs__Ca(H2N)2,0.6887937,0.65795267
SiAs__Ca(H2N)2,2.0159483,2.0749013
SiAs__Ca(H2N)2,2.5239904,2.6335928
K3P11__KF2,1.2129104,1.1928892
K3P11__KF2,0.7243339,0.6520017
K3P11__KF2,0.72691655,0.6600974
K3P11__KF2,2.5398996,2.4917343
K5Zn4Sn5H4S17N__Cd(InS2)2,0.7681858,0.6303637
K5Zn4Sn5H4S17N__Cd(InS2)2,1.3310455,1.1125451
K5Zn4Sn5H4S17N__Cd(InS2)2,0.7629806,0.62845755
K5Zn4Sn5H4S17N__Cd(InS2)2,0.5522345,0.4649431
KP15__K3Li3TeO6,0.64612323,0.6588599
KP15__K3Li3TeO6,2.206819,2.2243178
KP15__K3Li3TeO6,2.2212634,2.2451103
KP15__K3Li3TeO6,1.9738442,1.9548768
Cd(InSe2)2__TePCl9,0.98202175,0.94343716
Cd(InSe2)2__TePCl9,0.99921197,0.97845876
Cd(InSe2)2__TePCl9,1.5239558,1.4614738
Cd(InSe2)2__TePCl9,0.9428949,0.95194906
Na4TiP2O9__KGaI4,1.9880692,1.6642115
Na4TiP2O9__KGaI4,0.8756821,0.7389619
Na4TiP2O9__KGaI4,2.2861955,1.9402895
Na4TiP2O9__KGaI4,2.6166813,2.237787
Na2TeS3__LiIn(IO3)4,0.62004924,0.6408101
Na2TeS3__LiIn(IO3)4,0.8596201,0.9204859
Na2TeS3__LiIn(IO3)4,0.789034,0.7649716
Na2TeS3__LiIn(IO3)4,1.5168822,1.6293733
LiZnP__TiSO5,1.2127647,1.1868356
LiZnP__TiSO5,2.5964806,2.580392
LiZnP__TiSO5,0.55000186,0.50852025
LiZnP__TiSO5,2.6996877,2.6183796
Li3As__CdIn2O4,1.3194704,1.2469192
Li3As__CdIn2O4,1.6154026,1.544335
Li3As__CdIn2O4,1.740948,1.6267024
Li3As__CdIn2O4,2.0603054,1.9645082
K14In4O13__Sn3(PO4)2,1.66663,1.6681254
K14In4O13__Sn3(PO4)2,1.3039899,1.2923119
K14In4O13__Sn3(PO4)2,2.5262566,2.51538
K14In4O13__Sn3(PO4)2,1.38075,1.3509499
InSb3F18__NPB,1.6953937,1.6258243
InSb3F18__NPB,1.7239476,1.6619078
InSb3F18__NPB,1.3359492,1.2522618
InSb3F18__NPB,2.4286172,2.2716906
NaCa2IO6__Na2Ti2Si2O9,1.0419163,1.035716
NaCa2IO6__Na2Ti2Si2O9,1.5400283,1.6469362
NaCa2IO6__Na2Ti2Si2O9,0.9719501,1.0240635
NaCa2IO6__Na2Ti2Si2O9,1.2621213,1.2175999
K3Na2InO4__K3SbSe3,1.9336538,1.8283832
K3Na2InO4__K3SbSe3,1.3572675,1.3029908
K3Na2InO4__K3SbSe3,1.1340761,1.0611883
K3Na2InO4__K3SbSe3,0.7014531,0.65679353
Cd(GaSe2)2__Na4TiP2O9,1.7932893,1.8062557
Cd(GaSe2)2__Na4TiP2O9,2.5579803,2.5581186
Cd(GaSe2)2__Na4TiP2O9,1.9509878,1.9522977
Cd(GaSe2)2__Na4TiP2O9,1.6426094,1.6350187
Na5GeP3__SnS,0.6298781,0.5915439
Na5GeP3__SnS,1.0579702,1.0016718
Na5GeP3__SnS,2.6367803,2.5628278
Na5GeP3__SnS,0.9734315,0.9520251
K2PbO2__K4SiO4,0.92105293,0.91344875
K2PbO2__K4SiO4,2.2240775,2.30008
K2PbO2__K4SiO4,2.109421,2.106236
K2PbO2__K4SiO4,0.68537396,0.6622024
CdTe__Na2S5,1.4749941,1.4566138
CdTe__Na2S5,1.451188,1.4193662
CdTe__Na2S5,2.716166,2.6804452
CdTe__Na2S5,2.0486484,1.971908
KGe__K6Se2O9,0.83268476,0.8266435
KGe__K6Se2O9,2.482433,2.412388
KGe__K6Se2O9,2.5096705,2.4800022
KGe__K6Se2O9,1.9170704,1.8863118
In4SnS4__CaGeO3,2.6533713,2.6441102
In4SnS4__CaGeO3,2.1787329,2.1265628
In4SnS4__CaGeO3,0.40904084,0.43727243
In4SnS4__CaGeO3,0.8423068,0.82991844
K2NaInSb2__Na2Zn2O3,1.9682536,1.9221479
K2NaInSb2__Na2Zn2O3,1.6307566,1.5885135
K2NaInSb2__Na2Zn2O3,0.75012845,0.7094206
K2NaInSb2__Na2Zn2O3,2.0844305,2.024641
Na6GaAs3__Na2TiS2O,1.4732249,1.4665956
Na6GaAs3__Na2TiS2O,2.739631,2.7285206
Na6GaAs3__Na2TiS2O,1.9823537,1.9357817
Na6GaAs3__Na2TiS2O,2.5822225,2.5338721
K2Ge2Se5__AlH3,1.9475209,1.9446254
K2Ge2Se5__AlH3,2.5221076,2.4292192
K2Ge2Se5__AlH3,1.4500474,1.3652273
K2Ge2Se5__AlH3,2.3951452,2.2765524
P3NCl12__Ga2PbS4,2.7410536,2.7418048
P3NCl12__Ga2PbS4,0.65434045,0.5970908
P3NCl12__Ga2PbS4,1.7301382,1.6942375
P3NCl12__Ga2PbS4,1.2304678,1.1894473
InSiTe3__K(GeAs)3,1.861017,1.1908014
InSiTe3__K(GeAs)3,0.7372193,0.5639551
InSiTe3__K(GeAs)3,2.3450866,1.612368
InSiTe3__K(GeAs)3,1.8924313,1.2637668
Li2TeO4__Na4As2O7,1.5117505,1.5980635
Li2TeO4__Na4As2O7,0.53469557,0.50429434
Li2TeO4__Na4As2O7,1.513552,1.6274945
Li2TeO4__Na4As2O7,0.77889764,0.73724294
K2GeTe4__Na2CaSn2(GeO4)3,0.8844823,0.94890505
K2GeTe4__Na2CaSn2(GeO4)3,2.3721576,2.558057
K2GeTe4__Na2CaSn2(GeO4)3,1.7421815,1.8999289
K2GeTe4__Na2CaSn2(GeO4)3,1.8588494,2.0899255
K6Si2S6O__Na3H5(SeO4)4,1.9199847,1.8252414
K6Si2S6O__Na3H5(SeO4)4,0.99000764,0.9380446
K6Si2S6O__Na3H5(SeO4)4,2.062032,1.9217949
K6Si2S6O__Na3H5(SeO4)4,0.7756346,0.6422229
Zn2(PS3)3__LiTi2(PO4)3,2.082465,1.9668385
Zn2(PS3)3__LiTi2(PO4)3,2.2866242,2.1978023
Zn2(PS3)3__LiTi2(PO4)3,2.411754,2.186872
Zn2(PS3)3__LiTi2(PO4)3,0.62104774,0.5981814
SbCl5__Li2Te,1.0369395,0.99340904
SbCl5__Li2Te,0.73897576,0.6876344
SbCl5__Li2Te,1.9575292,1.8986632
SbCl5__Li2Te,1.595976,1.5704587
PICl6__K2SbCl5,1.1236383,1.0983016
PICl6__K2SbCl5,1.9728618,1.9751078
PICl6__K2SbCl5,2.00175,1.9898647
PICl6__K2SbCl5,1.4922316,1.5179013
K3SbSe3__Te2O3F2,0.6310612,0.56981456
K3SbSe3__Te2O3F2,1.2554046,1.2210639
K3SbSe3__Te2O3F2,2.222886,2.2157235
K3SbSe3__Te2O3F2,1.2463276,1.2237536
K2LiGaAs2__Sb2O5,1.4017069,1.3693001
K2LiGaAs2__Sb2O5,0.6436958,0.5515641
K2LiGaAs2__Sb2O5,1.2012491,1.1589373
K2LiGaAs2__Sb2O5,1.3802178,1.347099
AlI3__NaAlI4,2.4151282,2.1619563
AlI3__NaAlI4,1.2072502,1.019514
AlI3__NaAlI4,0.6424156,0.54728514
AlI3__NaAlI4,1.8727825,1.5910699
GeS__NaHO,2.5293326,2.5247538
GeS__NaHO,2.3584142,2.3658805
GeS__NaHO,1.8758448,1.9305875
GeS__NaHO,0.52876776,0.46688646
Na2CaTi2(GeO4)3__KCd6P7O24,0.98276895,0.9367389
Na2CaTi2(GeO4)3__KCd6P7O24,2.4358208,2.354632
Na2CaTi2(GeO4)3__KCd6P7O24,1.8548574,1.7782317
Na2CaTi2(GeO4)3__KCd6P7O24,0.8862809,0.8344586
Na3TiF8__HS2IO8,0.51567596,0.5031633
Na3TiF8__HS2IO8,2.2622325,2.2515736
Na3TiF8__HS2IO8,1.3118973,1.3270928
Na3TiF8__HS2IO8,2.432379,2.4038107
K(TeO3)2__Ge(PbS2)2,1.2601566,1.3094198
K(TeO3)2__Ge(PbS2)2,1.5462548,1.5992275
K(TeO3)2__Ge(PbS2)2,0.51228714,0.5010317
K(TeO3)2__Ge(PbS2)2,1.6167383,1.6967014
Na2TeO4__PSe,1.966815,1.9073957
Na2TeO4__PSe,1.1369171,1.0941063
Na2TeO4__PSe,1.5061435,1.4553269
Na2TeO4__PSe,2.8084457,2.6400912
K2Zn(SnSe3)2__Al2PbS4,0.8203123,0.8468444
K2Zn(SnSe3)2__Al2PbS4,0.68453807,0.67625093
K2Zn(SnSe3)2__Al2PbS4,2.1865177,2.2810144
K2Zn(SnSe3)2__Al2PbS4,0.5542458,0.5032646
LiNO3__Ca5(IO6)2,2.1893408,1.7635046
LiNO3__Ca5(IO6)2,2.023883,1.6322862
LiNO3__Ca5(IO6)2,0.9455704,0.7774201
LiNO3__Ca5(IO6)2,1.798584,1.4487509
Ca5(IO6)2__K3In(IO3)6,1.4624335,1.3258193
Ca5(IO6)2__K3In(IO3)6,2.0366213,1.8210495
Ca5(IO6)2__K3In(IO3)6,2.1278355,1.9010669
Ca5(IO6)2__K3In(IO3)6,1.2790245,1.1844742
KAlTe2__PTCDA,2.5644479,2.4556134
KAlTe2__PTCDA,1.4003273,1.2848539
KAlTe2__PTCDA,2.715539,2.6216178
KAlTe2__PTCDA,2.4539845,2.2929418
K(TeO3)2__ClF5,1.3795098,1.3832856
K(TeO3)2__ClF5,2.2604344,2.2552516
K(TeO3)2__ClF5,0.612208,0.6198558
K(TeO3)2__ClF5,1.4966837,1.4750507
TiP2PbO8__Cd(NO3)2,0.67629147,0.63476217
TiP2PbO8__Cd(NO3)2,2.1332333,2.0961263
TiP2PbO8__Cd(NO3)2,0.41221327,0.38014197
TiP2PbO8__Cd(NO3)2,0.836186,0.8121624
K3SbO4__NOF,2.1426947,2.1079981
K3SbO4__NOF,0.42140162,0.37062952
K3SbO4__NOF,1.6875429,1.6672791
K3SbO4__NOF,2.4812877,2.4453988
K14In4O13__ZnO,1.8930426,1.9181896
K14In4O13__ZnO,0.6478403,0.6132356
K14In4O13__ZnO,0.91675013,0.8716267
K14In4O13__ZnO,0.7899859,0.7448508
LiCaP__NaTi2(AsO4)3,1.4312304,1.4493093
LiCaP__NaTi2(AsO4)3,2.7580802,2.6653302
LiCaP__NaTi2(AsO4)3,1.1700397,1.1420746
LiCaP__NaTi2(AsO4)3,0.94991577,0.9474991
Na4Si2PbSe6__S3(NO7)2,1.9211006,1.8610293
Na4Si2PbSe6__S3(NO7)2,0.60478956,0.5785321
Na4Si2PbSe6__S3(NO7)2,1.1398103,1.1022916
Na4Si2PbSe6__S3(NO7)2,2.0502837,2.0431874
Li7PSe6__CdI2,2.4775891,2.3959897
Li7PSe6__CdI2,1.0534779,1.0060817
Li7PSe6__CdI2,0.84037113,0.8365702
Li7PSe6__CdI2,1.2422698,1.2243562
K2CdGeO4__Na3In(PO4)2,1.4797883,1.6525804
K2CdGeO4__Na3In(PO4)2,1.178322,1.3180743
K2CdGeO4__Na3In(PO4)2,1.8165032,2.1068916
K2CdGeO4__Na3In(PO4)2,1.8192358,2.1882155
Al(IO3)3__NPB,2.4000967,2.303477
Al(IO3)3__NPB,1.6118743,1.5868523
Al(IO3)3__NPB,1.3831785,1.3145921
Al(IO3)3__NPB,2.5796497,2.4909878
As(BrF2)3__KSn2Cl5,1.3573657,1.3333768
As(BrF2)3__KSn2Cl5,0.6429795,0.5680082
As(BrF2)3__KSn2Cl5,2.1480026,2.1442187
As(BrF2)3__KSn2Cl5,0.481535,0.38961
Ca3PN__Ca3AlN3,1.4618464,1.4373575
Ca3PN__Ca3AlN3,1.2143503,1.258274
Ca3PN__Ca3AlN3,1.8602787,1.8287367
Ca3PN__Ca3AlN3,1.9110652,1.852826
K2CdSiO4__KGaO2,1.3318777,1.1358811
K2CdSiO4__KGaO2,0.77234143,0.6287776
K2CdSiO4__KGaO2,1.5171025,1.319079
K2CdSiO4__KGaO2,2.4777076,2.1584122
CdP14Pb__K4Ti3S14,2.1878228,1.9261502
CdP14Pb__K4Ti3S14,1.3471237,1.1866791
CdP14Pb__K4Ti3S14,1.3491167,1.2011276
CdP14Pb__K4Ti3S14,2.2465327,2.0096774
K2NaInAs2__NaSi,1.0726637,0.97340137
K2NaInAs2__NaSi,2.351603,1.5617334
K2NaInAs2__NaSi,1.3914081,1.2825081
K2NaInAs2__NaSi,1.9508334,1.8563458
GeSe2__NaAsS2,1.1304425,0.9388334
GeSe2__NaAsS2,1.9603453,1.5428356
GeSe2__NaAsS2,1.2548506,1.0418044
GeSe2__NaAsS2,2.0971208,1.7142543
Te3As2__Ca3AsCl3,1.6674855,1.6944586
Te3As2__Ca3AsCl3,2.480608,2.4378216
Te3As2__Ca3AsCl3,1.8015528,1.7916379
Te3As2__Ca3AsCl3,2.4508843,2.419999
Ca2ZnN2__K6Ge2O7,2.7579644,2.7611063
Ca2ZnN2__K6Ge2O7,2.86992,2.8411977
Ca2ZnN2__K6Ge2O7,1.9089999,1.9275423
Ca2ZnN2__K6Ge2O7,2.8157592,2.7992504
K2Se5__Na2SnO2,2.778032,2.7434146
K2Se5__Na2SnO2,2.2402153,2.1994984
K2Se5__Na2SnO2,2.3209226,2.273134
K2Se5__Na2SnO2,0.52465653,0.48456454
NaAs__PbBr2,0.6343906,0.65104985
NaAs__PbBr2,0.9276114,0.9247991
NaAs__PbBr2,2.500505,2.4357328
NaAs__PbBr2,2.1459851,2.0922153
Ca(ZnP)2__SbI3Cl8,1.1949259,1.1689557
Ca(ZnP)2__SbI3Cl8,2.052383,2.0213335
Ca(ZnP)2__SbI3Cl8,2.2481842,2.197638
Ca(ZnP)2__SbI3Cl8,2.68317,2.6536212
Li2ZnGeS4__Li2P7(H3N)9,0.7527235,0.73630893
Li2ZnGeS4__Li2P7(H3N)9,1.3282081,1.2837032
Li2ZnGeS4__Li2P7(H3N)9,2.3442743,2.230374
Li2ZnGeS4__Li2P7(H3N)9,0.9311092,0.9271835
AsClF8__Ca3(SiAs2)2,1.8283834,1.7891123
AsClF8__Ca3(SiAs2)2,1.423637,1.3882326
AsClF8__Ca3(SiAs2)2,0.802056,0.7783558
AsClF8__Ca3(SiAs2)2,2.7281384,2.6946313
LiCaGaN2__In3SnI5,1.0291866,0.99996334
LiCaGaN2__In3SnI5,2.2888722,2.2140796
LiCaGaN2__In3SnI5,2.4336271,2.3334138
LiCaGaN2__In3SnI5,2.6728165,2.5561619
K2PS3__NaCdF3,0.63043004,0.5511599
K2PS3__NaCdF3,1.1600372,1.1109405
K2PS3__NaCdF3,0.8634296,0.7401791
K2PS3__NaCdF3,2.0621774,1.9885312
Ga2Te2Cl7__KSb(PSe3)2,2.0917344,1.9546032
Ga2Te2Cl7__KSb(PSe3)2,1.3698872,1.2283404
Ga2Te2Cl7__KSb(PSe3)2,0.44647697,0.42094684
Ga2Te2Cl7__KSb(PSe3)2,2.4267488,2.2118258
K4Ge(PSe3)4__Ge(PbS2)2,2.5732892,2.382255
K4Ge(PSe3)4__Ge(PbS2)2,2.322385,2.1832654
K4Ge(PSe3)4__Ge(PbS2)2,0.98443854,0.9338166
K4Ge(PSe3)4__Ge(PbS2)2,2.4970896,2.339291
Cd3(PO4)2__CdH3NO5,1.3212315,1.2856935
Cd3(PO4)2__CdH3NO5,2.7315216,2.5565012
Cd3(PO4)2__CdH3NO5,1.6676089,1.62296
Cd3(PO4)2__CdH3NO5,0.50419605,0.44431132
AsClOF8__PbBr2,1.4791371,1.4526936
AsClOF8__PbBr2,2.2560275,2.2047386
AsClOF8__PbBr2,2.7450726,2.7543094
AsClOF8__PbBr2,2.04651,2.0722725
CdPS3__K8Ti5P2(O4F11)2,1.8278555,1.8188635
CdPS3__K8Ti5P2(O4F11)2,0.81858003,0.8098427
CdPS3__K8Ti5P2(O4F11)2,2.5813465,2.6956513
CdPS3__K8Ti5P2(O4F11)2,1.2915201,1.3091502
CdSe2__Si,1.1954628,0.85917896
CdSe2__Si,1.0539194,0.7830505
CdSe2__Si,0.68354416,0.6172589
CdSe2__Si,0.94648457,0.87661874
TiZn(SO4)3__ZnCN2,1.8820235,1.8366971
TiZn(SO4)3__ZnCN2,2.5542965,2.5347986
TiZn(SO4)3__ZnCN2,0.69875544,0.6892326
TiZn(SO4)3__ZnCN2,1.7128361,1.6983517
Zn(GaS2)2__SeCl4,0.633846,0.59908473
Zn(GaS2)2__SeCl4,0.65245205,0.6124756
Zn(GaS2)2__SeCl4,1.0566801,1.0668964
Zn(GaS2)2__SeCl4,2.8373232,2.8869817
KBrF4__ClF5,1.9552734,1.9405615
KBrF4__ClF5,1.0503337,1.048972
KBrF4__ClF5,1.989537,2.014961
KBrF4__ClF5,2.9424496,2.9024117
Al2CdTe4__Li4GeS4,2.539795,2.6967664
Al2CdTe4__Li4GeS4,1.7866517,1.9018486
Al2CdTe4__Li4GeS4,2.0811193,2.119629
Al2CdTe4__Li4GeS4,1.1287684,1.1225277
NaAlSe2__Li2TiTeO6,1.3286061,1.2978228
NaAlSe2__Li2TiTeO6,1.700027,1.6440438
NaAlSe2__Li2TiTeO6,2.1085756,2.0200462
NaAlSe2__Li2TiTeO6,2.4442756,2.3198862
K3GaO3__PbSe2O5,0.985672,0.9758324
K3GaO3__PbSe2O5,1.1222796,1.0754446
K3GaO3__PbSe2O5,0.9042531,0.87697715
K3GaO3__PbSe2O5,2.4879947,2.4295845
KGe__AlSCl7,2.1971576,2.1697087
KGe__AlSCl7,2.5375679,2.5011766
KGe__AlSCl7,0.4983109,0.46453625
KGe__AlSCl7,1.7672477,1.7266353
K11Cd2Sb5__K4Sb2O5,2.7863228,2.7193916
K11Cd2Sb5__K4Sb2O5,1.5312308,1.511868
K11Cd2Sb5__K4Sb2O5,1.5747193,1.5591185
K11Cd2Sb5__K4Sb2O5,2.4818547,2.4281015
Ca3N2__PbO,0.63880825,0.6229545
Ca3N2__PbO,1.2422134,1.1884824
Ca3N2__PbO,1.5708342,1.5139524
Ca3N2__PbO,2.1972475,2.159601
NaCl7__InI2,2.4750807,2.4575174
NaCl7__InI2,2.5832047,2.6108444
NaCl7__InI2,0.9196822,0.891012
NaCl7__InI2,2.01166,2.0627847
Cd3(PO4)2__K2LiAlH6,2.1940196,2.179355
Cd3(PO4)2__K2LiAlH6,1.2929894,1.3167061
Cd3(PO4)2__K2LiAlH6,2.1585708,2.1213388
Cd3(PO4)2__K2LiAlH6,2.668621,2.683696
KAlTe2__Li3SbO4,1.9555255,1.9359692
KAlTe2__Li3SbO4,2.1945484,2.176106
KAlTe2__Li3SbO4,2.6035554,2.5339143
KAlTe2__Li3SbO4,1.1864328,1.1584252
K2TiO3__Al(IO3)3,0.47703195,0.43840176
K2TiO3__Al(IO3)3,1.9041187,1.89331
K2TiO3__Al(IO3)3,0.82745844,0.7963395
K2TiO3__Al(IO3)3,1.0722338,1.066437
NaP7__CdF2,2.3734531,2.3322122
NaP7__CdF2,1.7822996,1.7978796
NaP7__CdF2,1.152133,1.1184274
NaP7__CdF2,2.74487,2.7436218
K2SiP2__GaSbO4,2.3627024,2.2126524
K2SiP2__GaSbO4,1.8177673,1.7569476
K2SiP2__GaSbO4,1.0193475,0.9352892
K2SiP2__GaSbO4,2.7992432,2.39092
AlSb__GaS,0.8913269,0.8473597
AlSb__GaS,1.0408345,0.9717911
AlSb__GaS,0.64901483,0.58846474
AlSb__GaS,1.2229967,1.1370895
Ca3PCl3__K4SnSe4,1.3897462,1.186898
Ca3PCl3__K4SnSe4,2.5271347,2.2134173
Ca3PCl3__K4SnSe4,0.6328881,0.5321903
Ca3PCl3__K4SnSe4,1.4704863,1.2594384
KSnS4__CdHOF,0.65547884,0.6349282
KSnS4__CdHOF,2.5151777,2.4801974
KSnS4__CdHOF,2.3522062,2.3547468
KSnS4__CdHOF,2.2392192,2.2162044
Ca2HN__CaSb10(S3O5)2,0.6582813,0.7247868
Ca2HN__CaSb10(S3O5)2,0.7805743,0.81831414
Ca2HN__CaSb10(S3O5)2,1.317199,1.4491647
Ca2HN__CaSb10(S3O5)2,0.3443992,0.38108057
Na2SnGe2(HO4)2__SbI3,0.666201,0.6234648
Na2SnGe2(HO4)2__SbI3,1.5695965,1.46727
Na2SnGe2(HO4)2__SbI3,1.8188065,1.7958224
Na2SnGe2(HO4)2__SbI3,0.5466342,0.4889291
K4Sb2O5__Ga3Sb7(S4Cl7)2,0.76826555,0.7429029
K4Sb2O5__Ga3Sb7(S4Cl7)2,1.281633,1.2526108
K4Sb2O5__Ga3Sb7(S4Cl7)2,2.3376427,2.2753885
K4Sb2O5__Ga3Sb7(S4Cl7)2,0.38345927,0.3478683
Na3SiTe3__Ca3Ga2(GeO4)3,2.3502197,2.481565
Na3SiTe3__Ca3Ga2(GeO4)3,1.6320662,1.6909939
Na3SiTe3__Ca3Ga2(GeO4)3,0.9056518,0.8625961
Na3SiTe3__Ca3Ga2(GeO4)3,1.2732152,1.3252318
NaCdIn2(PO4)3__Ca3Si2SnO9,0.82101697,0.7200977
NaCdIn2(PO4)3__Ca3Si2SnO9,1.6769849,2.2791336
NaCdIn2(PO4)3__Ca3Si2SnO9,1.3647869,1.4010216
NaCdIn2(PO4)3__Ca3Si2SnO9,0.3619659,0.3709991
AsSe6IF6__Ca5(IO6)2,0.7866146,0.76495206
AsSe6IF6__Ca5(IO6)2,1.9500204,1.9176254
AsSe6IF6__Ca5(IO6)2,1.8163493,1.8240715
AsSe6IF6__Ca5(IO6)2,0.66937643,0.59317774
KGaGeO4__NO3,1.3523531,1.335627
KGaGeO4__NO3,2.6838522,2.6606295
KGaGeO4__NO3,0.97406685,0.9647826
KGaGeO4__NO3,1.4228812,1.3653767
K3SnTe3__CaC2,1.6746265,1.7311133
K3SnTe3__CaC2,1.0680652,1.064857
K3SnTe3__CaC2,0.99565446,0.99403805
K3SnTe3__CaC2,1.2869791,1.3399014
Ga2Se3__SbAsPCl13,0.8296144,0.7733746
Ga2Se3__SbAsPCl13,2.3515131,2.274202
Ga2Se3__SbAsPCl13,1.0932486,1.119735
Ga2Se3__SbAsPCl13,2.8264587,2.8267498
Ca3InP3__Pb2SeN2O9,2.6726289,2.6680038
Ca3InP3__Pb2SeN2O9,1.7087673,1.6607182
Ca3InP3__Pb2SeN2O9,2.5617468,2.5332496
Ca3InP3__Pb2SeN2O9,0.82325387,0.7910396
Na3PSe4__KTiPS5,0.50046706,0.4295258
Na3PSe4__KTiPS5,1.3627443,1.023195
Na3PSe4__KTiPS5,0.64566517,0.5120117
Na3PSe4__KTiPS5,0.72406334,0.60564685
K6Sn3As5__AsClOF8,0.962572,0.88883954
K6Sn3As5__AsClOF8,0.551294,0.49089897
K6Sn3As5__AsClOF8,1.6937683,1.6398352
K6Sn3As5__AsClOF8,1.4122324,1.372049
TeS7Br2__CdBr2,2.448444,2.0245478
TeS7Br2__CdBr2,1.3096486,1.1390187
TeS7Br2__CdBr2,2.0037773,1.7496152
TeS7Br2__CdBr2,1.6961758,1.4759606
P2Pb3O8__ZnH2N2O7,2.0311785,1.9592398
P2Pb3O8__ZnH2N2O7,1.6618378,1.5798699
P2Pb3O8__ZnH2N2O7,0.5780913,0.52908474
P2Pb3O8__ZnH2N2O7,1.2766688,1.247898
K14In4O13__Zn3S2O9,1.0497444,1.0396374
K14In4O13__Zn3S2O9,1.0940709,1.0645401
K14In4O13__Zn3S2O9,1.8652097,1.8455652
K14In4O13__Zn3S2O9,2.605103,2.591736
Zn(GaSe2)2__K3AsS3,1.235439,1.353614
Zn(GaSe2)2__K3AsS3,2.2413008,2.359637
Zn(GaSe2)2__K3AsS3,2.4650812,2.7648342
Zn(GaSe2)2__K3AsS3,0.7220182,0.709943
P3NCl12__K3P11,2.4116642,2.4008255
P3NCl12__K3P11,0.8226646,0.80430067
P3NCl12__K3P11,0.99943936,1.0055115
P3NCl12__K3P11,0.6178707,0.5306081
NaZnAs__LiCa3Si2N5,1.1191672,1.1039804
NaZnAs__LiCa3Si2N5,0.45463628,0.46049476
NaZnAs__LiCa3Si2N5,1.4615319,1.4699945
NaZnAs__LiCa3Si2N5,0.82154334,0.77246183
GaSeBr7__ClO2,1.1475214,1.0781474
GaSeBr7__ClO2,2.8280551,2.8024862
GaSeBr7__ClO2,1.8134832,1.7531818
GaSeBr7__ClO2,0.44645956,0.39309198
LiAl(PS3)2__K2Ti(SiO3)3,0.8450239,0.87645125
LiAl(PS3)2__K2Ti(SiO3)3,0.96171075,0.93010575
LiAl(PS3)2__K2Ti(SiO3)3,1.5599384,1.6587268
LiAl(PS3)2__K2Ti(SiO3)3,2.10989,2.6210182
Na5SnP3__K3In3(PO4)4,1.6099321,1.626489
Na5SnP3__K3In3(PO4)4,1.4855374,1.4985799
Na5SnP3__K3In3(PO4)4,0.43559295,0.43463477
Na5SnP3__K3In3(PO4)4,0.5444273,0.53789604
NaLiSe__K2Pb3C3O9F2,2.0218387,1.9901631
NaLiSe__K2Pb3C3O9F2,0.6422657,0.6010405
NaLiSe__K2Pb3C3O9F2,2.0793355,2.0646775
NaLiSe__K2Pb3C3O9F2,2.639822,2.6213431
K3GaO3__KGaO2,1.2649933,1.8209208
K3GaO3__KGaO2,0.7680728,0.8183915
K3GaO3__KGaO2,1.0039977,0.95353276
K3GaO3__KGaO2,0.45022744,0.5601875
K2Al2Sb3__Na2TeSe3,1.9206038,1.9321506
K2Al2Sb3__Na2TeSe3,2.0052605,1.935089
K2Al2Sb3__Na2TeSe3,1.2014514,1.181542
K2Al2Sb3__Na2TeSe3,1.9720442,1.937215
Ca21(Zn2As9)2__K3As11,0.6067271,0.59895986
Ca21(Zn2As9)2__K3As11,0.72604775,0.63172513
Ca21(Zn2As9)2__K3As11,0.612526,0.5737042
Ca21(Zn2As9)2__K3As11,0.7121351,0.62045735
K2GeAs2__Cd4As2Br3,2.3530822,2.2702718
K2GeAs2__Cd4As2Br3,0.92864394,0.903747
K2GeAs2__Cd4As2Br3,1.8313307,1.8564157
K2GeAs2__Cd4As2Br3,1.8698959,1.8605018
Zn3(PO4)2__K3H(SeO4)2,0.65962225,0.5152132
Zn3(PO4)2__K3H(SeO4)2,1.2856456,1.0232499
Zn3(PO4)2__K3H(SeO4)2,1.0795816,0.880556
Zn3(PO4)2__K3H(SeO4)2,1.4655175,1.0355349
NaS2__Li3PS4,1.849891,1.7851632
NaS2__Li3PS4,1.6337014,1.604613
NaS2__Li3PS4,2.459086,2.4355538
NaS2__Li3PS4,1.9342927,1.8600419
CdS__LiH2BrO5,2.4078631,2.3659823
CdS__LiH2BrO5,1.3488116,1.33404
CdS__LiH2BrO5,1.2778815,1.2729771
CdS__LiH2BrO5,1.6903106,1.6837212
Ca3PCl3__Na2Zn2Si2O7,0.9373887,0.9321233
Ca3PCl3__Na2Zn2Si2O7,1.4007287,1.4089576
Ca3PCl3__Na2Zn2Si2O7,0.7926343,0.76488113
Ca3PCl3__Na2Zn2Si2O7,1.3003502,1.3338561
Sb4H2SO10__K3InP2,0.51581115,0.49411303
Sb4H2SO10__K3InP2,0.682229,0.64383465
Sb4H2SO10__K3InP2,2.1930091,2.1676557
Sb4H2SO10__K3InP2,0.64965844,0.5807233
NClOF4__As2S3,1.6604117,1.5840358
NClOF4__As2S3,2.394839,2.4119081
NClOF4__As2S3,2.7509317,2.7673376
NClOF4__As2S3,1.7433718,1.699247
KAs2HO6__Al2CdS4,0.9655678,0.78482866
KAs2HO6__Al2CdS4,2.2177556,1.9140943
KAs2HO6__Al2CdS4,1.8500074,1.4905094
KAs2HO6__Al2CdS4,0.5378807,0.49149263
K6CdO4__NaNO3,0.53268147,0.50513214
K6CdO4__NaNO3,1.5877674,1.5943644
K6CdO4__NaNO3,2.1947315,2.179077
K6CdO4__NaNO3,1.7691524,1.7601619
Cd(GaSe2)2__KP15,0.7553983,0.69755745
Cd(GaSe2)2__KP15,0.71318156,0.64997846
Cd(GaSe2)2__KP15,1.7131763,1.5060692
Cd(GaSe2)2__KP15,1.3072901,1.1706762
GaSb3Pb4O13__Li2GePbS4,0.92653894,0.78801394
GaSb3Pb4O13__Li2GePbS4,1.7910881,1.7763652
GaSb3Pb4O13__Li2GePbS4,1.7649273,1.7043098
GaSb3Pb4O13__Li2GePbS4,0.78487575,0.6262953
Ca2Ge__Zn2AsHO5,2.0185692,2.000861
Ca2Ge__Zn2AsHO5,1.3725452,1.3548012
Ca2Ge__Zn2AsHO5,0.5961941,0.5049218
Ca2Ge__Zn2AsHO5,1.9918588,1.9790558
Na2In2GeSe6__ZnP2,0.59029806,0.5281268
Na2In2GeSe6__ZnP2,1.0571535,1.0316736
Na2In2GeSe6__ZnP2,1.3716757,1.3466603
Na2In2GeSe6__ZnP2,0.4818354,0.44498718
Na5SiP3__LiS4,0.63473064,0.703649
Na5SiP3__LiS4,0.8193531,0.91075546
Na5SiP3__LiS4,1.7917019,2.0609624
Na5SiP3__LiS4,1.8884639,2.123303
Te(HO)6__K4TiO4,1.7798146,1.7423913
Te(HO)6__K4TiO4,0.64184654,0.59020585
Te(HO)6__K4TiO4,0.57459813,0.56422895
Te(HO)6__K4TiO4,1.836925,1.7943434
KSb5S8__KGaTe2,2.365867,1.9978026
KSb5S8__KGaTe2,2.0158107,1.6959981
KSb5S8__KGaTe2,1.53611,1.3018996
KSb5S8__KGaTe2,2.5416453,2.1970239
K5SnAs3__Na3P11,0.50023335,0.45064133
K5SnAs3__Na3P11,1.7671123,1.7843219
K5SnAs3__Na3P11,0.9454961,0.935684
K5SnAs3__Na3P11,1.1190859,1.1561044
Na2Cd(GeS3)2__Na2Zn2S3,1.462805,1.7365979
Na2Cd(GeS3)2__Na2Zn2S3,0.84481776,0.916455
Na2Cd(GeS3)2__Na2Zn2S3,0.98648924,1.0748972
Na2Cd(GeS3)2__Na2Zn2S3,1.4379884,1.5121218
NaTe3__NO2,2.6312437,2.612358
NaTe3__NO2,2.0156136,1.9442034
NaTe3__NO2,0.48821792,0.4588487
NaTe3__NO2,0.59401655,0.5116142
Zn(NO3)2__KTe,1.8865751,1.8002759
Zn(NO3)2__KTe,2.691089,2.6891017
Zn(NO3)2__KTe,2.6031804,2.5606754
Zn(NO3)2__KTe,0.45816258,0.44613335
K4I2O9__Zn4SiTePbO10,0.72489464,0.787741
K4I2O9__Zn4SiTePbO10,0.558209,0.5624711
K4I2O9__Zn4SiTePbO10,1.2177963,0.90179235
K4I2O9__Zn4SiTePbO10,0.9036202,0.7773439
IF7__Ca2PbO4,0.49960193,0.43038142
IF7__Ca2PbO4,1.1591367,1.1360933
IF7__Ca2PbO4,1.4470557,1.4546443
IF7__Ca2PbO4,1.5326307,1.5159106
SiSe2__Na2GeO3,2.368553,2.277385
SiSe2__Na2GeO3,2.001505,1.949037
SiSe2__Na2GeO3,0.874582,0.84594804
SiSe2__Na2GeO3,2.695857,2.5143611
CaS__K5In3(SiO3)7,1.8032086,1.8450159
CaS__K5In3(SiO3)7,2.1916044,2.1981134
CaS__K5In3(SiO3)7,1.7376276,1.7742673
CaS__K5In3(SiO3)7,1.7053291,1.7288705
K2TiSi3(HO5)2__As2Pb3O8,2.5907664,2.4941006
K2TiSi3(HO5)2__As2Pb3O8,0.8526121,0.81309223
K2TiSi3(HO5)2__As2Pb3O8,2.292435,2.2123802
K2TiSi3(HO5)2__As2Pb3O8,0.45284685,0.45218343
Ga2TeSe2__Li2CdSiO4,1.0758151,1.0845147
Ga2TeSe2__Li2CdSiO4,1.5741549,1.6819944
Ga2TeSe2__Li2CdSiO4,2.0121803,2.185072
Ga2TeSe2__Li2CdSiO4,2.2631345,2.4931433
Na2Ti3O7__As3Pb5ClO12,2.6797917,2.6382
Na2Ti3O7__As3Pb5ClO12,0.5214208,0.540809
Na2Ti3O7__As3Pb5ClO12,1.493107,1.4761883
Na2Ti3O7__As3Pb5ClO12,2.396721,2.348728
K2In2P3Se10__Ti6CCl14,2.2533548,2.226338
K2In2P3Se10__Ti6CCl14,0.6140503,0.5346122
K2In2P3Se10__Ti6CCl14,0.80889636,0.76653403
K2In2P3Se10__Ti6CCl14,2.688623,2.6767573
NaH2N__SO2,2.708516,2.7044504
NaH2N__SO2,2.759293,2.7440639
NaH2N__SO2,1.7265799,1.6698989
NaH2N__SO2,1.2773802,1.2144012
InTeO3F__Ca(Ga3Te5)2,2.3337765,2.3195598
InTeO3F__Ca(Ga3Te5)2,1.7479651,1.7137748
InTeO3F__Ca(Ga3Te5)2,2.3249876,2.318465
InTeO3F__Ca(Ga3Te5)2,1.7450086,1.719549
Al2Cd3(GeO4)3__SCl,0.7573952,0.7151976
Al2Cd3(GeO4)3__SCl,1.9581318,1.9372835
Al2Cd3(GeO4)3__SCl,1.4769306,1.428123
Al2Cd3(GeO4)3__SCl,2.1151958,2.092783
Ti6In2Si2P12O49__Cd2AsHO5,1.172019,1.1233559
Ti6In2Si2P12O49__Cd2AsHO5,1.7003007,1.6940969
Ti6In2Si2P12O49__Cd2AsHO5,2.5086913,2.4556892
Ti6In2Si2P12O49__Cd2AsHO5,2.2958844,2.2733388
Na5AlO4__Li2CdSiO4,2.049871,1.9220091
Na5AlO4__Li2CdSiO4,0.80451715,0.7576721
Na5AlO4__Li2CdSiO4,1.8935843,1.73515
Na5AlO4__Li2CdSiO4,0.9455255,0.8943715
Na4Ge2Te5__K3P11,2.6232514,2.4593017
Na4Ge2Te5__K3P11,2.1159585,2.0699556
Na4Ge2Te5__K3P11,0.82375824,0.82318765
Na4Ge2Te5__K3P11,1.9900467,1.8893145
ZnSiPbO4__Ca(SbO3)2,2.5776837,2.2472851
ZnSiPbO4__Ca(SbO3)2,0.7400468,0.6516777
ZnSiPbO4__Ca(SbO3)2,2.0507092,1.7130861
ZnSiPbO4__Ca(SbO3)2,2.1179504,1.760363
K11Cd2Sb5__K2In2P3Se10,1.1925994,1.2580829
K11Cd2Sb5__K2In2P3Se10,2.2810564,2.368933
K11Cd2Sb5__K2In2P3Se10,2.3918176,2.451708
K11Cd2Sb5__K2In2P3Se10,1.427689,1.4547776
Na3AlAs2__SbSBr,1.5240177,1.500132
Na3AlAs2__SbSBr,1.2322975,1.2229247
Na3AlAs2__SbSBr,2.8415875,2.852665
Na3AlAs2__SbSBr,1.9831795,2.023698
CaH3NO5__ZnF2,1.0038067,0.9791294
CaH3NO5__ZnF2,1.259183,1.2493289
CaH3NO5__ZnF2,1.4234653,1.366491
CaH3NO5__ZnF2,1.8146896,1.7755555
NO3__Sb2IBr2F11,0.7193707,0.65515506
NO3__Sb2IBr2F11,0.6815841,0.6260816
NO3__Sb2IBr2F11,1.7472217,1.6575774
NO3__Sb2IBr2F11,1.4865113,1.0663465
K2GaAs2__Li2Te2O5,1.7107244,1.7243243
K2GaAs2__Li2Te2O5,1.8905808,1.8835784
K2GaAs2__Li2Te2O5,1.8276359,1.8213943
K2GaAs2__Li2Te2O5,2.519098,2.5262454
K3GeTe3__Li2SnSe3,1.7741282,1.5797044
K3GeTe3__Li2SnSe3,2.1638672,1.9427632
K3GeTe3__Li2SnSe3,0.87315226,0.7377772
K3GeTe3__Li2SnSe3,0.9020499,0.79887694
GaSbO4__Zn3Te2P2(PbO7)2,2.772338,2.7115571
GaSbO4__Zn3Te2P2(PbO7)2,1.5306144,1.5431124
GaSbO4__Zn3Te2P2(PbO7)2,0.6575543,0.65541303
GaSbO4__Zn3Te2P2(PbO7)2,1.2046771,1.2013811
K6Na3AlSb4__Na4CdP2,1.0988704,1.0868577
K6Na3AlSb4__Na4CdP2,0.9165238,0.86651486
K6Na3AlSb4__Na4CdP2,2.3330295,2.3073537
K6Na3AlSb4__Na4CdP2,0.5721151,0.55048686
Ga10GePb3O20__K3In3(PO4)4,1.6255791,1.0891846
Ga10GePb3O20__K3In3(PO4)4,1.2938317,0.9731109
Ga10GePb3O20__K3In3(PO4)4,1.742291,1.2519789
Ga10GePb3O20__K3In3(PO4)4,0.5553743,0.46566242
Na5GaO4__Ca2GeS4,0.8876638,0.81278706
Na5GaO4__Ca2GeS4,0.6052718,0.55873686
Na5GaO4__Ca2GeS4,0.38348284,0.40186146
Na5GaO4__Ca2GeS4,0.61209285,0.5670312
Na5GeAs3__K6ZnSe4,0.8734698,0.8709188
Na5GeAs3__K6ZnSe4,0.86107993,0.8558298
Na5GeAs3__K6ZnSe4,1.8000301,1.8966197
Na5GeAs3__K6ZnSe4,1.2978793,1.3953332
ClO3__Ti(SO4)2,2.1040766,2.0581384
ClO3__Ti(SO4)2,1.27173,1.2416506
ClO3__Ti(SO4)2,1.1546127,1.1648922
ClO3__Ti(SO4)2,1.8964444,1.8730317
SCl__LiZnAs,1.7525426,1.7228564
SCl__LiZnAs,0.68730307,0.66464746
SCl__LiZnAs,1.0461465,1.04816
SCl__LiZnAs,0.5575282,0.5019213
InTeO3F__ZnCN2,1.5837191,0.9969301
InTeO3F__ZnCN2,0.807996,0.6853751
InTeO3F__ZnCN2,0.99500257,0.82685703
InTeO3F__ZnCN2,0.7165478,0.6304018
K3Ga3As4__KSn2(PO4)3,0.558588,0.5431382
K3Ga3As4__KSn2(PO4)3,0.8471645,0.85163605
K3Ga3As4__KSn2(PO4)3,1.3606765,1.3146199
K3Ga3As4__KSn2(PO4)3,2.8319297,2.7549665
As3Pb5ClO12__H2SeO4,2.6611128,2.3984337
As3Pb5ClO12__H2SeO4,0.9698441,0.8918048
As3Pb5ClO12__H2SeO4,2.4101796,2.3074424
As3Pb5ClO12__H2SeO4,1.9542806,1.8964404
Li3Sb__AsS(IF3)2,2.2927873,2.2659934
Li3Sb__AsS(IF3)2,1.6032594,1.5872301
Li3Sb__AsS(IF3)2,1.4020056,1.3510221
Li3Sb__AsS(IF3)2,0.9535134,0.9321912
Cd(GaO2)2__Ga10GePb3O20,2.6338522,2.6900134
Cd(GaO2)2__Ga10GePb3O20,1.959405,1.9798309
Cd(GaO2)2__Ga10GePb3O20,2.685817,2.7125592
Cd(GaO2)2__Ga10GePb3O20,2.084506,2.1588748
In7Cl9__Li2GeTeO6,0.72531307,0.6771787
In7Cl9__Li2GeTeO6,1.8405674,1.9569911
In7Cl9__Li2GeTeO6,1.6671948,1.7627987
In7Cl9__Li2GeTeO6,2.1078696,2.2663286
SbN(OF3)2__NF2,1.009491,0.93122464
SbN(OF3)2__NF2,0.6303357,0.6160163
SbN(OF3)2__NF2,1.938496,1.8927412
SbN(OF3)2__NF2,2.2139423,2.185264
Na2SnGe2(HO4)2__SbOF,1.7051563,1.7467726
Na2SnGe2(HO4)2__SbOF,2.3059204,2.2909114
Na2SnGe2(HO4)2__SbOF,1.0030838,0.99578935
Na2SnGe2(HO4)2__SbOF,1.6301656,1.5906919
K3SnTe3__K6Na3AlSb4,0.45519835,0.38148803
K3SnTe3__K6Na3AlSb4,1.7582622,1.5075157
K3SnTe3__K6Na3AlSb4,1.3568093,1.1610992
K3SnTe3__K6Na3AlSb4,1.2275137,0.99614674
Sb9S4F39__K3As(PSe3)3,0.52658796,0.47168362
Sb9S4F39__K3As(PSe3)3,0.960227,0.96243787
Sb9S4F39__K3As(PSe3)3,1.847353,1.8225884
Sb9S4F39__K3As(PSe3)3,1.8907143,1.8724494
K4SnSe4__CdSe,0.7817055,0.76183325
K4SnSe4__CdSe,1.6701078,1.6348835
K4SnSe4__CdSe,0.866595,0.7947425
K4SnSe4__CdSe,2.5232995,2.4855247
SnO__Cd4P6SN12,2.2065504,2.2001846
SnO__Cd4P6SN12,0.666284,0.6611401
SnO__Cd4P6SN12,1.3363024,1.3265324
SnO__Cd4P6SN12,1.352684,1.3701475
Na4SnO4__Ti6In2Si2P12O49,1.064249,1.095198
Na4SnO4__Ti6In2Si2P12O49,0.88269687,0.85596627
Na4SnO4__Ti6In2Si2P12O49,0.47974262,0.49445778
Na4SnO4__Ti6In2Si2P12O49,1.1479816,0.9993115
LiCaP__KPS3,2.4771569,2.4008868
LiCaP__KPS3,1.607312,1.5817208
LiCaP__KPS3,2.0837002,2.0283115
LiCaP__KPS3,2.0553184,1.9780005
Li10Si(PSe6)2__KSnI3,1.9273071,1.8496002
Li10Si(PSe6)2__KSnI3,0.8064633,0.8048802
Li10Si(PSe6)2__KSnI3,2.5503757,2.4502022
Li10Si(PSe6)2__KSnI3,1.8186615,1.7142851
Ca3CdO4__KNO2,0.898569,0.8668646
Ca3CdO4__KNO2,1.5090772,1.4854697
Ca3CdO4__KNO2,1.9312407,1.8787714
Ca3CdO4__KNO2,1.3802124,1.3489398
KSi__KInP2S7,0.45062292,0.44572854
KSi__KInP2S7,0.5469758,0.4839437
KSi__KInP2S7,1.3352956,1.3072232
KSi__KInP2S7,2.561267,2.5010443
TeO3__K4SnO4,2.0975196,2.0888414
TeO3__K4SnO4,2.5291047,2.511056
TeO3__K4SnO4,2.0625825,2.0546722
TeO3__K4SnO4,1.9406364,1.9219605
LiTiAsO5__AsSe6IF6,2.8272822,2.7581303
LiTiAsO5__AsSe6IF6,2.0970657,1.9873217
LiTiAsO5__AsSe6IF6,2.3375492,2.22368
LiTiAsO5__AsSe6IF6,2.6824367,2.6255374
AlAs__KH2N,0.6480334,0.60345685
AlAs__KH2N,1.9312004,1.8324093
AlAs__KH2N,2.0343692,1.9623214
AlAs__KH2N,1.3106564,1.2773039
KNaTe__SnBr4,0.74271977,0.7110671
KNaTe__SnBr4,2.0610592,1.9954518
KNaTe__SnBr4,2.6052668,2.5759065
KNaTe__SnBr4,2.0825882,2.0314996
Na4SnTe4__Ca(Ga3Te5)2,1.6599537,1.3795291
Na4SnTe4__Ca(Ga3Te5)2,1.1170814,0.9268473
Na4SnTe4__Ca(Ga3Te5)2,1.9358295,1.5847896
Na4SnTe4__Ca(Ga3Te5)2,0.9841803,0.8520583
Na4TiP2O9__Na2Sb4O7,0.9179352,0.9491381
Na4TiP2O9__Na2Sb4O7,0.7630068,0.7421925
Na4TiP2O9__Na2Sb4O7,0.68364275,0.6881734
Na4TiP2O9__Na2Sb4O7,1.5077983,1.467789
ClO2__SbCl(OF3)2,1.2579483,1.2267082
ClO2__SbCl(OF3)2,1.9102322,1.9745406
ClO2__SbCl(OF3)2,0.49320662,0.4615568
ClO2__SbCl(OF3)2,2.0446858,2.063307
NaInTe2__Na2Ga2GeS6,0.7118297,0.6875618
NaInTe2__Na2Ga2GeS6,1.2355334,1.2205861
NaInTe2__Na2Ga2GeS6,0.6155025,0.5977772
NaInTe2__Na2Ga2GeS6,2.7166498,2.6955686
K6CdO4__Na2TiGeO5,0.9813116,1.0161097
K6CdO4__Na2TiGeO5,1.688925,1.7360096
K6CdO4__Na2TiGeO5,0.7679638,0.73765427
K6CdO4__Na2TiGeO5,0.5346756,0.50721145
Ti(NO3)4__Zn(NO3)2,2.6399877,2.4300272
Ti(NO3)4__Zn(NO3)2,2.5748503,2.3197234
Ti(NO3)4__Zn(NO3)2,0.9808441,0.89248127
Ti(NO3)4__Zn(NO3)2,2.3289587,2.2409718
Na4CdP2__K2ZnSe2,2.606124,2.6280844
Na4CdP2__K2ZnSe2,0.5147575,0.5390957
Na4CdP2__K2ZnSe2,0.95892507,0.9686189
Na4CdP2__K2ZnSe2,1.9977412,2.0647738
LiIn(CN2)2__K4TiO4,1.0462588,0.8692382
LiIn(CN2)2__K4TiO4,2.4987574,1.9545287
LiIn(CN2)2__K4TiO4,1.2413242,1.0112755
LiIn(CN2)2__K4TiO4,1.087564,0.91702574
Na2CdH4(SeO5)2__PI2,2.400906,2.3674297
Na2CdH4(SeO5)2__PI2,1.77175,1.7266272
Na2CdH4(SeO5)2__PI2,0.89336914,0.8335296
Na2CdH4(SeO5)2__PI2,1.2545813,1.2103704
KNa4GeAs3__KGaGeO4,0.66008234,0.65846646
KNa4GeAs3__KGaGeO4,0.798038,0.7957875
KNa4GeAs3__KGaGeO4,2.336457,2.281509
KNa4GeAs3__KGaGeO4,2.1827478,2.124452
K3Al2As3__Na2Cd(GeS3)2,1.652288,1.6130089
K3Al2As3__Na2Cd(GeS3)2,2.2254434,2.1708384
K3Al2As3__Na2Cd(GeS3)2,2.580136,2.501213
K3Al2As3__Na2Cd(GeS3)2,0.88421375,0.8677553
P2Pb4O9__Cd(NO3)2,0.48493868,0.4499243
P2Pb4O9__Cd(NO3)2,2.530744,2.3992898
P2Pb4O9__Cd(NO3)2,1.4744246,1.3463897
P2Pb4O9__Cd(NO3)2,1.5923228,1.5122019
K3Na2SnAs3__K2Al2Sb3,0.7891722,0.68872625
K3Na2SnAs3__K2Al2Sb3,1.2267842,0.73843914
K3Na2SnAs3__K2Al2Sb3,1.7312461,1.5430485
K3Na2SnAs3__K2Al2Sb3,1.5896916,1.0310545
CdTe__SiP2,2.2989845,2.365492
CdTe__SiP2,1.7411822,1.8324991
CdTe__SiP2,2.2148528,2.3191338
CdTe__SiP2,0.7490321,0.7438987
SICl7__CdH3NO5,1.799404,1.7964109
SICl7__CdH3NO5,0.6755626,0.63886493
SICl7__CdH3NO5,2.5005941,2.4265301
SICl7__CdH3NO5,2.2835786,2.2024684
NaCaAs__K2TeSe3,1.6323103,1.571896
NaCaAs__K2TeSe3,0.9086209,0.8746248
NaCaAs__K2TeSe3,1.7971278,1.7759007
NaCaAs__K2TeSe3,2.271533,2.2153876
P2Pb4O9__CaZnAsHO5,1.889964,1.5912873
P2Pb4O9__CaZnAsHO5,1.2611233,1.0489215
P2Pb4O9__CaZnAsHO5,2.4198523,2.089855
P2Pb4O9__CaZnAsHO5,1.9835916,1.6896168
In2(PS3)3__K2H6PbO6,0.48647466,0.4916125
In2(PS3)3__K2H6PbO6,0.5882059,0.6355483
In2(PS3)3__K2H6PbO6,1.7464089,2.3134432
In2(PS3)3__K2H6PbO6,1.6510433,2.1053033
Na4Ge2Se5__Li2TiO3,1.5044448,1.614175
Na4Ge2Se5__Li2TiO3,1.6952724,1.7972807
Na4Ge2Se5__Li2TiO3,2.4658284,2.7399132
Na4Ge2Se5__Li2TiO3,0.48722696,0.44651288
LiAsSe2__NaAs3H2O9,1.6686113,1.6430684
LiAsSe2__NaAs3H2O9,0.89263433,0.9157783
LiAsSe2__NaAs3H2O9,2.4483643,2.3906841
LiAsSe2__NaAs3H2O9,1.1395192,1.1223637
K2SiAs2__K2TiAl(PO4)3,2.4530787,2.4363039
K2SiAs2__K2TiAl(PO4)3,0.8694265,0.85052586
K2SiAs2__K2TiAl(PO4)3,2.0712874,2.0692797
K2SiAs2__K2TiAl(PO4)3,0.8808255,0.9094774
CdS__CdI2,1.8705375,1.9017589
CdS__CdI2,1.1308634,1.1415917
CdS__CdI2,2.714315,2.8092666
CdS__CdI2,0.59213185,0.5110095
Te(HO)6__NaCaAs,2.103141,2.0391831
Te(HO)6__NaCaAs,2.9009945,2.8581507
Te(HO)6__NaCaAs,2.8906848,2.8772075
Te(HO)6__NaCaAs,2.081003,2.0776362
SbI3__K2ZnH4(I2O7)2,2.263722,2.159707
SbI3__K2ZnH4(I2O7)2,1.2223754,1.1619998
SbI3__K2ZnH4(I2O7)2,1.5086609,1.4200684
SbI3__K2ZnH4(I2O7)2,2.6380928,2.5420017
Li2P7(H3N)9__NaHS,1.8064344,1.8258299
Li2P7(H3N)9__NaHS,0.62819314,0.5680017
Li2P7(H3N)9__NaHS,0.5187989,0.48819208
Li2P7(H3N)9__NaHS,1.8492556,1.8975292
Na14Cd2O9__Rubrene,2.6655622,2.68691
Na14Cd2O9__Rubrene,1.6337309,1.6310905
Na14Cd2O9__Rubrene,1.076548,1.0551221
Na14Cd2O9__Rubrene,0.6392715,0.59196264
K6Sn2S7__Sn2OF5,1.5936785,1.5478947
K6Sn2S7__Sn2OF5,2.79874,2.8139374
K6Sn2S7__Sn2OF5,0.8597631,0.84385866
K6Sn2S7__Sn2OF5,2.5525014,2.5664408
KSb(PSe3)2__NaTi2(PO4)3,0.6552446,0.65876037
KSb(PSe3)2__NaTi2(PO4)3,0.9129791,0.9280233
KSb(PSe3)2__NaTi2(PO4)3,1.207969,1.369737
KSb(PSe3)2__NaTi2(PO4)3,1.5263588,1.5455297
Na4SeO5__Al6Cd4TeO12,1.573476,1.6885782
Na4SeO5__Al6Cd4TeO12,0.7871627,0.8249833
Na4SeO5__Al6Cd4TeO12,1.4087459,1.441103
Na4SeO5__Al6Cd4TeO12,1.0475266,1.1047283
KAs__Li4SnS4,0.8805467,0.86178774
KAs__Li4SnS4,1.763244,1.7670132
KAs__Li4SnS4,0.8978845,0.9413182
KAs__Li4SnS4,0.7382511,0.74415016
Na4SiSe4__Ge4Se9,1.493218,1.4326454
Na4SiSe4__Ge4Se9,1.1627599,1.0680503
Na4SiSe4__Ge4Se9,1.3158041,1.2373774
Na4SiSe4__Ge4Se9,1.2199489,1.1703492
Ca11Sn3C8__Sb6S2O15,1.5713584,1.5175984
Ca11Sn3C8__Sb6S2O15,1.058951,1.0671731
Ca11Sn3C8__Sb6S2O15,2.351482,2.251353
Ca11Sn3C8__Sb6S2O15,1.3247592,1.3203281
NaInTe2__PCBM,1.5973324,1.5258502
NaInTe2__PCBM,1.1441629,1.0983528
NaInTe2__PCBM,1.0882013,1.0204203
NaInTe2__PCBM,1.6985416,1.6416208
Na2Zn2S3__SeCl4,2.541751,2.4419577
Na2Zn2S3__SeCl4,0.80442274,0.76416314
Na2Zn2S3__SeCl4,0.808949,0.7879167
Na2Zn2S3__SeCl4,1.805955,1.8027273
Ca6GaN5__Sn2OF5,1.2578086,1.2292111
Ca6GaN5__Sn2OF5,0.9183727,0.89583784
Ca6GaN5__Sn2OF5,2.4398391,2.4308116
Ca6GaN5__Sn2OF5,1.9854918,1.9794255
CaHN__K3SbS3,1.4879074,1.3374131
CaHN__K3SbS3,1.5069602,1.3856096
CaHN__K3SbS3,2.1503522,1.8516854
CaHN__K3SbS3,1.0219601,0.9123901
Pb5SO8__LiPH21S3N7,1.2882767,1.3218111
Pb5SO8__LiPH21S3N7,0.9979484,0.9735981
Pb5SO8__LiPH21S3N7,0.8957243,0.9262199
Pb5SO8__LiPH21S3N7,1.4283034,1.4002966
Na2CdH4(SeO5)2__TiCdO3,1.0302287,0.7586746
Na2CdH4(SeO5)2__TiCdO3,0.88031316,0.7587835
Na2CdH4(SeO5)2__TiCdO3,0.9827107,0.85083884
Na2CdH4(SeO5)2__TiCdO3,1.7513732,1.2879645
PCBM__Li3AsH16(SO2)4,2.3820035,2.349714
PCBM__Li3AsH16(SO2)4,2.107378,2.1115336
PCBM__Li3AsH16(SO2)4,1.5685344,1.5303954
PCBM__Li3AsH16(SO2)4,0.7243327,0.6856749
NaAs__Ca(AlSe2)2,2.658167,2.613489
NaAs__Ca(AlSe2)2,0.6726299,0.6635804
NaAs__Ca(AlSe2)2,1.6957796,1.7144527
NaAs__Ca(AlSe2)2,1.8941575,1.888815
Na2CdO2__TiPbO3,1.9478112,2.2926364
Na2CdO2__TiPbO3,0.7143036,0.76276404
Na2CdO2__TiPbO3,2.1188114,2.591475
Na2CdO2__TiPbO3,0.8844461,0.86164904
Ca(CdP)2__SBr,2.5714705,2.563758
Ca(CdP)2__SBr,0.64341444,0.61598253
Ca(CdP)2__SBr,1.3129317,1.3182541
Ca(CdP)2__SBr,0.9293795,0.9212835
Na2ZnH4(SeO5)2__ClF3,2.611429,2.588799
Na2ZnH4(SeO5)2__ClF3,1.3591412,1.2726299
Na2ZnH4(SeO5)2__ClF3,1.2004689,1.1964979
Na2ZnH4(SeO5)2__ClF3,1.3577216,1.2644368
Na7Al2Sb5__CdH3NO5,0.9812016,0.96007174
Na7Al2Sb5__CdH3NO5,0.55650055,0.5221037
Na7Al2Sb5__CdH3NO5,2.216661,2.1782188
Na7Al2Sb5__CdH3NO5,2.2062137,2.1717405
GeAs__PI2,2.6880534,2.668917
GeAs__PI2,2.7548282,2.6908166
GeAs__PI2,1.4379284,1.4137064
GeAs__PI2,1.6186621,1.5887381
NaInSe2__CaTe2O5,1.4355127,1.4333018
NaInSe2__CaTe2O5,2.5460446,2.516916
NaInSe2__CaTe2O5,2.2894013,2.2352068
NaInSe2__CaTe2O5,0.6903924,0.67375934
Rubrene__PPbS3,2.3304362,2.3490207
Rubrene__PPbS3,1.8598584,1.8162965
Rubrene__PPbS3,2.135925,2.1112154
Rubrene__PPbS3,1.5026131,1.4704038
K2Sn(S2O7)3__Zn2NCl,2.3538342,2.3180814
K2Sn(S2O7)3__Zn2NCl,2.6166227,2.615285
K2Sn(S2O7)3__Zn2NCl,0.90805835,0.8702856
K2Sn(S2O7)3__Zn2NCl,2.5481665,2.539261
Li3P__InBr2,1.1757206,1.1433066
Li3P__InBr2,2.536445,2.5008051
Li3P__InBr2,1.0931911,1.1105312
Li3P__InBr2,1.8082528,1.805678
Al2CdS4__K5As3O10,0.9830587,0.9330384
Al2CdS4__K5As3O10,0.8533665,0.8580352
Al2CdS4__K5As3O10,1.331745,1.4180435
Al2CdS4__K5As3O10,0.5063716,0.45485276
Na3SiTe3__In2PO5,1.3776265,1.2870141
Na3SiTe3__In2PO5,0.5025346,0.4485578
Na3SiTe3__In2PO5,0.84338474,0.8409797
Na3SiTe3__In2PO5,2.0039477,1.8810574
LiSbO3__NaLi3(H2N)4,1.5381241,1.2222581
LiSbO3__NaLi3(H2N)4,1.0071878,0.689001
LiSbO3__NaLi3(H2N)4,1.9950213,2.3201277
LiSbO3__NaLi3(H2N)4,1.8697821,1.9876797
LiAlTe2__K3As(PSe3)3,2.5743165,2.4528406
LiAlTe2__K3As(PSe3)3,0.5447615,0.5240548
LiAlTe2__K3As(PSe3)3,0.99180496,0.953559
LiAlTe2__K3As(PSe3)3,2.814103,2.718074
Sb2ClO2F11__GaP2I9,1.0019578,0.99826056
Sb2ClO2F11__GaP2I9,0.66201055,0.58785516
Sb2ClO2F11__GaP2I9,1.1715397,1.1518034
Sb2ClO2F11__GaP2I9,2.4227805,2.4168484
K2TiS3__TCTA,0.60082173,0.5512607
K2TiS3__TCTA,1.877347,1.8893017
K2TiS3__TCTA,1.417485,1.4313797
K2TiS3__TCTA,0.7014378,0.71407336
GaHO2__GaBr2,2.395181,1.9196131
GaHO2__GaBr2,2.5798073,2.1559331
GaHO2__GaBr2,0.56201,0.49659675
GaHO2__GaBr2,1.6046603,1.3022467
K2Se5__NaAs3(PbO3)4,2.7364182,2.726414
K2Se5__NaAs3(PbO3)4,1.5868752,1.5573422
K2Se5__NaAs3(PbO3)4,0.807771,0.8260403
K2Se5__NaAs3(PbO3)4,2.271107,2.2528694
Cd2AsO4F__K2ZnSiO4,2.7245383,2.7271554
Cd2AsO4F__K2ZnSiO4,2.2510657,2.1895442
Cd2AsO4F__K2ZnSiO4,2.563514,2.5451996
Cd2AsO4F__K2ZnSiO4,2.0308554,1.9813246
CdGeN2__Ga2I3,2.4578764,2.3506153
CdGeN2__Ga2I3,1.4333675,1.4171913
CdGeN2__Ga2I3,2.3294423,2.1825163
CdGeN2__Ga2I3,2.4643364,2.3330953
KTiPSe5__Na2LiGaAs2,1.0921011,0.90501887
KTiPSe5__Na2LiGaAs2,0.68641746,0.6257432
KTiPSe5__Na2LiGaAs2,1.2404023,0.9951615
KTiPSe5__Na2LiGaAs2,0.76824445,0.6074068
Ca2Al2Sn2O9__IO2F,1.6004709,1.5663202
Ca2Al2Sn2O9__IO2F,0.59829956,0.56841177
Ca2Al2Sn2O9__IO2F,1.4201692,1.4238173
Ca2Al2Sn2O9__IO2F,1.0795912,1.0477458
TPD__Na5SnAs3,1.715639,1.7104545
TPD__Na5SnAs3,0.9303471,0.88358194
TPD__Na5SnAs3,2.1585913,2.0889874
TPD__Na5SnAs3,0.97230345,0.94880253
Zn3P2__Ca3AsN,2.424877,2.2911704
Zn3P2__Ca3AsN,2.7006965,2.390971
Zn3P2__Ca3AsN,0.88725895,0.8075521
Zn3P2__Ca3AsN,1.0335621,0.94703877
CaP__Ga2Te2Br7,1.9110932,1.8383781
CaP__Ga2Te2Br7,2.7827475,2.7377598
CaP__Ga2Te2Br7,1.4922968,1.4696424
CaP__Ga2Te2Br7,1.6219697,1.5842211
K3SbSe4__KGe,1.2146231,1.093157
K3SbSe4__KGe,1.3113863,1.1985285
K3SbSe4__KGe,2.4057865,2.1150556
K3SbSe4__KGe,2.5781279,2.2949665
GaN5O14__SnS2,0.77404344,0.6771383
GaN5O14__SnS2,0.4793313,0.3745812
GaN5O14__SnS2,1.3499831,1.0472171
GaN5O14__SnS2,2.3538835,1.65602
Li2P7(H3N)9__P2Pb4O9,0.86804277,0.9127756
Li2P7(H3N)9__P2Pb4O9,2.0528262,2.2813885
Li2P7(H3N)9__P2Pb4O9,0.5283166,0.49366152
Li2P7(H3N)9__P2Pb4O9,0.7938984,0.90054554
Na2GeTeO6__InCl2,0.8452309,0.8021379
Na2GeTeO6__InCl2,1.2956839,1.2046784
Na2GeTeO6__InCl2,0.8429968,0.79252356
Na2GeTeO6__InCl2,2.0034728,1.9894363
LiInO2__InPS4,0.9124047,0.8149084
LiInO2__InPS4,2.1237464,1.9917336
LiInO2__InPS4,2.6120293,2.3669739
LiInO2__InPS4,1.3561571,1.2618747
Ca2SnO4__Cd3(AsO4)2,0.9229123,0.90405554
Ca2SnO4__Cd3(AsO4)2,1.0610092,1.0186254
Ca2SnO4__Cd3(AsO4)2,2.2051961,2.1825135
Ca2SnO4__Cd3(AsO4)2,0.88236094,0.8704048
NaSe2__Na2In2SiS6,1.4921718,1.6130316
NaSe2__Na2In2SiS6,1.5427855,1.7106155
NaSe2__Na2In2SiS6,2.0608227,2.2746084
NaSe2__Na2In2SiS6,0.88261455,0.88406205
K3Li3TeO6__TeBrO3F5,2.5512283,2.564737
K3Li3TeO6__TeBrO3F5,2.1377277,2.1416283
K3Li3TeO6__TeBrO3F5,0.6080407,0.5604255
K3Li3TeO6__TeBrO3F5,0.663095,0.6236185
In2(PS3)3__Sb7Se8F35,2.0077572,1.9458174
In2(PS3)3__Sb7Se8F35,0.5181656,0.47709668
In2(PS3)3__Sb7Se8F35,0.6285311,0.58337104
In2(PS3)3__Sb7Se8F35,1.9380269,1.9150213
Ca2As2O7__GeBr2,0.722855,0.6692561
Ca2As2O7__GeBr2,2.3197134,2.2867954
Ca2As2O7__GeBr2,1.522071,1.4981949
Ca2As2O7__GeBr2,2.6470993,2.5901346
KTeP2__AsSe6IF6,0.4703009,0.43506622
KTeP2__AsSe6IF6,1.838207,1.8471143
KTeP2__AsSe6IF6,1.7139249,1.699457
KTeP2__AsSe6IF6,1.0581081,1.0665923
Ca3CdO4__NO2,2.0727913,2.063964
Ca3CdO4__NO2,0.6356407,0.6122432
Ca3CdO4__NO2,1.4708143,1.4482088
Ca3CdO4__NO2,2.4204283,2.401089
LiInSe2__CaHN,2.7774062,2.6856387
LiInSe2__CaHN,1.8708246,1.7926562
LiInSe2__CaHN,1.1397212,1.1387423
LiInSe2__CaHN,2.657612,2.5606813
Ca3PN__Na5SiAs3,0.4472012,0.35997432
Ca3PN__Na5SiAs3,1.2140001,0.8221722
Ca3PN__Na5SiAs3,1.5283314,1.0683242
Ca3PN__Na5SiAs3,1.7256333,1.4765518
C__Si2H2S3,2.1294174,2.1018353
C__Si2H2S3,0.60872597,0.57652944
C__Si2H2S3,1.687455,1.6566137
C__Si2H2S3,0.9026997,0.8594314
CdSiP2__KZn4(SbO4)3,1.0704831,0.79207045
CdSiP2__KZn4(SbO4)3,1.2151861,0.9921165
CdSiP2__KZn4(SbO4)3,0.980314,0.76645726
CdSiP2__KZn4(SbO4)3,0.6462568,0.53426564
ZnSe__NaAlAsO4F,1.0668732,1.0698141
ZnSe__NaAlAsO4F,2.0455315,2.0556948
ZnSe__NaAlAsO4F,0.37239298,0.411951
ZnSe__NaAlAsO4F,2.2797244,2.2416847
Na2ZnSe2__KSb3O5,0.9668126,0.9966004
Na2ZnSe2__KSb3O5,1.239974,1.2782007
Na2ZnSe2__KSb3O5,2.4619713,2.6625133
Na2ZnSe2__KSb3O5,2.0257742,2.1085331
KSb3O5__LiC,1.0969486,1.1318667
KSb3O5__LiC,1.0398513,0.9261434
KSb3O5__LiC,0.4398809,0.39062417
KSb3O5__LiC,1.0731895,1.2606972
SbClF8__K3Na2SnAs3,0.6194865,0.5981793
SbClF8__K3Na2SnAs3,2.3436856,2.3472247
SbClF8__K3Na2SnAs3,0.7884564,0.7746348
SbClF8__K3Na2SnAs3,1.7075156,1.6610116
S3(NO7)2__NaSe2,0.91276693,0.86728215
S3(NO7)2__NaSe2,2.661768,2.6765788
S3(NO7)2__NaSe2,2.6847613,2.6993754
S3(NO7)2__NaSe2,1.0433854,0.96354145
KAsSe2__Zn(NO3)2,0.5766516,0.5665064
KAsSe2__Zn(NO3)2,1.7026404,1.6745199
KAsSe2__Zn(NO3)2,2.4695191,2.4576647
KAsSe2__Zn(NO3)2,0.6396286,0.57899064
Al2PbSe4__Na5Al3H14,1.4490268,1.425202
Al2PbSe4__Na5Al3H14,0.56248707,0.50990534
Al2PbSe4__Na5Al3H14,0.9805944,0.90391076
Al2PbSe4__Na5Al3H14,0.58259696,0.5107687
PICl8__TeBrO3F5,1.6793677,1.6542305
PICl8__TeBrO3F5,2.5341878,2.4907315
PICl8__TeBrO3F5,2.1291804,2.1164274
PICl8__TeBrO3F5,0.9677728,0.9485827
Cd2GeO4__ZnSe,1.1895747,0.90279967
Cd2GeO4__ZnSe,0.4005954,0.37864655
Cd2GeO4__ZnSe,0.48601025,0.46640444
Cd2GeO4__ZnSe,1.2073975,0.9792196
Na2Ti2Se9__KIn(TeO3)2,2.1577008,2.1223068
Na2Ti2Se9__KIn(TeO3)2,2.1842911,2.1705232
Na2Ti2Se9__KIn(TeO3)2,1.4523566,1.4727848
Na2Ti2Se9__KIn(TeO3)2,1.4590906,1.4642501
Ca21(Zn2Sb9)2__ZnSeO4,0.78485334,0.7900441
Ca21(Zn2Sb9)2__ZnSeO4,2.682402,2.6627686
Ca21(Zn2Sb9)2__ZnSeO4,0.6756658,0.62363315
Ca21(Zn2Sb9)2__ZnSeO4,2.2013457,2.149766
Ge2S3Br2__Ca3Al3N5,1.2507498,1.2198123
Ge2S3Br2__Ca3Al3N5,2.8762903,2.8953342
Ge2S3Br2__Ca3Al3N5,1.1513231,1.1394947
Ge2S3Br2__Ca3Al3N5,0.77098453,0.7672783
LiZnSb__Si(PbS2)2,1.215726,1.2174517
LiZnSb__Si(PbS2)2,0.5343162,0.47944075
LiZnSb__Si(PbS2)2,2.4149888,2.3710384
LiZnSb__Si(PbS2)2,2.0845,2.0081587
LiTi2(PO4)3__ZnI2,2.0121372,1.9851362
LiTi2(PO4)3__ZnI2,1.6271646,1.5476885
LiTi2(PO4)3__ZnI2,1.792128,1.6897625
LiTi2(PO4)3__ZnI2,1.2656151,1.2179855
KInSnSe4__SiS2,1.0198722,1.0363563
KInSnSe4__SiS2,2.7944407,2.7668595
KInSnSe4__SiS2,1.3634497,1.3307791
KInSnSe4__SiS2,0.8237875,0.81030345
GeTe__LiPH21S3N7,1.8233916,1.7478982
GeTe__LiPH21S3N7,0.94923735,0.9404817
GeTe__LiPH21S3N7,1.2443439,1.2296108
GeTe__LiPH21S3N7,0.85386634,0.8713215
KCO3__Ge19(PBr)4,1.9546531,1.8717207
KCO3__Ge19(PBr)4,0.89498407,0.8351801
KCO3__Ge19(PBr)4,1.1700149,1.1212189
KCO3__Ge19(PBr)4,0.5584602,0.4998688
LiP__KP,0.88312554,0.73333347
LiP__KP,2.116976,1.1743137
LiP__KP,2.3020504,1.7197055
LiP__KP,2.187266,1.750065
KIn(TeO3)2__BrF5,2.4162066,2.3463151
KIn(TeO3)2__BrF5,1.2896769,1.2410536
KIn(TeO3)2__BrF5,2.7273595,2.677633
KIn(TeO3)2__BrF5,1.5232489,1.4491794
NaCO3__AlTeI7,1.4648155,1.4754238
NaCO3__AlTeI7,0.505372,0.46655613
NaCO3__AlTeI7,1.4963152,1.5019492
NaCO3__AlTeI7,1.7045168,1.784938
K4Na2TeO6__TiP2O7,1.0137335,0.9986089
K4Na2TeO6__TiP2O7,0.8317804,0.805804
K4Na2TeO6__TiP2O7,0.9666944,0.9516901
K4Na2TeO6__TiP2O7,2.0639126,2.023744
SbSBr__AsSe6IF6,1.4482956,1.4274945
SbSBr__AsSe6IF6,0.8066041,0.73779804
SbSBr__AsSe6IF6,1.9956267,1.9014949
SbSBr__AsSe6IF6,2.057321,1.9674336
Li2P7(H3N)9__In3SnI5,1.300005,1.2138033
Li2P7(H3N)9__In3SnI5,1.0318854,0.9832108
Li2P7(H3N)9__In3SnI5,1.5926026,1.4788623
Li2P7(H3N)9__In3SnI5,1.5059123,1.3713738
P__IO2F,1.4676644,1.4131428
P__IO2F,2.4424706,2.4271314
P__IO2F,1.9555373,1.9624695
P__IO2F,1.2390468,1.2333033
NaZnAsO4__GeO2,0.7934726,0.79613996
NaZnAsO4__GeO2,2.0323045,2.0041273
NaZnAsO4__GeO2,2.5510025,2.4989264
NaZnAsO4__GeO2,1.7767267,1.7835456
K2Sn(AsS3)2__Zn(HO)2,1.0378214,1.0003339
K2Sn(AsS3)2__Zn(HO)2,0.9568609,0.90695995
K2Sn(AsS3)2__Zn(HO)2,1.0580466,1.0581048
K2Sn(AsS3)2__Zn(HO)2,1.8558017,1.8113992
Ca(GaSe2)2__Na2Li3GaO4,2.5144382,2.5403163
Ca(GaSe2)2__Na2Li3GaO4,0.74700886,0.72495216
Ca(GaSe2)2__Na2Li3GaO4,1.0178386,1.0478607
Ca(GaSe2)2__Na2Li3GaO4,0.9167729,0.8838312
InAsH2O5__Zn3TeAs2Pb3O14,0.9393187,0.9350758
InAsH2O5__Zn3TeAs2Pb3O14,1.6184214,1.6469125
InAsH2O5__Zn3TeAs2Pb3O14,0.8844033,0.8869727
InAsH2O5__Zn3TeAs2Pb3O14,1.6832513,1.7024691
Na3As4H5O14__TePCl9,2.456098,2.4182186
Na3As4H5O14__TePCl9,1.1137738,1.0824852
Na3As4H5O14__TePCl9,0.9325793,0.89789027
Na3As4H5O14__TePCl9,1.2047207,1.2249683
K2Al2Sb3__GaN5O14,2.5920775,2.604874
K2Al2Sb3__GaN5O14,2.881052,2.9135895
K2Al2Sb3__GaN5O14,2.6583073,2.6261644
K2Al2Sb3__GaN5O14,2.158993,2.1427202
CdSiP2__Ca7SiN6,1.3435895,1.1819516
CdSiP2__Ca7SiN6,1.3882598,1.1975592
CdSiP2__Ca7SiN6,1.9439245,1.6502725
CdSiP2__Ca7SiN6,0.64284366,0.5823549
K3AsS3__Ca2Al2Sn2O9,2.1885915,1.1311666
K3AsS3__Ca2Al2Sn2O9,1.6714083,1.2555288
K3AsS3__Ca2Al2Sn2O9,1.4883136,1.1494731
K3AsS3__Ca2Al2Sn2O9,0.62899226,0.53214437
AlTeCl7__CaPbF6,2.0166445,1.7865325
AlTeCl7__CaPbF6,1.0995064,0.95666987
AlTeCl7__CaPbF6,2.6330142,2.1384082
AlTeCl7__CaPbF6,1.439444,1.2703241
Na6Ge2Se7__LiAsO3,1.3986284,1.3896483
Na6Ge2Se7__LiAsO3,1.7013412,1.6474609
Na6Ge2Se7__LiAsO3,1.627876,1.6176486
Na6Ge2Se7__LiAsO3,2.0188105,1.9981211
K4As2Se5__SiP,1.0133797,0.9781112
K4As2Se5__SiP,1.2455437,1.2121831
K4As2Se5__SiP,2.4469533,2.3883374
K4As2Se5__SiP,1.8492755,1.8013489
K2GeTe4__Na2In2GeSe6,0.6738952,0.68704695
K2GeTe4__Na2In2GeSe6,1.024406,1.9159719
K2GeTe4__Na2In2GeSe6,0.85848504,0.9290487
K2GeTe4__Na2In2GeSe6,0.42468068,0.49599326
K4GeSe4__K7NaGe8,1.0293496,0.98897356
K4GeSe4__K7NaGe8,1.8168169,1.6494882
K4GeSe4__K7NaGe8,2.8242967,2.5741565
K4GeSe4__K7NaGe8,0.6332434,0.5431245
Na4Cd3Se5__K2SnCl6,1.6482935,1.6357123
Na4Cd3Se5__K2SnCl6,1.6207923,1.6996661
Na4Cd3Se5__K2SnCl6,1.2083293,1.2408866
Na4Cd3Se5__K2SnCl6,2.035055,2.122669
Ca11Sn3C8__Cd7(P2Cl3)2,1.6619817,1.6483134
Ca11Sn3C8__Cd7(P2Cl3)2,1.076823,1.0451765
Ca11Sn3C8__Cd7(P2Cl3)2,0.6551559,0.60108304
Ca11Sn3C8__Cd7(P2Cl3)2,0.6339286,0.5838949
NaSb5O13__In6Te10Pb,2.6735299,2.3199873
NaSb5O13__In6Te10Pb,2.3474717,2.2727063
NaSb5O13__In6Te10Pb,1.4452822,1.2979317
NaSb5O13__In6Te10Pb,1.0036074,0.90195805
P__Sb2IBr2F11,0.95657766,0.9280693
P__Sb2IBr2F11,1.0118984,1.0026363
P__Sb2IBr2F11,0.8378201,0.80366343
P__Sb2IBr2F11,1.5089871,1.4693193
Na2PbO3__SbCl5,1.4234529,1.379297
Na2PbO3__SbCl5,1.7505485,1.7269809
Na2PbO3__SbCl5,1.6480817,1.606391
Na2PbO3__SbCl5,1.1333488,1.1086599
Ga7Te10__K2GeTe4,1.9269735,1.7602195
Ga7Te10__K2GeTe4,1.5380783,1.0677664
Ga7Te10__K2GeTe4,0.8439133,0.6922681
Ga7Te10__K2GeTe4,1.0063038,0.7427398
NaCdIn2(PO4)3__GaSeBr7,0.8917937,0.8818357
NaCdIn2(PO4)3__GaSeBr7,1.9309869,1.8544344
NaCdIn2(PO4)3__GaSeBr7,2.5401418,2.484605
NaCdIn2(PO4)3__GaSeBr7,1.4649903,1.4115858
Na2Si2Se5__Te(HO)6,0.61987644,0.5690628
Na2Si2Se5__Te(HO)6,1.7353837,1.7611173
Na2Si2Se5__Te(HO)6,0.86231077,0.8174035
Na2Si2Se5__Te(HO)6,1.2359306,1.2180917
Ca4GeN4__K2CdGeO4,1.7637527,1.8946153
Ca4GeN4__K2CdGeO4,1.2040408,1.2702878
Ca4GeN4__K2CdGeO4,0.7318519,0.7505309
Ca4GeN4__K2CdGeO4,0.599884,0.5955075
K2SiAs2__Li2ZnSnS4,1.8626181,1.8730792
K2SiAs2__Li2ZnSnS4,1.4155403,1.3938884
K2SiAs2__Li2ZnSnS4,2.5277925,2.536462
K2SiAs2__Li2ZnSnS4,1.6226733,1.6411301
K6Zn4Sn5S17__LiTi2(PO4)3,2.336476,2.2408345
K6Zn4Sn5S17__LiTi2(PO4)3,1.4004544,1.3832213
K6Zn4Sn5S17__LiTi2(PO4)3,1.0228384,1.0557102
K6Zn4Sn5S17__LiTi2(PO4)3,1.552942,1.4745941
Cd(SbO3)2__Na14Cd2O9,1.527254,1.3527445
Cd(SbO3)2__Na14Cd2O9,2.5393138,2.297629
Cd(SbO3)2__Na14Cd2O9,1.5268037,1.3683871
Cd(SbO3)2__Na14Cd2O9,1.6577921,1.4590087
NF2__Na3AlH6,1.1873173,1.1481152
NF2__Na3AlH6,2.7092242,2.662924
NF2__Na3AlH6,2.216312,2.2583807
NF2__Na3AlH6,2.4376726,2.4533184
Pentacene__Ge2S3Br2,1.5574632,1.5380102
Pentacene__Ge2S3Br2,1.596896,1.6102004
Pentacene__Ge2S3Br2,2.6320555,2.5931647
Pentacene__Ge2S3Br2,2.5808582,2.5686696
K2PbO2__K6Sn2S7,0.5878334,0.67534906
K2PbO2__K6Sn2S7,0.7258101,0.71314555
K2PbO2__K6Sn2S7,0.44595528,0.5147223
K2PbO2__K6Sn2S7,1.3435942,1.356616
S3(NO7)2__Na8Ga2O7,0.72234225,0.6690743
S3(NO7)2__Na8Ga2O7,2.5140407,2.498925
S3(NO7)2__Na8Ga2O7,2.2452228,2.2301357
S3(NO7)2__Na8Ga2O7,0.72353923,0.70055676
Sb2Se3__PbSeO4,1.1493471,1.1581208
Sb2Se3__PbSeO4,2.854422,2.8158548
Sb2Se3__PbSeO4,1.6514299,1.6518649
Sb2Se3__PbSeO4,2.6510177,2.5900583
Ca7SiN6__Ca2Al2Sn2O9,1.5214326,1.5252436
Ca7SiN6__Ca2Al2Sn2O9,2.3910415,2.4862008
Ca7SiN6__Ca2Al2Sn2O9,0.947481,0.9076946
Ca7SiN6__Ca2Al2Sn2O9,2.2303834,2.255862
K4CdAs2__KSn2(PO4)3,0.65195817,0.6010939
K4CdAs2__KSn2(PO4)3,2.0437407,2.0132124
K4CdAs2__KSn2(PO4)3,2.9351966,2.8990624
K4CdAs2__KSn2(PO4)3,1.7646247,1.7319186
KSn__TeO3,0.78114784,0.72405165
KSn__TeO3,1.1991448,1.1637851
KSn__TeO3,1.4242753,1.3885504
KSn__TeO3,1.8590893,1.8513788
K4TiSn3(PO5)4__GaSeBr7,2.6155272,2.5471115
K4TiSn3(PO5)4__GaSeBr7,0.57687694,0.5567358
K4TiSn3(PO5)4__GaSeBr7,1.8971609,1.8559729
K4TiSn3(PO5)4__GaSeBr7,2.7415826,2.7020416
K2Zn3O4__NaInSe2,1.4158341,1.1514808
K2Zn3O4__NaInSe2,0.9117362,0.83284277
K2Zn3O4__NaInSe2,0.93521756,0.7428689
K2Zn3O4__NaInSe2,1.3968439,1.1064473
K3Na2SnAs3__Na2LiAlP2,1.5050601,1.6170065
K3Na2SnAs3__Na2LiAlP2,0.7012334,0.72530997
K3Na2SnAs3__Na2LiAlP2,1.8631818,1.9959875
K3Na2SnAs3__Na2LiAlP2,1.1566268,1.2321291
K2H6PbO6__K4Ge9O20,1.5613424,1.6272362
K2H6PbO6__K4Ge9O20,2.237376,2.2954798
K2H6PbO6__K4Ge9O20,2.2306213,2.211702
K2H6PbO6__K4Ge9O20,0.4630622,0.39568666
In2(Se2O5)3__SnPO4F,0.62748826,0.61505497
In2(Se2O5)3__SnPO4F,2.070135,2.058306
In2(Se2O5)3__SnPO4F,2.5882494,2.5578997
In2(Se2O5)3__SnPO4F,1.5579276,1.5883218
KNaGeO3__Sb9S4F39,2.3759332,2.3346477
KNaGeO3__Sb9S4F39,2.8166873,2.8091624
KNaGeO3__Sb9S4F39,0.9723863,0.95744455
KNaGeO3__Sb9S4F39,0.5798885,0.5389221
K2Ti2O5__Rubrene,2.751081,2.7050192
K2Ti2O5__Rubrene,2.042311,2.044007
K2Ti2O5__Rubrene,0.41538495,0.3110373
K2Ti2O5__Rubrene,1.6245346,1.5857738
P4S7__Ge3Pb5O11,0.55385697,0.47579753
P4S7__Ge3Pb5O11,1.3485674,1.14707
P4S7__Ge3Pb5O11,1.9601629,1.65779
P4S7__Ge3Pb5O11,1.7370001,1.4993478
K2SnTe3__In2(SeO4)3,2.282229,2.253053
K2SnTe3__In2(SeO4)3,1.7836175,1.7787428
K2SnTe3__In2(SeO4)3,1.9670616,1.9377576
K2SnTe3__In2(SeO4)3,2.0629628,2.0785983
Na2In2SiS6__LiC,0.6254554,0.5867995
Na2In2SiS6__LiC,2.1063414,2.1491296
Na2In2SiS6__LiC,1.7500352,1.7734603
Na2In2SiS6__LiC,0.7061519,0.64110875
K2Sn(AsS3)2__Na2In2SiS6,1.0638288,1.0602467
K2Sn(AsS3)2__Na2In2SiS6,0.49207944,0.4615308
K2Sn(AsS3)2__Na2In2SiS6,0.4919381,0.45533705
K2Sn(AsS3)2__Na2In2SiS6,2.682513,2.757713
TeI__SnPS3,1.7266306,1.7122121
TeI__SnPS3,0.8291581,0.8461532
TeI__SnPS3,1.3382696,1.4034597
TeI__SnPS3,2.0386715,1.9995016
Li7SbN4__Na2GeTeO6,0.6761147,0.6398746
Li7SbN4__Na2GeTeO6,1.5672705,2.2382085
Li7SbN4__Na2GeTeO6,0.90228814,0.9442293
Li7SbN4__Na2GeTeO6,0.7337462,0.7426865
K5GaSe4__CdSnP14,2.0757654,2.0234053
K5GaSe4__CdSnP14,0.89068705,0.807982
K5GaSe4__CdSnP14,2.3166778,2.2575445
K5GaSe4__CdSnP14,2.5257854,2.4353175
Li10Zn4O9__SbAs2Cl13,2.6284268,2.5447037
Li10Zn4O9__SbAs2Cl13,1.998422,1.9511839
Li10Zn4O9__SbAs2Cl13,0.9919288,0.94073516
Li10Zn4O9__SbAs2Cl13,0.53134817,0.4733383
ZnSe__Li2ZnSn3O8,2.381583,2.3216155
ZnSe__Li2ZnSn3O8,0.94720304,0.9259617
ZnSe__Li2ZnSn3O8,1.1874336,1.1601273
ZnSe__Li2ZnSn3O8,2.1947312,2.1456962
ZnF2__K2LiInAs2,0.8213107,0.7570558
ZnF2__K2LiInAs2,1.0186313,0.95013154
ZnF2__K2LiInAs2,0.8571034,0.7980196
ZnF2__K2LiInAs2,2.0177429,2.0475209
Sn2Sb2Pb4O13__InSb(P2O7)2,1.485974,1.5129472
Sn2Sb2Pb4O13__InSb(P2O7)2,0.906922,0.8903007
Sn2Sb2Pb4O13__InSb(P2O7)2,0.7350331,0.70444816
Sn2Sb2Pb4O13__InSb(P2O7)2,1.2152832,1.2779833
P3NCl12__AlInI4,0.7331013,0.69928634
P3NCl12__AlInI4,1.7896528,1.7780324
P3NCl12__AlInI4,1.8266176,1.8085225
P3NCl12__AlInI4,1.4979886,1.4935583
KSnAsS5__LiPH21S3N7,1.4554361,1.4597526
KSnAsS5__LiPH21S3N7,2.441844,2.3815181
KSnAsS5__LiPH21S3N7,1.9862905,1.9452215
KSnAsS5__LiPH21S3N7,0.65320814,0.6241222
GeClO2F5__K6Zn4Sn5S17,1.3527273,1.31973
GeClO2F5__K6Zn4Sn5S17,1.4973161,1.4736317
GeClO2F5__K6Zn4Sn5S17,2.6855862,2.6482186
GeClO2F5__K6Zn4Sn5S17,1.169515,1.1364639
Na3AlH6__K6Te3(H8O7)4,2.154993,2.0504935
Na3AlH6__K6Te3(H8O7)4,2.6135437,2.5300763
Na3AlH6__K6Te3(H8O7)4,2.8646913,2.7154748
Na3AlH6__K6Te3(H8O7)4,1.2125123,1.2214991
K3AsSe4__Ca2Al2Sn2O9,1.4475647,1.4388623
K3AsSe4__Ca2Al2Sn2O9,2.2355895,2.2297738
K3AsSe4__Ca2Al2Sn2O9,1.0058103,1.0602055
K3AsSe4__Ca2Al2Sn2O9,1.1149713,1.1454091
KAs2HO6__P2Pb4O9,1.8936237,1.7571975
KAs2HO6__P2Pb4O9,1.1067915,1.0510782
KAs2HO6__P2Pb4O9,2.4232006,2.2023091
KAs2HO6__P2Pb4O9,0.58888894,0.53789496
LiGaO2__SnPCl9,1.145062,1.1191124
LiGaO2__SnPCl9,1.070741,1.0090598
LiGaO2__SnPCl9,0.8824695,0.8571918
LiGaO2__SnPCl9,2.364001,2.3325887
P7Pb__Na2Ti2Si2O9,2.6453671,2.624044
P7Pb__Na2Ti2Si2O9,0.48987684,0.46678317
P7Pb__Na2Ti2Si2O9,2.5611289,2.5921004
P7Pb__Na2Ti2Si2O9,0.51334417,0.49609947
Ga2O3__LiIn(IO3)4,1.4893119,1.5479369
Ga2O3__LiIn(IO3)4,1.0731263,1.0678546
Ga2O3__LiIn(IO3)4,2.029656,2.1236577
Ga2O3__LiIn(IO3)4,2.009843,2.0096197
Zn(InSe2)2__TiZn(SO4)3,1.894556,1.8572066
Zn(InSe2)2__TiZn(SO4)3,0.82628185,0.8484966
Zn(InSe2)2__TiZn(SO4)3,0.80661905,0.7903036
Zn(InSe2)2__TiZn(SO4)3,1.8933332,1.8392539
TeO2__KInO2,2.2872014,2.312112
TeO2__KInO2,1.5792551,1.5478435
TeO2__KInO2,0.5694865,0.5507469
TeO2__KInO2,2.5733492,2.5860054
NaLi2Sb__K2Ti2O5,2.4628363,2.4106047
NaLi2Sb__K2Ti2O5,2.5847723,2.5358808
NaLi2Sb__K2Ti2O5,0.95345646,1.021527
NaLi2Sb__K2Ti2O5,1.261756,1.2476741
Na6GaP3__AsI5F6,1.6027197,1.5619638
Na6GaP3__AsI5F6,2.3494296,2.2925143
Na6GaP3__AsI5F6,1.1738409,1.1335127
Na6GaP3__AsI5F6,0.8356853,0.7848698
K2O__K6Pb2O5,1.105149,0.7824442
K2O__K6Pb2O5,1.4369296,1.2331969
K2O__K6Pb2O5,1.0407676,0.7155793
K2O__K6Pb2O5,0.80476195,0.7674286
Li2SnSe3__Na2PS3,2.3176298,2.348948
Li2SnSe3__Na2PS3,2.5226593,2.5336134
Li2SnSe3__Na2PS3,0.8713637,0.8954476
Li2SnSe3__Na2PS3,2.1451793,2.1591058
In2(CN2)3__LiTi2(PO4)3,1.0309461,0.9191614
In2(CN2)3__LiTi2(PO4)3,1.582819,1.3069942
In2(CN2)3__LiTi2(PO4)3,2.5062163,1.9423138
In2(CN2)3__LiTi2(PO4)3,1.3921198,1.1673534
KTe__PCl5,2.3898814,2.3969188
KTe__PCl5,1.4929312,1.45781
KTe__PCl5,1.6982198,1.6369679
KTe__PCl5,2.1561012,2.1250894
AsI5F6__Ca3In2(GeO4)3,2.418923,2.4550576
AsI5F6__Ca3In2(GeO4)3,2.3943367,2.3582003
AsI5F6__Ca3In2(GeO4)3,2.00687,1.9439108
AsI5F6__Ca3In2(GeO4)3,1.7372223,1.7195941
SbP2O7__KIn7S8,2.6152627,2.5872252
SbP2O7__KIn7S8,2.4500864,2.4298208
SbP2O7__KIn7S8,2.0527518,2.0654812
SbP2O7__KIn7S8,0.9209961,0.91087776
Na(GeP)3__LiInSiO4,0.650505,0.61485785
Na(GeP)3__LiInSiO4,2.2525,2.2738616
Na(GeP)3__LiInSiO4,1.3561635,1.3275923
Na(GeP)3__LiInSiO4,1.5246465,1.5678115
Ca2Si__CdI2,1.142516,1.076511
Ca2Si__CdI2,0.5253098,0.46731895
Ca2Si__CdI2,0.8972232,0.87155676
Ca2Si__CdI2,1.608095,1.5523275
Li4PbO4__TeS7Cl2,1.3190912,1.2757701
Li4PbO4__TeS7Cl2,1.3318914,1.309946
Li4PbO4__TeS7Cl2,1.4076568,1.3616842
Li4PbO4__TeS7Cl2,0.6171101,0.56465244
LiSbO3__Ti(NO3)4,1.4639357,1.4077955
LiSbO3__Ti(NO3)4,0.7645057,0.72755843
LiSbO3__Ti(NO3)4,2.7947834,2.6813185
LiSbO3__Ti(NO3)4,1.6171588,1.5903453
Li2Ca(SiN2)2__AlAs3S5Cl4,0.9280267,0.92549956
Li2Ca(SiN2)2__AlAs3S5Cl4,2.3749242,2.3481019
Li2Ca(SiN2)2__AlAs3S5Cl4,2.3297937,2.3338778
Li2Ca(SiN2)2__AlAs3S5Cl4,2.408687,2.3418388
KSnAsO5__TiSnP2SO12,1.7891563,1.7038589
KSnAsO5__TiSnP2SO12,0.7694003,0.70191324
KSnAsO5__TiSnP2SO12,2.3603346,2.2016642
KSnAsO5__TiSnP2SO12,0.7018254,0.65518343
KSbS2__Al2ZnS4,0.6416997,0.5513107
KSbS2__Al2ZnS4,2.4606013,2.5967348
KSbS2__Al2ZnS4,0.9045028,0.91176015
KSbS2__Al2ZnS4,1.5782617,1.6587007
GePbS3__Zn3PBr3,0.44809964,0.4407002
GePbS3__Zn3PBr3,1.1415955,1.1138816
GePbS3__Zn3PBr3,0.39116463,0.38332325
GePbS3__Zn3PBr3,1.3153126,1.3008999
Ca11AlSb9__Sb9S4F39,2.309294,2.2851589
Ca11AlSb9__Sb9S4F39,1.1340382,1.1356691
Ca11AlSb9__Sb9S4F39,0.5683662,0.5437306
Ca11AlSb9__Sb9S4F39,0.6031782,0.48942125
Ca(Ga3Te5)2__LiZnN,2.2181413,2.2037213
Ca(Ga3Te5)2__LiZnN,2.4526854,2.3765764
Ca(Ga3Te5)2__LiZnN,1.3988365,1.3682
Ca(Ga3Te5)2__LiZnN,0.77563536,0.7226062
TiBr4__LiZnPS4,0.7232951,0.6119303
TiBr4__LiZnPS4,0.42727378,0.34917742
TiBr4__LiZnPS4,0.94717795,0.8067363
TiBr4__LiZnPS4,0.63834774,0.53588873
Na2In2GeSe6__Li5SiN3,2.5628946,2.2666183
Na2In2GeSe6__Li5SiN3,0.7994614,0.7976939
Na2In2GeSe6__Li5SiN3,0.6340505,0.57914484
Na2In2GeSe6__Li5SiN3,1.6513113,1.5856807
CdSe2__Sb8(PbS5)3,1.0453898,1.081946
CdSe2__Sb8(PbS5)3,1.2628114,1.3327855
CdSe2__Sb8(PbS5)3,1.5516323,1.6208014
CdSe2__Sb8(PbS5)3,1.4880114,1.6089975
KTi2(PO4)3__KICl4,1.971897,1.8478986
KTi2(PO4)3__KICl4,2.2809546,2.1548886
KTi2(PO4)3__KICl4,1.5342,1.4541007
KTi2(PO4)3__KICl4,0.662548,0.6276737
TeSe2__Zn3Cd3(TeO6)2,0.6676758,0.48185164
TeSe2__Zn3Cd3(TeO6)2,1.649894,1.0159968
TeSe2__Zn3Cd3(TeO6)2,0.6908418,0.52138937
TeSe2__Zn3Cd3(TeO6)2,1.903749,1.3041111
K3AlSe3__Ge19(AsBr)4,1.5041273,1.428506
K3AlSe3__Ge19(AsBr)4,2.7828836,2.7351022
K3AlSe3__Ge19(AsBr)4,0.7700782,0.72145206
K3AlSe3__Ge19(AsBr)4,1.3422943,1.2880085
KSnS4__Na6Ge2S7,2.391853,2.128695
KSnS4__Na6Ge2S7,0.5257178,0.5084067
KSnS4__Na6Ge2S7,1.1489546,1.112004
KSnS4__Na6Ge2S7,1.1692042,1.1232866
CaGaGeH__In4GeS4,2.0452507,1.6580491
CaGaGeH__In4GeS4,1.7533104,1.5373528
CaGaGeH__In4GeS4,2.0003216,1.7530555
CaGaGeH__In4GeS4,2.093315,1.8359135
Ca3AlN3__Na3Sb3(AsO7)2,0.9542364,0.9158248
Ca3AlN3__Na3Sb3(AsO7)2,2.1260676,2.0609076
Ca3AlN3__Na3Sb3(AsO7)2,0.6149273,0.57779074
Ca3AlN3__Na3Sb3(AsO7)2,0.548462,0.532109
Na2PS3__ZnSiN2,1.7280736,1.6350826
Na2PS3__ZnSiN2,0.5354609,0.445176
Na2PS3__ZnSiN2,2.5523207,2.291197
Na2PS3__ZnSiN2,1.0694389,0.9809161
KAlTe2__Ca3(AlN2)2,1.0662929,1.0506845
KAlTe2__Ca3(AlN2)2,1.0800226,0.9866889
KAlTe2__Ca3(AlN2)2,1.5094453,1.363966
KAlTe2__Ca3(AlN2)2,1.7524052,1.2465695
K4I2O9__KInAs3H7O13,0.81559044,0.87783974
K4I2O9__KInAs3H7O13,1.5841286,1.6056201
K4I2O9__KInAs3H7O13,2.0202596,2.0586576
K4I2O9__KInAs3H7O13,1.9868182,2.0051067
KSeO2F__K2SbH5O6,2.024038,1.6813236
KSeO2F__K2SbH5O6,1.3819019,1.1638159
KSeO2F__K2SbH5O6,2.7515001,2.3856428
KSeO2F__K2SbH5O6,2.376323,2.0166724
Na5Ti2Si2PO13__KSnPO5,1.1096771,1.3021823
Na5Ti2Si2PO13__KSnPO5,0.915774,0.9699197
Na5Ti2Si2PO13__KSnPO5,0.77855855,0.79958975
Na5Ti2Si2PO13__KSnPO5,0.7670828,0.79012716
