candidate_id,y_true,y_pred
Ca3(GaN2)2__NaLiTe,-2.3208451,-4.810253
Ca3(GaN2)2__NaLiTe,-1.8812354,-4.4535313
Ca3(GaN2)2__NaLiTe,-1.1623858,-3.4436257
Ca3(GaN2)2__NaLiTe,-5.989965,-5.9223404
K5Na(Ti2Se9)3__SbF4,10.013174,9.861472
K5Na(Ti2Se9)3__SbF4,9.981717,9.926498
K5Na(Ti2Se9)3__SbF4,9.985303,9.9653015
K5Na(Ti2Se9)3__SbF4,10.018522,9.945219
KTiPSe5__ZnCN2,9.9920435,9.934732
KTiPSe5__ZnCN2,9.989686,9.9805975
KTiPSe5__ZnCN2,10.014214,9.948561
KTiPSe5__ZnCN2,9.961721,9.898627
Na6P4Pb3S16__NaH2N,10.008595,9.30393
Na6P4Pb3S16__NaH2N,9.779093,8.450849
Na6P4Pb3S16__NaH2N,7.4524903,7.194781
Na6P4Pb3S16__NaH2N,10.009333,9.170244
KPbO2__K2ZnS2,3.7693048,6.8216615
KPbO2__K2ZnS2,-0.7278144,0.33120573
KPbO2__K2ZnS2,3.1997674,5.796708
KPbO2__K2ZnS2,1.4046932,3.299268
NaSb5O13__Na2PS3,5.3835382,7.811061
NaSb5O13__Na2PS3,8.114292,9.264133
NaSb5O13__Na2PS3,10.001963,9.95458
NaSb5O13__Na2PS3,7.6744146,9.234529
Li2Te2O5__K6Ti2O7,10.05149,9.974775
Li2Te2O5__K6Ti2O7,7.833043,9.290947
Li2Te2O5__K6Ti2O7,5.9283047,7.4353104
Li2Te2O5__K6Ti2O7,8.260189,9.296637
Ca3(Si4P7)2__Li2ZnSnS4,8.35203,8.93959
Ca3(Si4P7)2__Li2ZnSnS4,4.28478,5.8648105
Ca3(Si4P7)2__Li2ZnSnS4,6.831676,7.7181377
Ca3(Si4P7)2__Li2ZnSnS4,9.038139,9.4415865
Cd3SiO5__NaGaGeO4,10.024716,10.042724
Cd3SiO5__NaGaGeO4,9.964447,10.04754
Cd3SiO5__NaGaGeO4,10.031635,10.080255
Cd3SiO5__NaGaGeO4,10.000711,10.018415
Na4Al3Ge3IO12__K2TeH6SO10,3.6723719,4.383024
Na4Al3Ge3IO12__K2TeH6SO10,6.4924417,6.411273
Na4Al3Ge3IO12__K2TeH6SO10,2.0768468,2.9899495
Na4Al3Ge3IO12__K2TeH6SO10,2.2421255,3.1795232
Ca11InSb9__Zn3PBr3,10.022603,9.962608
Ca11InSb9__Zn3PBr3,9.980836,9.941972
Ca11InSb9__Zn3PBr3,10.021186,9.956631
Ca11InSb9__Zn3PBr3,9.983545,9.956815
NaGe__Ga(IO3)3,10.017462,9.925019
NaGe__Ga(IO3)3,9.99744,9.929754
NaGe__Ga(IO3)3,9.966559,10.034456
NaGe__Ga(IO3)3,9.99377,9.939668
KPS3__AsClF8,10.019704,9.960463
KPS3__AsClF8,9.985555,9.949233
KPS3__AsClF8,10.007789,9.939829
KPS3__AsClF8,10.022577,9.8155
Li2TeS3__Cd(NO3)2,9.997143,9.976242
Li2TeS3__Cd(NO3)2,10.001504,9.964293
Li2TeS3__Cd(NO3)2,10.007173,10.023747
Li2TeS3__Cd(NO3)2,9.964034,9.972204
Na8TiAs4__Na3Ga3(TeO6)2,8.617862,8.994054
Na8TiAs4__Na3Ga3(TeO6)2,7.789966,8.4305725
Na8TiAs4__Na3Ga3(TeO6)2,7.5953307,8.205242
Na8TiAs4__Na3Ga3(TeO6)2,8.843908,8.885981
TePb__NaAlAsO4F,10.001983,9.968804
TePb__NaAlAsO4F,9.982735,9.942223
TePb__NaAlAsO4F,10.022949,9.901093
TePb__NaAlAsO4F,9.993245,9.899975
K2Zn3O4__Zn2Te3O8,9.954464,9.963808
K2Zn3O4__Zn2Te3O8,9.984089,10.008135
K2Zn3O4__Zn2Te3O8,10.049614,9.951761
K2Zn3O4__Zn2Te3O8,9.964708,9.958626
Ca2Ge__KH3(SeO4)2,10.004395,9.981958
Ca2Ge__KH3(SeO4)2,10.008282,9.939642
Ca2Ge__KH3(SeO4)2,9.998105,9.839885
Ca2Ge__KH3(SeO4)2,9.972099,9.879433
Na3In2(AsO4)3__KInAs3H7O13,1.0116023,2.3606923
Na3In2(AsO4)3__KInAs3H7O13,5.660147,7.101425
Na3In2(AsO4)3__KInAs3H7O13,5.6867537,7.47334
Na3In2(AsO4)3__KInAs3H7O13,1.7393752,4.5245056
K2PbO2__GeAsSe,9.976938,10.035336
K2PbO2__GeAsSe,9.982121,9.327431
K2PbO2__GeAsSe,9.986459,9.476284
K2PbO2__GeAsSe,10.0058,9.499994
Cd2SnO4__S3(NO7)2,10.025562,10.113824
Cd2SnO4__S3(NO7)2,9.979948,10.049591
Cd2SnO4__S3(NO7)2,9.963418,10.049181
Cd2SnO4__S3(NO7)2,10.016717,10.013694
SnF2__K11Cd2Sb5,10.037131,10.047986
SnF2__K11Cd2Sb5,10.013672,9.899237
SnF2__K11Cd2Sb5,10.0157795,9.857084
SnF2__K11Cd2Sb5,10.001812,9.894167
HI3__Na3CdPCO7,10.03601,10.011068
HI3__Na3CdPCO7,10.000261,9.912437
HI3__Na3CdPCO7,10.001309,9.882605
HI3__Na3CdPCO7,10.037378,9.993402
NaS2__Na2TiZn2GeO7,-0.34494802,0.8399911
NaS2__Na2TiZn2GeO7,1.5604589,3.883035
NaS2__Na2TiZn2GeO7,-0.23065569,2.2257023
NaS2__Na2TiZn2GeO7,-0.6442598,2.3187785
Na2Te__KHS,9.968089,9.679757
Na2Te__KHS,10.004954,10.020227
Na2Te__KHS,9.968383,10.087127
Na2Te__KHS,10.018504,10.114904
SbBrF8__Li3SbS4,9.997611,10.009356
SbBrF8__Li3SbS4,10.0028305,9.992517
SbBrF8__Li3SbS4,9.990905,9.988716
SbBrF8__Li3SbS4,10.014312,10.036763
Ca2PI__NaIn(GeO3)2,0.8288701,0.36053437
Ca2PI__NaIn(GeO3)2,-1.0611559,-2.4803126
Ca2PI__NaIn(GeO3)2,1.6431754,0.48250225
Ca2PI__NaIn(GeO3)2,-1.4098761,-1.5996599
NaZnAs__K2Ge2PbS6,3.9053974,7.7253423
NaZnAs__K2Ge2PbS6,7.013925,9.519888
NaZnAs__K2Ge2PbS6,3.855057,7.586055
NaZnAs__K2Ge2PbS6,4.071273,7.9755774
TPD__SbBr3,10.0148945,9.897963
TPD__SbBr3,9.943226,9.926063
TPD__SbBr3,9.994435,9.915142
TPD__SbBr3,10.05033,9.863967
Pb3SeO5__Ca(AlSe2)2,9.993079,9.882071
Pb3SeO5__Ca(AlSe2)2,10.03205,9.84775
Pb3SeO5__Ca(AlSe2)2,10.040084,9.959782
Pb3SeO5__Ca(AlSe2)2,10.031104,9.880856
K5Zn4Sn5H4S17N__Na2Ti6O13,10.007044,9.729631
K5Zn4Sn5H4S17N__Na2Ti6O13,10.013221,10.007204
K5Zn4Sn5H4S17N__Na2Ti6O13,10.035101,9.951377
K5Zn4Sn5H4S17N__Na2Ti6O13,9.990957,9.997326
K2NaAlP2__Cd4As2Cl3,9.957176,10.058173
K2NaAlP2__Cd4As2Cl3,10.008855,9.899683
K2NaAlP2__Cd4As2Cl3,10.055202,9.966646
K2NaAlP2__Cd4As2Cl3,10.00943,10.038415
K2SbCl5__AlInS3,9.847411,8.284035
K2SbCl5__AlInS3,7.3731713,6.5395484
K2SbCl5__AlInS3,6.191844,5.507803
K2SbCl5__AlInS3,9.990997,9.664902
NaLi2Sb__Na5AlO4,10.006278,10.047618
NaLi2Sb__Na5AlO4,9.993052,9.52482
NaLi2Sb__Na5AlO4,10.026303,10.029447
NaLi2Sb__Na5AlO4,9.985159,9.913729
KP__K6ZnSe4,2.3735523,0.9223455
KP__K6ZnSe4,3.347607,3.7352188
KP__K6ZnSe4,3.2471833,1.6761047
KP__K6ZnSe4,1.5377876,1.0245095
Zn(InSe2)2__Ca3(AlAs2)2,8.886263,9.3920555
Zn(InSe2)2__Ca3(AlAs2)2,6.8030725,8.083141
Zn(InSe2)2__Ca3(AlAs2)2,7.612156,8.920296
Zn(InSe2)2__Ca3(AlAs2)2,6.5761514,8.28433
K2Sn2O3__Ca5P8,8.430969,8.255955
K2Sn2O3__Ca5P8,5.7439194,6.5600443
K2Sn2O3__Ca5P8,5.190783,6.0781994
K2Sn2O3__Ca5P8,8.614157,8.2646885
KCdGeAs2__InCl,10.0061035,9.986946
KCdGeAs2__InCl,10.00018,9.9169235
KCdGeAs2__InCl,9.944135,9.969219
KCdGeAs2__InCl,9.997404,9.965015
InBr__NaPS3,-2.4083276,-2.617201
InBr__NaPS3,4.007571,3.6251493
InBr__NaPS3,2.2370656,1.757349
InBr__NaPS3,3.0344975,2.797623
Na6S2O9__InOF,9.977433,9.947903
Na6S2O9__InOF,10.01297,9.999198
Na6S2O9__InOF,9.985366,9.861114
Na6S2O9__InOF,9.979081,9.947769
Li2TeS3__CdI2,9.124448,7.635392
Li2TeS3__CdI2,9.693235,7.919301
Li2TeS3__CdI2,10.012387,7.911532
Li2TeS3__CdI2,9.019452,7.517089
KGaTe2__SbCl5,10.018679,9.876574
KGaTe2__SbCl5,10.00071,9.989384
KGaTe2__SbCl5,9.985841,9.951996
KGaTe2__SbCl5,10.010197,9.970036
AlGaAs2__NaGaO2,10.008459,9.997245
AlGaAs2__NaGaO2,10.029637,9.17408
AlGaAs2__NaGaO2,9.995437,9.569651
AlGaAs2__NaGaO2,10.018533,9.340818
Na2TiS2O__K5LiGe2O7,7.309742,8.484283
Na2TiS2O__K5LiGe2O7,4.3323293,5.3591347
Na2TiS2O__K5LiGe2O7,8.548901,9.265875
Na2TiS2O__K5LiGe2O7,6.4134235,7.6689878
K2In(PSe4)2__Na2Cd3(P2O7)2,10.000702,9.888568
K2In(PSe4)2__Na2Cd3(P2O7)2,9.982714,9.953613
K2In(PSe4)2__Na2Cd3(P2O7)2,10.025107,9.994423
K2In(PSe4)2__Na2Cd3(P2O7)2,9.993055,9.981909
Ca3AlAs3__Na2SeO4,9.985039,9.948594
Ca3AlAs3__Na2SeO4,9.972483,9.916437
Ca3AlAs3__Na2SeO4,9.983352,9.958036
Ca3AlAs3__Na2SeO4,10.001224,10.000408
NaTiSe4__CdCN2,9.974196,9.977557
NaTiSe4__CdCN2,9.997926,10.009776
NaTiSe4__CdCN2,10.004216,10.004459
NaTiSe4__CdCN2,10.002049,10.051343
K7LiSi8__K2SnO2,10.002123,9.375046
K7LiSi8__K2SnO2,9.982298,9.280063
K7LiSi8__K2SnO2,10.006874,9.698181
K7LiSi8__K2SnO2,7.2925515,7.647171
LiZnAs__LiGa5O8,6.655012,8.761678
LiZnAs__LiGa5O8,5.005001,8.085922
LiZnAs__LiGa5O8,8.509429,9.56116
LiZnAs__LiGa5O8,10.014467,9.999132
K2CdGeO4__AlInS3,-3.274923,-2.964111
K2CdGeO4__AlInS3,-1.8725084,-1.6475165
K2CdGeO4__AlInS3,-1.9028064,-1.8586951
K2CdGeO4__AlInS3,-4.595342,-3.9219918
K4PbO4__KLiS,10.00374,9.857014
K4PbO4__KLiS,9.995303,9.961969
K4PbO4__KLiS,10.001967,9.889835
K4PbO4__KLiS,9.98998,9.384514
Ca(ZnP)2__Ca2Si,5.3784165,5.036522
Ca(ZnP)2__Ca2Si,2.770897,2.2171617
Ca(ZnP)2__Ca2Si,0.40858856,0.1978384
Ca(ZnP)2__Ca2Si,0.8076178,0.32868674
InSb2S4Br__KNO3,1.6519018,4.568534
InSb2S4Br__KNO3,0.93807805,4.8071404
InSb2S4Br__KNO3,2.9704785,6.621954
InSb2S4Br__KNO3,4.4772186,7.9844527
Li2SnN2__KIO4,2.566012,3.8655717
Li2SnN2__KIO4,2.3057144,4.0462794
Li2SnN2__KIO4,2.910014,3.947191
Li2SnN2__KIO4,5.901079,5.6976576
P4S9__InCl3,9.267687,9.457564
P4S9__InCl3,4.9292216,5.8359995
P4S9__InCl3,6.809583,8.037518
P4S9__InCl3,5.506012,6.5067673
K(SiAs)3__AlICl6,9.96358,10.054744
K(SiAs)3__AlICl6,9.955186,9.951853
K(SiAs)3__AlICl6,9.9802885,9.969553
K(SiAs)3__AlICl6,9.985781,10.014108
Li2SnO3__CaTe2O5,-6.0053005,-5.9567504
Li2SnO3__CaTe2O5,-5.978903,-5.682236
Li2SnO3__CaTe2O5,-5.8914194,-5.7363977
Li2SnO3__CaTe2O5,-6.008245,-6.099435
K2LiGaAs2__Ca3Zn3(TeO6)2,9.990328,9.926417
K2LiGaAs2__Ca3Zn3(TeO6)2,9.989872,9.99366
K2LiGaAs2__Ca3Zn3(TeO6)2,9.97983,9.923697
K2LiGaAs2__Ca3Zn3(TeO6)2,10.016242,10.034798
ICl3__Na2Ti2Se9,10.002679,9.986512
ICl3__Na2Ti2Se9,10.011892,9.993582
ICl3__Na2Ti2Se9,9.995333,9.960009
ICl3__Na2Ti2Se9,9.998477,10.043304
Na5SnP3__Na5InS4,4.9024034,5.8945727
Na5SnP3__Na5InS4,7.793653,8.565539
Na5SnP3__Na5InS4,2.0807376,1.1216656
Na5SnP3__Na5InS4,2.1710887,1.7482216
Li2TeS3__K2ZnSe2,3.72459,4.959898
Li2TeS3__K2ZnSe2,9.345726,9.433027
Li2TeS3__K2ZnSe2,8.286937,8.821035
Li2TeS3__K2ZnSe2,6.913704,8.148353
Zn2AsHO5__K2LiSn4,9.971288,9.910898
Zn2AsHO5__K2LiSn4,10.0293665,9.923663
Zn2AsHO5__K2LiSn4,10.008456,10.0269165
Zn2AsHO5__K2LiSn4,10.017772,9.955276
Alq3__Ti6CCl14,10.020521,9.946047
Alq3__Ti6CCl14,9.990615,9.920612
Alq3__Ti6CCl14,10.009993,9.93819
Alq3__Ti6CCl14,10.010747,9.949602
K2Ga2As3__K6CdO4,8.449491,7.9224567
K2Ga2As3__K6CdO4,10.014436,8.776091
K2Ga2As3__K6CdO4,9.742178,8.629301
K2Ga2As3__K6CdO4,9.979657,8.834083
Zn3Cd3(TeO6)2__TPD,10.010581,9.969404
Zn3Cd3(TeO6)2__TPD,10.02523,9.904053
Zn3Cd3(TeO6)2__TPD,10.0124235,9.884705
Zn3Cd3(TeO6)2__TPD,9.9874935,9.967408
Ca3(GeAs2)2__NaAsO3,10.010939,10.031333
Ca3(GeAs2)2__NaAsO3,9.958001,10.042718
Ca3(GeAs2)2__NaAsO3,10.002533,10.001535
Ca3(GeAs2)2__NaAsO3,9.981563,10.03054
Sb2Se3__Sn2SI2,0.63832164,1.4688936
Sb2Se3__Sn2SI2,6.1016164,6.5605817
Sb2Se3__Sn2SI2,1.949561,3.0399442
Sb2Se3__Sn2SI2,6.3861136,6.200531
K2SbPO6__Na2Ti6O13,5.1531463,5.9032345
K2SbPO6__Na2Ti6O13,0.17411247,1.2151664
K2SbPO6__Na2Ti6O13,0.6785811,1.4656235
K2SbPO6__Na2Ti6O13,1.3127613,3.3216202
K4CdAs2__K3Al2As3,3.5125058,4.68126
K4CdAs2__K3Al2As3,2.9922204,4.731978
K4CdAs2__K3Al2As3,2.648977,5.666562
K4CdAs2__K3Al2As3,5.3775897,6.820797
Sn(SO4)2__Ca3AlAs3,9.989329,9.841479
Sn(SO4)2__Ca3AlAs3,10.017439,9.888325
Sn(SO4)2__Ca3AlAs3,10.040724,9.846893
Sn(SO4)2__Ca3AlAs3,9.954877,9.968038
K3AsO4__InAs(H2O3)2,8.172551,7.874568
K3AsO4__InAs(H2O3)2,9.695525,8.484013
K3AsO4__InAs(H2O3)2,9.167253,8.154556
K3AsO4__InAs(H2O3)2,8.932792,7.986992
Ca11InSb9__S(IO3)2,10.026087,9.960251
Ca11InSb9__S(IO3)2,10.037949,9.988487
Ca11InSb9__S(IO3)2,10.041654,9.966586
Ca11InSb9__S(IO3)2,10.016641,9.989931
NaAs__CdP4,10.014681,9.385977
NaAs__CdP4,9.999072,9.461632
NaAs__CdP4,8.941862,9.518279
NaAs__CdP4,8.569776,9.5414
Na4TiP2O9__SeO2,9.986588,9.938385
Na4TiP2O9__SeO2,9.967151,9.987606
Na4TiP2O9__SeO2,10.011883,9.989204
Na4TiP2O9__SeO2,9.980547,10.012836
MEH-PPV__NaP3(PbO3)4,9.9932995,9.919312
MEH-PPV__NaP3(PbO3)4,10.010293,9.923529
MEH-PPV__NaP3(PbO3)4,10.000894,9.922911
MEH-PPV__NaP3(PbO3)4,10.021541,9.924054
K2NaAlH6__Zn3Te2P2(PbO7)2,10.045989,10.024935
K2NaAlH6__Zn3Te2P2(PbO7)2,9.962334,10.047352
K2NaAlH6__Zn3Te2P2(PbO7)2,9.9796715,10.111304
K2NaAlH6__Zn3Te2P2(PbO7)2,9.990142,9.941366
K5SnAs3__CaTi4(PO4)6,10.024267,10.015331
K5SnAs3__CaTi4(PO4)6,9.991882,9.997237
K5SnAs3__CaTi4(PO4)6,9.9805355,9.996276
K5SnAs3__CaTi4(PO4)6,10.007118,9.994091
InSbS3__CaPSe3,-0.38593447,2.7119758
InSbS3__CaPSe3,-0.05594346,2.5653403
InSbS3__CaPSe3,3.294929,6.1744804
InSbS3__CaPSe3,2.1779814,5.0027704
AlAs3S5Cl4__Na3As4H5O14,1.0640215,1.7940675
AlAs3S5Cl4__Na3As4H5O14,0.93192047,1.2655588
AlAs3S5Cl4__Na3As4H5O14,-0.5175378,0.47219074
AlAs3S5Cl4__Na3As4H5O14,3.352158,4.972414
TeSe2__Na3SbO3,10.004655,10.055273
TeSe2__Na3SbO3,10.000651,9.99201
TeSe2__Na3SbO3,9.994424,9.947054
TeSe2__Na3SbO3,9.99982,10.042835
K4P21I__Ga2Sn2S5,-4.4309573,-5.744269
K4P21I__Ga2Sn2S5,-4.3931723,-5.330682
K4P21I__Ga2Sn2S5,-6.015766,-5.1678104
K4P21I__Ga2Sn2S5,-5.984857,-6.237856
AlPI8__Na4SnO4,7.4949713,8.711681
AlPI8__Na4SnO4,6.6575675,8.467413
AlPI8__Na4SnO4,2.1828918,4.704459
AlPI8__Na4SnO4,4.3246746,6.4289856
Ca2Sb2O7__K3P11,5.570851,6.4060974
Ca2Sb2O7__K3P11,2.0667863,3.0910993
Ca2Sb2O7__K3P11,3.8131766,5.332985
Ca2Sb2O7__K3P11,3.4118361,4.7852774
Zn3TeO6__K2GaSb2,9.993166,9.999567
Zn3TeO6__K2GaSb2,10.008275,9.982258
Zn3TeO6__K2GaSb2,10.032642,9.96882
Zn3TeO6__K2GaSb2,10.010115,9.974206
Zn(InTe2)2__TePbO3,9.968727,10.00311
Zn(InTe2)2__TePbO3,9.962659,10.010648
Zn(InTe2)2__TePbO3,10.013787,9.864629
Zn(InTe2)2__TePbO3,9.957782,10.0496025
LiH__Li3AlN2,-2.639284,-1.9273283
LiH__Li3AlN2,-0.36632085,0.13732427
LiH__Li3AlN2,-0.40812036,0.14778754
LiH__Li3AlN2,-0.5810306,0.17569894
Na5GaO4__CaTe2O5,5.079345,6.497219
Na5GaO4__CaTe2O5,9.972834,9.686677
Na5GaO4__CaTe2O5,10.015326,9.828167
Na5GaO4__CaTe2O5,5.1132736,6.800576
NaAsS2__K4Sb2O5,1.9266912,4.4252152
NaAsS2__K4Sb2O5,3.4059749,6.10429
NaAsS2__K4Sb2O5,-1.5583531,-1.1996335
NaAsS2__K4Sb2O5,-0.76753205,-0.3162427
CdS__Ti2PCl13,2.7233202,4.5977917
CdS__Ti2PCl13,8.427968,9.455969
CdS__Ti2PCl13,7.6607327,8.855349
CdS__Ti2PCl13,5.903976,8.527464
Na6ZnO4__P3BrCl14,10.006532,9.981824
Na6ZnO4__P3BrCl14,10.0196295,9.975166
Na6ZnO4__P3BrCl14,9.990351,9.936089
Na6ZnO4__P3BrCl14,10.023056,9.9767
K5LiGe2O7__KH,-0.46375602,-1.3718361
K5LiGe2O7__KH,-1.0375304,-2.5311272
K5LiGe2O7__KH,-3.8932545,-5.252969
K5LiGe2O7__KH,-1.3245289,-2.47993
Na2TiSiO5__Ca4Al6TeO12,-5.8795414,-5.6652966
Na2TiSiO5__Ca4Al6TeO12,-1.8192273,-2.933284
Na2TiSiO5__Ca4Al6TeO12,-4.0527406,-4.1933594
Na2TiSiO5__Ca4Al6TeO12,-4.06215,-4.5927744
In2(SeO4)3__NaZnSiHO4,-6.008955,-6.500824
In2(SeO4)3__NaZnSiHO4,-5.668636,-5.7122936
In2(SeO4)3__NaZnSiHO4,-3.5217218,-4.316951
In2(SeO4)3__NaZnSiHO4,-4.1402144,-4.7894998
KGaSb2__GePbS3,9.971306,10.012719
KGaSb2__GePbS3,9.970769,10.047786
KGaSb2__GePbS3,10.006973,10.067957
KGaSb2__GePbS3,9.978156,10.110341
Ti2Sb2Pb4O13__SbSCl9,9.975394,10.054722
Ti2Sb2Pb4O13__SbSCl9,10.016826,10.076609
Ti2Sb2Pb4O13__SbSCl9,9.976436,10.045537
Ti2Sb2Pb4O13__SbSCl9,10.008526,10.064518
NaCdPO4__LiInSiO4,1.2871784,2.1181068
NaCdPO4__LiInSiO4,-2.4617672,-1.969563
NaCdPO4__LiInSiO4,0.943064,1.6345143
NaCdPO4__LiInSiO4,3.8867958,4.1207867
Li10Si(PSe6)2__In2(CN2)3,4.3549256,5.6721807
Li10Si(PSe6)2__In2(CN2)3,7.6474514,8.048601
Li10Si(PSe6)2__In2(CN2)3,8.604143,8.213895
Li10Si(PSe6)2__In2(CN2)3,6.9538274,7.248496
PCBM__NaAlSe2,10.001687,10.0115185
PCBM__NaAlSe2,9.981858,10.036036
PCBM__NaAlSe2,10.046818,9.996223
PCBM__NaAlSe2,10.011823,10.012609
KInAs3H7O13__LiGaS2,3.6769073,4.212966
KInAs3H7O13__LiGaS2,7.6598163,7.4320745
KInAs3H7O13__LiGaS2,3.4817905,4.088993
KInAs3H7O13__LiGaS2,4.320682,4.790138
K2TeSe3__CaTiO3,5.626484,6.687071
K2TeSe3__CaTiO3,2.0729873,3.9061685
K2TeSe3__CaTiO3,3.7051125,5.7770443
K2TeSe3__CaTiO3,5.2790236,7.205841
Te3(PbO4)2__TeO2,10.008541,8.9921055
Te3(PbO4)2__TeO2,7.0158978,7.3260427
Te3(PbO4)2__TeO2,10.025907,8.842552
Te3(PbO4)2__TeO2,8.339663,8.221635
KCa(H2N)3__Ca5(IO6)2,4.7209888,4.9329996
KCa(H2N)3__Ca5(IO6)2,10.00162,7.628952
KCa(H2N)3__Ca5(IO6)2,7.869873,7.1119814
KCa(H2N)3__Ca5(IO6)2,5.616112,5.7289124
Na4GeSe4__BrNO3,9.966244,9.985579
Na4GeSe4__BrNO3,10.02212,9.987924
Na4GeSe4__BrNO3,10.038161,10.011354
Na4GeSe4__BrNO3,10.012359,9.973498
Ga10GePb3O20__CdH2SeO5,10.00063,9.967943
Ga10GePb3O20__CdH2SeO5,9.998235,10.031244
Ga10GePb3O20__CdH2SeO5,9.980145,10.057405
Ga10GePb3O20__CdH2SeO5,9.995644,10.111252
S(IO3)2__BrCl,9.9771,9.565649
S(IO3)2__BrCl,9.990164,9.561605
S(IO3)2__BrCl,9.991897,9.577836
S(IO3)2__BrCl,10.009627,9.823063
P2S5__K3LiGe4,9.984851,9.906817
P2S5__K3LiGe4,9.988263,9.93381
P2S5__K3LiGe4,10.029959,9.950166
P2S5__K3LiGe4,9.996406,9.944918
ZnSe__KSb2PO8,4.376471,5.2350855
ZnSe__KSb2PO8,5.5285172,7.1724553
ZnSe__KSb2PO8,6.532035,8.189236
ZnSe__KSb2PO8,8.914627,9.759638
Li2GePbS4__AsClF8,10.009261,9.775957
Li2GePbS4__AsClF8,10.035305,9.982084
Li2GePbS4__AsClF8,10.03662,9.944044
Li2GePbS4__AsClF8,10.006968,9.901138
KNaS__CdS,10.00519,9.905231
KNaS__CdS,9.9706335,9.829429
KNaS__CdS,10.015979,9.84274
KNaS__CdS,9.994265,9.819191
Sn2OF2__H3C3N5,-2.0954747,-0.71211857
Sn2OF2__H3C3N5,-0.38853905,0.354069
Sn2OF2__H3C3N5,-2.0037525,-0.4326037
Sn2OF2__H3C3N5,-0.4505337,1.2688736
GeBr4__In2(Se2O5)3,4.636264,5.2529354
GeBr4__In2(Se2O5)3,9.999832,9.70312
GeBr4__In2(Se2O5)3,8.792417,8.916493
GeBr4__In2(Se2O5)3,9.95778,9.826851
Na2O__Li5SbS3I2,4.9366727,5.3232536
Na2O__Li5SbS3I2,5.1872745,5.975274
Na2O__Li5SbS3I2,5.162933,6.2538233
Na2O__Li5SbS3I2,0.63439685,1.9790648
TeS7Cl2__KTi2(PO4)3,10.002114,9.907324
TeS7Cl2__KTi2(PO4)3,9.987871,9.85795
TeS7Cl2__KTi2(PO4)3,10.055594,9.921518
TeS7Cl2__KTi2(PO4)3,10.001462,9.859577
Ca3(SiP2)2__S5(IO9)2,10.01872,9.974391
Ca3(SiP2)2__S5(IO9)2,9.998722,9.959812
Ca3(SiP2)2__S5(IO9)2,9.978988,10.004492
Ca3(SiP2)2__S5(IO9)2,10.003148,9.969839
K3SbTe3__TePbO3,10.005941,9.997309
K3SbTe3__TePbO3,9.979103,9.932953
K3SbTe3__TePbO3,9.986252,9.970322
K3SbTe3__TePbO3,9.971203,10.000334
SIO3F__Sb2PbO6,10.009072,10.012428
SIO3F__Sb2PbO6,10.009163,10.004568
SIO3F__Sb2PbO6,9.987141,9.969088
SIO3F__Sb2PbO6,10.006196,9.994626
HS2IO8__ZnH2SeO5,4.621725,6.7591133
HS2IO8__ZnH2SeO5,2.982703,4.9365015
HS2IO8__ZnH2SeO5,5.0678244,6.922233
HS2IO8__ZnH2SeO5,2.892089,4.8816032
LiAs__NaS,3.9342992,5.779351
LiAs__NaS,3.3977368,5.3752975
LiAs__NaS,0.95574003,2.11752
LiAs__NaS,2.7482843,4.2125397
NClO3__NaPS3,9.999689,9.970205
NClO3__NaPS3,10.040938,9.981424
NClO3__NaPS3,10.001456,9.982353
NClO3__NaPS3,10.003779,9.944368
PbI2__Li2GeN2,-1.8905805,-1.6600451
PbI2__Li2GeN2,0.52683926,1.5283391
PbI2__Li2GeN2,3.858111,4.8483377
PbI2__Li2GeN2,0.5272467,0.6638844
K2NaH10IO10__KSiSbO5,-1.902809,-1.7335228
K2NaH10IO10__KSiSbO5,-1.145137,-1.9256202
K2NaH10IO10__KSiSbO5,1.16968,0.6848265
K2NaH10IO10__KSiSbO5,0.47329462,0.0029505305
Zn2Te3O8__SbClF8,9.980016,10.033548
Zn2Te3O8__SbClF8,9.973416,9.937819
Zn2Te3O8__SbClF8,9.976783,10.040468
Zn2Te3O8__SbClF8,10.01121,9.942386
NaSbS2__K3GaSe3,10.00664,9.923277
NaSbS2__K3GaSe3,10.000559,9.860178
NaSbS2__K3GaSe3,10.016722,9.902511
NaSbS2__K3GaSe3,9.982827,9.762676
Cd3SiO5__K4P21I,8.907782,9.1133175
Cd3SiO5__K4P21I,6.7198067,6.586176
Cd3SiO5__K4P21I,10.008387,9.662879
Cd3SiO5__K4P21I,6.974371,7.489131
LiInTe2__GePbS3,10.009212,9.507238
LiInTe2__GePbS3,9.9110565,8.580224
LiInTe2__GePbS3,9.984603,9.524706
LiInTe2__GePbS3,9.96257,9.36158
KSb2PO8__K2Zn(SnSe3)2,8.332531,7.3724146
KSb2PO8__K2Zn(SnSe3)2,10.024524,8.870611
KSb2PO8__K2Zn(SnSe3)2,10.021477,8.6381035
KSb2PO8__K2Zn(SnSe3)2,4.9166512,4.3773184
Na6S2O9__K2PS3,4.651498,5.869231
Na6S2O9__K2PS3,1.7277855,2.7920258
Na6S2O9__K2PS3,3.6064923,3.964212
Na6S2O9__K2PS3,4.8439684,6.343738
CdSe__Na3H5(SeO4)4,10.026101,9.800841
CdSe__Na3H5(SeO4)4,10.018031,9.9965315
CdSe__Na3H5(SeO4)4,10.00216,10.029856
CdSe__Na3H5(SeO4)4,9.978275,9.908243
GeTe__K2CdSiO4,10.006566,9.96253
GeTe__K2CdSiO4,10.01092,10.029575
GeTe__K2CdSiO4,9.978932,9.969334
GeTe__K2CdSiO4,10.022064,10.035667
Na2ZnH4(SeO5)2__Te4P2O13,4.930683,5.83188
Na2ZnH4(SeO5)2__Te4P2O13,4.410045,5.4969425
Na2ZnH4(SeO5)2__Te4P2O13,3.3031397,4.633088
Na2ZnH4(SeO5)2__Te4P2O13,6.2091923,6.7091923
SbBr5F6__KInTe2,9.987189,9.959606
SbBr5F6__KInTe2,9.989346,10.012159
SbBr5F6__KInTe2,10.033128,9.97213
SbBr5F6__KInTe2,10.033971,9.991433
NaInSn2__K2Pb2O3,10.014132,10.074892
NaInSn2__K2Pb2O3,9.986232,9.657928
NaInSn2__K2Pb2O3,10.033751,9.796056
NaInSn2__K2Pb2O3,9.715963,9.174765
Zn(InTe2)2__Sb7Se8F35,10.0131855,10.026146
Zn(InTe2)2__Sb7Se8F35,10.002306,10.0192585
Zn(InTe2)2__Sb7Se8F35,10.029639,9.967798
Zn(InTe2)2__Sb7Se8F35,9.986772,9.90868
KNa4GaO4__Na2SnO2,6.2330756,6.4412913
KNa4GaO4__Na2SnO2,9.966853,9.320392
KNa4GaO4__Na2SnO2,6.4909134,6.486122
KNa4GaO4__Na2SnO2,7.7352233,7.386715
Ga2Te5__P3BrCl14,10.018787,9.935104
Ga2Te5__P3BrCl14,10.028446,9.962969
Ga2Te5__P3BrCl14,10.001061,9.968218
Ga2Te5__P3BrCl14,10.018448,9.962385
Na10Zn4O9__Na5IO6,6.2462196,5.824259
Na10Zn4O9__Na5IO6,3.0686607,2.7352521
Na10Zn4O9__Na5IO6,5.42809,5.091827
Na10Zn4O9__Na5IO6,4.9061294,4.7661285
LiAsS2__Ca2Si5N8,10.016558,9.998266
LiAsS2__Ca2Si5N8,10.028589,9.8036995
LiAsS2__Ca2Si5N8,9.994345,10.134537
LiAsS2__Ca2Si5N8,9.99611,10.002205
KTeP2__Ti6CCl14,9.984874,9.840562
KTeP2__Ti6CCl14,9.965966,9.963867
KTeP2__Ti6CCl14,9.979126,9.944479
KTeP2__Ti6CCl14,10.006962,9.852598
Cd7(P2Cl3)2__P2H9(CBr)3,10.005806,9.619017
Cd7(P2Cl3)2__P2H9(CBr)3,10.01884,9.372005
Cd7(P2Cl3)2__P2H9(CBr)3,8.162452,8.34593
Cd7(P2Cl3)2__P2H9(CBr)3,9.01735,8.939312
K3SnSe3__LiGaO2,7.8265524,9.060634
K3SnSe3__LiGaO2,8.392613,9.0334
K3SnSe3__LiGaO2,7.995897,8.767394
K3SnSe3__LiGaO2,4.989531,6.897152
K6Zn4Sn5S17__NaSbCl6,5.931287,6.272432
K6Zn4Sn5S17__NaSbCl6,9.525532,7.5538917
K6Zn4Sn5S17__NaSbCl6,9.991064,7.7210054
K6Zn4Sn5S17__NaSbCl6,8.343859,7.1645412
Ca3(GaP2)2__In2S3,7.67261,8.850628
Ca3(GaP2)2__In2S3,6.223652,9.171833
Ca3(GaP2)2__In2S3,7.1738515,9.022606
Ca3(GaP2)2__In2S3,10.028187,8.6694565
Na5Al3H14__LiGa(H2N)4,7.267733,5.955553
Na5Al3H14__LiGa(H2N)4,8.321751,6.694434
Na5Al3H14__LiGa(H2N)4,4.845213,4.468035
Na5Al3H14__LiGa(H2N)4,3.750105,3.360461
KSnPS4__NClO3,10.013529,9.932709
KSnPS4__NClO3,9.99528,9.920208
KSnPS4__NClO3,10.019559,9.93674
KSnPS4__NClO3,10.016427,9.904895
KInBr3__KGeCl3,10.006843,7.7643833
KInBr3__KGeCl3,5.2681646,5.6028023
KInBr3__KGeCl3,9.637171,8.002646
KInBr3__KGeCl3,3.8695867,4.0755334
Na3AsO4__KTe3O6F,5.8508854,5.7768483
Na3AsO4__KTe3O6F,7.930991,7.1187887
Na3AsO4__KTe3O6F,5.149714,5.099477
Na3AsO4__KTe3O6F,4.060542,4.362712
TeI4__P,2.319766,2.9208958
TeI4__P,-4.156905,-3.2582624
TeI4__P,0.2625754,0.9018891
TeI4__P,-3.756625,-2.5239043
NaSe__Ca5P3H,3.2950845,2.7446072
NaSe__Ca5P3H,-1.7906619,-3.848428
NaSe__Ca5P3H,-1.2207732,-2.6721096
NaSe__Ca5P3H,2.205846,1.313799
Na5(InTe3)2__Ca3(AlAs2)2,-1.2057296,-1.1023067
Na5(InTe3)2__Ca3(AlAs2)2,-1.7200949,-2.3410375
Na5(InTe3)2__Ca3(AlAs2)2,1.2916244,1.0743221
Na5(InTe3)2__Ca3(AlAs2)2,0.9684507,0.44680488
Na5SiAs3__K4Sb2O5,7.0262117,8.276365
Na5SiAs3__K4Sb2O5,6.2843757,7.636455
Na5SiAs3__K4Sb2O5,6.7098165,7.910753
Na5SiAs3__K4Sb2O5,9.981333,9.685274
TeO3__NaLiZnS2,10.024011,9.940977
TeO3__NaLiZnS2,9.976877,9.969496
TeO3__NaLiZnS2,9.993712,9.983348
TeO3__NaLiZnS2,10.003832,9.9328
Na5SnP3__K2Sb4O11,5.233361,7.2744074
Na5SnP3__K2Sb4O11,3.3114512,5.4014845
Na5SnP3__K2Sb4O11,3.5694036,5.246371
Na5SnP3__K2Sb4O11,6.3824787,7.885086
Pb(IO3)2__NaHO,1.0495872,2.0670545
Pb(IO3)2__NaHO,3.0305638,3.318546
Pb(IO3)2__NaHO,3.866651,3.8933694
Pb(IO3)2__NaHO,1.2100827,2.2777004
NaZnAsO4__K2TiSi3(HO5)2,1.143344,0.22402218
NaZnAsO4__K2TiSi3(HO5)2,-0.0065756016,0.065321386
NaZnAsO4__K2TiSi3(HO5)2,-1.8525141,-1.9654306
NaZnAsO4__K2TiSi3(HO5)2,-4.832588,-4.1159067
Zn(SbO3)2__Cd(AsO3)2,7.788657,9.587446
Zn(SbO3)2__Cd(AsO3)2,4.159508,7.016361
Zn(SbO3)2__Cd(AsO3)2,3.1459413,6.662753
Zn(SbO3)2__Cd(AsO3)2,5.3412356,8.428402
CdHOF__Li2ZnGeS4,10.007793,10.004949
CdHOF__Li2ZnGeS4,10.016561,9.9600725
CdHOF__Li2ZnGeS4,10.004725,9.957443
CdHOF__Li2ZnGeS4,10.00997,10.006384
Na2SnGe2(HO4)2__ZnSeO4,6.33749,6.270603
Na2SnGe2(HO4)2__ZnSeO4,10.014307,9.567286
Na2SnGe2(HO4)2__ZnSeO4,5.8244896,5.6722693
Na2SnGe2(HO4)2__ZnSeO4,6.6880546,6.403886
Sb2Te2O9__TiSn6F16,1.3621137,2.1153185
Sb2Te2O9__TiSn6F16,-1.9567103,-1.3482808
Sb2Te2O9__TiSn6F16,2.1568296,2.4828374
Sb2Te2O9__TiSn6F16,0.117365,0.26229003
InI2__SbAs2Cl13,9.999348,10.152004
InI2__SbAs2Cl13,10.000223,10.052877
InI2__SbAs2Cl13,9.996588,10.051722
InI2__SbAs2Cl13,9.976883,10.112463
SiAs__Na2HF4,5.631402,6.0149345
SiAs__Na2HF4,6.762817,7.073698
SiAs__Na2HF4,4.475152,5.3420644
SiAs__Na2HF4,8.950688,8.070593
Li2SnTeO6__Al2ZnSe4,1.6107824,1.2754779
Li2SnTeO6__Al2ZnSe4,2.45762,2.3221533
Li2SnTeO6__Al2ZnSe4,-2.9382424,-2.573672
Li2SnTeO6__Al2ZnSe4,0.008022247,-0.21318978
Na5AlO4__PbF4,10.026443,9.92374
Na5AlO4__PbF4,10.013307,9.933999
Na5AlO4__PbF4,10.007633,9.961318
Na5AlO4__PbF4,10.008239,9.943379
KSn2(PO4)3__TeCl4,10.03923,9.864506
KSn2(PO4)3__TeCl4,9.937704,9.850737
KSn2(PO4)3__TeCl4,10.020458,9.888961
KSn2(PO4)3__TeCl4,9.979902,9.850387
NaP3(PbO3)4__SIO3F,9.955988,10.064744
NaP3(PbO3)4__SIO3F,10.008907,10.031279
NaP3(PbO3)4__SIO3F,10.022674,9.992985
NaP3(PbO3)4__SIO3F,10.01952,10.022309
AlP__Na2Zn(GeS3)2,-0.059500404,-1.22676
AlP__Na2Zn(GeS3)2,-0.5229639,-0.33155128
AlP__Na2Zn(GeS3)2,0.022546189,-0.5751411
AlP__Na2Zn(GeS3)2,-3.086077,-3.707188
Na3Ca3AlAs4__SnCl2,9.94201,9.94548
Na3Ca3AlAs4__SnCl2,10.035105,9.906389
Na3Ca3AlAs4__SnCl2,10.023338,9.9608135
Na3Ca3AlAs4__SnCl2,10.029767,9.976683
SbBr5F6__NaP15,10.041249,10.001677
SbBr5F6__NaP15,10.011742,9.977962
SbBr5F6__NaP15,9.968854,9.984441
SbBr5F6__NaP15,10.017437,9.94297
Al4CdO7__Te(S2O7)2,9.989223,9.987943
Al4CdO7__Te(S2O7)2,10.025112,10.0250845
Al4CdO7__Te(S2O7)2,9.977917,10.124865
Al4CdO7__Te(S2O7)2,9.956365,9.973461
SnTe3O8__As2Pb3O8,-3.9396777,-2.825689
SnTe3O8__As2Pb3O8,-1.7766433,-1.1647025
SnTe3O8__As2Pb3O8,-3.9039617,-3.3724465
SnTe3O8__As2Pb3O8,-3.5648217,-2.9952688
Cd2AsO4F__Br2O3,7.9936447,7.91935
Cd2AsO4F__Br2O3,9.579881,8.556299
Cd2AsO4F__Br2O3,6.0947566,7.0043635
Cd2AsO4F__Br2O3,8.694936,8.376195
ZnI2__P2Pb3O8,-3.265569,-4.2786736
ZnI2__P2Pb3O8,-4.4490566,-4.428091
ZnI2__P2Pb3O8,-5.998587,-5.005186
ZnI2__P2Pb3O8,-5.929396,-5.282505
Zn2AsHO5__HC2N3,9.997317,9.593742
Zn2AsHO5__HC2N3,8.622061,8.132918
Zn2AsHO5__HC2N3,10.007525,9.070431
Zn2AsHO5__HC2N3,10.0053425,9.712072
K10Zn4Sn4S17__Sb9S4F39,10.0029,9.993803
K10Zn4Sn4S17__Sb9S4F39,10.048164,9.953314
K10Zn4Sn4S17__Sb9S4F39,9.954742,9.967077
K10Zn4Sn4S17__Sb9S4F39,9.994831,10.0026865
Na2Zn2Si2O7__P2Pb3O8,7.9824386,7.472143
Na2Zn2Si2O7__P2Pb3O8,8.413822,7.612775
Na2Zn2Si2O7__P2Pb3O8,8.35268,7.543231
Na2Zn2Si2O7__P2Pb3O8,8.752614,7.761381
CaAlH5__NaLi3(H2N)4,4.670049,5.6580005
CaAlH5__NaLi3(H2N)4,4.6654205,5.2618704
CaAlH5__NaLi3(H2N)4,5.218208,5.562074
CaAlH5__NaLi3(H2N)4,6.319238,6.5074544
K6ZnSe4__As3Pb5ClO12,9.968449,10.001056
K6ZnSe4__As3Pb5ClO12,10.030216,9.976011
K6ZnSe4__As3Pb5ClO12,9.995799,9.994863
K6ZnSe4__As3Pb5ClO12,9.987645,9.969176
Ca4SiN4__CaGeN2,5.2654524,8.556536
Ca4SiN4__CaGeN2,1.9221808,5.6004944
Ca4SiN4__CaGeN2,2.3114407,5.9964237
Ca4SiN4__CaGeN2,0.72354853,3.3207703
Ca2Ti3O8__SbAs2Cl13,10.0271635,10.030311
Ca2Ti3O8__SbAs2Cl13,9.996064,10.028072
Ca2Ti3O8__SbAs2Cl13,9.989903,9.960126
Ca2Ti3O8__SbAs2Cl13,10.023214,9.946331
PICl6__Na6Ge2S7,10.031319,9.978587
PICl6__Na6Ge2S7,10.01338,9.9814415
PICl6__Na6Ge2S7,10.019862,10.007337
PICl6__Na6Ge2S7,10.004828,9.997384
NaAsSe2__LiTiPO5,8.4170265,9.394455
NaAsSe2__LiTiPO5,5.66143,8.272042
NaAsSe2__LiTiPO5,6.951826,9.011589
NaAsSe2__LiTiPO5,9.972779,9.846515
KSbS2__BrF3,10.037459,10.0259495
KSbS2__BrF3,10.00297,9.9849615
KSbS2__BrF3,9.9908695,10.026519
KSbS2__BrF3,10.014166,10.021229
Ca21(Zn2As9)2__NClO3,9.996908,9.88441
Ca21(Zn2As9)2__NClO3,10.032297,9.786808
Ca21(Zn2As9)2__NClO3,10.01324,9.83782
Ca21(Zn2As9)2__NClO3,9.990314,9.847589
NaInSn2__CdSe2,9.988114,10.017496
NaInSn2__CdSe2,10.012127,10.027198
NaInSn2__CdSe2,9.977341,10.005993
NaInSn2__CdSe2,9.983623,9.994965
SeBr4__Li5SiP3,10.02708,9.930582
SeBr4__Li5SiP3,10.02879,9.955168
SeBr4__Li5SiP3,10.004336,10.014902
SeBr4__Li5SiP3,9.969817,9.929501
K6ZnSe4__CaTiN2,-0.5223968,-2.3293774
K6ZnSe4__CaTiN2,2.426371,2.2892275
K6ZnSe4__CaTiN2,-2.929174,-3.6143863
K6ZnSe4__CaTiN2,1.2403026,2.2089322
In2(PS3)3__TiPCl9,9.969729,8.477833
In2(PS3)3__TiPCl9,5.4247746,6.8967314
In2(PS3)3__TiPCl9,10.014863,9.489401
In2(PS3)3__TiPCl9,7.3124423,7.860872
K4PbO4__LiAlSe2,8.867308,9.3551235
K4PbO4__LiAlSe2,3.8619802,3.9504116
K4PbO4__LiAlSe2,4.528678,4.9939356
K4PbO4__LiAlSe2,6.758652,8.0694
In3SnI5__Na2Se2O7,6.3112006,7.089651
In3SnI5__Na2Se2O7,9.636763,8.675713
In3SnI5__Na2Se2O7,6.521821,7.5770273
In3SnI5__Na2Se2O7,5.371079,6.9240823
K6Sn3As5__TiGeS3,5.463152,8.616102
K6Sn3As5__TiGeS3,10.022207,8.452831
K6Sn3As5__TiGeS3,8.200094,8.518319
K6Sn3As5__TiGeS3,8.347786,8.525117
Na3PS4__K3SbTe3,7.536949,6.7577863
Na3PS4__K3SbTe3,4.104112,3.2749474
Na3PS4__K3SbTe3,7.242873,6.4547305
Na3PS4__K3SbTe3,6.031003,5.3187895
Ca3(SiP2)2__K2Ge2S5,5.6230726,7.5526657
Ca3(SiP2)2__K2Ge2S5,9.978705,9.697929
Ca3(SiP2)2__K2Ge2S5,8.002212,8.979473
Ca3(SiP2)2__K2Ge2S5,8.373911,9.262199
NaSbTe2__LiTiAsO5,9.994427,9.904331
NaSbTe2__LiTiAsO5,9.996383,9.799485
NaSbTe2__LiTiAsO5,10.006648,10.005224
NaSbTe2__LiTiAsO5,10.02177,9.971012
K3SbO4__Na2GeO3,5.2332263,8.241546
K3SbO4__Na2GeO3,1.3722126,4.148239
K3SbO4__Na2GeO3,5.4292736,8.368353
K3SbO4__Na2GeO3,1.3634641,3.961818
Sb2BrF15__GaTeI7,9.997397,9.774028
Sb2BrF15__GaTeI7,10.005268,9.765533
Sb2BrF15__GaTeI7,10.005327,9.94689
Sb2BrF15__GaTeI7,10.017409,9.805868
K2Ga2As3__K4PbO4,7.0919456,7.2809644
K2Ga2As3__K4PbO4,9.969502,8.588219
K2Ga2As3__K4PbO4,6.317401,6.7082586
K2Ga2As3__K4PbO4,9.988076,8.775344
KInO2__KIn(TeO3)2,2.7863486,4.513747
KInO2__KIn(TeO3)2,1.5794376,2.9705656
KInO2__KIn(TeO3)2,4.237828,5.8343635
KInO2__KIn(TeO3)2,7.2143826,8.190455
Li2TeS3__Na2Sb4O7,3.973268,8.392374
Li2TeS3__Na2Sb4O7,0.16098201,3.6410065
Li2TeS3__Na2Sb4O7,-1.5740635,1.1645279
Li2TeS3__Na2Sb4O7,-1.8416356,1.164879
K2Sn2O3__Li2Ti6Zn3O16,2.2111173,6.0508947
K2Sn2O3__Li2Ti6Zn3O16,7.8652763,9.73341
K2Sn2O3__Li2Ti6Zn3O16,5.014247,8.649288
K2Sn2O3__Li2Ti6Zn3O16,5.8054695,8.992655
KZnSb__Na2CaTi2(GeO4)3,10.012694,9.892967
KZnSb__Na2CaTi2(GeO4)3,7.855908,9.44953
KZnSb__Na2CaTi2(GeO4)3,7.7057962,9.255498
KZnSb__Na2CaTi2(GeO4)3,7.031761,9.233929
Zn(SbO3)2__KSi5N7,10.001641,10.1722
Zn(SbO3)2__KSi5N7,10.032997,10.081532
Zn(SbO3)2__KSi5N7,10.016283,10.0423
Zn(SbO3)2__KSi5N7,10.00016,10.096181
P7Pb__Na6S2O9,9.998421,10.0067835
P7Pb__Na6S2O9,10.003026,9.586339
P7Pb__Na6S2O9,9.987113,9.779338
P7Pb__Na6S2O9,10.009151,9.625994
Na6GaAs3__KSnPO5,10.008053,9.989578
Na6GaAs3__KSnPO5,9.993091,9.953735
Na6GaAs3__KSnPO5,10.031844,9.99646
Na6GaAs3__KSnPO5,10.02688,9.959492
IO2F__K2LiAlH6,10.0258,9.873856
IO2F__K2LiAlH6,10.021933,9.891525
IO2F__K2LiAlH6,10.025613,9.824458
IO2F__K2LiAlH6,9.970861,9.8571615
BrNO3__Ca2As2O7,9.999153,9.923508
BrNO3__Ca2As2O7,10.008435,9.987169
BrNO3__Ca2As2O7,10.007528,9.904085
BrNO3__Ca2As2O7,10.000768,9.978786
SbSI__Sb2IBr2F11,9.974139,9.859095
SbSI__Sb2IBr2F11,9.999314,9.938087
SbSI__Sb2IBr2F11,9.984819,9.563196
SbSI__Sb2IBr2F11,10.01041,9.936412
Li3SbS4__K2SbCl5,4.4650383,7.6002045
Li3SbS4__K2SbCl5,4.013711,7.564701
Li3SbS4__K2SbCl5,4.8981814,8.096161
Li3SbS4__K2SbCl5,-0.48843735,1.7993127
Na5SnP3__K2Li3GaO4,10.008576,9.93325
Na5SnP3__K2Li3GaO4,10.004845,10.082198
Na5SnP3__K2Li3GaO4,9.985214,9.994049
Na5SnP3__K2Li3GaO4,9.995586,9.91273
SnO2__Al6Cd4SO12,10.023889,9.925297
SnO2__Al6Cd4SO12,10.015191,9.897551
SnO2__Al6Cd4SO12,9.991806,9.916077
SnO2__Al6Cd4SO12,9.977581,9.874093
Na4Ge2PbS6__SbCl5,9.968167,9.966245
Na4Ge2PbS6__SbCl5,9.970944,9.967974
Na4Ge2PbS6__SbCl5,9.986611,9.973068
Na4Ge2PbS6__SbCl5,10.041697,9.955274
HI3__LiInI4,9.983235,9.975923
HI3__LiInI4,10.04304,9.981537
HI3__LiInI4,10.018567,9.949
HI3__LiInI4,9.98747,10.045172
KSbO3__K2Zn(GeO3)2,-5.6262784,-6.2618527
KSbO3__K2Zn(GeO3)2,-4.292026,-6.3180876
KSbO3__K2Zn(GeO3)2,-4.3648777,-5.6343794
KSbO3__K2Zn(GeO3)2,-6.0255737,-5.9299617
Ca2Ge__P3HT,10.021673,10.002489
Ca2Ge__P3HT,10.005018,10.042846
Ca2Ge__P3HT,10.001005,10.025236
Ca2Ge__P3HT,10.00172,10.04836
K4Ti3S14__K2In2P3Se10,0.49188185,1.3749515
K4Ti3S14__K2In2P3Se10,-0.40777627,0.24209169
K4Ti3S14__K2In2P3Se10,5.5402846,6.415918
K4Ti3S14__K2In2P3Se10,3.465203,4.7812333
TeS7Cl2__Na2LiAlH6,10.0196705,9.9672165
TeS7Cl2__Na2LiAlH6,10.002083,10.006094
TeS7Cl2__Na2LiAlH6,9.999841,9.963501
TeS7Cl2__Na2LiAlH6,9.998843,9.962795
K2Sb4O11__Al2Te3,-2.880961,-2.3414981
K2Sb4O11__Al2Te3,0.11151644,-0.51509976
K2Sb4O11__Al2Te3,1.023587,0.50597525
K2Sb4O11__Al2Te3,0.23370588,0.39683238
K4PbO3__SICl7,10.045087,9.935937
K4PbO3__SICl7,10.002071,10.015392
K4PbO3__SICl7,10.00124,10.032328
K4PbO3__SICl7,9.995905,9.883523
Na2SnAs2__CaTeO3,9.978928,10.006676
Na2SnAs2__CaTeO3,10.017272,9.939718
Na2SnAs2__CaTeO3,10.025357,9.890844
Na2SnAs2__CaTeO3,10.0002,9.947935
Sb2O5__K3Li3TeO6,10.008329,10.024155
Sb2O5__K3Li3TeO6,10.027573,9.995118
Sb2O5__K3Li3TeO6,10.014234,10.023603
Sb2O5__K3Li3TeO6,9.994515,9.996848
K2Pb2O3__Ca2PN3,3.4408796,5.3302917
K2Pb2O3__Ca2PN3,7.20634,8.933033
K2Pb2O3__Ca2PN3,3.176463,5.187667
K2Pb2O3__Ca2PN3,5.000946,6.9163523
SCl4__NaGa(SeO3)2,10.018363,9.883117
SCl4__NaGa(SeO3)2,9.992422,9.855928
SCl4__NaGa(SeO3)2,10.023071,9.893911
SCl4__NaGa(SeO3)2,10.00934,9.768683
TeHO3__Cd(GaTe2)2,9.99584,9.916563
TeHO3__Cd(GaTe2)2,9.983415,9.912593
TeHO3__Cd(GaTe2)2,9.988506,9.9906845
TeHO3__Cd(GaTe2)2,10.036607,9.961797
K2GeSe3__CdPbF6,9.996242,9.991896
K2GeSe3__CdPbF6,9.993941,9.916435
K2GeSe3__CdPbF6,10.004411,9.981057
K2GeSe3__CdPbF6,9.962036,9.997768
Pentacene__LiCaAlN2,10.022466,9.786746
Pentacene__LiCaAlN2,9.9952965,9.939364
Pentacene__LiCaAlN2,10.018992,9.875794
Pentacene__LiCaAlN2,9.99997,9.9483795
SbBr5F6__Na2In2GeS6,10.000156,9.968824
SbBr5F6__Na2In2GeS6,10.030139,9.976015
SbBr5F6__Na2In2GeS6,10.002183,9.9506445
SbBr5F6__Na2In2GeS6,10.010384,9.957881
Li3As7(H3N)13__Na2Se2O7,5.188005,6.6878657
Li3As7(H3N)13__Na2Se2O7,2.6612897,2.7695186
Li3As7(H3N)13__Na2Se2O7,7.0429707,8.13781
Li3As7(H3N)13__Na2Se2O7,4.7776766,5.463626
LiZnN__Ca(AlSe2)2,9.997398,10.003389
LiZnN__Ca(AlSe2)2,10.009207,10.064657
LiZnN__Ca(AlSe2)2,10.019215,9.96961
LiZnN__Ca(AlSe2)2,10.017516,10.073742
Na5GeP3__K2Zn3O4,-1.5986767,-3.8297231
Na5GeP3__K2Zn3O4,-5.729214,-5.1193104
Na5GeP3__K2Zn3O4,-0.7380351,-0.7319334
Na5GeP3__K2Zn3O4,-2.850923,-3.8390203
Ti(SeO3)2__Sb2S19F12,9.985714,10.077051
Ti(SeO3)2__Sb2S19F12,9.987733,10.109457
Ti(SeO3)2__Sb2S19F12,10.002004,10.07709
Ti(SeO3)2__Sb2S19F12,9.977238,10.064944
Li10Sn(PSe6)2__NaInS2,10.010106,9.541583
Li10Sn(PSe6)2__NaInS2,6.8483152,7.8287563
Li10Sn(PSe6)2__NaInS2,6.2870073,7.443282
Li10Sn(PSe6)2__NaInS2,7.7863765,8.819929
K5In3(SiO3)7__SnTe3O8,9.993231,9.953974
K5In3(SiO3)7__SnTe3O8,9.979035,10.009059
K5In3(SiO3)7__SnTe3O8,9.999002,10.063471
K5In3(SiO3)7__SnTe3O8,9.968202,10.107067
LiCa11Sb9__KPSe6,9.953538,10.044982
LiCa11Sb9__KPSe6,9.998396,10.121825
LiCa11Sb9__KPSe6,9.993053,10.115623
LiCa11Sb9__KPSe6,9.961713,10.084105
PTCDA__TeBrO3F5,9.987907,10.003339
PTCDA__TeBrO3F5,10.018477,9.976971
PTCDA__TeBrO3F5,9.991013,9.97056
PTCDA__TeBrO3F5,9.995364,10.0082655
In5S5Br__AlPI8,-0.31001496,-0.5051992
In5S5Br__AlPI8,1.4950824,1.5044875
In5S5Br__AlPI8,-0.7506074,0.16591588
In5S5Br__AlPI8,0.52428186,-0.11627126
LiSb3O8__TeSe,9.1398115,9.138508
LiSb3O8__TeSe,5.42659,9.364785
LiSb3O8__TeSe,9.842758,9.166145
LiSb3O8__TeSe,5.8209066,9.413364
ZnSe2__NaH2N,2.047522,4.7611737
ZnSe2__NaH2N,1.9777753,4.433435
ZnSe2__NaH2N,4.4644113,6.841198
ZnSe2__NaH2N,1.9103888,3.9366562
Na2SnAs2__SnPCl9,9.968833,9.902926
Na2SnAs2__SnPCl9,10.001183,10.074814
Na2SnAs2__SnPCl9,9.936435,10.03239
Na2SnAs2__SnPCl9,10.015611,10.073368
KGaI4__SbS8Cl3,10.000516,9.89572
KGaI4__SbS8Cl3,10.006957,9.814472
KGaI4__SbS8Cl3,10.012396,9.786495
KGaI4__SbS8Cl3,9.987035,9.837248
Si__ZnSe2O5,9.99566,10.028683
Si__ZnSe2O5,9.970248,10.044867
Si__ZnSe2O5,9.95103,9.991598
Si__ZnSe2O5,9.996392,10.028474
IBr__K4Ge(PS3)4,10.016926,10.013987
IBr__K4Ge(PS3)4,10.009132,9.973549
IBr__K4Ge(PS3)4,9.986165,10.01261
IBr__K4Ge(PS3)4,10.023762,10.004774
Li2S__P2Pb3S8,9.997771,9.3881035
Li2S__P2Pb3S8,10.021265,9.6886635
Li2S__P2Pb3S8,9.982054,10.005984
Li2S__P2Pb3S8,8.748421,8.483527
K6Ti2S6O__PbBr2,10.037275,8.5990925
K6Ti2S6O__PbBr2,10.028984,8.748966
K6Ti2S6O__PbBr2,6.36393,6.782627
K6Ti2S6O__PbBr2,10.016554,8.643091
BrF5__K2ZnTe2,9.980688,9.877983
BrF5__K2ZnTe2,10.046287,9.95593
BrF5__K2ZnTe2,9.982229,9.815948
BrF5__K2ZnTe2,9.986961,9.799917
Al2PbSe4__SbPO5,9.972477,10.023758
Al2PbSe4__SbPO5,10.006584,10.102444
Al2PbSe4__SbPO5,10.009879,10.004664
Al2PbSe4__SbPO5,9.9790325,10.029812
Na7Al2Sb5__Na6ZnSe4,10.000584,9.719918
Na7Al2Sb5__Na6ZnSe4,10.029041,10.020401
Na7Al2Sb5__Na6ZnSe4,10.005755,9.988766
Na7Al2Sb5__Na6ZnSe4,10.011356,9.017933
K3LiGe4__P2H9(CBr)3,9.997415,9.967451
K3LiGe4__P2H9(CBr)3,10.000663,9.928408
K3LiGe4__P2H9(CBr)3,9.983975,9.935066
K3LiGe4__P2H9(CBr)3,10.012299,9.9900055
SnSe__GeSe,-5.778497,-5.617724
SnSe__GeSe,-1.616779,-2.5193288
SnSe__GeSe,-4.0303993,-4.179536
SnSe__GeSe,-5.972985,-5.7888117
Ca3GaN3__Na10Zn4O9,10.012027,9.260099
Ca3GaN3__Na10Zn4O9,10.003788,9.291514
Ca3GaN3__Na10Zn4O9,9.982129,9.313194
Ca3GaN3__Na10Zn4O9,9.969508,9.246445
GeS2__SbClF8,9.988379,10.059579
GeS2__SbClF8,9.996481,10.096338
GeS2__SbClF8,9.977612,10.027914
GeS2__SbClF8,10.014305,10.024628
TiSnP2SO12__KSiSbO5,2.2290196,3.5719314
TiSnP2SO12__KSiSbO5,2.0973504,2.9886665
TiSnP2SO12__KSiSbO5,5.0990496,6.2904873
TiSnP2SO12__KSiSbO5,7.4062843,7.9943676
Na3TiF8__Sn5O6,9.994096,9.390057
Na3TiF8__Sn5O6,10.027547,9.102848
Na3TiF8__Sn5O6,9.183208,8.365697
Na3TiF8__Sn5O6,9.997117,9.564194
In2Si2Pb2O9__H4CSN2,9.958543,9.8867
In2Si2Pb2O9__H4CSN2,9.978651,9.873415
In2Si2Pb2O9__H4CSN2,9.960819,9.926581
In2Si2Pb2O9__H4CSN2,9.995526,9.884981
K4I2O9__SbBr(OF3)2,9.999593,10.00062
K4I2O9__SbBr(OF3)2,9.994735,9.916878
K4I2O9__SbBr(OF3)2,10.021927,9.900916
K4I2O9__SbBr(OF3)2,10.022022,9.981419
SnO__K2Ga2As3,10.043589,9.994405
SnO__K2Ga2As3,9.985861,10.044328
SnO__K2Ga2As3,10.004021,9.936316
SnO__K2Ga2As3,9.987974,10.01546
Li2TiO3__Sn(SO4)2,9.984161,9.868284
Li2TiO3__Sn(SO4)2,9.9962635,9.997318
Li2TiO3__Sn(SO4)2,10.022366,9.971306
Li2TiO3__Sn(SO4)2,9.966577,9.963558
SbPS4__CdSiP2,5.9459276,5.3507996
SbPS4__CdSiP2,4.5108705,3.8388836
SbPS4__CdSiP2,8.547293,7.6157665
SbPS4__CdSiP2,9.959792,8.751127
Na3AsO4__Ca2SnO4,7.1473436,6.375125
Na3AsO4__Ca2SnO4,5.70896,5.1716366
Na3AsO4__Ca2SnO4,10.004786,8.672071
Na3AsO4__Ca2SnO4,3.8663704,3.5955412
K4Ti3S14__P4S9,9.981177,9.997652
K4Ti3S14__P4S9,10.006869,9.992161
K4Ti3S14__P4S9,9.946428,10.022303
K4Ti3S14__P4S9,10.017679,10.002436
Li2CdGeO4__Rubrene,10.010781,9.967973
Li2CdGeO4__Rubrene,10.020278,10.0184555
Li2CdGeO4__Rubrene,9.982503,10.036955
Li2CdGeO4__Rubrene,9.984846,10.057365
Li2CdGeS4__CaSiN2,1.3111417,3.1500642
Li2CdGeS4__CaSiN2,4.102483,6.595581
Li2CdGeS4__CaSiN2,1.856986,4.05126
Li2CdGeS4__CaSiN2,3.1984944,6.0574837
SbCl(OF3)2__Na4Al3Ge3IO12,10.0346365,9.985045
SbCl(OF3)2__Na4Al3Ge3IO12,9.978752,10.004152
SbCl(OF3)2__Na4Al3Ge3IO12,10.0077715,9.96992
SbCl(OF3)2__Na4Al3Ge3IO12,10.007523,9.993596
K2Sn2Se5__CaSb10(S3O5)2,9.943708,9.970859
K2Sn2Se5__CaSb10(S3O5)2,9.95464,9.444265
K2Sn2Se5__CaSb10(S3O5)2,10.031125,10.0731325
K2Sn2Se5__CaSb10(S3O5)2,9.966563,10.070281
Ca3In2(GeO4)3__K2Zn(H2N)4,10.022045,9.605327
Ca3In2(GeO4)3__K2Zn(H2N)4,9.970806,10.134607
Ca3In2(GeO4)3__K2Zn(H2N)4,9.974532,9.770731
Ca3In2(GeO4)3__K2Zn(H2N)4,9.984903,9.939567
Sn(SeO3)2__Zn(IO3)2,3.706726,4.499041
Sn(SeO3)2__Zn(IO3)2,3.49435,3.7559175
Sn(SeO3)2__Zn(IO3)2,4.410668,5.7041006
Sn(SeO3)2__Zn(IO3)2,5.436945,6.0572295
KSb(PO4)2__Li2Se,-3.1412523,-3.507501
KSb(PO4)2__Li2Se,1.3511082,2.277682
KSb(PO4)2__Li2Se,-2.238865,-1.1456786
KSb(PO4)2__Li2Se,-3.4179864,-2.40639
Li3N__K2O,4.4189925,6.798581
Li3N__K2O,6.2889314,8.073135
Li3N__K2O,6.5748615,8.476652
Li3N__K2O,6.3824944,8.695068
Sn2SI2__SnTe3O8,4.30504,8.1071205
Sn2SI2__SnTe3O8,1.0365816,5.00311
Sn2SI2__SnTe3O8,5.9195905,8.789877
Sn2SI2__SnTe3O8,4.0779023,8.208277
GaSbO4__LiGa5O8,10.043997,9.897289
GaSbO4__LiGa5O8,10.009225,10.012446
GaSbO4__LiGa5O8,9.968978,9.870575
GaSbO4__LiGa5O8,9.979806,9.822662
SbBr5F6__I2O5,-0.6355747,0.18396172
SbBr5F6__I2O5,-0.08074544,-0.11441895
SbBr5F6__I2O5,-2.1217349,-2.26664
SbBr5F6__I2O5,-1.3559645,0.7769827
K2GaAs2__K2NaGaP2,-1.9993602,-4.4519625
K2GaAs2__K2NaGaP2,-1.4809253,-4.2327676
K2GaAs2__K2NaGaP2,-2.628653,-5.43774
K2GaAs2__K2NaGaP2,-1.5723566,-3.3235772
CdIn2O4__Cd2AsHO5,9.979444,9.924214
CdIn2O4__Cd2AsHO5,9.971107,9.637026
CdIn2O4__Cd2AsHO5,10.009757,9.866566
CdIn2O4__Cd2AsHO5,9.981344,9.816315
K2SnO2__SeO2,9.99202,9.993024
K2SnO2__SeO2,9.958515,10.011627
K2SnO2__SeO2,10.001356,10.036491
K2SnO2__SeO2,10.014579,10.012058
In2(SeO4)3__NaTi2(PO4)3,5.968505,5.6792297
In2(SeO4)3__NaTi2(PO4)3,10.021707,9.1171055
In2(SeO4)3__NaTi2(PO4)3,6.6999574,5.924065
In2(SeO4)3__NaTi2(PO4)3,6.3526597,5.611993
Na2ZnO2__SnO,10.004871,9.990761
Na2ZnO2__SnO,9.979316,10.045831
Na2ZnO2__SnO,9.997506,10.019324
Na2ZnO2__SnO,9.962416,10.020291
K4ZnAs2__Na2SnO3,10.01092,9.699402
K4ZnAs2__Na2SnO3,10.002654,10.029665
K4ZnAs2__Na2SnO3,10.007966,10.02178
K4ZnAs2__Na2SnO3,9.975253,9.972769
NaS__KSi5N7,10.038267,9.926143
NaS__KSi5N7,10.006635,9.40893
NaS__KSi5N7,9.997843,9.8930435
NaS__KSi5N7,10.008983,9.466392
Ti4S24Cl6O__K5Na(Ti2Se9)3,10.016809,9.96462
Ti4S24Cl6O__K5Na(Ti2Se9)3,10.026478,9.935482
Ti4S24Cl6O__K5Na(Ti2Se9)3,10.008176,9.966015
Ti4S24Cl6O__K5Na(Ti2Se9)3,9.98018,9.942367
Na6ZnSe4__Ca3In2(GeO4)3,1.9258547,3.1187198
Na6ZnSe4__Ca3In2(GeO4)3,3.8202274,5.182796
Na6ZnSe4__Ca3In2(GeO4)3,4.458229,5.7879567
Na6ZnSe4__Ca3In2(GeO4)3,6.1611176,7.453614
K9InSe7__GaAsO4,9.987988,10.005405
K9InSe7__GaAsO4,9.996989,9.936649
K9InSe7__GaAsO4,9.995185,9.961945
K9InSe7__GaAsO4,9.981229,9.963728
ZnGeP2__K2Ge(IO3)6,5.3123465,8.127748
ZnGeP2__K2Ge(IO3)6,5.826618,8.424806
ZnGeP2__K2Ge(IO3)6,9.278769,9.78517
ZnGeP2__K2Ge(IO3)6,9.537095,9.842685
KNa7Pb2O7__K3Na2InO4,5.419344,8.012561
KNa7Pb2O7__K3Na2InO4,6.111602,7.6396646
KNa7Pb2O7__K3Na2InO4,5.322247,7.050338
KNa7Pb2O7__K3Na2InO4,4.1197114,6.486898
Cd3(PO4)2__Al(IO3)3,0.8360169,0.6079284
Cd3(PO4)2__Al(IO3)3,1.104633,1.1565081
Cd3(PO4)2__Al(IO3)3,4.5141993,5.674206
Cd3(PO4)2__Al(IO3)3,1.8842173,2.1247513
Ca4CN4__KSbO2,-4.0084267,-4.1070232
Ca4CN4__KSbO2,-3.3985095,-4.99242
Ca4CN4__KSbO2,-2.261361,-3.3499234
Ca4CN4__KSbO2,-1.4945933,-2.812011
K4CdAs2__K5InO4,5.181584,8.771029
K4CdAs2__K5InO4,4.447191,8.194073
K4CdAs2__K5InO4,5.402987,8.936488
K4CdAs2__K5InO4,5.793302,9.159588
KZnSb__In6Te10Pb,1.7646301,2.5987513
KZnSb__In6Te10Pb,7.740972,7.9515505
KZnSb__In6Te10Pb,4.363908,3.8803022
KZnSb__In6Te10Pb,6.5516686,7.180308
K2Sb4O11__GeBr4,9.965081,10.094161
K2Sb4O11__GeBr4,9.984864,9.980682
K2Sb4O11__GeBr4,10.016701,9.982139
K2Sb4O11__GeBr4,9.980199,9.909723
KLiS__AsS,10.006122,9.9381075
KLiS__AsS,10.015414,9.895423
KLiS__AsS,10.008697,9.857805
KLiS__AsS,10.036295,9.953974
KNaTe__KGaI4,5.9954886,7.019675
KNaTe__KGaI4,1.4114411,2.9531176
KNaTe__KGaI4,0.60464066,2.1904361
KNaTe__KGaI4,4.3386283,5.3719277
LiInSiO4__AsN(OF3)2,10.027844,10.022016
LiInSiO4__AsN(OF3)2,10.012699,10.046746
LiInSiO4__AsN(OF3)2,10.006454,9.952486
LiInSiO4__AsN(OF3)2,10.027456,9.946878
K2Na3SiP3__CaSnN2,-0.7703952,-1.0773827
K2Na3SiP3__CaSnN2,0.2842248,0.23887935
K2Na3SiP3__CaSnN2,3.8343225,3.7296374
K2Na3SiP3__CaSnN2,0.15260507,-0.08569223
AlI3__TeHO3,9.958424,9.878753
AlI3__TeHO3,9.98255,9.949501
AlI3__TeHO3,9.988369,9.905253
AlI3__TeHO3,10.002781,9.852968
Ca3(GaP2)2__Al2Se3,9.996963,10.168247
Ca3(GaP2)2__Al2Se3,9.990999,9.921047
Ca3(GaP2)2__Al2Se3,9.988602,10.122412
Ca3(GaP2)2__Al2Se3,10.00201,10.115896
Cd(InTe2)2__Ca4As3,6.3130965,8.416187
Cd(InTe2)2__Ca4As3,2.6926336,8.191866
Cd(InTe2)2__Ca4As3,2.8063195,8.865612
Cd(InTe2)2__Ca4As3,6.1736274,8.992147
KNaSe__Al2Cd3(GeO4)3,9.968364,9.998965
KNaSe__Al2Cd3(GeO4)3,9.979358,10.033328
KNaSe__Al2Cd3(GeO4)3,10.018049,10.098112
KNaSe__Al2Cd3(GeO4)3,10.003627,10.02641
InSiTe3__SbBr3,10.024989,9.960501
InSiTe3__SbBr3,9.958135,9.953773
InSiTe3__SbBr3,9.959762,9.953083
InSiTe3__SbBr3,9.991346,9.937691
KCdGeAs2__Cd3(PO4)2,9.999161,10.032146
KCdGeAs2__Cd3(PO4)2,10.002023,10.060625
KCdGeAs2__Cd3(PO4)2,9.976361,10.066603
KCdGeAs2__Cd3(PO4)2,9.98074,9.99544
K2Al2Sb3__In2Se3,6.2124376,6.7222805
K2Al2Sb3__In2Se3,5.938411,6.5542
K2Al2Sb3__In2Se3,9.651301,8.401175
K2Al2Sb3__In2Se3,9.97449,8.51375
Li3AsH16(SO2)4__KBrF4,4.2306604,6.586282
Li3AsH16(SO2)4__KBrF4,3.0142477,5.715044
Li3AsH16(SO2)4__KBrF4,3.6660025,6.1774426
Li3AsH16(SO2)4__KBrF4,3.6361985,5.6779156
Ca2PI__K2TiCl6,-4.130202,-3.173944
Ca2PI__K2TiCl6,1.2716466,1.0868104
Ca2PI__K2TiCl6,0.10021224,-0.19306368
Ca2PI__K2TiCl6,-2.1522844,-2.2213163
Na6Ge2S7__PICl6,10.023052,9.963299
Na6Ge2S7__PICl6,9.967517,10.005352
Na6Ge2S7__PICl6,10.005218,9.998122
Na6Ge2S7__PICl6,9.994465,9.95718
Ca4Sb2O__LiInI4,8.87033,9.655611
Ca4Sb2O__LiInI4,5.2692614,6.1611576
Ca4Sb2O__LiInI4,5.5626655,6.390722
Ca4Sb2O__LiInI4,10.00529,9.8346615
K2CdSiO4__GaSeBr7,6.9172506,6.8724184
K2CdSiO4__GaSeBr7,6.453774,5.9798064
K2CdSiO4__GaSeBr7,10.008296,9.086743
K2CdSiO4__GaSeBr7,9.95532,9.173726
Na2GeSe3__K2Na(H2N)3,-3.6127334,-4.365938
Na2GeSe3__K2Na(H2N)3,-3.1508052,-4.8746376
Na2GeSe3__K2Na(H2N)3,-2.89419,-3.469704
Na2GeSe3__K2Na(H2N)3,-0.91284543,-0.9972547
Na6P4Pb3S16__K2SnCl6,-2.554117,-3.8146224
Na6P4Pb3S16__K2SnCl6,-3.3719668,-3.4832218
Na6P4Pb3S16__K2SnCl6,-4.4754443,-5.969068
Na6P4Pb3S16__K2SnCl6,-5.9788666,-6.297156
Sb2S3__Na4GeO4,10.024548,9.980502
Sb2S3__Na4GeO4,9.988887,9.887509
Sb2S3__Na4GeO4,10.014436,9.959366
Sb2S3__Na4GeO4,10.050833,10.004467
CaGaGeH__Sn2S3,9.987868,9.762741
CaGaGeH__Sn2S3,10.017373,9.6089
CaGaGeH__Sn2S3,9.958164,9.603185
CaGaGeH__Sn2S3,9.957356,9.668242
NaP__CaTi2(HO3)2,10.039483,9.948166
NaP__CaTi2(HO3)2,10.000101,9.939271
NaP__CaTi2(HO3)2,9.974312,10.0068865
NaP__CaTi2(HO3)2,10.034061,9.99144
InBr3__Al2(SeO4)3,2.8430223,3.8332646
InBr3__Al2(SeO4)3,-0.20907882,0.7033154
InBr3__Al2(SeO4)3,3.2123475,4.0102253
InBr3__Al2(SeO4)3,2.5338397,2.7966032
Li2ZnGeS4__CBP,9.979805,10.091586
Li2ZnGeS4__CBP,10.03235,10.074016
Li2ZnGeS4__CBP,9.992096,10.061248
Li2ZnGeS4__CBP,10.007041,10.080942
K3GeTe3__CaH3NO5,10.004286,9.982519
K3GeTe3__CaH3NO5,9.971998,9.972913
K3GeTe3__CaH3NO5,10.001789,9.912399
K3GeTe3__CaH3NO5,9.983081,9.990483
Ca3(GeP2)2__SiH17S3N5,9.982404,9.92095
Ca3(GeP2)2__SiH17S3N5,10.031261,9.904517
Ca3(GeP2)2__SiH17S3N5,9.962286,9.961657
Ca3(GeP2)2__SiH17S3N5,9.987076,10.009549
K4I2O9__Li2GeN2,4.950315,4.942237
K4I2O9__Li2GeN2,5.137397,5.228445
K4I2O9__Li2GeN2,4.3387194,4.938759
K4I2O9__Li2GeN2,-0.19380088,-0.73445356
CdSO4__InPO4,6.9219093,6.909039
CdSO4__InPO4,10.028554,8.639971
CdSO4__InPO4,9.987457,8.929132
CdSO4__InPO4,5.572862,5.313379
Br2O3__LiGaTe2,9.991562,9.979355
Br2O3__LiGaTe2,10.026314,9.94717
Br2O3__LiGaTe2,10.014909,9.955206
Br2O3__LiGaTe2,10.033006,9.979866
NOF__LiTiAsO5,9.968617,9.972992
NOF__LiTiAsO5,10.005839,9.969696
NOF__LiTiAsO5,10.024784,9.9096985
NOF__LiTiAsO5,10.022608,9.911158
Cd(GaSe2)2__K4SiO4,4.945127,7.530362
Cd(GaSe2)2__K4SiO4,3.6875393,6.592762
Cd(GaSe2)2__K4SiO4,5.1955667,8.244444
Cd(GaSe2)2__K4SiO4,2.9828157,5.7858133
TiI4__Al2ZnSe4,4.967301,4.917534
TiI4__Al2ZnSe4,8.05307,8.047632
TiI4__Al2ZnSe4,7.756826,8.656588
TiI4__Al2ZnSe4,5.6453476,6.535276
K2Ti2O5__Zn(SbO3)2,10.003734,9.955163
K2Ti2O5__Zn(SbO3)2,9.989738,10.225085
K2Ti2O5__Zn(SbO3)2,9.987476,10.218362
K2Ti2O5__Zn(SbO3)2,9.975267,10.044706
TeI4__SbH36S4N11,-2.5064728,-3.2417834
TeI4__SbH36S4N11,-1.0000068,-1.783768
TeI4__SbH36S4N11,-3.748101,-2.2898562
TeI4__SbH36S4N11,0.29179063,-1.6248193
ZnSb4H18S7N6__Te2O3F2,9.989934,9.962732
ZnSb4H18S7N6__Te2O3F2,9.976772,10.003703
ZnSb4H18S7N6__Te2O3F2,9.996205,9.982796
ZnSb4H18S7N6__Te2O3F2,9.996078,9.988352
ICl3__GaP,10.028979,10.013632
ICl3__GaP,9.978085,9.877024
ICl3__GaP,9.996687,9.9938545
ICl3__GaP,10.038506,9.978693
SiH17S3N5__Na6GaP3,9.961605,9.956898
SiH17S3N5__Na6GaP3,10.005372,9.952942
SiH17S3N5__Na6GaP3,9.998725,9.865517
SiH17S3N5__Na6GaP3,10.038317,9.874857
Na2PbO3__K3As11,5.750714,5.486493
Na2PbO3__K3As11,8.579383,8.31191
Na2PbO3__K3As11,8.667142,8.183652
Na2PbO3__K3As11,7.6895156,7.6031733
TiSO5__Li4Zn(H2N)6,-1.7359872,-1.6567658
TiSO5__Li4Zn(H2N)6,-0.45181993,-0.38291276
TiSO5__Li4Zn(H2N)6,-2.8792655,-3.320766
TiSO5__Li4Zn(H2N)6,-6.0153365,-5.4244823
Na3SiTe3__SbPO5,9.952112,10.04293
Na3SiTe3__SbPO5,10.017138,10.072743
Na3SiTe3__SbPO5,9.974752,10.114841
Na3SiTe3__SbPO5,10.008551,9.992846
KSb(PO4)2__Ca3Ga2(GeO4)3,7.4201517,8.445972
KSb(PO4)2__Ca3Ga2(GeO4)3,3.232503,5.756282
KSb(PO4)2__Ca3Ga2(GeO4)3,5.476391,7.739729
KSb(PO4)2__Ca3Ga2(GeO4)3,5.3185277,7.642455
Ti(SO4)2__Sn2(SO4)3,-0.45499092,-1.0457406
Ti(SO4)2__Sn2(SO4)3,1.2921876,1.0777843
Ti(SO4)2__Sn2(SO4)3,-0.07455177,-0.44246915
Ti(SO4)2__Sn2(SO4)3,3.5696368,2.7141554
Li7SbN4__Ti5(PO5)4,6.439792,7.3043427
Li7SbN4__Ti5(PO5)4,7.1423187,7.3251863
Li7SbN4__Ti5(PO5)4,2.3750498,3.6767943
Li7SbN4__Ti5(PO5)4,2.1450748,2.7550025
KSb(PSe3)2__KH(IO3)2,10.001099,9.966379
KSb(PSe3)2__KH(IO3)2,9.987139,10.0176735
KSb(PSe3)2__KH(IO3)2,10.006695,9.958336
KSb(PSe3)2__KH(IO3)2,9.985199,9.936098
Ca11InSb9__Ga2PbO4,9.986927,10.088926
Ca11InSb9__Ga2PbO4,10.006819,10.015078
Ca11InSb9__Ga2PbO4,9.986512,9.989042
Ca11InSb9__Ga2PbO4,9.941922,10.08402
K2Se5__K3AlSe3,9.798585,9.689948
K2Se5__K3AlSe3,5.815964,8.215694
K2Se5__K3AlSe3,5.417406,7.2853727
K2Se5__K3AlSe3,9.595238,9.8734865
NaInS2__CaPS3,6.234167,7.420691
NaInS2__CaPS3,7.04071,7.972389
NaInS2__CaPS3,5.8808274,6.815362
NaInS2__CaPS3,9.992733,9.951001
K2GeTe4__Na3GeSe3,6.4538665,6.5823383
K2GeTe4__Na3GeSe3,3.2991443,4.642456
K2GeTe4__Na3GeSe3,3.0021355,4.576162
K2GeTe4__Na3GeSe3,2.5483189,3.0573666
AlP__Zn(GaO2)2,5.1033654,6.282071
AlP__Zn(GaO2)2,2.9743125,4.4073334
AlP__Zn(GaO2)2,5.8124228,7.1506014
AlP__Zn(GaO2)2,8.682182,8.073969
Na5InTe4__ICl,10.033862,9.995586
Na5InTe4__ICl,9.992924,9.950247
Na5InTe4__ICl,9.9717,9.987835
Na5InTe4__ICl,10.022463,9.902613
Ga2PbSe4__Ca3CdO4,-5.9418025,-6.192848
Ga2PbSe4__Ca3CdO4,-5.228315,-6.147823
Ga2PbSe4__Ca3CdO4,-4.3055334,-5.410371
Ga2PbSe4__Ca3CdO4,-5.9576383,-6.122983
KIO3__NaCdPO4,-5.7921257,-5.4981337
KIO3__NaCdPO4,-3.5457814,-4.4202127
KIO3__NaCdPO4,-2.8836513,-4.067724
KIO3__NaCdPO4,-1.8733227,-2.3929937
LiCa3As2H__SiI3,10.032885,9.945366
LiCa3As2H__SiI3,9.995427,9.97704
LiCa3As2H__SiI3,9.994874,9.978502
LiCa3As2H__SiI3,9.964069,9.962505
K2Sn2Se5__InSb3Pb4O13,8.409228,8.239448
K2Sn2Se5__InSb3Pb4O13,5.263248,5.399493
K2Sn2Se5__InSb3Pb4O13,6.4363494,7.3120036
K2Sn2Se5__InSb3Pb4O13,4.754684,5.2892714
C__KH2(IO3)3,10.024226,9.942648
C__KH2(IO3)3,9.99259,9.955619
C__KH2(IO3)3,10.012737,9.925845
C__KH2(IO3)3,9.978523,9.886307
CaHN__AsI3,8.60838,8.59953
CaHN__AsI3,7.8149304,8.156256
CaHN__AsI3,9.968181,9.149102
CaHN__AsI3,10.017273,9.5039215
Ca3(GaP2)2__Zn(InSe2)2,7.0469127,7.223819
Ca3(GaP2)2__Zn(InSe2)2,4.445964,5.379491
Ca3(GaP2)2__Zn(InSe2)2,4.936832,5.9807186
Ca3(GaP2)2__Zn(InSe2)2,4.12266,5.081017
ICl3__Na2SnO2,9.992591,9.969295
ICl3__Na2SnO2,10.012009,9.944978
ICl3__Na2SnO2,10.025687,10.010608
ICl3__Na2SnO2,9.996538,9.933241
SiSe2__Ca4CN4,6.503416,6.0344296
SiSe2__Ca4CN4,7.1912975,6.561438
SiSe2__Ca4CN4,4.038785,3.5543785
SiSe2__Ca4CN4,7.4469666,6.86415
CaSe__K2CdGeO4,7.4724593,6.5910287
CaSe__K2CdGeO4,7.206022,6.3685765
CaSe__K2CdGeO4,2.6662035,2.728322
CaSe__K2CdGeO4,6.5163426,5.645645
K2Li(H2N)3__NaIn(GeO3)2,-5.1648393,-4.818777
K2Li(H2N)3__NaIn(GeO3)2,0.8979465,-0.2241534
K2Li(H2N)3__NaIn(GeO3)2,-0.5887786,-1.7956516
K2Li(H2N)3__NaIn(GeO3)2,-5.0934553,-4.686101
K2Ge(IO3)6__Si2H2S3,9.959043,9.211151
K2Ge(IO3)6__Si2H2S3,8.483771,8.215847
K2Ge(IO3)6__Si2H2S3,8.307778,8.060034
K2Ge(IO3)6__Si2H2S3,10.022314,9.322261
LiZnP__ZnPbF6,9.993898,10.02223
LiZnP__ZnPbF6,10.012871,9.920698
LiZnP__ZnPbF6,9.975441,10.032345
LiZnP__ZnPbF6,9.980353,9.938093
LiCaP__Ca2Al2Sn2O9,7.1309366,7.779091
LiCaP__Ca2Al2Sn2O9,9.994389,9.752827
LiCaP__Ca2Al2Sn2O9,6.642222,7.6048822
LiCaP__Ca2Al2Sn2O9,9.995656,10.004794
K4CdAs2__CaSn(SO4)3,9.951201,10.003494
K4CdAs2__CaSn(SO4)3,9.9904,9.937318
K4CdAs2__CaSn(SO4)3,9.960525,9.792007
K4CdAs2__CaSn(SO4)3,9.979967,10.032255
Na8Ga2O7__NClOF4,9.995031,9.790278
Na8Ga2O7__NClOF4,10.008776,9.84023
Na8Ga2O7__NClOF4,10.046883,9.9814005
Na8Ga2O7__NClOF4,10.004495,10.037918
KSnS4__Cd3SiO5,10.0001335,10.082845
KSnS4__Cd3SiO5,9.991321,9.899557
KSnS4__Cd3SiO5,10.011065,10.046867
KSnS4__Cd3SiO5,9.985174,9.919437
SCl__K3Si6H6N11,9.97735,9.912466
SCl__K3Si6H6N11,10.023528,9.898614
SCl__K3Si6H6N11,10.036401,10.012704
SCl__K3Si6H6N11,10.004675,9.933619
LiInSiO4__TiI2O7,10.036088,10.148523
LiInSiO4__TiI2O7,9.967098,9.972418
LiInSiO4__TiI2O7,9.995064,10.077702
LiInSiO4__TiI2O7,9.969457,10.119239
K3TiCl6__CaAlH5,10.007354,9.907936
K3TiCl6__CaAlH5,10.001207,9.034039
K3TiCl6__CaAlH5,10.028826,10.022175
K3TiCl6__CaAlH5,10.0221195,9.969049
GeS__SnBr2,4.8597436,6.4011884
GeS__SnBr2,7.981691,9.088652
GeS__SnBr2,7.7841477,8.881511
GeS__SnBr2,7.3567367,8.631258
Na5InS4__Ca3Ga2Si(SnO6)2,5.05002,7.5229816
Na5InS4__Ca3Ga2Si(SnO6)2,0.52393925,2.1763003
Na5InS4__Ca3Ga2Si(SnO6)2,5.4191737,7.2107763
Na5InS4__Ca3Ga2Si(SnO6)2,0.17900524,2.4794104
CdP14Pb__Sb2Te2O9,9.964415,9.938171
CdP14Pb__Sb2Te2O9,9.987471,9.980186
CdP14Pb__Sb2Te2O9,9.998424,9.962111
CdP14Pb__Sb2Te2O9,9.990338,9.988884
Na2Si2Se5__K4GeS4,-4.0522175,-3.9969623
Na2Si2Se5__K4GeS4,-0.40971822,-0.48965904
Na2Si2Se5__K4GeS4,-4.0242987,-4.3637676
Na2Si2Se5__K4GeS4,-2.190559,-2.8113463
Ca(GaSe2)2__KAlSe2,2.7131238,6.4988213
Ca(GaSe2)2__KAlSe2,4.082346,7.1892123
Ca(GaSe2)2__KAlSe2,0.9105679,3.1809292
Ca(GaSe2)2__KAlSe2,5.831929,8.739323
SiAs2__Na4SeO5,-5.9861298,-5.5961566
SiAs2__Na4SeO5,-4.7004027,-5.905308
SiAs2__Na4SeO5,-5.986057,-6.209758
SiAs2__Na4SeO5,-5.970902,-6.4325314
K2CdO2__Cd2Te2O7,10.003288,9.762836
K2CdO2__Cd2Te2O7,9.974231,9.926628
K2CdO2__Cd2Te2O7,9.9946165,9.977771
K2CdO2__Cd2Te2O7,10.012067,9.899542
As2Pb8O13__TiCl4,6.6583505,9.406269
As2Pb8O13__TiCl4,3.6741493,7.792723
As2Pb8O13__TiCl4,4.221355,8.060218
As2Pb8O13__TiCl4,2.490584,6.238128
Ca2BrN__Sn2(SO4)3,5.542974,5.795379
Ca2BrN__Sn2(SO4)3,6.9822273,6.8045197
Ca2BrN__Sn2(SO4)3,10.013893,8.166164
Ca2BrN__Sn2(SO4)3,8.620485,7.761545
Al(TeCl2)2__NaP3(PbO3)4,9.992806,9.965738
Al(TeCl2)2__NaP3(PbO3)4,10.025117,9.854267
Al(TeCl2)2__NaP3(PbO3)4,9.9958105,9.974802
Al(TeCl2)2__NaP3(PbO3)4,9.988468,10.050109
K3LiGe4__Li2GePbS4,9.980241,7.070488
K3LiGe4__Li2GePbS4,10.0108,6.1987367
K3LiGe4__Li2GePbS4,9.983154,4.909768
K3LiGe4__Li2GePbS4,9.951109,7.4549646
K2Ti2O5__CaGeO3,-3.8726828,-4.656834
K2Ti2O5__CaGeO3,0.059965856,-1.3251992
K2Ti2O5__CaGeO3,-3.3659675,-4.141677
K2Ti2O5__CaGeO3,-2.9404697,-3.8261359
CdSO4__TiSnP2SO12,1.5597365,1.3233521
CdSO4__TiSnP2SO12,3.9339132,3.6574275
CdSO4__TiSnP2SO12,5.7259536,5.3869267
CdSO4__TiSnP2SO12,3.7057574,3.3851907
Te3As2__LiSb3O8,7.136248,8.410734
Te3As2__LiSb3O8,5.6124964,7.669712
Te3As2__LiSb3O8,4.177578,5.8340707
Te3As2__LiSb3O8,8.621758,8.54665
KZnP__Li10Zn4O9,9.991974,9.810463
KZnP__Li10Zn4O9,10.041672,9.651693
KZnP__Li10Zn4O9,9.9702835,9.735458
KZnP__Li10Zn4O9,10.013432,9.947558
K2ZnSe2__KH2(IO3)3,10.001092,10.0000305
K2ZnSe2__KH2(IO3)3,10.006746,10.076153
K2ZnSe2__KH2(IO3)3,9.979586,9.995552
K2ZnSe2__KH2(IO3)3,9.962568,9.992687
PbSe2O5__TeO2,9.527249,8.155215
PbSe2O5__TeO2,4.640349,5.1037483
PbSe2O5__TeO2,7.475124,7.075736
PbSe2O5__TeO2,5.2211256,5.296742
BrF3__NaCa2IO6,10.016413,9.849487
BrF3__NaCa2IO6,9.971175,9.868631
BrF3__NaCa2IO6,10.002118,9.92329
BrF3__NaCa2IO6,10.016672,9.852324
PbS__GaP,9.995411,9.9747925
PbS__GaP,10.036442,10.053482
PbS__GaP,10.01242,9.811836
PbS__GaP,9.9766,9.993675
GaN__TePb5O8,5.789559,6.4280777
GaN__TePb5O8,8.239153,7.776697
GaN__TePb5O8,8.301777,7.6181183
GaN__TePb5O8,7.9653764,7.768082
K10In5Sb9__Na2In2SiS6,9.973837,9.975756
K10In5Sb9__Na2In2SiS6,9.979926,9.813464
K10In5Sb9__Na2In2SiS6,10.052015,9.797966
K10In5Sb9__Na2In2SiS6,9.996223,9.957972
Li2ZnGeO4__CBP,9.989713,9.972691
Li2ZnGeO4__CBP,10.013047,10.046611
Li2ZnGeO4__CBP,10.008094,10.041529
Li2ZnGeO4__CBP,9.994365,10.01153
SiAs__Ca(H2N)2,4.4969344,7.5029707
SiAs__Ca(H2N)2,3.2370982,5.9866123
SiAs__Ca(H2N)2,4.945568,7.4420366
SiAs__Ca(H2N)2,2.3088949,3.955787
K3P11__KF2,9.976149,10.087812
K3P11__KF2,9.949079,9.980612
K3P11__KF2,9.949328,10.06941
K3P11__KF2,9.992614,10.000372
K5Zn4Sn5H4S17N__Cd(InS2)2,7.87397,7.0480027
K5Zn4Sn5H4S17N__Cd(InS2)2,6.5079923,5.7809877
K5Zn4Sn5H4S17N__Cd(InS2)2,6.7895327,6.097385
K5Zn4Sn5H4S17N__Cd(InS2)2,8.268781,7.263916
KP15__K3Li3TeO6,9.955982,9.818798
KP15__K3Li3TeO6,5.4338155,6.5836453
KP15__K3Li3TeO6,9.991772,9.6981125
KP15__K3Li3TeO6,7.1027102,8.141886
Cd(InSe2)2__TePCl9,10.01103,10.025945
Cd(InSe2)2__TePCl9,10.002111,10.035858
Cd(InSe2)2__TePCl9,10.006157,10.048847
Cd(InSe2)2__TePCl9,9.969768,10.023855
Na4TiP2O9__KGaI4,8.106497,8.009957
Na4TiP2O9__KGaI4,9.044498,8.448372
Na4TiP2O9__KGaI4,5.3796215,6.160982
Na4TiP2O9__KGaI4,7.3452897,7.0416393
Na2TeS3__LiIn(IO3)4,1.074128,4.8764396
Na2TeS3__LiIn(IO3)4,6.2939825,9.081503
Na2TeS3__LiIn(IO3)4,1.0972506,4.8907433
Na2TeS3__LiIn(IO3)4,6.425616,8.994955
LiZnP__TiSO5,9.986414,10.07737
LiZnP__TiSO5,9.993995,9.991844
LiZnP__TiSO5,9.959952,9.974333
LiZnP__TiSO5,9.985273,10.032867
Li3As__CdIn2O4,4.8628955,4.220847
Li3As__CdIn2O4,1.9223413,1.2500625
Li3As__CdIn2O4,3.9149563,3.4884877
Li3As__CdIn2O4,2.1091053,1.5261744
K14In4O13__Sn3(PO4)2,9.991804,9.962917
K14In4O13__Sn3(PO4)2,9.939235,10.00131
K14In4O13__Sn3(PO4)2,9.990934,9.952503
K14In4O13__Sn3(PO4)2,9.965945,9.975528
InSb3F18__NPB,10.002377,9.899109
InSb3F18__NPB,9.981273,10.066725
InSb3F18__NPB,10.03435,9.672753
InSb3F18__NPB,10.004473,10.074309
NaCa2IO6__Na2Ti2Si2O9,-0.5719047,-1.5120469
NaCa2IO6__Na2Ti2Si2O9,-2.7838767,-3.6295068
NaCa2IO6__Na2Ti2Si2O9,0.84858936,0.30206743
NaCa2IO6__Na2Ti2Si2O9,-0.8380465,-2.135443
K3Na2InO4__K3SbSe3,3.509054,3.3946543
K3Na2InO4__K3SbSe3,4.2997003,4.048525
K3Na2InO4__K3SbSe3,4.7359085,4.5829744
K3Na2InO4__K3SbSe3,2.144462,1.8112081
Cd(GaSe2)2__Na4TiP2O9,8.952136,9.658427
Cd(GaSe2)2__Na4TiP2O9,3.7531366,5.9164453
Cd(GaSe2)2__Na4TiP2O9,6.6817794,8.565813
Cd(GaSe2)2__Na4TiP2O9,7.0371585,8.685478
Na5GeP3__SnS,10.004905,9.386355
Na5GeP3__SnS,5.6341405,6.3032017
Na5GeP3__SnS,7.1487513,7.402145
Na5GeP3__SnS,9.998797,8.944759
K2PbO2__K4SiO4,4.7612486,6.9269314
K2PbO2__K4SiO4,5.404116,7.1844788
K2PbO2__K4SiO4,7.3572273,8.551543
K2PbO2__K4SiO4,6.266484,8.601592
CdTe__Na2S5,10.0170555,9.7602415
CdTe__Na2S5,10.031777,9.70447
CdTe__Na2S5,9.96526,9.691278
CdTe__Na2S5,9.99317,9.983835
KGe__K6Se2O9,9.983347,9.928459
KGe__K6Se2O9,9.978987,9.883153
KGe__K6Se2O9,9.984249,9.971632
KGe__K6Se2O9,9.975543,10.08097
In4SnS4__CaGeO3,10.017594,9.72304
In4SnS4__CaGeO3,9.996564,9.937759
In4SnS4__CaGeO3,9.995403,10.0302925
In4SnS4__CaGeO3,10.0191145,9.641614
K2NaInSb2__Na2Zn2O3,9.96739,9.922247
K2NaInSb2__Na2Zn2O3,10.005622,9.928845
K2NaInSb2__Na2Zn2O3,9.9988575,10.014233
K2NaInSb2__Na2Zn2O3,9.967328,9.986274
Na6GaAs3__Na2TiS2O,10.007376,10.044859
Na6GaAs3__Na2TiS2O,9.97166,10.023649
Na6GaAs3__Na2TiS2O,9.992471,10.038351
Na6GaAs3__Na2TiS2O,9.973708,10.034025
K2Ge2Se5__AlH3,6.2574553,6.066734
K2Ge2Se5__AlH3,5.6189017,5.862212
K2Ge2Se5__AlH3,5.3189516,5.0954466
K2Ge2Se5__AlH3,7.0002937,6.7140703
P3NCl12__Ga2PbS4,9.994275,9.999687
P3NCl12__Ga2PbS4,10.005755,10.004227
P3NCl12__Ga2PbS4,10.033588,9.984587
P3NCl12__Ga2PbS4,10.030623,9.983122
InSiTe3__K(GeAs)3,-1.8702979,-2.135524
InSiTe3__K(GeAs)3,-2.145782,-1.2606145
InSiTe3__K(GeAs)3,-0.57049537,-3.2837856
InSiTe3__K(GeAs)3,2.3879921,1.7553787
Li2TeO4__Na4As2O7,2.9062803,4.351596
Li2TeO4__Na4As2O7,3.744779,5.638095
Li2TeO4__Na4As2O7,0.14413716,0.12927023
Li2TeO4__Na4As2O7,2.5045567,4.7146015
K2GeTe4__Na2CaSn2(GeO4)3,5.147338,8.947741
K2GeTe4__Na2CaSn2(GeO4)3,-1.0670775,2.2847793
K2GeTe4__Na2CaSn2(GeO4)3,4.5895724,8.53319
K2GeTe4__Na2CaSn2(GeO4)3,0.2428359,4.199114
K6Si2S6O__Na3H5(SeO4)4,3.4073277,3.1673958
K6Si2S6O__Na3H5(SeO4)4,4.510791,4.044313
K6Si2S6O__Na3H5(SeO4)4,7.66642,6.3481007
K6Si2S6O__Na3H5(SeO4)4,2.0315409,1.8229696
Zn2(PS3)3__LiTi2(PO4)3,6.9466953,7.935195
Zn2(PS3)3__LiTi2(PO4)3,7.3089304,7.869587
Zn2(PS3)3__LiTi2(PO4)3,9.99496,10.008408
Zn2(PS3)3__LiTi2(PO4)3,8.790514,8.720082
SbCl5__Li2Te,9.987509,9.990469
SbCl5__Li2Te,10.017015,9.9807
SbCl5__Li2Te,10.01092,10.005178
SbCl5__Li2Te,9.9944935,9.993107
PICl6__K2SbCl5,10.028206,9.896552
PICl6__K2SbCl5,9.987132,9.788093
PICl6__K2SbCl5,10.054182,9.785992
PICl6__K2SbCl5,9.996568,9.924152
K3SbSe3__Te2O3F2,10.017939,9.885889
K3SbSe3__Te2O3F2,9.984868,9.939386
K3SbSe3__Te2O3F2,9.976694,9.92502
K3SbSe3__Te2O3F2,10.023552,9.910746
K2LiGaAs2__Sb2O5,10.012853,9.982176
K2LiGaAs2__Sb2O5,9.995682,9.939486
K2LiGaAs2__Sb2O5,10.001996,9.935951
K2LiGaAs2__Sb2O5,10.015493,9.946146
AlI3__NaAlI4,1.4241478,3.2012973
AlI3__NaAlI4,7.118895,8.081866
AlI3__NaAlI4,4.146911,5.4816732
AlI3__NaAlI4,7.6046085,8.561963
GeS__NaHO,7.039641,9.082684
GeS__NaHO,6.874271,9.136503
GeS__NaHO,8.43684,9.729395
GeS__NaHO,8.997929,9.780109
Na2CaTi2(GeO4)3__KCd6P7O24,6.9489965,6.9688168
Na2CaTi2(GeO4)3__KCd6P7O24,8.824237,8.568237
Na2CaTi2(GeO4)3__KCd6P7O24,6.2433677,6.293998
Na2CaTi2(GeO4)3__KCd6P7O24,10.02314,8.955061
Na3TiF8__HS2IO8,9.996133,9.924778
Na3TiF8__HS2IO8,10.004768,9.994945
Na3TiF8__HS2IO8,9.961822,9.998899
Na3TiF8__HS2IO8,10.004235,9.852493
K(TeO3)2__Ge(PbS2)2,1.5947591,3.1590579
K(TeO3)2__Ge(PbS2)2,1.495611,2.817031
K(TeO3)2__Ge(PbS2)2,1.7091583,4.182863
K(TeO3)2__Ge(PbS2)2,3.4299877,5.1159906
Na2TeO4__PSe,7.698599,7.291788
Na2TeO4__PSe,7.03493,6.910837
Na2TeO4__PSe,9.988507,8.397963
Na2TeO4__PSe,6.2382703,6.806987
K2Zn(SnSe3)2__Al2PbS4,6.0244193,8.317411
K2Zn(SnSe3)2__Al2PbS4,4.382244,6.8376923
K2Zn(SnSe3)2__Al2PbS4,3.1604288,5.0656776
K2Zn(SnSe3)2__Al2PbS4,4.982393,7.890044
LiNO3__Ca5(IO6)2,7.9694567,7.2808914
LiNO3__Ca5(IO6)2,5.685351,5.3857555
LiNO3__Ca5(IO6)2,6.8445516,6.4371223
LiNO3__Ca5(IO6)2,5.2182217,5.0365953
Ca5(IO6)2__K3In(IO3)6,0.3199642,2.5796225
Ca5(IO6)2__K3In(IO3)6,2.2422056,5.0860314
Ca5(IO6)2__K3In(IO3)6,3.2523835,6.493166
Ca5(IO6)2__K3In(IO3)6,4.526612,6.8937016
KAlTe2__PTCDA,10.009348,9.950705
KAlTe2__PTCDA,9.977673,10.033407
KAlTe2__PTCDA,10.014253,10.015676
KAlTe2__PTCDA,10.033601,9.9467325
K(TeO3)2__ClF5,10.023785,10.040374
K(TeO3)2__ClF5,10.002311,10.022674
K(TeO3)2__ClF5,9.986149,10.049676
K(TeO3)2__ClF5,10.009906,9.990711
TiP2PbO8__Cd(NO3)2,9.961855,10.130627
TiP2PbO8__Cd(NO3)2,10.00733,9.932687
TiP2PbO8__Cd(NO3)2,9.993671,9.989368
TiP2PbO8__Cd(NO3)2,10.014784,10.073648
K3SbO4__NOF,10.005223,9.856241
K3SbO4__NOF,9.960305,9.8280525
K3SbO4__NOF,10.036812,9.845276
K3SbO4__NOF,10.005261,9.88619
K14In4O13__ZnO,9.95396,9.965569
K14In4O13__ZnO,9.984903,9.97435
K14In4O13__ZnO,10.017378,9.969925
K14In4O13__ZnO,9.986966,9.9912615
LiCaP__NaTi2(AsO4)3,9.96058,9.935583
LiCaP__NaTi2(AsO4)3,9.990905,9.94793
LiCaP__NaTi2(AsO4)3,10.031984,9.951895
LiCaP__NaTi2(AsO4)3,10.000178,9.917036
Na4Si2PbSe6__S3(NO7)2,10.018907,9.982172
Na4Si2PbSe6__S3(NO7)2,9.982109,9.952467
Na4Si2PbSe6__S3(NO7)2,10.009268,9.986388
Na4Si2PbSe6__S3(NO7)2,9.995007,9.994612
Li7PSe6__CdI2,9.301279,9.340574
Li7PSe6__CdI2,10.018457,10.042961
Li7PSe6__CdI2,9.996591,9.653042
Li7PSe6__CdI2,10.038869,9.897385
K2CdGeO4__Na3In(PO4)2,0.5135829,3.4295926
K2CdGeO4__Na3In(PO4)2,-0.94166404,1.8479272
K2CdGeO4__Na3In(PO4)2,1.7558855,4.8377533
K2CdGeO4__Na3In(PO4)2,-3.2387245,-1.6856674
Al(IO3)3__NPB,9.992523,10.104804
Al(IO3)3__NPB,9.993342,10.264691
Al(IO3)3__NPB,9.99558,10.185567
Al(IO3)3__NPB,10.014737,10.113218
As(BrF2)3__KSn2Cl5,10.025022,9.956098
As(BrF2)3__KSn2Cl5,9.995605,9.915518
As(BrF2)3__KSn2Cl5,10.007791,9.954229
As(BrF2)3__KSn2Cl5,10.047829,9.910943
Ca3PN__Ca3AlN3,10.010063,9.935909
Ca3PN__Ca3AlN3,10.031688,9.899123
Ca3PN__Ca3AlN3,9.99472,9.786938
Ca3PN__Ca3AlN3,10.015374,9.845646
K2CdSiO4__KGaO2,2.0406678,3.1086566
K2CdSiO4__KGaO2,5.43029,6.2686787
K2CdSiO4__KGaO2,2.8864353,4.3519917
K2CdSiO4__KGaO2,0.7535629,2.2779467
CdP14Pb__K4Ti3S14,8.629781,9.072128
CdP14Pb__K4Ti3S14,3.0820498,4.6125503
CdP14Pb__K4Ti3S14,5.5805664,7.126154
CdP14Pb__K4Ti3S14,8.453852,8.930096
K2NaInAs2__NaSi,5.330814,4.9110727
K2NaInAs2__NaSi,5.591302,4.291519
K2NaInAs2__NaSi,2.5917225,2.6731417
K2NaInAs2__NaSi,1.0550275,1.217398
GeSe2__NaAsS2,2.5450065,3.661311
GeSe2__NaAsS2,5.3236637,6.3258896
GeSe2__NaAsS2,2.719655,4.1828227
GeSe2__NaAsS2,1.5186,2.8719249
Te3As2__Ca3AsCl3,10.018686,9.645241
Te3As2__Ca3AsCl3,10.031097,9.994165
Te3As2__Ca3AsCl3,10.0115185,9.76868
Te3As2__Ca3AsCl3,9.998887,9.950142
Ca2ZnN2__K6Ge2O7,10.003709,9.717096
Ca2ZnN2__K6Ge2O7,9.98306,9.548734
Ca2ZnN2__K6Ge2O7,9.986834,10.0372305
Ca2ZnN2__K6Ge2O7,10.019276,9.807958
K2Se5__Na2SnO2,9.991621,9.648511
K2Se5__Na2SnO2,10.014329,9.98685
K2Se5__Na2SnO2,9.982198,9.873527
K2Se5__Na2SnO2,9.984698,9.935998
NaAs__PbBr2,9.983322,9.937636
NaAs__PbBr2,10.015191,9.94525
NaAs__PbBr2,10.008605,9.96394
NaAs__PbBr2,9.97366,9.951208
Ca(ZnP)2__SbI3Cl8,9.984494,9.995596
Ca(ZnP)2__SbI3Cl8,10.016238,9.999498
Ca(ZnP)2__SbI3Cl8,9.983241,9.966143
Ca(ZnP)2__SbI3Cl8,10.032538,9.991548
Li2ZnGeS4__Li2P7(H3N)9,9.988695,9.325144
Li2ZnGeS4__Li2P7(H3N)9,7.558108,7.961404
Li2ZnGeS4__Li2P7(H3N)9,6.662313,7.646839
Li2ZnGeS4__Li2P7(H3N)9,9.504173,8.775749
AsClF8__Ca3(SiAs2)2,10.040818,10.113654
AsClF8__Ca3(SiAs2)2,9.984492,10.0849
AsClF8__Ca3(SiAs2)2,10.017723,10.070745
AsClF8__Ca3(SiAs2)2,10.021178,9.979599
LiCaGaN2__In3SnI5,9.002027,8.463992
LiCaGaN2__In3SnI5,9.911855,8.761357
LiCaGaN2__In3SnI5,4.726942,6.337726
LiCaGaN2__In3SnI5,8.201074,8.029283
K2PS3__NaCdF3,5.4642525,5.9697466
K2PS3__NaCdF3,4.507984,4.876652
K2PS3__NaCdF3,7.2081375,6.9944363
K2PS3__NaCdF3,5.6003494,6.4791803
Ga2Te2Cl7__KSb(PSe3)2,8.598944,9.158596
Ga2Te2Cl7__KSb(PSe3)2,7.2373185,8.074587
Ga2Te2Cl7__KSb(PSe3)2,9.63661,9.196193
Ga2Te2Cl7__KSb(PSe3)2,8.359019,9.036433
K4Ge(PSe3)4__Ge(PbS2)2,2.3231077,2.6691635
K4Ge(PSe3)4__Ge(PbS2)2,6.0312257,6.3921423
K4Ge(PSe3)4__Ge(PbS2)2,6.8414083,6.570504
K4Ge(PSe3)4__Ge(PbS2)2,4.182001,4.2319646
Cd3(PO4)2__CdH3NO5,9.12106,9.04922
Cd3(PO4)2__CdH3NO5,9.971109,9.505563
Cd3(PO4)2__CdH3NO5,10.010921,9.908331
Cd3(PO4)2__CdH3NO5,10.001856,9.747597
AsClOF8__PbBr2,9.978072,9.920561
AsClOF8__PbBr2,10.010942,9.878067
AsClOF8__PbBr2,10.008856,9.887097
AsClOF8__PbBr2,10.017383,9.995557
CdPS3__K8Ti5P2(O4F11)2,8.160807,9.244648
CdPS3__K8Ti5P2(O4F11)2,7.9908476,9.33323
CdPS3__K8Ti5P2(O4F11)2,2.7583475,4.7867303
CdPS3__K8Ti5P2(O4F11)2,7.754988,9.32149
CdSe2__Si,-1.0523041,-0.83686125
CdSe2__Si,-0.8564598,-0.72945964
CdSe2__Si,-1.0810571,-1.1590685
CdSe2__Si,-5.9866014,-5.880388
TiZn(SO4)3__ZnCN2,9.989998,9.969773
TiZn(SO4)3__ZnCN2,9.996161,9.950122
TiZn(SO4)3__ZnCN2,10.031882,9.841862
TiZn(SO4)3__ZnCN2,10.008728,9.95211
Zn(GaS2)2__SeCl4,10.02306,9.912448
Zn(GaS2)2__SeCl4,9.999861,9.979667
Zn(GaS2)2__SeCl4,10.024549,9.955542
Zn(GaS2)2__SeCl4,10.022317,9.937464
KBrF4__ClF5,9.998718,10.0068245
KBrF4__ClF5,9.988107,10.052514
KBrF4__ClF5,10.019496,9.984314
KBrF4__ClF5,9.98886,10.017355
Al2CdTe4__Li4GeS4,3.0742946,5.948059
Al2CdTe4__Li4GeS4,7.374803,9.060993
Al2CdTe4__Li4GeS4,7.2592196,8.962499
Al2CdTe4__Li4GeS4,3.3581433,5.9319715
NaAlSe2__Li2TiTeO6,6.047757,5.7500157
NaAlSe2__Li2TiTeO6,5.893794,5.6835976
NaAlSe2__Li2TiTeO6,2.4268892,2.8716958
NaAlSe2__Li2TiTeO6,7.2401276,6.6048255
K3GaO3__PbSe2O5,9.9657755,9.9297695
K3GaO3__PbSe2O5,10.020086,9.963684
K3GaO3__PbSe2O5,9.975316,10.064927
K3GaO3__PbSe2O5,10.022773,9.994336
KGe__AlSCl7,9.96941,10.037651
KGe__AlSCl7,9.950262,10.035395
KGe__AlSCl7,9.965846,10.007641
KGe__AlSCl7,10.024998,9.935856
K11Cd2Sb5__K4Sb2O5,10.021339,9.820059
K11Cd2Sb5__K4Sb2O5,10.007986,9.954419
K11Cd2Sb5__K4Sb2O5,10.028956,9.964314
K11Cd2Sb5__K4Sb2O5,9.993227,9.94515
Ca3N2__PbO,10.014114,9.930419
Ca3N2__PbO,9.991325,9.96879
Ca3N2__PbO,10.003287,9.850193
Ca3N2__PbO,9.977685,9.940819
NaCl7__InI2,4.2333975,5.574044
NaCl7__InI2,4.3501544,5.7608767
NaCl7__InI2,4.3719807,6.392043
NaCl7__InI2,4.4153523,6.751544
Cd3(PO4)2__K2LiAlH6,9.973446,9.918032
Cd3(PO4)2__K2LiAlH6,10.0374365,9.903591
Cd3(PO4)2__K2LiAlH6,9.9922905,9.959793
Cd3(PO4)2__K2LiAlH6,10.036741,9.884197
KAlTe2__Li3SbO4,10.008067,9.995158
KAlTe2__Li3SbO4,10.031138,9.973152
KAlTe2__Li3SbO4,9.969298,10.041912
KAlTe2__Li3SbO4,9.944799,10.015928
K2TiO3__Al(IO3)3,9.990256,9.94776
K2TiO3__Al(IO3)3,9.982964,10.046192
K2TiO3__Al(IO3)3,9.98559,10.024241
K2TiO3__Al(IO3)3,10.016626,10.046625
NaP7__CdF2,9.999262,9.988411
NaP7__CdF2,9.965783,9.968842
NaP7__CdF2,10.029468,9.867614
NaP7__CdF2,10.035642,9.932899
K2SiP2__GaSbO4,9.433419,8.256787
K2SiP2__GaSbO4,10.053796,9.333439
K2SiP2__GaSbO4,10.0421,9.675902
K2SiP2__GaSbO4,6.5216374,6.1911087
AlSb__GaS,7.7578397,8.340183
AlSb__GaS,8.659732,8.472389
AlSb__GaS,7.814925,7.8942323
AlSb__GaS,7.993127,8.47327
Ca3PCl3__K4SnSe4,6.720295,7.718738
Ca3PCl3__K4SnSe4,6.792353,6.85991
Ca3PCl3__K4SnSe4,6.693784,7.480958
Ca3PCl3__K4SnSe4,5.5379243,6.8742404
KSnS4__CdHOF,9.972225,9.96726
KSnS4__CdHOF,10.045462,10.009148
KSnS4__CdHOF,10.024905,10.009823
KSnS4__CdHOF,9.977821,10.014618
Ca2HN__CaSb10(S3O5)2,-6.01072,-6.423747
Ca2HN__CaSb10(S3O5)2,-3.9130492,-4.316194
Ca2HN__CaSb10(S3O5)2,-5.9748025,-5.890932
Ca2HN__CaSb10(S3O5)2,-2.0951688,-3.10861
Na2SnGe2(HO4)2__SbI3,5.8964562,5.399789
Na2SnGe2(HO4)2__SbI3,6.6797442,5.9667106
Na2SnGe2(HO4)2__SbI3,5.611488,5.1855707
Na2SnGe2(HO4)2__SbI3,8.0855465,7.3385677
K4Sb2O5__Ga3Sb7(S4Cl7)2,8.11258,7.781818
K4Sb2O5__Ga3Sb7(S4Cl7)2,5.7760344,6.37741
K4Sb2O5__Ga3Sb7(S4Cl7)2,5.954529,6.6255097
K4Sb2O5__Ga3Sb7(S4Cl7)2,9.163747,8.060511
Na3SiTe3__Ca3Ga2(GeO4)3,5.962837,7.7645755
Na3SiTe3__Ca3Ga2(GeO4)3,5.082748,6.5579376
Na3SiTe3__Ca3Ga2(GeO4)3,2.0576339,2.6932871
Na3SiTe3__Ca3Ga2(GeO4)3,4.137628,6.338711
NaCdIn2(PO4)3__Ca3Si2SnO9,-2.2958906,-4.650393
NaCdIn2(PO4)3__Ca3Si2SnO9,-5.9678183,-5.8756647
NaCdIn2(PO4)3__Ca3Si2SnO9,-6.0214725,-5.9517965
NaCdIn2(PO4)3__Ca3Si2SnO9,-0.52365977,-1.8163658
AsSe6IF6__Ca5(IO6)2,9.998738,9.909903
AsSe6IF6__Ca5(IO6)2,10.015595,9.865723
AsSe6IF6__Ca5(IO6)2,10.016051,9.94478
AsSe6IF6__Ca5(IO6)2,10.009867,9.888037
KGaGeO4__NO3,10.016946,9.874495
KGaGeO4__NO3,10.071078,10.039687
KGaGeO4__NO3,10.023912,9.996718
KGaGeO4__NO3,10.030839,10.086912
K3SnTe3__CaC2,-0.76998216,0.24789286
K3SnTe3__CaC2,0.31061184,1.3710464
K3SnTe3__CaC2,2.8344002,3.689473
K3SnTe3__CaC2,0.16167773,-0.54115856
Ga2Se3__SbAsPCl13,10.000947,9.978338
Ga2Se3__SbAsPCl13,9.990264,9.929785
Ga2Se3__SbAsPCl13,9.963958,9.962311
Ga2Se3__SbAsPCl13,10.004791,10.044462
Ca3InP3__Pb2SeN2O9,10.012786,9.92704
Ca3InP3__Pb2SeN2O9,10.015082,9.992554
Ca3InP3__Pb2SeN2O9,10.004153,9.941313
Ca3InP3__Pb2SeN2O9,10.011541,9.975077
Na3PSe4__KTiPS5,0.532598,0.09520963
Na3PSe4__KTiPS5,-3.5977924,-3.4729736
Na3PSe4__KTiPS5,-2.708658,-2.484017
Na3PSe4__KTiPS5,-2.9332669,-2.7486026
K6Sn3As5__AsClOF8,9.973591,9.927976
K6Sn3As5__AsClOF8,10.026322,9.893038
K6Sn3As5__AsClOF8,10.019867,9.913803
K6Sn3As5__AsClOF8,9.993591,9.941832
TeS7Br2__CdBr2,6.6551275,7.864134
TeS7Br2__CdBr2,6.4417896,7.611598
TeS7Br2__CdBr2,6.67021,8.094566
TeS7Br2__CdBr2,2.6884105,3.8423355
P2Pb3O8__ZnH2N2O7,8.295554,7.765503
P2Pb3O8__ZnH2N2O7,10.0371065,8.702492
P2Pb3O8__ZnH2N2O7,7.566443,7.312105
P2Pb3O8__ZnH2N2O7,5.637572,6.271282
K14In4O13__Zn3S2O9,10.0039,10.001085
K14In4O13__Zn3S2O9,9.983388,10.0091
K14In4O13__Zn3S2O9,9.983515,9.992598
K14In4O13__Zn3S2O9,10.00233,9.988922
Zn(GaSe2)2__K3AsS3,-0.35978395,1.606259
Zn(GaSe2)2__K3AsS3,4.1000834,7.641219
Zn(GaSe2)2__K3AsS3,1.7850506,3.9693625
Zn(GaSe2)2__K3AsS3,-0.76606846,1.7968849
P3NCl12__K3P11,10.002712,9.904367
P3NCl12__K3P11,10.023746,9.963448
P3NCl12__K3P11,10.04483,9.977331
P3NCl12__K3P11,10.004839,9.9729395
NaZnAs__LiCa3Si2N5,9.986097,10.014097
NaZnAs__LiCa3Si2N5,10.007095,10.027725
NaZnAs__LiCa3Si2N5,9.992442,9.95965
NaZnAs__LiCa3Si2N5,10.011149,9.728161
GaSeBr7__ClO2,9.973268,10.030164
GaSeBr7__ClO2,10.040543,10.020212
GaSeBr7__ClO2,10.030697,10.09094
GaSeBr7__ClO2,10.006467,10.04208
LiAl(PS3)2__K2Ti(SiO3)3,-4.399414,-3.4341414
LiAl(PS3)2__K2Ti(SiO3)3,-2.0967505,-2.5102403
LiAl(PS3)2__K2Ti(SiO3)3,-4.5951405,-5.420861
LiAl(PS3)2__K2Ti(SiO3)3,-3.7527323,-4.1388927
Na5SnP3__K3In3(PO4)4,10.012459,10.007333
Na5SnP3__K3In3(PO4)4,9.983082,9.816742
Na5SnP3__K3In3(PO4)4,9.980947,9.954565
Na5SnP3__K3In3(PO4)4,10.030156,9.959795
NaLiSe__K2Pb3C3O9F2,9.997665,10.082848
NaLiSe__K2Pb3C3O9F2,9.998982,10.032786
NaLiSe__K2Pb3C3O9F2,9.975791,9.930473
NaLiSe__K2Pb3C3O9F2,9.996225,10.003485
K3GaO3__KGaO2,-5.232797,-4.796367
K3GaO3__KGaO2,-4.7202287,-5.7222214
K3GaO3__KGaO2,-4.3584714,-5.68899
K3GaO3__KGaO2,-2.7765718,-3.7637775
K2Al2Sb3__Na2TeSe3,10.001265,9.757083
K2Al2Sb3__Na2TeSe3,9.936173,9.374489
K2Al2Sb3__Na2TeSe3,9.771344,9.807195
K2Al2Sb3__Na2TeSe3,9.963391,9.579262
Ca21(Zn2As9)2__K3As11,-1.7784053,-3.221866
Ca21(Zn2As9)2__K3As11,-1.5862758,-2.3788126
Ca21(Zn2As9)2__K3As11,-0.5749579,-2.4117823
Ca21(Zn2As9)2__K3As11,-1.5955759,-2.4860888
K2GeAs2__Cd4As2Br3,9.999389,10.02433
K2GeAs2__Cd4As2Br3,9.950953,10.080845
K2GeAs2__Cd4As2Br3,10.004069,10.079546
K2GeAs2__Cd4As2Br3,10.016472,10.060467
Zn3(PO4)2__K3H(SeO4)2,3.1074717,3.111338
Zn3(PO4)2__K3H(SeO4)2,-2.5119023,-2.6081345
Zn3(PO4)2__K3H(SeO4)2,-2.225995,-2.3502443
Zn3(PO4)2__K3H(SeO4)2,1.2718523,1.2077286
NaS2__Li3PS4,7.8302875,8.592937
NaS2__Li3PS4,9.630643,8.720642
NaS2__Li3PS4,4.08966,6.39924
NaS2__Li3PS4,3.3318415,5.2353673
CdS__LiH2BrO5,10.019263,10.007807
CdS__LiH2BrO5,10.022584,10.014673
CdS__LiH2BrO5,9.979309,10.028751
CdS__LiH2BrO5,10.012546,9.98107
Ca3PCl3__Na2Zn2Si2O7,6.2802773,9.029427
Ca3PCl3__Na2Zn2Si2O7,7.073378,9.335775
Ca3PCl3__Na2Zn2Si2O7,3.2499626,7.04967
Ca3PCl3__Na2Zn2Si2O7,6.2908845,8.930532
Sb4H2SO10__K3InP2,9.998376,9.994459
Sb4H2SO10__K3InP2,10.044276,9.999647
Sb4H2SO10__K3InP2,10.004199,10.056091
Sb4H2SO10__K3InP2,9.961109,10.012656
NClOF4__As2S3,10.001368,10.012392
NClOF4__As2S3,9.99328,9.935378
NClOF4__As2S3,10.010289,9.951143
NClOF4__As2S3,9.996282,9.985277
KAs2HO6__Al2CdS4,5.175954,6.8350406
KAs2HO6__Al2CdS4,0.3899058,2.7108004
KAs2HO6__Al2CdS4,6.0293684,7.587708
KAs2HO6__Al2CdS4,5.812985,7.2234282
K6CdO4__NaNO3,9.988757,9.998005
K6CdO4__NaNO3,9.962873,10.039196
K6CdO4__NaNO3,10.030954,9.986353
K6CdO4__NaNO3,9.983577,10.008581
Cd(GaSe2)2__KP15,4.186805,5.496527
Cd(GaSe2)2__KP15,5.791053,7.089385
Cd(GaSe2)2__KP15,3.5019794,4.6165524
Cd(GaSe2)2__KP15,3.9494398,5.6083646
GaSb3Pb4O13__Li2GePbS4,7.3858056,4.284769
GaSb3Pb4O13__Li2GePbS4,1.6167036,2.2434537
GaSb3Pb4O13__Li2GePbS4,2.738159,2.0783465
GaSb3Pb4O13__Li2GePbS4,6.680335,4.04018
Ca2Ge__Zn2AsHO5,9.991862,10.0077915
Ca2Ge__Zn2AsHO5,10.019007,9.975203
Ca2Ge__Zn2AsHO5,10.042757,9.982879
Ca2Ge__Zn2AsHO5,9.958335,9.961848
Na2In2GeSe6__ZnP2,9.983459,8.843287
Na2In2GeSe6__ZnP2,7.252315,7.547914
Na2In2GeSe6__ZnP2,9.977965,8.981053
Na2In2GeSe6__ZnP2,10.018604,8.943878
Na5SiP3__LiS4,1.6998425,3.6313787
Na5SiP3__LiS4,0.6534985,3.0552912
Na5SiP3__LiS4,-1.7122931,-1.2983643
Na5SiP3__LiS4,-1.4481903,-0.89372313
Te(HO)6__K4TiO4,9.994573,9.88467
Te(HO)6__K4TiO4,10.010233,9.817805
Te(HO)6__K4TiO4,10.018846,9.856629
Te(HO)6__K4TiO4,10.031871,9.931051
KSb5S8__KGaTe2,3.7961836,3.9354885
KSb5S8__KGaTe2,3.097645,3.3095171
KSb5S8__KGaTe2,6.1111465,5.982444
KSb5S8__KGaTe2,4.3267255,4.277963
K5SnAs3__Na3P11,7.1636944,9.017891
K5SnAs3__Na3P11,8.140082,9.26416
K5SnAs3__Na3P11,4.477445,7.1822014
K5SnAs3__Na3P11,8.191253,9.529228
Na2Cd(GeS3)2__Na2Zn2S3,-0.7382665,-1.1796058
Na2Cd(GeS3)2__Na2Zn2S3,-5.132649,-4.853249
Na2Cd(GeS3)2__Na2Zn2S3,-1.739797,-1.8813587
Na2Cd(GeS3)2__Na2Zn2S3,-1.715972,-3.027715
NaTe3__NO2,10.002537,9.958223
NaTe3__NO2,10.023096,9.969883
NaTe3__NO2,10.036201,9.886028
NaTe3__NO2,10.00011,9.92371
Zn(NO3)2__KTe,9.971307,9.997948
Zn(NO3)2__KTe,10.007247,10.113453
Zn(NO3)2__KTe,10.017533,10.073629
Zn(NO3)2__KTe,10.005954,9.98336
K4I2O9__Zn4SiTePbO10,-5.6917,-5.267104
K4I2O9__Zn4SiTePbO10,-1.3203968,-3.4952693
K4I2O9__Zn4SiTePbO10,-3.3694012,-5.421646
K4I2O9__Zn4SiTePbO10,-3.767681,-5.3486767
IF7__Ca2PbO4,9.983473,9.935506
IF7__Ca2PbO4,9.999256,9.912992
IF7__Ca2PbO4,10.003703,9.8954935
IF7__Ca2PbO4,10.016525,9.883928
SiSe2__Na2GeO3,9.986143,9.904012
SiSe2__Na2GeO3,6.663398,8.039965
SiSe2__Na2GeO3,6.633086,7.687508
SiSe2__Na2GeO3,7.40339,8.5609665
CaS__K5In3(SiO3)7,3.1569834,4.5408664
CaS__K5In3(SiO3)7,7.585457,8.637689
CaS__K5In3(SiO3)7,8.734894,9.311834
CaS__K5In3(SiO3)7,7.4787545,8.775379
K2TiSi3(HO5)2__As2Pb3O8,1.5341842,1.9607166
K2TiSi3(HO5)2__As2Pb3O8,7.275188,6.8947678
K2TiSi3(HO5)2__As2Pb3O8,2.8929088,3.445612
K2TiSi3(HO5)2__As2Pb3O8,6.6562877,6.3779454
Ga2TeSe2__Li2CdSiO4,0.26346815,3.5318139
Ga2TeSe2__Li2CdSiO4,2.5080264,6.244891
Ga2TeSe2__Li2CdSiO4,2.6657414,6.451606
Ga2TeSe2__Li2CdSiO4,1.0289179,4.6745677
Na2Ti3O7__As3Pb5ClO12,9.975909,10.041014
Na2Ti3O7__As3Pb5ClO12,9.988239,10.001394
Na2Ti3O7__As3Pb5ClO12,9.975327,10.017703
Na2Ti3O7__As3Pb5ClO12,10.008179,10.016178
K2In2P3Se10__Ti6CCl14,10.025429,10.036444
K2In2P3Se10__Ti6CCl14,9.9790125,9.994703
K2In2P3Se10__Ti6CCl14,9.96712,9.935833
K2In2P3Se10__Ti6CCl14,10.010819,10.027176
NaH2N__SO2,9.951615,10.066784
NaH2N__SO2,10.02529,10.038191
NaH2N__SO2,10.000797,10.060698
NaH2N__SO2,10.008659,9.955845
InTeO3F__Ca(Ga3Te5)2,10.023234,9.852941
InTeO3F__Ca(Ga3Te5)2,9.9673605,9.838516
InTeO3F__Ca(Ga3Te5)2,10.032675,9.950779
InTeO3F__Ca(Ga3Te5)2,9.991874,9.904081
Al2Cd3(GeO4)3__SCl,9.992134,9.932713
Al2Cd3(GeO4)3__SCl,9.985751,9.874467
Al2Cd3(GeO4)3__SCl,10.022523,9.916965
Al2Cd3(GeO4)3__SCl,10.022367,9.884388
Ti6In2Si2P12O49__Cd2AsHO5,9.974551,9.912397
Ti6In2Si2P12O49__Cd2AsHO5,10.001884,9.999016
Ti6In2Si2P12O49__Cd2AsHO5,10.008577,9.884683
Ti6In2Si2P12O49__Cd2AsHO5,9.999331,10.006047
Na5AlO4__Li2CdSiO4,2.7221136,2.8514912
Na5AlO4__Li2CdSiO4,1.9766756,1.8453953
Na5AlO4__Li2CdSiO4,3.0721118,3.4630628
Na5AlO4__Li2CdSiO4,2.633406,2.430098
Na4Ge2Te5__K3P11,7.7767744,9.030208
Na4Ge2Te5__K3P11,9.971306,9.8676
Na4Ge2Te5__K3P11,5.6895504,8.531773
Na4Ge2Te5__K3P11,4.1779213,7.371417
ZnSiPbO4__Ca(SbO3)2,3.0681424,2.7120543
ZnSiPbO4__Ca(SbO3)2,4.416467,4.1629305
ZnSiPbO4__Ca(SbO3)2,3.9137866,3.642533
ZnSiPbO4__Ca(SbO3)2,4.381873,3.9918222
K11Cd2Sb5__K2In2P3Se10,6.716761,8.64433
K11Cd2Sb5__K2In2P3Se10,7.4003434,8.642817
K11Cd2Sb5__K2In2P3Se10,3.3780007,5.3001385
K11Cd2Sb5__K2In2P3Se10,7.740188,9.084084
Na3AlAs2__SbSBr,10.031662,10.044922
Na3AlAs2__SbSBr,10.0520935,10.007127
Na3AlAs2__SbSBr,10.015255,9.979095
Na3AlAs2__SbSBr,10.051299,9.968513
CaH3NO5__ZnF2,9.9898205,9.789484
CaH3NO5__ZnF2,9.989625,9.959911
CaH3NO5__ZnF2,10.005201,9.955245
CaH3NO5__ZnF2,9.997444,9.962307
NO3__Sb2IBr2F11,0.19747159,-0.57146513
NO3__Sb2IBr2F11,-3.6535902,-4.0053377
NO3__Sb2IBr2F11,-0.7757692,-0.5932693
NO3__Sb2IBr2F11,-2.5114727,-2.5535986
K2GaAs2__Li2Te2O5,10.004359,9.957593
K2GaAs2__Li2Te2O5,9.992246,9.942457
K2GaAs2__Li2Te2O5,9.941287,9.995348
K2GaAs2__Li2Te2O5,9.98874,9.920153
K3GeTe3__Li2SnSe3,2.016464,1.3265122
K3GeTe3__Li2SnSe3,-2.3085113,-2.6736917
K3GeTe3__Li2SnSe3,0.45656514,-0.5264409
K3GeTe3__Li2SnSe3,-0.956043,-1.4349633
GaSbO4__Zn3Te2P2(PbO7)2,9.989915,9.925165
GaSbO4__Zn3Te2P2(PbO7)2,10.001618,9.953504
GaSbO4__Zn3Te2P2(PbO7)2,10.021023,9.898144
GaSbO4__Zn3Te2P2(PbO7)2,10.006369,9.940814
K6Na3AlSb4__Na4CdP2,8.632722,9.256055
K6Na3AlSb4__Na4CdP2,2.8354237,9.255932
K6Na3AlSb4__Na4CdP2,4.3585405,9.279168
K6Na3AlSb4__Na4CdP2,6.455074,8.942647
Ga10GePb3O20__K3In3(PO4)4,-1.3950177,-1.4457545
Ga10GePb3O20__K3In3(PO4)4,-2.1909575,-2.6034362
Ga10GePb3O20__K3In3(PO4)4,-1.1048851,-1.2144475
Ga10GePb3O20__K3In3(PO4)4,1.1101286,0.35409462
Na5GaO4__Ca2GeS4,-5.9935656,-5.6616783
Na5GaO4__Ca2GeS4,-6.0024204,-4.674927
Na5GaO4__Ca2GeS4,-2.048266,-3.8156722
Na5GaO4__Ca2GeS4,-2.1253543,-4.501872
Na5GeAs3__K6ZnSe4,4.9813695,8.048765
Na5GeAs3__K6ZnSe4,3.6872544,6.922928
Na5GeAs3__K6ZnSe4,0.10513122,1.8188546
Na5GeAs3__K6ZnSe4,1.8022853,4.182703
ClO3__Ti(SO4)2,9.987198,10.000513
ClO3__Ti(SO4)2,10.010896,10.009601
ClO3__Ti(SO4)2,10.010919,10.001294
ClO3__Ti(SO4)2,10.006954,9.983545
SCl__LiZnAs,9.998717,10.061339
SCl__LiZnAs,10.006245,10.034073
SCl__LiZnAs,10.028157,9.952656
SCl__LiZnAs,9.972459,10.049187
InTeO3F__ZnCN2,-2.990808,-4.165305
InTeO3F__ZnCN2,-3.7700202,-4.218565
InTeO3F__ZnCN2,-3.4522905,-3.6587472
InTeO3F__ZnCN2,-5.9794106,-5.7609816
K3Ga3As4__KSn2(PO4)3,9.975266,10.014156
K3Ga3As4__KSn2(PO4)3,9.9803705,9.984689
K3Ga3As4__KSn2(PO4)3,10.005226,10.010922
K3Ga3As4__KSn2(PO4)3,10.015781,9.995592
As3Pb5ClO12__H2SeO4,7.425194,6.6769276
As3Pb5ClO12__H2SeO4,5.166169,5.0331087
As3Pb5ClO12__H2SeO4,3.8955526,4.1195707
As3Pb5ClO12__H2SeO4,4.604519,4.832469
Li3Sb__AsS(IF3)2,10.000579,10.030798
Li3Sb__AsS(IF3)2,9.999529,10.026567
Li3Sb__AsS(IF3)2,10.055388,10.004807
Li3Sb__AsS(IF3)2,9.99006,9.984131
Cd(GaO2)2__Ga10GePb3O20,5.4963145,7.559249
Cd(GaO2)2__Ga10GePb3O20,5.8346353,7.980796
Cd(GaO2)2__Ga10GePb3O20,2.7499232,4.3839564
Cd(GaO2)2__Ga10GePb3O20,2.6368222,4.72035
In7Cl9__Li2GeTeO6,1.6513103,1.4913288
In7Cl9__Li2GeTeO6,0.66947186,1.1993939
In7Cl9__Li2GeTeO6,1.2127225,1.2753165
In7Cl9__Li2GeTeO6,2.5875306,3.4200609
SbN(OF3)2__NF2,9.992636,10.020184
SbN(OF3)2__NF2,9.989973,10.016363
SbN(OF3)2__NF2,9.993529,9.952219
SbN(OF3)2__NF2,9.970924,9.966468
Na2SnGe2(HO4)2__SbOF,10.006236,9.863459
Na2SnGe2(HO4)2__SbOF,10.021655,9.913233
Na2SnGe2(HO4)2__SbOF,9.968876,9.9779625
Na2SnGe2(HO4)2__SbOF,9.951177,9.9280205
K3SnTe3__K6Na3AlSb4,7.2936063,6.9735484
K3SnTe3__K6Na3AlSb4,3.3791301,3.2377338
K3SnTe3__K6Na3AlSb4,6.798676,6.5574427
K3SnTe3__K6Na3AlSb4,8.161096,7.618853
Sb9S4F39__K3As(PSe3)3,10.028023,9.994715
Sb9S4F39__K3As(PSe3)3,10.007016,9.983273
Sb9S4F39__K3As(PSe3)3,10.012785,9.946779
Sb9S4F39__K3As(PSe3)3,9.995366,9.966556
K4SnSe4__CdSe,9.973148,9.933058
K4SnSe4__CdSe,9.976207,10.070583
K4SnSe4__CdSe,10.030232,9.950956
K4SnSe4__CdSe,9.974233,10.047815
SnO__Cd4P6SN12,9.997484,9.5309105
SnO__Cd4P6SN12,9.970068,9.992683
SnO__Cd4P6SN12,10.035061,10.025822
SnO__Cd4P6SN12,10.015648,9.539204
Na4SnO4__Ti6In2Si2P12O49,-5.3839283,-4.7338085
Na4SnO4__Ti6In2Si2P12O49,-1.7030982,-2.467076
Na4SnO4__Ti6In2Si2P12O49,-0.0781337,0.40384996
Na4SnO4__Ti6In2Si2P12O49,-0.14383899,-1.7693702
LiCaP__KPS3,9.98403,9.359669
LiCaP__KPS3,10.004013,9.152336
LiCaP__KPS3,9.703077,8.88912
LiCaP__KPS3,9.986217,9.316185
Li10Si(PSe6)2__KSnI3,8.166102,9.393187
Li10Si(PSe6)2__KSnI3,9.988877,9.669911
Li10Si(PSe6)2__KSnI3,4.8766823,8.365306
Li10Si(PSe6)2__KSnI3,5.9910693,8.426275
Ca3CdO4__KNO2,10.025037,8.886251
Ca3CdO4__KNO2,4.8567224,6.0843153
Ca3CdO4__KNO2,8.9770565,8.27071
Ca3CdO4__KNO2,4.3313646,5.957327
KSi__KInP2S7,8.790408,8.878494
KSi__KInP2S7,7.7353096,8.378618
KSi__KInP2S7,5.4540443,6.90334
KSi__KInP2S7,6.6116147,7.9390736
TeO3__K4SnO4,10.007345,9.984882
TeO3__K4SnO4,9.996714,9.894144
TeO3__K4SnO4,10.006747,9.95242
TeO3__K4SnO4,10.044254,9.95585
LiTiAsO5__AsSe6IF6,10.027334,9.994869
LiTiAsO5__AsSe6IF6,10.025355,9.759262
LiTiAsO5__AsSe6IF6,10.018584,9.845673
LiTiAsO5__AsSe6IF6,10.005257,9.985166
AlAs__KH2N,9.995071,9.352566
AlAs__KH2N,10.00198,9.144287
AlAs__KH2N,9.985909,9.264788
AlAs__KH2N,9.78479,8.589976
KNaTe__SnBr4,9.986585,9.976874
KNaTe__SnBr4,10.040245,10.011192
KNaTe__SnBr4,10.020907,9.970484
KNaTe__SnBr4,10.010405,9.965406
Na4SnTe4__Ca(Ga3Te5)2,2.1426551,4.165739
Na4SnTe4__Ca(Ga3Te5)2,2.0752385,4.4483395
Na4SnTe4__Ca(Ga3Te5)2,5.849113,7.54739
Na4SnTe4__Ca(Ga3Te5)2,1.7032278,3.9365184
Na4TiP2O9__Na2Sb4O7,-0.64813673,-1.952722
Na4TiP2O9__Na2Sb4O7,-1.8597047,-3.0558708
Na4TiP2O9__Na2Sb4O7,-2.1023393,-3.1272213
Na4TiP2O9__Na2Sb4O7,-1.1268415,-2.0178082
ClO2__SbCl(OF3)2,7.6211953,8.339737
ClO2__SbCl(OF3)2,4.7035418,5.20274
ClO2__SbCl(OF3)2,8.879588,8.890828
ClO2__SbCl(OF3)2,7.6296053,8.211311
NaInTe2__Na2Ga2GeS6,10.023771,9.804518
NaInTe2__Na2Ga2GeS6,9.987722,9.57782
NaInTe2__Na2Ga2GeS6,10.014664,10.020735
NaInTe2__Na2Ga2GeS6,9.982229,9.774797
K6CdO4__Na2TiGeO5,8.461241,9.771958
K6CdO4__Na2TiGeO5,5.525343,8.928898
K6CdO4__Na2TiGeO5,4.869114,8.608677
K6CdO4__Na2TiGeO5,6.9862747,9.622018
Ti(NO3)4__Zn(NO3)2,3.2892396,3.163986
Ti(NO3)4__Zn(NO3)2,4.7607303,4.5415897
Ti(NO3)4__Zn(NO3)2,2.1030266,2.716627
Ti(NO3)4__Zn(NO3)2,3.4956994,4.4726834
Na4CdP2__K2ZnSe2,5.4769487,7.6749763
Na4CdP2__K2ZnSe2,7.355993,9.075422
Na4CdP2__K2ZnSe2,8.594819,9.308508
Na4CdP2__K2ZnSe2,5.9925976,8.208525
LiIn(CN2)2__K4TiO4,4.1085176,5.243001
LiIn(CN2)2__K4TiO4,1.5645915,1.8111252
LiIn(CN2)2__K4TiO4,2.4629173,3.5198476
LiIn(CN2)2__K4TiO4,3.026868,4.0143557
Na2CdH4(SeO5)2__PI2,9.966618,10.229281
Na2CdH4(SeO5)2__PI2,9.978985,9.539583
Na2CdH4(SeO5)2__PI2,9.992411,10.207893
Na2CdH4(SeO5)2__PI2,9.962704,9.660368
KNa4GeAs3__KGaGeO4,10.023678,10.022335
KNa4GeAs3__KGaGeO4,10.01751,9.953583
KNa4GeAs3__KGaGeO4,9.993896,9.979
KNa4GeAs3__KGaGeO4,10.027463,9.923881
K3Al2As3__Na2Cd(GeS3)2,9.9654255,10.004034
K3Al2As3__Na2Cd(GeS3)2,9.982145,10.069244
K3Al2As3__Na2Cd(GeS3)2,10.008639,10.117846
K3Al2As3__Na2Cd(GeS3)2,10.031448,9.931013
P2Pb4O9__Cd(NO3)2,6.3741646,5.4089937
P2Pb4O9__Cd(NO3)2,4.720585,4.436351
P2Pb4O9__Cd(NO3)2,2.7502377,2.7839792
P2Pb4O9__Cd(NO3)2,5.9196796,5.4039745
K3Na2SnAs3__K2Al2Sb3,-4.2813296,-3.0383341
K3Na2SnAs3__K2Al2Sb3,-1.7194337,-1.8729364
K3Na2SnAs3__K2Al2Sb3,-2.020898,-2.5278897
K3Na2SnAs3__K2Al2Sb3,-2.6705828,-3.0955913
CdTe__SiP2,1.4204104,2.8200598
CdTe__SiP2,2.1608064,3.2993846
CdTe__SiP2,6.205725,7.9289474
CdTe__SiP2,4.6918435,6.989444
SICl7__CdH3NO5,10.023208,9.164293
SICl7__CdH3NO5,10.003242,9.866695
SICl7__CdH3NO5,9.955371,9.892277
SICl7__CdH3NO5,10.0164,9.966955
NaCaAs__K2TeSe3,9.853642,8.657391
NaCaAs__K2TeSe3,7.91458,7.709826
NaCaAs__K2TeSe3,9.977669,9.126463
NaCaAs__K2TeSe3,9.100132,8.38244
P2Pb4O9__CaZnAsHO5,4.2695885,3.5303762
P2Pb4O9__CaZnAsHO5,8.289266,7.276888
P2Pb4O9__CaZnAsHO5,4.84569,4.097085
P2Pb4O9__CaZnAsHO5,3.6117914,2.7955143
In2(PS3)3__K2H6PbO6,-3.724036,-1.9922582
In2(PS3)3__K2H6PbO6,-4.11691,-2.7020104
In2(PS3)3__K2H6PbO6,-3.6940694,-3.1407888
In2(PS3)3__K2H6PbO6,0.38279366,1.4469706
Na4Ge2Se5__Li2TiO3,0.57944816,4.326267
Na4Ge2Se5__Li2TiO3,5.257922,8.757223
Na4Ge2Se5__Li2TiO3,2.713649,6.384681
Na4Ge2Se5__Li2TiO3,6.055089,9.293053
LiAsSe2__NaAs3H2O9,10.037339,9.844014
LiAsSe2__NaAs3H2O9,10.010887,10.006941
LiAsSe2__NaAs3H2O9,10.024073,9.963154
LiAsSe2__NaAs3H2O9,10.0176325,9.943087
K2SiAs2__K2TiAl(PO4)3,7.3162837,8.457779
K2SiAs2__K2TiAl(PO4)3,6.537274,8.14703
K2SiAs2__K2TiAl(PO4)3,6.3462296,7.807841
K2SiAs2__K2TiAl(PO4)3,9.990066,9.967145
CdS__CdI2,7.080613,8.427935
CdS__CdI2,4.7514763,7.214203
CdS__CdI2,4.070556,6.881815
CdS__CdI2,5.7132697,8.101688
Te(HO)6__NaCaAs,9.987289,9.982998
Te(HO)6__NaCaAs,10.021563,10.169725
Te(HO)6__NaCaAs,10.003185,10.121874
Te(HO)6__NaCaAs,10.010366,10.065741
SbI3__K2ZnH4(I2O7)2,4.328985,7.367761
SbI3__K2ZnH4(I2O7)2,10.023013,9.668842
SbI3__K2ZnH4(I2O7)2,8.139694,9.326819
SbI3__K2ZnH4(I2O7)2,3.7541778,6.9117117
Li2P7(H3N)9__NaHS,9.104521,9.165438
Li2P7(H3N)9__NaHS,9.738239,9.267818
Li2P7(H3N)9__NaHS,7.997293,8.279787
Li2P7(H3N)9__NaHS,5.73898,5.800727
Na14Cd2O9__Rubrene,9.983509,10.026562
Na14Cd2O9__Rubrene,10.043784,9.984376
Na14Cd2O9__Rubrene,10.010819,10.088322
Na14Cd2O9__Rubrene,9.956455,10.048252
K6Sn2S7__Sn2OF5,10.029956,9.970697
K6Sn2S7__Sn2OF5,10.009675,9.996078
K6Sn2S7__Sn2OF5,10.0109005,9.949446
K6Sn2S7__Sn2OF5,9.987418,10.026007
KSb(PSe3)2__NaTi2(PO4)3,-0.8443822,-0.37894544
KSb(PSe3)2__NaTi2(PO4)3,1.0120832,0.034931388
KSb(PSe3)2__NaTi2(PO4)3,-5.5553584,-5.175521
KSb(PSe3)2__NaTi2(PO4)3,-1.7613617,-2.6694028
Na4SeO5__Al6Cd4TeO12,0.34149805,1.9436686
Na4SeO5__Al6Cd4TeO12,3.9678268,7.232711
Na4SeO5__Al6Cd4TeO12,1.055475,2.520446
Na4SeO5__Al6Cd4TeO12,4.195468,6.6443615
KAs__Li4SnS4,9.9839735,9.958842
KAs__Li4SnS4,10.004494,9.967677
KAs__Li4SnS4,10.016758,9.985937
KAs__Li4SnS4,9.990257,9.993135
Na4SiSe4__Ge4Se9,9.994109,10.160784
Na4SiSe4__Ge4Se9,9.988989,10.310299
Na4SiSe4__Ge4Se9,10.001669,9.725232
Na4SiSe4__Ge4Se9,9.995326,10.312116
Ca11Sn3C8__Sb6S2O15,10.0091505,9.890583
Ca11Sn3C8__Sb6S2O15,9.992986,9.935459
Ca11Sn3C8__Sb6S2O15,9.966829,9.942273
Ca11Sn3C8__Sb6S2O15,10.003365,9.961884
NaInTe2__PCBM,9.997087,9.843441
NaInTe2__PCBM,10.007761,9.820303
NaInTe2__PCBM,10.015833,9.823467
NaInTe2__PCBM,9.989435,9.834389
Na2Zn2S3__SeCl4,9.943028,9.862158
Na2Zn2S3__SeCl4,10.011633,9.9266815
Na2Zn2S3__SeCl4,10.011921,9.931953
Na2Zn2S3__SeCl4,10.057269,9.894606
Ca6GaN5__Sn2OF5,10.004097,9.943744
Ca6GaN5__Sn2OF5,9.983736,9.926393
Ca6GaN5__Sn2OF5,10.02933,9.98108
Ca6GaN5__Sn2OF5,9.9917345,9.902705
CaHN__K3SbS3,3.8686187,4.424968
CaHN__K3SbS3,9.997075,9.558458
CaHN__K3SbS3,9.684662,9.309905
CaHN__K3SbS3,5.4951167,6.583399
Pb5SO8__LiPH21S3N7,-3.6352737,-4.5393806
Pb5SO8__LiPH21S3N7,-2.598838,-3.677267
Pb5SO8__LiPH21S3N7,-3.0744925,-3.6511986
Pb5SO8__LiPH21S3N7,-2.5993986,-3.6649806
Na2CdH4(SeO5)2__TiCdO3,-0.58339405,-0.75799227
Na2CdH4(SeO5)2__TiCdO3,-4.1430025,-3.6320496
Na2CdH4(SeO5)2__TiCdO3,-3.9449797,-3.5073528
Na2CdH4(SeO5)2__TiCdO3,-4.0075035,-3.4584465
PCBM__Li3AsH16(SO2)4,10.005451,9.892421
PCBM__Li3AsH16(SO2)4,9.987851,9.923088
PCBM__Li3AsH16(SO2)4,9.98115,9.957136
PCBM__Li3AsH16(SO2)4,10.037638,9.954887
NaAs__Ca(AlSe2)2,10.001079,9.971922
NaAs__Ca(AlSe2)2,10.021107,10.044624
NaAs__Ca(AlSe2)2,9.956524,9.885694
NaAs__Ca(AlSe2)2,10.015779,9.951979
Na2CdO2__TiPbO3,0.49950776,0.6465055
Na2CdO2__TiPbO3,-1.0757833,-0.89555675
Na2CdO2__TiPbO3,-3.708115,-2.9356782
Na2CdO2__TiPbO3,-3.6821532,-3.3094344
Ca(CdP)2__SBr,10.006069,9.957634
Ca(CdP)2__SBr,9.986127,9.956488
Ca(CdP)2__SBr,10.0392275,9.94833
Ca(CdP)2__SBr,10.018418,9.953251
Na2ZnH4(SeO5)2__ClF3,9.991169,9.970106
Na2ZnH4(SeO5)2__ClF3,10.032627,10.064314
Na2ZnH4(SeO5)2__ClF3,10.005281,9.96319
Na2ZnH4(SeO5)2__ClF3,10.008928,10.036911
Na7Al2Sb5__CdH3NO5,9.99032,9.93355
Na7Al2Sb5__CdH3NO5,10.013497,10.02813
Na7Al2Sb5__CdH3NO5,10.010293,10.065952
Na7Al2Sb5__CdH3NO5,10.049318,9.95295
GeAs__PI2,10.002945,10.009941
GeAs__PI2,10.000812,10.023989
GeAs__PI2,9.961465,9.972183
GeAs__PI2,9.978151,10.002452
NaInSe2__CaTe2O5,10.013253,10.004945
NaInSe2__CaTe2O5,10.008051,9.99629
NaInSe2__CaTe2O5,10.002081,9.998358
NaInSe2__CaTe2O5,9.994649,10.075278
Rubrene__PPbS3,10.02985,9.981253
Rubrene__PPbS3,10.00427,9.96159
Rubrene__PPbS3,10.006689,9.93203
Rubrene__PPbS3,9.980034,9.960665
K2Sn(S2O7)3__Zn2NCl,9.988348,9.859776
K2Sn(S2O7)3__Zn2NCl,9.974808,9.830936
K2Sn(S2O7)3__Zn2NCl,9.977287,9.869938
K2Sn(S2O7)3__Zn2NCl,9.999646,9.82574
Li3P__InBr2,9.998518,9.954248
Li3P__InBr2,9.979253,10.029247
Li3P__InBr2,10.003447,10.034077
Li3P__InBr2,10.0149765,9.968729
Al2CdS4__K5As3O10,-5.059471,-5.1636906
Al2CdS4__K5As3O10,-5.6300683,-5.3525352
Al2CdS4__K5As3O10,-0.3225436,-0.65110636
Al2CdS4__K5As3O10,-3.7872758,-4.3960533
Na3SiTe3__In2PO5,5.791374,5.8697643
Na3SiTe3__In2PO5,9.664983,7.816478
Na3SiTe3__In2PO5,6.803535,6.460421
Na3SiTe3__In2PO5,5.969635,5.9053354
LiSbO3__NaLi3(H2N)4,-5.1633997,-4.487137
LiSbO3__NaLi3(H2N)4,0.00069975,-1.4359092
LiSbO3__NaLi3(H2N)4,-1.8784257,-3.6435328
LiSbO3__NaLi3(H2N)4,-1.7778667,-3.36184
LiAlTe2__K3As(PSe3)3,10.027185,9.300466
LiAlTe2__K3As(PSe3)3,9.3378105,8.364857
LiAlTe2__K3As(PSe3)3,6.5596156,6.1248217
LiAlTe2__K3As(PSe3)3,5.1454887,4.682994
Sb2ClO2F11__GaP2I9,10.016778,9.953442
Sb2ClO2F11__GaP2I9,9.956161,10.010846
Sb2ClO2F11__GaP2I9,10.000678,9.985249
Sb2ClO2F11__GaP2I9,10.01985,9.963726
K2TiS3__TCTA,9.998953,10.087328
K2TiS3__TCTA,10.005546,9.976212
K2TiS3__TCTA,10.058213,10.025801
K2TiS3__TCTA,10.038152,10.1031475
GaHO2__GaBr2,3.9881964,4.7034225
GaHO2__GaBr2,2.2544146,2.3784149
GaHO2__GaBr2,2.374297,2.9918277
GaHO2__GaBr2,2.0637655,2.6396306
K2Se5__NaAs3(PbO3)4,10.00819,9.93512
K2Se5__NaAs3(PbO3)4,9.986915,9.983542
K2Se5__NaAs3(PbO3)4,10.001704,10.00676
K2Se5__NaAs3(PbO3)4,10.025035,9.993994
Cd2AsO4F__K2ZnSiO4,10.007568,9.842837
Cd2AsO4F__K2ZnSiO4,10.023339,9.80862
Cd2AsO4F__K2ZnSiO4,10.000779,9.867581
Cd2AsO4F__K2ZnSiO4,9.988034,9.864626
CdGeN2__Ga2I3,8.368648,9.4272
CdGeN2__Ga2I3,9.987256,9.796376
CdGeN2__Ga2I3,7.4264307,8.962855
CdGeN2__Ga2I3,7.1752152,9.192472
KTiPSe5__Na2LiGaAs2,1.4207555,1.3111433
KTiPSe5__Na2LiGaAs2,1.2783556,1.2786034
KTiPSe5__Na2LiGaAs2,2.2258883,2.3718498
KTiPSe5__Na2LiGaAs2,3.1478083,3.1516962
Ca2Al2Sn2O9__IO2F,10.050855,10.064241
Ca2Al2Sn2O9__IO2F,9.999984,9.988174
Ca2Al2Sn2O9__IO2F,10.006833,9.976843
Ca2Al2Sn2O9__IO2F,9.983191,10.044078
TPD__Na5SnAs3,10.015572,9.965719
TPD__Na5SnAs3,9.995329,9.896333
TPD__Na5SnAs3,10.00111,10.14336
TPD__Na5SnAs3,10.014641,9.923794
Zn3P2__Ca3AsN,3.0668933,5.6528435
Zn3P2__Ca3AsN,4.3689966,5.575866
Zn3P2__Ca3AsN,7.005823,8.149727
Zn3P2__Ca3AsN,9.183231,9.0696335
CaP__Ga2Te2Br7,9.97953,10.033337
CaP__Ga2Te2Br7,9.973247,9.981228
CaP__Ga2Te2Br7,10.020632,10.126109
CaP__Ga2Te2Br7,10.000665,10.116795
K3SbSe4__KGe,6.5279365,6.3868594
K3SbSe4__KGe,6.3118935,6.3280554
K3SbSe4__KGe,7.304819,7.086706
K3SbSe4__KGe,8.083774,7.6037226
GaN5O14__SnS2,1.6122185,2.014973
GaN5O14__SnS2,3.3312187,3.1536348
GaN5O14__SnS2,-0.43338865,-0.32080042
GaN5O14__SnS2,2.1937125,0.9156831
Li2P7(H3N)9__P2Pb4O9,-0.06831103,3.1956375
Li2P7(H3N)9__P2Pb4O9,1.0886283,4.595006
Li2P7(H3N)9__P2Pb4O9,1.7851677,6.5265884
Li2P7(H3N)9__P2Pb4O9,-1.1008567,1.8351523
Na2GeTeO6__InCl2,-4.127799,-3.9456427
Na2GeTeO6__InCl2,0.83829343,0.514633
Na2GeTeO6__InCl2,-0.89864707,-1.309384
Na2GeTeO6__InCl2,-3.1428936,-2.9291346
LiInO2__InPS4,5.943936,5.7601194
LiInO2__InPS4,6.6533995,6.4845552
LiInO2__InPS4,6.292913,6.644386
LiInO2__InPS4,4.1797943,4.215548
Ca2SnO4__Cd3(AsO4)2,9.960256,9.953281
Ca2SnO4__Cd3(AsO4)2,9.951372,10.06141
Ca2SnO4__Cd3(AsO4)2,10.001463,9.891331
Ca2SnO4__Cd3(AsO4)2,9.997802,9.908689
NaSe2__Na2In2SiS6,2.627172,5.450681
NaSe2__Na2In2SiS6,2.4473958,5.649231
NaSe2__Na2In2SiS6,3.764251,6.87093
NaSe2__Na2In2SiS6,2.5195441,5.4062786
K3Li3TeO6__TeBrO3F5,9.9971285,9.960666
K3Li3TeO6__TeBrO3F5,10.026158,9.950859
K3Li3TeO6__TeBrO3F5,10.002595,10.016922
K3Li3TeO6__TeBrO3F5,10.012894,9.933698
In2(PS3)3__Sb7Se8F35,9.985055,10.046468
In2(PS3)3__Sb7Se8F35,9.965717,10.0035
In2(PS3)3__Sb7Se8F35,10.0109415,10.028997
In2(PS3)3__Sb7Se8F35,10.005024,10.056456
Ca2As2O7__GeBr2,9.96222,9.918791
Ca2As2O7__GeBr2,9.996631,10.0179
Ca2As2O7__GeBr2,9.964985,10.036446
Ca2As2O7__GeBr2,9.9908,9.8393135
KTeP2__AsSe6IF6,9.9933,9.941034
KTeP2__AsSe6IF6,10.020188,9.9852
KTeP2__AsSe6IF6,10.018373,10.033249
KTeP2__AsSe6IF6,10.016086,10.022752
Ca3CdO4__NO2,9.9891815,9.9826145
Ca3CdO4__NO2,10.016376,9.921826
Ca3CdO4__NO2,10.003327,9.960003
Ca3CdO4__NO2,10.011653,9.965718
LiInSe2__CaHN,9.995814,9.855963
LiInSe2__CaHN,10.023376,9.755245
LiInSe2__CaHN,9.980431,9.700356
LiInSe2__CaHN,9.982551,9.89415
Ca3PN__Na5SiAs3,-1.6432106,-2.1271186
Ca3PN__Na5SiAs3,-4.2598724,-4.271003
Ca3PN__Na5SiAs3,-0.82988435,-1.204142
Ca3PN__Na5SiAs3,0.21857397,-0.83526385
C__Si2H2S3,10.013612,9.04397
C__Si2H2S3,9.984287,9.965508
C__Si2H2S3,10.042688,9.929168
C__Si2H2S3,9.969379,9.518204
CdSiP2__KZn4(SbO4)3,0.767957,0.49182466
CdSiP2__KZn4(SbO4)3,-3.1948006,-3.2334402
CdSiP2__KZn4(SbO4)3,1.3337508,1.4566504
CdSiP2__KZn4(SbO4)3,0.8434068,0.7073209
ZnSe__NaAlAsO4F,10.007758,9.941879
ZnSe__NaAlAsO4F,9.973664,9.772389
ZnSe__NaAlAsO4F,10.001709,9.9609585
ZnSe__NaAlAsO4F,10.008682,9.98848
Na2ZnSe2__KSb3O5,5.1496716,7.642406
Na2ZnSe2__KSb3O5,5.7806277,7.8944325
Na2ZnSe2__KSb3O5,0.32112864,2.1422899
Na2ZnSe2__KSb3O5,5.045154,6.694307
KSb3O5__LiC,-3.3449314,-3.7413008
KSb3O5__LiC,-3.8980846,-4.083106
KSb3O5__LiC,-5.8647723,-5.8816237
KSb3O5__LiC,-4.173098,-3.8570013
SbClF8__K3Na2SnAs3,10.022956,10.321575
SbClF8__K3Na2SnAs3,9.996077,10.26693
SbClF8__K3Na2SnAs3,10.028871,10.05771
SbClF8__K3Na2SnAs3,9.968647,10.202774
S3(NO7)2__NaSe2,10.014706,9.900728
S3(NO7)2__NaSe2,10.057006,9.926183
S3(NO7)2__NaSe2,10.011762,9.91621
S3(NO7)2__NaSe2,9.988034,10.014093
KAsSe2__Zn(NO3)2,9.943477,9.990753
KAsSe2__Zn(NO3)2,10.021786,9.966467
KAsSe2__Zn(NO3)2,9.978387,9.9815445
KAsSe2__Zn(NO3)2,9.986897,9.988094
Al2PbSe4__Na5Al3H14,-3.2476108,-4.362735
Al2PbSe4__Na5Al3H14,-1.0218271,-1.9009906
Al2PbSe4__Na5Al3H14,0.8946578,-0.6181643
Al2PbSe4__Na5Al3H14,-3.4439096,-3.2046561
PICl8__TeBrO3F5,10.009819,9.88859
PICl8__TeBrO3F5,10.00849,10.147243
PICl8__TeBrO3F5,10.0251,9.894699
PICl8__TeBrO3F5,9.811887,9.327074
Cd2GeO4__ZnSe,-3.6474507,-3.889734
Cd2GeO4__ZnSe,-3.3119645,-3.8389997
Cd2GeO4__ZnSe,-3.8791814,-4.566124
Cd2GeO4__ZnSe,-5.964106,-5.7798
Na2Ti2Se9__KIn(TeO3)2,9.998122,10.045662
Na2Ti2Se9__KIn(TeO3)2,10.003283,9.647948
Na2Ti2Se9__KIn(TeO3)2,10.019031,9.467699
Na2Ti2Se9__KIn(TeO3)2,10.015267,9.425928
Ca21(Zn2Sb9)2__ZnSeO4,9.996468,9.999599
Ca21(Zn2Sb9)2__ZnSeO4,9.98743,10.023416
Ca21(Zn2Sb9)2__ZnSeO4,9.98644,9.966802
Ca21(Zn2Sb9)2__ZnSeO4,10.001799,9.981045
Ge2S3Br2__Ca3Al3N5,9.992885,9.962301
Ge2S3Br2__Ca3Al3N5,9.983914,9.993426
Ge2S3Br2__Ca3Al3N5,10.001227,9.893557
Ge2S3Br2__Ca3Al3N5,10.030622,9.871962
LiZnSb__Si(PbS2)2,9.969294,9.960156
LiZnSb__Si(PbS2)2,9.994655,10.006029
LiZnSb__Si(PbS2)2,10.000969,10.045509
LiZnSb__Si(PbS2)2,10.009795,9.973685
LiTi2(PO4)3__ZnI2,9.978241,8.925201
LiTi2(PO4)3__ZnI2,7.478717,7.277038
LiTi2(PO4)3__ZnI2,7.2381763,7.0100493
LiTi2(PO4)3__ZnI2,10.003645,8.835714
KInSnSe4__SiS2,9.972168,10.01095
KInSnSe4__SiS2,9.98023,10.00461
KInSnSe4__SiS2,10.005492,9.988894
KInSnSe4__SiS2,10.015626,10.0010605
GeTe__LiPH21S3N7,9.987278,9.9826565
GeTe__LiPH21S3N7,10.037184,9.898403
GeTe__LiPH21S3N7,10.00837,9.916645
GeTe__LiPH21S3N7,9.995995,9.9121685
KCO3__Ge19(PBr)4,9.969472,8.944842
KCO3__Ge19(PBr)4,10.025428,9.2538395
KCO3__Ge19(PBr)4,10.011921,9.3379965
KCO3__Ge19(PBr)4,9.972827,9.157864
LiP__KP,-2.1469874,-2.2329977
LiP__KP,3.4557283,2.388967
LiP__KP,-3.1059449,-2.1568694
LiP__KP,-2.3661032,-2.0763695
KIn(TeO3)2__BrF5,9.961825,10.016959
KIn(TeO3)2__BrF5,9.976928,10.003792
KIn(TeO3)2__BrF5,10.018664,10.036621
KIn(TeO3)2__BrF5,10.050591,10.006416
NaCO3__AlTeI7,6.6474423,8.858271
NaCO3__AlTeI7,7.8536057,9.459749
NaCO3__AlTeI7,7.814944,9.171715
NaCO3__AlTeI7,1.9890573,3.0662215
K4Na2TeO6__TiP2O7,9.956255,9.479474
K4Na2TeO6__TiP2O7,9.950271,9.679009
K4Na2TeO6__TiP2O7,9.994841,9.36166
K4Na2TeO6__TiP2O7,9.97975,9.510484
SbSBr__AsSe6IF6,5.8665175,5.7647786
SbSBr__AsSe6IF6,3.6819715,3.7357247
SbSBr__AsSe6IF6,7.6944857,6.98946
SbSBr__AsSe6IF6,3.9290051,4.013735
Li2P7(H3N)9__In3SnI5,9.97529,9.845055
Li2P7(H3N)9__In3SnI5,4.9799867,7.334019
Li2P7(H3N)9__In3SnI5,8.260245,9.473425
Li2P7(H3N)9__In3SnI5,8.629401,9.561804
P__IO2F,10.003265,9.974451
P__IO2F,9.992317,9.949765
P__IO2F,10.006208,9.982228
P__IO2F,9.992141,9.959512
NaZnAsO4__GeO2,10.008788,9.957951
NaZnAsO4__GeO2,9.952585,9.917543
NaZnAsO4__GeO2,9.986788,9.86895
NaZnAsO4__GeO2,10.027088,9.924698
K2Sn(AsS3)2__Zn(HO)2,9.971433,9.992069
K2Sn(AsS3)2__Zn(HO)2,9.970857,10.000344
K2Sn(AsS3)2__Zn(HO)2,9.988806,9.99443
K2Sn(AsS3)2__Zn(HO)2,10.010046,9.987824
Ca(GaSe2)2__Na2Li3GaO4,9.73898,9.690112
Ca(GaSe2)2__Na2Li3GaO4,5.805233,7.6754937
Ca(GaSe2)2__Na2Li3GaO4,9.999192,9.836504
Ca(GaSe2)2__Na2Li3GaO4,5.7595296,7.6001415
InAsH2O5__Zn3TeAs2Pb3O14,-0.6934317,-1.0262194
InAsH2O5__Zn3TeAs2Pb3O14,2.5344322,3.3049357
InAsH2O5__Zn3TeAs2Pb3O14,3.362802,4.6449504
InAsH2O5__Zn3TeAs2Pb3O14,3.5478325,3.8744533
Na3As4H5O14__TePCl9,10.001922,9.98152
Na3As4H5O14__TePCl9,9.996589,10.080408
Na3As4H5O14__TePCl9,9.948816,10.012193
Na3As4H5O14__TePCl9,10.035381,10.023127
K2Al2Sb3__GaN5O14,9.973133,9.951209
K2Al2Sb3__GaN5O14,9.953093,9.964566
K2Al2Sb3__GaN5O14,9.995152,9.958963
K2Al2Sb3__GaN5O14,10.04941,9.978594
CdSiP2__Ca7SiN6,7.8217525,8.286264
CdSiP2__Ca7SiN6,3.856111,5.2283354
CdSiP2__Ca7SiN6,7.8550506,8.676535
CdSiP2__Ca7SiN6,6.720631,7.5126085
K3AsS3__Ca2Al2Sn2O9,2.3275437,0.3636286
K3AsS3__Ca2Al2Sn2O9,0.0075137694,0.38027856
K3AsS3__Ca2Al2Sn2O9,-0.4214941,-0.2664266
K3AsS3__Ca2Al2Sn2O9,-1.7788026,-1.8678268
AlTeCl7__CaPbF6,6.9069676,8.436621
AlTeCl7__CaPbF6,6.8549857,8.112953
AlTeCl7__CaPbF6,8.118254,7.650763
AlTeCl7__CaPbF6,3.0309014,4.3756375
Na6Ge2Se7__LiAsO3,9.999459,9.840771
Na6Ge2Se7__LiAsO3,10.019494,10.003216
Na6Ge2Se7__LiAsO3,9.986513,9.695795
Na6Ge2Se7__LiAsO3,9.986472,10.003031
K4As2Se5__SiP,9.126351,8.043115
K4As2Se5__SiP,6.129939,6.3442535
K4As2Se5__SiP,8.172149,7.8520284
K4As2Se5__SiP,9.983314,8.464096
K2GeTe4__Na2In2GeSe6,-6.048447,-6.2798862
K2GeTe4__Na2In2GeSe6,-5.8546042,-5.59493
K2GeTe4__Na2In2GeSe6,-4.53101,-5.993155
K2GeTe4__Na2In2GeSe6,-5.9976387,-6.232889
K4GeSe4__K7NaGe8,6.1163487,6.1503763
K4GeSe4__K7NaGe8,10.012515,9.255029
K4GeSe4__K7NaGe8,6.7888527,6.2568855
K4GeSe4__K7NaGe8,10.022733,9.399115
Na4Cd3Se5__K2SnCl6,5.761233,7.8243647
Na4Cd3Se5__K2SnCl6,7.1338687,8.504723
Na4Cd3Se5__K2SnCl6,4.0249977,6.1457796
Na4Cd3Se5__K2SnCl6,4.326682,6.063215
Ca11Sn3C8__Cd7(P2Cl3)2,9.99452,10.078035
Ca11Sn3C8__Cd7(P2Cl3)2,10.0021515,10.035053
Ca11Sn3C8__Cd7(P2Cl3)2,9.993253,10.005857
Ca11Sn3C8__Cd7(P2Cl3)2,9.978842,10.018539
NaSb5O13__In6Te10Pb,6.4356127,6.8132925
NaSb5O13__In6Te10Pb,10.008894,9.749552
NaSb5O13__In6Te10Pb,5.5410457,7.086646
NaSb5O13__In6Te10Pb,6.8906865,7.6829123
P__Sb2IBr2F11,9.970028,9.965382
P__Sb2IBr2F11,9.984153,10.030829
P__Sb2IBr2F11,10.00994,10.057503
P__Sb2IBr2F11,9.970754,10.015102
Na2PbO3__SbCl5,9.991245,9.948749
Na2PbO3__SbCl5,9.9815235,9.966503
Na2PbO3__SbCl5,10.023388,10.0633335
Na2PbO3__SbCl5,9.969126,9.954095
Ga7Te10__K2GeTe4,-5.465908,-6.096559
Ga7Te10__K2GeTe4,-5.371801,-4.7320724
Ga7Te10__K2GeTe4,-4.3208065,-4.204419
Ga7Te10__K2GeTe4,0.36830452,-0.72424835
NaCdIn2(PO4)3__GaSeBr7,10.046525,9.424233
NaCdIn2(PO4)3__GaSeBr7,9.958528,10.091734
NaCdIn2(PO4)3__GaSeBr7,9.998633,9.381521
NaCdIn2(PO4)3__GaSeBr7,9.971929,10.248021
Na2Si2Se5__Te(HO)6,9.986467,9.999961
Na2Si2Se5__Te(HO)6,9.997538,9.898239
Na2Si2Se5__Te(HO)6,10.018289,9.987617
Na2Si2Se5__Te(HO)6,9.993127,9.938295
Ca4GeN4__K2CdGeO4,0.39329207,0.71900415
Ca4GeN4__K2CdGeO4,2.0665283,3.6353137
Ca4GeN4__K2CdGeO4,4.8286266,7.500497
Ca4GeN4__K2CdGeO4,0.5777558,2.2683446
K2SiAs2__Li2ZnSnS4,9.998248,9.928371
K2SiAs2__Li2ZnSnS4,8.511272,9.139856
K2SiAs2__Li2ZnSnS4,6.5381336,7.796308
K2SiAs2__Li2ZnSnS4,8.145282,8.795519
K6Zn4Sn5S17__LiTi2(PO4)3,8.622604,8.782314
K6Zn4Sn5S17__LiTi2(PO4)3,5.133398,7.18065
K6Zn4Sn5S17__LiTi2(PO4)3,8.410916,8.611173
K6Zn4Sn5S17__LiTi2(PO4)3,7.179895,8.147525
Cd(SbO3)2__Na14Cd2O9,5.8293257,7.8790183
Cd(SbO3)2__Na14Cd2O9,9.254629,8.982126
Cd(SbO3)2__Na14Cd2O9,4.4890904,6.765882
Cd(SbO3)2__Na14Cd2O9,5.46892,7.6201105
NF2__Na3AlH6,10.028357,9.911111
NF2__Na3AlH6,10.026392,9.887591
NF2__Na3AlH6,10.014189,9.867903
NF2__Na3AlH6,10.003909,9.829546
Pentacene__Ge2S3Br2,10.023912,9.976042
Pentacene__Ge2S3Br2,10.019722,9.954731
Pentacene__Ge2S3Br2,9.991283,9.974522
Pentacene__Ge2S3Br2,10.027795,9.955945
K2PbO2__K6Sn2S7,-4.504559,-4.7623343
K2PbO2__K6Sn2S7,-5.9796352,-5.688395
K2PbO2__K6Sn2S7,-2.6392043,-3.5494592
K2PbO2__K6Sn2S7,-5.996395,-5.8292475
S3(NO7)2__Na8Ga2O7,9.985192,9.982967
S3(NO7)2__Na8Ga2O7,10.000452,9.933095
S3(NO7)2__Na8Ga2O7,10.012254,10.022302
S3(NO7)2__Na8Ga2O7,10.004556,9.929466
Sb2Se3__PbSeO4,10.028679,9.969597
Sb2Se3__PbSeO4,9.976782,9.767618
Sb2Se3__PbSeO4,10.042846,9.996483
Sb2Se3__PbSeO4,10.025946,9.93092
Ca7SiN6__Ca2Al2Sn2O9,5.120293,6.064974
Ca7SiN6__Ca2Al2Sn2O9,4.9199343,5.855589
Ca7SiN6__Ca2Al2Sn2O9,8.116487,8.865633
Ca7SiN6__Ca2Al2Sn2O9,4.344044,4.616703
K4CdAs2__KSn2(PO4)3,10.028902,9.95491
K4CdAs2__KSn2(PO4)3,10.030609,9.913935
K4CdAs2__KSn2(PO4)3,9.999759,9.944562
K4CdAs2__KSn2(PO4)3,10.024721,9.939102
KSn__TeO3,10.001052,9.938215
KSn__TeO3,10.022393,9.935669
KSn__TeO3,10.000022,9.868284
KSn__TeO3,9.966381,9.815608
K4TiSn3(PO5)4__GaSeBr7,10.018289,10.238373
K4TiSn3(PO5)4__GaSeBr7,9.989571,10.163669
K4TiSn3(PO5)4__GaSeBr7,9.956425,10.147621
K4TiSn3(PO5)4__GaSeBr7,10.014955,10.242176
K2Zn3O4__NaInSe2,4.5489054,3.8155499
K2Zn3O4__NaInSe2,1.5629963,0.9504739
K2Zn3O4__NaInSe2,7.3627334,6.6653504
K2Zn3O4__NaInSe2,5.3219132,4.614577
K3Na2SnAs3__Na2LiAlP2,0.53888726,4.3923798
K3Na2SnAs3__Na2LiAlP2,2.4043503,7.032916
K3Na2SnAs3__Na2LiAlP2,2.776921,7.005823
K3Na2SnAs3__Na2LiAlP2,-0.24243334,3.5816567
K2H6PbO6__K4Ge9O20,3.5784602,5.0301604
K2H6PbO6__K4Ge9O20,4.2683945,5.2941475
K2H6PbO6__K4Ge9O20,8.333297,9.128235
K2H6PbO6__K4Ge9O20,8.673002,9.277385
In2(Se2O5)3__SnPO4F,10.014091,10.124262
In2(Se2O5)3__SnPO4F,9.993068,10.0002
In2(Se2O5)3__SnPO4F,10.020629,9.891998
In2(Se2O5)3__SnPO4F,9.960039,10.05724
KNaGeO3__Sb9S4F39,10.0182905,9.894106
KNaGeO3__Sb9S4F39,9.987195,9.927624
KNaGeO3__Sb9S4F39,9.987074,9.919289
KNaGeO3__Sb9S4F39,10.005695,9.921503
K2Ti2O5__Rubrene,10.012272,9.985224
K2Ti2O5__Rubrene,10.017436,9.927535
K2Ti2O5__Rubrene,10.003636,10.111237
K2Ti2O5__Rubrene,9.982049,10.000309
P4S7__Ge3Pb5O11,7.480117,7.6463284
P4S7__Ge3Pb5O11,8.3265,8.092945
P4S7__Ge3Pb5O11,6.958016,7.1804104
P4S7__Ge3Pb5O11,4.0795536,4.6457267
K2SnTe3__In2(SeO4)3,10.013926,10.087705
K2SnTe3__In2(SeO4)3,9.972084,10.061233
K2SnTe3__In2(SeO4)3,9.979643,9.975454
K2SnTe3__In2(SeO4)3,10.008852,10.040401
Na2In2SiS6__LiC,3.9667559,6.3941603
Na2In2SiS6__LiC,3.4068651,4.8012805
Na2In2SiS6__LiC,3.77337,5.327649
Na2In2SiS6__LiC,2.856102,4.961265
K2Sn(AsS3)2__Na2In2SiS6,4.0956297,6.0433173
K2Sn(AsS3)2__Na2In2SiS6,7.0861907,8.376159
K2Sn(AsS3)2__Na2In2SiS6,7.5405183,8.805391
K2Sn(AsS3)2__Na2In2SiS6,3.0073376,4.003583
TeI__SnPS3,9.993169,9.683548
TeI__SnPS3,9.982506,9.990519
TeI__SnPS3,10.006691,9.873608
TeI__SnPS3,10.010773,9.731433
Li7SbN4__Na2GeTeO6,-5.9675813,-4.9818954
Li7SbN4__Na2GeTeO6,-5.9774857,-5.133738
Li7SbN4__Na2GeTeO6,-5.9715853,-5.2204647
Li7SbN4__Na2GeTeO6,-1.8550098,-3.5901859
K5GaSe4__CdSnP14,9.993557,9.85267
K5GaSe4__CdSnP14,9.960822,10.058244
K5GaSe4__CdSnP14,9.953803,10.0618305
K5GaSe4__CdSnP14,10.036256,10.151491
Li10Zn4O9__SbAs2Cl13,9.951963,10.012468
Li10Zn4O9__SbAs2Cl13,9.964243,9.962939
Li10Zn4O9__SbAs2Cl13,9.990942,10.03943
Li10Zn4O9__SbAs2Cl13,10.018938,10.0032215
ZnSe__Li2ZnSn3O8,5.1543183,8.344093
ZnSe__Li2ZnSn3O8,7.162084,8.590504
ZnSe__Li2ZnSn3O8,7.191779,8.636
ZnSe__Li2ZnSn3O8,6.394785,8.910351
ZnF2__K2LiInAs2,10.016548,10.309889
ZnF2__K2LiInAs2,10.024264,10.342097
ZnF2__K2LiInAs2,9.989898,10.449053
ZnF2__K2LiInAs2,10.03035,10.415827
Sn2Sb2Pb4O13__InSb(P2O7)2,5.565693,8.711987
Sn2Sb2Pb4O13__InSb(P2O7)2,2.6484225,6.6022987
Sn2Sb2Pb4O13__InSb(P2O7)2,5.30396,8.764917
Sn2Sb2Pb4O13__InSb(P2O7)2,5.845141,8.95357
P3NCl12__AlInI4,9.97855,9.986979
P3NCl12__AlInI4,9.993423,9.946697
P3NCl12__AlInI4,10.061658,10.006812
P3NCl12__AlInI4,10.005388,9.991799
KSnAsS5__LiPH21S3N7,10.007371,10.036492
KSnAsS5__LiPH21S3N7,9.994879,10.015619
KSnAsS5__LiPH21S3N7,9.989519,9.9528
KSnAsS5__LiPH21S3N7,9.949827,9.9882145
GeClO2F5__K6Zn4Sn5S17,9.986768,9.966878
GeClO2F5__K6Zn4Sn5S17,10.012343,9.959429
GeClO2F5__K6Zn4Sn5S17,10.007168,9.962479
GeClO2F5__K6Zn4Sn5S17,9.996176,9.993443
Na3AlH6__K6Te3(H8O7)4,9.953373,9.420192
Na3AlH6__K6Te3(H8O7)4,10.028401,9.086797
Na3AlH6__K6Te3(H8O7)4,9.984783,9.003142
Na3AlH6__K6Te3(H8O7)4,10.008997,9.516745
K3AsSe4__Ca2Al2Sn2O9,9.290369,9.628138
K3AsSe4__Ca2Al2Sn2O9,9.792867,9.939617
K3AsSe4__Ca2Al2Sn2O9,4.5015426,5.3347483
K3AsSe4__Ca2Al2Sn2O9,7.6328807,8.699876
KAs2HO6__P2Pb4O9,-0.9153567,-1.3990029
KAs2HO6__P2Pb4O9,-1.1996051,-1.6262803
KAs2HO6__P2Pb4O9,-0.15673265,-0.59007394
KAs2HO6__P2Pb4O9,3.6281378,3.0796738
LiGaO2__SnPCl9,10.025411,9.868472
LiGaO2__SnPCl9,9.930831,9.919925
LiGaO2__SnPCl9,10.010726,9.903505
LiGaO2__SnPCl9,9.967102,9.9405775
P7Pb__Na2Ti2Si2O9,10.024089,9.99913
P7Pb__Na2Ti2Si2O9,9.976232,10.086072
P7Pb__Na2Ti2Si2O9,10.011279,10.001698
P7Pb__Na2Ti2Si2O9,9.997289,10.00063
Ga2O3__LiIn(IO3)4,3.2500112,4.7941084
Ga2O3__LiIn(IO3)4,1.0574435,0.41265938
Ga2O3__LiIn(IO3)4,4.229176,5.378319
Ga2O3__LiIn(IO3)4,5.796645,7.597147
Zn(InSe2)2__TiZn(SO4)3,9.978485,9.987877
Zn(InSe2)2__TiZn(SO4)3,10.020195,9.980364
Zn(InSe2)2__TiZn(SO4)3,9.987219,9.836216
Zn(InSe2)2__TiZn(SO4)3,9.992717,9.9389
TeO2__KInO2,9.984352,9.887451
TeO2__KInO2,10.046355,9.931819
TeO2__KInO2,9.995235,9.973898
TeO2__KInO2,10.009028,9.936174
NaLi2Sb__K2Ti2O5,10.011846,9.992889
NaLi2Sb__K2Ti2O5,9.94019,9.956976
NaLi2Sb__K2Ti2O5,10.01751,9.977507
NaLi2Sb__K2Ti2O5,10.021218,9.921816
Na6GaP3__AsI5F6,9.972857,10.019991
Na6GaP3__AsI5F6,10.034477,10.0012665
Na6GaP3__AsI5F6,10.011654,9.967537
Na6GaP3__AsI5F6,9.983812,9.977167
K2O__K6Pb2O5,-1.5937655,-3.5236337
K2O__K6Pb2O5,-4.446059,-5.826627
K2O__K6Pb2O5,-2.7327156,-2.9524071
K2O__K6Pb2O5,-5.98662,-5.4289503
Li2SnSe3__Na2PS3,4.6789904,6.052971
Li2SnSe3__Na2PS3,9.986791,9.769203
Li2SnSe3__Na2PS3,8.391364,9.355317
Li2SnSe3__Na2PS3,7.5548763,8.536642
In2(CN2)3__LiTi2(PO4)3,6.6450834,7.525388
In2(CN2)3__LiTi2(PO4)3,5.9558635,7.324346
In2(CN2)3__LiTi2(PO4)3,6.321719,5.7875643
In2(CN2)3__LiTi2(PO4)3,3.6393144,5.0339904
KTe__PCl5,10.038189,9.940051
KTe__PCl5,9.993801,9.880379
KTe__PCl5,10.005812,9.933383
KTe__PCl5,9.989958,9.907619
AsI5F6__Ca3In2(GeO4)3,9.999281,9.936604
AsI5F6__Ca3In2(GeO4)3,10.018623,9.946869
AsI5F6__Ca3In2(GeO4)3,10.005675,9.916277
AsI5F6__Ca3In2(GeO4)3,10.021118,9.923287
SbP2O7__KIn7S8,10.031445,9.911976
SbP2O7__KIn7S8,10.020425,9.934497
SbP2O7__KIn7S8,10.015405,9.913292
SbP2O7__KIn7S8,10.00796,10.003939
Na(GeP)3__LiInSiO4,9.332917,9.566589
Na(GeP)3__LiInSiO4,5.671392,7.5834646
Na(GeP)3__LiInSiO4,8.673338,9.3798895
Na(GeP)3__LiInSiO4,5.8344874,7.7690034
Ca2Si__CdI2,9.979738,9.98805
Ca2Si__CdI2,9.993557,9.942036
Ca2Si__CdI2,10.000904,9.989879
Ca2Si__CdI2,10.004649,9.957124
Li4PbO4__TeS7Cl2,9.96907,10.007691
Li4PbO4__TeS7Cl2,9.985063,9.966316
Li4PbO4__TeS7Cl2,9.971813,10.007883
Li4PbO4__TeS7Cl2,9.989061,9.937909
LiSbO3__Ti(NO3)4,9.977179,9.462772
LiSbO3__Ti(NO3)4,9.985336,9.848004
LiSbO3__Ti(NO3)4,10.014785,9.672482
LiSbO3__Ti(NO3)4,9.714302,8.894142
Li2Ca(SiN2)2__AlAs3S5Cl4,9.999103,9.891933
Li2Ca(SiN2)2__AlAs3S5Cl4,9.982349,9.935717
Li2Ca(SiN2)2__AlAs3S5Cl4,10.017111,9.911392
Li2Ca(SiN2)2__AlAs3S5Cl4,9.985894,9.894781
KSnAsO5__TiSnP2SO12,9.023639,7.5041666
KSnAsO5__TiSnP2SO12,8.233063,7.2520237
KSnAsO5__TiSnP2SO12,9.216537,7.7733107
KSnAsO5__TiSnP2SO12,3.32273,3.3489168
KSbS2__Al2ZnS4,1.6943213,3.6496704
KSbS2__Al2ZnS4,0.3197797,2.2280943
KSbS2__Al2ZnS4,3.4970164,5.4948535
KSbS2__Al2ZnS4,4.443544,6.146016
GePbS3__Zn3PBr3,9.989869,8.731348
GePbS3__Zn3PBr3,5.2708607,5.5372896
GePbS3__Zn3PBr3,9.974088,8.864653
GePbS3__Zn3PBr3,5.428369,5.770666
Ca11AlSb9__Sb9S4F39,9.992164,10.006695
Ca11AlSb9__Sb9S4F39,10.02571,9.929998
Ca11AlSb9__Sb9S4F39,10.016148,9.912569
Ca11AlSb9__Sb9S4F39,9.99275,9.92791
Ca(Ga3Te5)2__LiZnN,10.005746,9.784609
Ca(Ga3Te5)2__LiZnN,9.985945,9.89772
Ca(Ga3Te5)2__LiZnN,10.01368,9.851006
Ca(Ga3Te5)2__LiZnN,9.958857,9.810209
TiBr4__LiZnPS4,-3.0217545,-2.6025317
TiBr4__LiZnPS4,2.6718235,2.8307204
TiBr4__LiZnPS4,-3.912937,-3.2439313
TiBr4__LiZnPS4,-2.544665,-2.165231
Na2In2GeSe6__Li5SiN3,9.985229,9.532591
Na2In2GeSe6__Li5SiN3,9.9929905,9.807973
Na2In2GeSe6__Li5SiN3,8.339314,8.420195
Na2In2GeSe6__Li5SiN3,10.030683,9.729626
CdSe2__Sb8(PbS5)3,2.4456832,4.080096
CdSe2__Sb8(PbS5)3,-0.091843545,0.6850067
CdSe2__Sb8(PbS5)3,-0.23878571,-0.099123985
CdSe2__Sb8(PbS5)3,3.4768095,4.6797066
KTi2(PO4)3__KICl4,9.997587,8.607783
KTi2(PO4)3__KICl4,9.736874,8.354613
KTi2(PO4)3__KICl4,5.3614364,5.329531
KTi2(PO4)3__KICl4,9.976248,8.790868
TeSe2__Zn3Cd3(TeO6)2,0.81271064,0.06991285
TeSe2__Zn3Cd3(TeO6)2,1.7167876,1.0937551
TeSe2__Zn3Cd3(TeO6)2,2.3514555,1.6413872
TeSe2__Zn3Cd3(TeO6)2,-2.0273445,-1.26604
K3AlSe3__Ge19(AsBr)4,9.983676,9.948581
K3AlSe3__Ge19(AsBr)4,10.000951,10.001459
K3AlSe3__Ge19(AsBr)4,9.98381,9.933132
K3AlSe3__Ge19(AsBr)4,9.984977,9.970366
KSnS4__Na6Ge2S7,2.1410837,1.5829073
KSnS4__Na6Ge2S7,2.320068,3.8699858
KSnS4__Na6Ge2S7,3.4252703,5.019798
KSnS4__Na6Ge2S7,4.6737695,5.507427
CaGaGeH__In4GeS4,5.1048098,4.397974
CaGaGeH__In4GeS4,7.16676,6.5529346
CaGaGeH__In4GeS4,7.9078007,7.074545
CaGaGeH__In4GeS4,7.212021,6.727805
Ca3AlN3__Na3Sb3(AsO7)2,9.973638,10.022572
Ca3AlN3__Na3Sb3(AsO7)2,9.99208,10.02433
Ca3AlN3__Na3Sb3(AsO7)2,10.002015,10.046087
Ca3AlN3__Na3Sb3(AsO7)2,10.004899,10.224083
Na2PS3__ZnSiN2,9.983793,8.434425
Na2PS3__ZnSiN2,8.044518,7.4786973
Na2PS3__ZnSiN2,9.960777,8.156049
Na2PS3__ZnSiN2,10.0019245,8.439214
KAlTe2__Ca3(AlN2)2,-3.30975,-4.0421715
KAlTe2__Ca3(AlN2)2,-2.540029,-3.5141695
KAlTe2__Ca3(AlN2)2,0.6014722,-0.78909755
KAlTe2__Ca3(AlN2)2,0.30966875,-2.0809896
K4I2O9__KInAs3H7O13,7.239209,8.163174
K4I2O9__KInAs3H7O13,6.3792257,7.302142
K4I2O9__KInAs3H7O13,4.5786133,5.4868593
K4I2O9__KInAs3H7O13,8.02473,8.986503
KSeO2F__K2SbH5O6,8.654807,8.282568
KSeO2F__K2SbH5O6,7.417037,7.6507397
KSeO2F__K2SbH5O6,2.5987382,2.195752
KSeO2F__K2SbH5O6,5.276353,6.0399537
Na5Ti2Si2PO13__KSnPO5,-5.9939027,-6.078644
Na5Ti2Si2PO13__KSnPO5,-2.5934086,-3.9038904
Na5Ti2Si2PO13__KSnPO5,-1.9165066,-2.5935378
Na5Ti2Si2PO13__KSnPO5,-2.2298453,-2.6223967
