candidate_id,target,y_true,q10,q50,q90,within_interval
Ca3(GaN2)2__NaLiTe,hysteresis_window_V,0.318985158918243,0.2775708,0.46965963,0.63170344,True
Ca3(GaN2)2__NaLiTe,hysteresis_window_V,0.423605121736225,0.30888516,0.74510723,1.0252337,True
Ca3(GaN2)2__NaLiTe,hysteresis_window_V,0.5006011755816974,0.3743006,0.77371466,1.0615776,True
Ca3(GaN2)2__NaLiTe,hysteresis_window_V,0.5274260703685524,0.54317385,0.8195181,1.0678546,False
K5Na(Ti2Se9)3__SbF4,hysteresis_window_V,0.4420833297913474,0.4339709,0.5613688,0.5895884,True
K5Na(Ti2Se9)3__SbF4,hysteresis_window_V,0.5380718022765488,0.4167585,0.5303768,0.65536356,True
K5Na(Ti2Se9)3__SbF4,hysteresis_window_V,0.4432434609260633,0.3223288,0.43689764,0.59021676,True
K5Na(Ti2Se9)3__SbF4,hysteresis_window_V,0.9921886421978006,0.5844114,0.8128791,1.0117929,True
KTiPSe5__ZnCN2,hysteresis_window_V,0.1628219304873695,0.14730674,0.21889877,0.2790254,True
KTiPSe5__ZnCN2,hysteresis_window_V,1.6651339741857027,1.0434612,1.5728327,1.7592554,True
KTiPSe5__ZnCN2,hysteresis_window_V,0.623405051415754,0.45652285,0.60167724,0.7061835,True
KTiPSe5__ZnCN2,hysteresis_window_V,0.3234217821613589,0.28290534,0.34791946,0.45860472,True
Na6P4Pb3S16__NaH2N,hysteresis_window_V,0.7511572729111201,0.6109273,0.86433804,0.9295226,True
Na6P4Pb3S16__NaH2N,hysteresis_window_V,0.539186154638138,0.4254402,0.5631364,0.70530313,True
Na6P4Pb3S16__NaH2N,hysteresis_window_V,0.5415395641505593,0.42205527,0.5499121,0.63613427,True
Na6P4Pb3S16__NaH2N,hysteresis_window_V,0.1610299045052465,0.14937717,0.20938072,0.31248173,True
KPbO2__K2ZnS2,hysteresis_window_V,0.0814426270560043,0.08607907,0.100851715,0.21746637,False
KPbO2__K2ZnS2,hysteresis_window_V,0.4428908543268425,0.35003477,0.46489745,0.6103805,True
KPbO2__K2ZnS2,hysteresis_window_V,0.5568285323069684,0.45117345,0.5926068,0.72043073,True
KPbO2__K2ZnS2,hysteresis_window_V,0.1796730479924048,0.1940536,0.21750914,0.32830483,False
NaSb5O13__Na2PS3,hysteresis_window_V,0.7157118415515081,0.5297981,0.8160188,0.8376362,True
NaSb5O13__Na2PS3,hysteresis_window_V,0.6354683445523486,0.46806285,0.61562306,0.7163777,True
NaSb5O13__Na2PS3,hysteresis_window_V,0.4322371916824223,0.3851643,0.47648793,0.5658394,True
NaSb5O13__Na2PS3,hysteresis_window_V,0.1375743933172902,0.13751659,0.19223574,0.26817665,True
Li2Te2O5__K6Ti2O7,hysteresis_window_V,1.3474440716247869,0.7972072,0.9644821,1.248206,False
Li2Te2O5__K6Ti2O7,hysteresis_window_V,0.4021947320700527,0.31355911,0.3927402,0.52649087,True
Li2Te2O5__K6Ti2O7,hysteresis_window_V,1.2236134676851704,0.64058536,0.88405454,1.1136409,False
Li2Te2O5__K6Ti2O7,hysteresis_window_V,0.6528324772228632,0.40151468,0.5515543,0.7486473,True
Ca3(Si4P7)2__Li2ZnSnS4,hysteresis_window_V,1.4837139987075096,0.7802269,1.1076133,1.4535887,False
Ca3(Si4P7)2__Li2ZnSnS4,hysteresis_window_V,0.6831677980598968,0.42759585,0.64231616,0.7435162,True
Ca3(Si4P7)2__Li2ZnSnS4,hysteresis_window_V,1.6004168540357593,0.73810947,1.1544795,1.5742264,False
Ca3(Si4P7)2__Li2ZnSnS4,hysteresis_window_V,0.303687573782686,0.17487621,0.28747666,0.37091407,True
Cd3SiO5__NaGaGeO4,hysteresis_window_V,0.6168060088064278,0.34717885,0.5475637,0.7244159,True
Cd3SiO5__NaGaGeO4,hysteresis_window_V,0.6913368647001453,0.38730356,0.5131134,0.70298314,True
Cd3SiO5__NaGaGeO4,hysteresis_window_V,0.4976203987174756,0.29656804,0.4927612,0.68014055,True
Cd3SiO5__NaGaGeO4,hysteresis_window_V,1.2888209476204724,0.6724321,1.1305197,1.3365606,True
Na4Al3Ge3IO12__K2TeH6SO10,hysteresis_window_V,0.1016208545320644,0.09115483,0.09975534,0.22783853,True
Na4Al3Ge3IO12__K2TeH6SO10,hysteresis_window_V,0.8713606885256132,0.53130233,0.7682892,1.0433124,True
Na4Al3Ge3IO12__K2TeH6SO10,hysteresis_window_V,0.1851845339128491,0.16294982,0.16408923,0.4278852,True
Na4Al3Ge3IO12__K2TeH6SO10,hysteresis_window_V,0.4740301531395569,0.30095816,0.48286775,0.6597078,True
Ca11InSb9__Zn3PBr3,hysteresis_window_V,0.2246630639979522,0.23035228,0.2793402,0.36876827,False
Ca11InSb9__Zn3PBr3,hysteresis_window_V,0.6232171792240517,0.48090634,0.61561954,0.7671185,True
Ca11InSb9__Zn3PBr3,hysteresis_window_V,0.8200952200234347,0.6544543,0.8653917,0.9440331,True
Ca11InSb9__Zn3PBr3,hysteresis_window_V,0.632947782477636,0.5055286,0.67081445,0.7736054,True
NaGe__Ga(IO3)3,hysteresis_window_V,0.2850843869380148,0.28275385,0.31401867,0.4272387,True
NaGe__Ga(IO3)3,hysteresis_window_V,0.4848617870513875,0.429577,0.49104497,0.59661734,True
NaGe__Ga(IO3)3,hysteresis_window_V,0.5686208951310351,0.5107402,0.6516736,0.75834745,True
NaGe__Ga(IO3)3,hysteresis_window_V,0.1484108691893884,0.17026411,0.19838059,0.35869774,False
KPS3__AsClF8,hysteresis_window_V,1.5351423017742447,0.9420089,1.3612696,1.5633949,True
KPS3__AsClF8,hysteresis_window_V,0.661087984167701,0.54105806,0.6767195,0.800242,True
KPS3__AsClF8,hysteresis_window_V,0.3964645274929127,0.28929254,0.40766123,0.54148966,True
KPS3__AsClF8,hysteresis_window_V,0.2196262436722608,0.20242244,0.2396412,0.34554482,True
Li2TeS3__Cd(NO3)2,hysteresis_window_V,1.0407642265676451,0.5380086,0.74384576,0.94345176,False
Li2TeS3__Cd(NO3)2,hysteresis_window_V,1.88598934863514,0.9573609,1.2983003,1.5233873,False
Li2TeS3__Cd(NO3)2,hysteresis_window_V,0.2257913812461406,0.19225596,0.20769265,0.46717992,True
Li2TeS3__Cd(NO3)2,hysteresis_window_V,0.6110787608141526,0.4073929,0.5117879,0.6453592,True
Na8TiAs4__Na3Ga3(TeO6)2,hysteresis_window_V,0.7514519916180575,0.43111345,0.74426794,0.8644036,True
Na8TiAs4__Na3Ga3(TeO6)2,hysteresis_window_V,1.5748676081615636,0.6561616,1.1039736,1.3725804,False
Na8TiAs4__Na3Ga3(TeO6)2,hysteresis_window_V,0.5024656437644445,0.29988185,0.47666216,0.6479321,True
Na8TiAs4__Na3Ga3(TeO6)2,hysteresis_window_V,0.4564573012776652,0.2717634,0.42372307,0.62898874,True
TePb__NaAlAsO4F,hysteresis_window_V,0.8051706070032351,0.50552183,0.7663248,0.9120909,True
TePb__NaAlAsO4F,hysteresis_window_V,0.1045544473416132,0.11101795,0.13012874,0.22780757,False
TePb__NaAlAsO4F,hysteresis_window_V,0.2530097599658317,0.22191864,0.30204368,0.3771889,True
TePb__NaAlAsO4F,hysteresis_window_V,1.2161674041786907,0.7805382,1.164598,1.2515583,True
K2Zn3O4__Zn2Te3O8,hysteresis_window_V,0.8768659542011842,0.5692591,0.75364554,0.9904077,True
K2Zn3O4__Zn2Te3O8,hysteresis_window_V,0.343691788633557,0.2768833,0.3148716,0.4436128,True
K2Zn3O4__Zn2Te3O8,hysteresis_window_V,0.1938682631753396,0.16275327,0.21375623,0.35115746,True
K2Zn3O4__Zn2Te3O8,hysteresis_window_V,0.4207722450678102,0.26531878,0.37394044,0.5793334,True
Ca2Ge__KH3(SeO4)2,hysteresis_window_V,0.8468400589998464,0.615657,0.79532117,0.9238786,True
Ca2Ge__KH3(SeO4)2,hysteresis_window_V,0.6190249530919854,0.46510884,0.6346217,0.7270633,True
Ca2Ge__KH3(SeO4)2,hysteresis_window_V,1.195063656001744,0.6756607,0.97249275,1.142405,False
Ca2Ge__KH3(SeO4)2,hysteresis_window_V,0.4400264822170819,0.33447322,0.4387328,0.52165073,True
Na3In2(AsO4)3__KInAs3H7O13,hysteresis_window_V,0.5389097126836911,0.2736632,0.47766918,0.581904,True
Na3In2(AsO4)3__KInAs3H7O13,hysteresis_window_V,0.9580206713324964,0.57116455,0.75184053,1.0629689,True
Na3In2(AsO4)3__KInAs3H7O13,hysteresis_window_V,1.943522189314196,0.9871936,1.522161,1.9454618,True
Na3In2(AsO4)3__KInAs3H7O13,hysteresis_window_V,0.6484925692500385,0.3529099,0.61222917,0.7977804,True
K2PbO2__GeAsSe,hysteresis_window_V,1.1576547466349418,0.7221617,1.1588018,1.3195597,True
K2PbO2__GeAsSe,hysteresis_window_V,1.2721747106063512,0.7927844,1.176301,1.4009771,True
K2PbO2__GeAsSe,hysteresis_window_V,0.5971152733098468,0.3875914,0.56426144,0.7256967,True
K2PbO2__GeAsSe,hysteresis_window_V,1.139150445219565,0.692813,1.105082,1.2724326,True
Cd2SnO4__S3(NO7)2,hysteresis_window_V,0.4398579594038372,0.29197708,0.5001585,0.5909251,True
Cd2SnO4__S3(NO7)2,hysteresis_window_V,1.6721852286480785,0.9441905,1.6665297,1.8156071,True
Cd2SnO4__S3(NO7)2,hysteresis_window_V,0.1573146124307723,0.09889204,0.1622122,0.38483068,True
Cd2SnO4__S3(NO7)2,hysteresis_window_V,1.1959742632967063,0.6949886,1.110638,1.2933639,True
SnF2__K11Cd2Sb5,hysteresis_window_V,0.7882870687288329,0.5865357,0.7756066,0.8565413,True
SnF2__K11Cd2Sb5,hysteresis_window_V,1.1656280341036742,0.79775363,1.1703308,1.2867279,True
SnF2__K11Cd2Sb5,hysteresis_window_V,0.2970509145778219,0.26115197,0.31216928,0.44731027,True
SnF2__K11Cd2Sb5,hysteresis_window_V,0.2332947658031841,0.17797089,0.25435737,0.34592652,True
HI3__Na3CdPCO7,hysteresis_window_V,0.2590901973711864,0.1910177,0.24828923,0.44392708,True
HI3__Na3CdPCO7,hysteresis_window_V,0.2079516388584968,0.13487479,0.18307047,0.3577264,True
HI3__Na3CdPCO7,hysteresis_window_V,1.1310809669982795,0.6487942,0.9101175,1.2298485,True
HI3__Na3CdPCO7,hysteresis_window_V,0.6045326411443195,0.37742388,0.5374676,0.6916698,True
NaS2__Na2TiZn2GeO7,hysteresis_window_V,0.2684890848249102,0.23537177,0.28908995,0.46394408,True
NaS2__Na2TiZn2GeO7,hysteresis_window_V,0.9370565285029248,0.48225328,0.8186275,1.0958157,True
NaS2__Na2TiZn2GeO7,hysteresis_window_V,0.4785577215155013,0.326671,0.44856855,0.66470546,True
NaS2__Na2TiZn2GeO7,hysteresis_window_V,0.1357334128988407,0.14608228,0.15925819,0.39239985,False
Na2Te__KHS,hysteresis_window_V,0.5304358668982121,0.36411238,0.5625963,0.645028,True
Na2Te__KHS,hysteresis_window_V,0.941265964449142,0.488229,0.7748331,0.98724616,True
Na2Te__KHS,hysteresis_window_V,0.1623232251075577,0.14357388,0.1890773,0.3087415,True
Na2Te__KHS,hysteresis_window_V,0.9764099453416016,0.51163846,0.83321315,1.0046029,True
SbBrF8__Li3SbS4,hysteresis_window_V,0.2463694731608878,0.17921714,0.25447103,0.33257753,True
SbBrF8__Li3SbS4,hysteresis_window_V,1.858928791709156,1.0462915,1.564911,1.7697189,False
SbBrF8__Li3SbS4,hysteresis_window_V,0.1547042131551724,0.116029836,0.17276208,0.2721443,True
SbBrF8__Li3SbS4,hysteresis_window_V,0.879581260939187,0.52330613,0.7724823,0.95860356,True
Ca2PI__NaIn(GeO3)2,hysteresis_window_V,1.056139879567365,0.7222093,1.0519462,1.3132833,True
Ca2PI__NaIn(GeO3)2,hysteresis_window_V,1.147263509783299,0.85375357,1.2178223,1.4043258,True
Ca2PI__NaIn(GeO3)2,hysteresis_window_V,0.1453453647259544,0.14388911,0.17529571,0.30538327,True
Ca2PI__NaIn(GeO3)2,hysteresis_window_V,0.3388799195674417,0.239592,0.36737135,0.5742681,True
NaZnAs__K2Ge2PbS6,hysteresis_window_V,1.0001655973619836,0.68056905,1.0028338,1.0923889,True
NaZnAs__K2Ge2PbS6,hysteresis_window_V,0.0646782111508113,0.05276597,0.06031235,0.20229506,True
NaZnAs__K2Ge2PbS6,hysteresis_window_V,1.5814112726226823,0.9420854,1.4203464,1.5310277,False
NaZnAs__K2Ge2PbS6,hysteresis_window_V,0.5346383556926515,0.41360843,0.56085163,0.6712932,True
TPD__SbBr3,hysteresis_window_V,1.3945367960506772,0.8525745,1.241023,1.4211818,True
TPD__SbBr3,hysteresis_window_V,0.1920842489483452,0.1373576,0.17704812,0.33148807,True
TPD__SbBr3,hysteresis_window_V,0.2015677879730044,0.14836557,0.2062305,0.30989367,True
TPD__SbBr3,hysteresis_window_V,0.4175210811108367,0.24864785,0.4076274,0.5776756,True
Pb3SeO5__Ca(AlSe2)2,hysteresis_window_V,0.0666610075920055,0.06664423,0.06673417,0.19228801,True
Pb3SeO5__Ca(AlSe2)2,hysteresis_window_V,1.1495162910494088,0.7672077,1.0681819,1.1975975,True
Pb3SeO5__Ca(AlSe2)2,hysteresis_window_V,0.6085330695111469,0.50035137,0.6569153,0.74897933,True
Pb3SeO5__Ca(AlSe2)2,hysteresis_window_V,0.3952349211303667,0.29154074,0.44930896,0.5976578,True
K5Zn4Sn5H4S17N__Na2Ti6O13,hysteresis_window_V,0.0729233125271938,0.15801275,0.19773427,0.3169013,False
K5Zn4Sn5H4S17N__Na2Ti6O13,hysteresis_window_V,0.7224438181887545,0.8031357,1.4505427,1.6686914,False
K5Zn4Sn5H4S17N__Na2Ti6O13,hysteresis_window_V,0.460932752136236,0.46952948,0.8122358,1.0163033,False
K5Zn4Sn5H4S17N__Na2Ti6O13,hysteresis_window_V,0.3076559183256316,0.3946887,0.65988356,0.80225646,False
K2NaAlP2__Cd4As2Cl3,hysteresis_window_V,1.2103899599787875,0.73461056,1.161669,1.281451,True
K2NaAlP2__Cd4As2Cl3,hysteresis_window_V,0.3342575298756453,0.28482413,0.35087085,0.45732373,True
K2NaAlP2__Cd4As2Cl3,hysteresis_window_V,0.2345881392260331,0.16685924,0.24128748,0.32949212,True
K2NaAlP2__Cd4As2Cl3,hysteresis_window_V,0.926185456875669,0.52754563,0.9245371,1.0394486,True
K2SbCl5__AlInS3,hysteresis_window_V,0.6314167582075252,0.4587112,0.58484524,0.74729174,True
K2SbCl5__AlInS3,hysteresis_window_V,0.4177968992202498,0.31843323,0.4003606,0.53243685,True
K2SbCl5__AlInS3,hysteresis_window_V,0.7890383615645351,0.50706565,0.7607907,0.933268,True
K2SbCl5__AlInS3,hysteresis_window_V,0.0506952653739385,0.04455563,0.05541592,0.16025956,True
NaLi2Sb__Na5AlO4,hysteresis_window_V,1.1789046564181342,0.6513366,1.0120813,1.2029529,True
NaLi2Sb__Na5AlO4,hysteresis_window_V,0.1650296182343111,0.18391524,0.18444043,0.48635924,False
NaLi2Sb__Na5AlO4,hysteresis_window_V,0.5060681822514653,0.37821022,0.5736712,0.6941804,True
NaLi2Sb__Na5AlO4,hysteresis_window_V,0.4078385866395876,0.338283,0.41711792,0.54160106,True
KP__K6ZnSe4,hysteresis_window_V,0.218163452671051,0.14548261,0.21530712,0.4058123,True
KP__K6ZnSe4,hysteresis_window_V,0.1135887193051216,0.10085282,0.10206607,0.3676777,True
KP__K6ZnSe4,hysteresis_window_V,0.4484566136897959,0.23748693,0.44284263,0.6082272,True
KP__K6ZnSe4,hysteresis_window_V,0.919723851025136,0.3898828,0.8642737,1.0759417,True
Zn(InSe2)2__Ca3(AlAs2)2,hysteresis_window_V,0.4545418394970946,0.4322795,0.59778553,0.77755594,True
Zn(InSe2)2__Ca3(AlAs2)2,hysteresis_window_V,0.1936918935246004,0.2352419,0.255771,0.47051886,False
Zn(InSe2)2__Ca3(AlAs2)2,hysteresis_window_V,0.3652281275670188,0.41889262,0.532025,0.6664894,False
Zn(InSe2)2__Ca3(AlAs2)2,hysteresis_window_V,0.2605697867803566,0.32366672,0.398262,0.5487507,False
K2Sn2O3__Ca5P8,hysteresis_window_V,0.4224233426444234,0.3764097,0.5222514,0.5913881,True
K2Sn2O3__Ca5P8,hysteresis_window_V,0.4010139813449418,0.39762783,0.4992351,0.5845493,True
K2Sn2O3__Ca5P8,hysteresis_window_V,0.6903211245413835,0.6133275,0.7865479,0.98446625,True
K2Sn2O3__Ca5P8,hysteresis_window_V,0.4103039332285159,0.4063836,0.5176282,0.58704835,True
KCdGeAs2__InCl,hysteresis_window_V,1.2457671224912314,0.6329733,1.0463319,1.213879,False
KCdGeAs2__InCl,hysteresis_window_V,0.1793399256166754,0.15836214,0.21598208,0.38030624,True
KCdGeAs2__InCl,hysteresis_window_V,0.126925146972284,0.122407824,0.15690964,0.25408977,True
KCdGeAs2__InCl,hysteresis_window_V,1.0824973501410091,0.6942141,0.97558665,1.2124544,True
InBr__NaPS3,hysteresis_window_V,1.061029474750338,0.5781275,0.9875828,1.2585846,True
InBr__NaPS3,hysteresis_window_V,1.1971249959898844,0.73546976,1.1990029,1.4665107,True
InBr__NaPS3,hysteresis_window_V,0.7904056648063462,0.42490405,0.7241533,1.0069157,True
InBr__NaPS3,hysteresis_window_V,0.6958980053950788,0.40180537,0.64229536,0.8360899,True
Na6S2O9__InOF,hysteresis_window_V,0.0754310698384237,0.040590625,0.060080655,0.18518013,True
Na6S2O9__InOF,hysteresis_window_V,0.5500872652371325,0.19485499,0.53912205,0.68891966,True
Na6S2O9__InOF,hysteresis_window_V,0.4458682259500351,0.23193334,0.38668686,0.55580425,True
Na6S2O9__InOF,hysteresis_window_V,0.2637665512462407,0.13600509,0.22044706,0.37466833,True
Li2TeS3__CdI2,hysteresis_window_V,1.1548923978174184,0.8353069,1.052584,1.3070204,True
Li2TeS3__CdI2,hysteresis_window_V,0.70309137435322,0.5157611,0.6845408,0.8501294,True
Li2TeS3__CdI2,hysteresis_window_V,0.2206987699762362,0.19009303,0.26879835,0.38923183,True
Li2TeS3__CdI2,hysteresis_window_V,0.5952713783771316,0.4179318,0.558932,0.737748,True
KGaTe2__SbCl5,hysteresis_window_V,1.444812837930772,0.7537302,1.2900918,1.4340286,False
KGaTe2__SbCl5,hysteresis_window_V,1.1815778033844857,0.7754598,1.2663467,1.3421181,True
KGaTe2__SbCl5,hysteresis_window_V,0.2761255146897187,0.24107559,0.3177339,0.4901999,True
KGaTe2__SbCl5,hysteresis_window_V,0.1974515341955895,0.18083468,0.21314816,0.3202784,True
AlGaAs2__NaGaO2,hysteresis_window_V,1.0666624098197817,0.7225874,0.9990745,1.1109935,True
AlGaAs2__NaGaO2,hysteresis_window_V,0.4171197891843571,0.31033152,0.4218967,0.48999098,True
AlGaAs2__NaGaO2,hysteresis_window_V,0.7205247418785842,0.49073517,0.6505697,0.75796425,True
AlGaAs2__NaGaO2,hysteresis_window_V,0.09339586326743,0.10810741,0.13662463,0.24185462,False
Na2TiS2O__K5LiGe2O7,hysteresis_window_V,0.7454915687059311,0.42198405,0.6499513,0.8431656,True
Na2TiS2O__K5LiGe2O7,hysteresis_window_V,0.5595461291443616,0.3733151,0.56985545,0.7244741,True
Na2TiS2O__K5LiGe2O7,hysteresis_window_V,0.6003198402900489,0.38465992,0.5355821,0.7381993,True
Na2TiS2O__K5LiGe2O7,hysteresis_window_V,0.1912169286002483,0.15221629,0.19142748,0.44287246,True
K2In(PSe4)2__Na2Cd3(P2O7)2,hysteresis_window_V,1.0705860027678922,0.49419034,0.916809,1.0447862,False
K2In(PSe4)2__Na2Cd3(P2O7)2,hysteresis_window_V,0.600229102184968,0.38160506,0.6095396,0.743241,True
K2In(PSe4)2__Na2Cd3(P2O7)2,hysteresis_window_V,1.4710983094867456,0.8501125,1.2077825,1.4414277,False
K2In(PSe4)2__Na2Cd3(P2O7)2,hysteresis_window_V,0.5083265205984218,0.28180635,0.49985203,0.6204776,True
Ca3AlAs3__Na2SeO4,hysteresis_window_V,0.6254794392112529,0.4909865,0.5970839,0.6743346,True
Ca3AlAs3__Na2SeO4,hysteresis_window_V,0.1204465571439864,0.13084714,0.16671604,0.25356558,False
Ca3AlAs3__Na2SeO4,hysteresis_window_V,0.8437892846531451,0.5726568,0.7322837,0.90483475,True
Ca3AlAs3__Na2SeO4,hysteresis_window_V,0.9339508647769872,0.6819287,0.9255898,0.9859474,True
NaTiSe4__CdCN2,hysteresis_window_V,0.0995600053156372,0.11228089,0.13102531,0.28860712,False
NaTiSe4__CdCN2,hysteresis_window_V,1.779848067026225,1.0097755,1.5991424,1.7568718,False
NaTiSe4__CdCN2,hysteresis_window_V,1.5874541188714455,1.0281917,1.5393585,1.6922531,True
NaTiSe4__CdCN2,hysteresis_window_V,0.9227999493921444,0.7147523,0.98435795,1.1236268,True
K7LiSi8__K2SnO2,hysteresis_window_V,0.8354838054374486,0.47956327,0.8195395,0.93392164,True
K7LiSi8__K2SnO2,hysteresis_window_V,0.2131537843818443,0.14958994,0.23987009,0.39699197,True
K7LiSi8__K2SnO2,hysteresis_window_V,0.4581251086013005,0.27012098,0.46141684,0.57902575,True
K7LiSi8__K2SnO2,hysteresis_window_V,0.195198234997583,0.13704766,0.22900334,0.32428437,True
LiZnAs__LiGa5O8,hysteresis_window_V,1.2893924886483066,0.9397126,1.3104863,1.4565256,True
LiZnAs__LiGa5O8,hysteresis_window_V,0.2429100980278283,0.26370934,0.3682652,0.5608334,False
LiZnAs__LiGa5O8,hysteresis_window_V,0.5178293366038794,0.48825622,0.56003606,0.6666704,True
LiZnAs__LiGa5O8,hysteresis_window_V,0.3222424435119339,0.29090768,0.42576393,0.4843214,True
K2CdGeO4__AlInS3,hysteresis_window_V,0.0689655965519954,0.08263184,0.09252715,0.2172779,False
K2CdGeO4__AlInS3,hysteresis_window_V,0.675518426225673,0.5592148,0.787058,1.0300932,True
K2CdGeO4__AlInS3,hysteresis_window_V,0.1209553797139272,0.14493002,0.14513731,0.36224383,False
K2CdGeO4__AlInS3,hysteresis_window_V,0.2636908671060021,0.27104986,0.34940043,0.5210327,False
K4PbO4__KLiS,hysteresis_window_V,0.3036623557703855,0.2359724,0.35198644,0.5333125,True
K4PbO4__KLiS,hysteresis_window_V,0.8032224312552309,0.48883078,0.68382835,0.9042504,True
K4PbO4__KLiS,hysteresis_window_V,0.684053230217981,0.4133616,0.6542011,0.8002238,True
K4PbO4__KLiS,hysteresis_window_V,0.2424575994031572,0.17908609,0.24483263,0.35452598,True
Ca(ZnP)2__Ca2Si,hysteresis_window_V,0.7548654384447795,0.5875055,0.89881307,0.93009716,True
Ca(ZnP)2__Ca2Si,hysteresis_window_V,0.2501922448490816,0.2089224,0.27676356,0.37924924,True
Ca(ZnP)2__Ca2Si,hysteresis_window_V,0.1696239426539752,0.18705252,0.20272325,0.32276788,False
Ca(ZnP)2__Ca2Si,hysteresis_window_V,1.3392015901291867,0.93602324,1.3648976,1.451385,True
InSb2S4Br__KNO3,hysteresis_window_V,2.6115678658654016,1.2570163,2.0884302,2.0926156,False
InSb2S4Br__KNO3,hysteresis_window_V,0.6158618310753677,0.5213657,0.69192576,0.9177081,True
InSb2S4Br__KNO3,hysteresis_window_V,0.2163906447128211,0.23444739,0.28301606,0.41347277,False
InSb2S4Br__KNO3,hysteresis_window_V,0.9022001006864264,0.5909484,0.91055214,0.94936347,True
Li2SnN2__KIO4,hysteresis_window_V,1.946905710713572,0.9151852,1.5493773,1.8467467,False
Li2SnN2__KIO4,hysteresis_window_V,1.5605817139692129,0.86062783,1.2578073,1.5784711,True
Li2SnN2__KIO4,hysteresis_window_V,1.5478785396709676,0.7782928,1.219514,1.3826532,False
Li2SnN2__KIO4,hysteresis_window_V,0.7323550103801815,0.44482282,0.73291796,0.8886974,True
P4S9__InCl3,hysteresis_window_V,1.1204874412884522,0.79019004,1.012484,1.1025535,False
P4S9__InCl3,hysteresis_window_V,1.1391681343784883,0.7805706,1.2923034,1.355557,True
P4S9__InCl3,hysteresis_window_V,1.549364843299724,0.83638,1.315464,1.6139768,True
P4S9__InCl3,hysteresis_window_V,0.4917341203775941,0.3762402,0.5153883,0.7120374,True
K(SiAs)3__AlICl6,hysteresis_window_V,0.3022007790676012,0.22169353,0.29767725,0.52811617,True
K(SiAs)3__AlICl6,hysteresis_window_V,0.137128576754877,0.10374716,0.14863281,0.2502837,True
K(SiAs)3__AlICl6,hysteresis_window_V,1.735158214916879,0.9895768,1.7525139,1.8284332,True
K(SiAs)3__AlICl6,hysteresis_window_V,0.0384654688823359,0.025710478,0.06848771,0.16159439,True
Li2SnO3__CaTe2O5,hysteresis_window_V,0.628184612485133,0.5497397,0.8691129,1.4188081,True
Li2SnO3__CaTe2O5,hysteresis_window_V,0.2781240040688421,0.25141212,0.4430288,0.6850169,True
Li2SnO3__CaTe2O5,hysteresis_window_V,0.1798855138683223,0.15500982,0.3335636,0.48837358,True
Li2SnO3__CaTe2O5,hysteresis_window_V,0.2446168747216048,0.22267516,0.3841965,0.5882288,True
K2LiGaAs2__Ca3Zn3(TeO6)2,hysteresis_window_V,0.4035263868196916,0.36018395,0.47292143,0.55969113,True
K2LiGaAs2__Ca3Zn3(TeO6)2,hysteresis_window_V,0.2872405537809717,0.24228781,0.30200836,0.40535912,True
K2LiGaAs2__Ca3Zn3(TeO6)2,hysteresis_window_V,1.1413689601634929,0.6717946,1.0235993,1.1724297,True
K2LiGaAs2__Ca3Zn3(TeO6)2,hysteresis_window_V,1.0763397242016437,0.6652461,1.0333164,1.3083129,True
ICl3__Na2Ti2Se9,hysteresis_window_V,0.1269334432583166,0.13942856,0.1447996,0.2584218,False
ICl3__Na2Ti2Se9,hysteresis_window_V,0.3732178809614327,0.29635525,0.40630335,0.47142422,True
ICl3__Na2Ti2Se9,hysteresis_window_V,0.6906758137417819,0.4865961,0.6590563,0.7679155,True
ICl3__Na2Ti2Se9,hysteresis_window_V,1.815799260035768,1.0351671,1.6725055,1.709848,False
Na5SnP3__Na5InS4,hysteresis_window_V,0.2994436965145362,0.23274988,0.25344414,0.44087538,True
Na5SnP3__Na5InS4,hysteresis_window_V,0.5688887438938323,0.42298377,0.5245582,0.6904643,True
Na5SnP3__Na5InS4,hysteresis_window_V,0.3718647616093864,0.32587004,0.40211773,0.5599004,True
Na5SnP3__Na5InS4,hysteresis_window_V,1.654602292124792,1.0153227,1.4904615,1.7612283,True
Li2TeS3__K2ZnSe2,hysteresis_window_V,1.003074312880222,0.706987,0.88044024,1.0409828,True
Li2TeS3__K2ZnSe2,hysteresis_window_V,0.7193321262451267,0.5033714,0.6207086,0.7635506,True
Li2TeS3__K2ZnSe2,hysteresis_window_V,0.6494398883782339,0.48275188,0.5973652,0.7144144,True
Li2TeS3__K2ZnSe2,hysteresis_window_V,0.3689569233451009,0.28173566,0.37332195,0.48148668,True
Zn2AsHO5__K2LiSn4,hysteresis_window_V,0.6095670843218465,0.47433004,0.5749974,0.70353305,True
Zn2AsHO5__K2LiSn4,hysteresis_window_V,0.7405285940704076,0.5748444,0.7188461,0.83807987,True
Zn2AsHO5__K2LiSn4,hysteresis_window_V,0.3583529535260879,0.27178282,0.36905202,0.55053335,True
Zn2AsHO5__K2LiSn4,hysteresis_window_V,1.5342147701355713,1.0389051,1.4131428,1.4843916,False
Alq3__Ti6CCl14,hysteresis_window_V,0.8759689254709502,0.5952459,0.9012604,0.98868436,True
Alq3__Ti6CCl14,hysteresis_window_V,0.1697358899044002,0.17171633,0.21915919,0.31470525,False
Alq3__Ti6CCl14,hysteresis_window_V,0.1543036730279262,0.14752688,0.17134748,0.2823637,True
Alq3__Ti6CCl14,hysteresis_window_V,0.2300138217894929,0.17174746,0.23348385,0.40975815,True
K2Ga2As3__K6CdO4,hysteresis_window_V,0.4929976132042699,0.379921,0.51476586,0.7226935,True
K2Ga2As3__K6CdO4,hysteresis_window_V,0.7101440871304188,0.6359612,0.7955605,0.93137544,True
K2Ga2As3__K6CdO4,hysteresis_window_V,0.4961263655067332,0.38041994,0.48459718,0.6308596,True
K2Ga2As3__K6CdO4,hysteresis_window_V,0.3633024272953246,0.29971415,0.4363561,0.5632034,True
Zn3Cd3(TeO6)2__TPD,hysteresis_window_V,0.4155682447869361,0.38144293,0.49551708,0.53919184,True
Zn3Cd3(TeO6)2__TPD,hysteresis_window_V,0.738492693463539,0.42570582,0.65666187,0.94059485,True
Zn3Cd3(TeO6)2__TPD,hysteresis_window_V,1.9235774940027592,0.84545016,1.3683983,1.5862638,False
Zn3Cd3(TeO6)2__TPD,hysteresis_window_V,0.7721544646670588,0.53671765,0.70614773,0.87712765,True
Ca3(GeAs2)2__NaAsO3,hysteresis_window_V,1.1202239318219802,0.6524762,0.98776084,1.2262236,True
Ca3(GeAs2)2__NaAsO3,hysteresis_window_V,0.2823802478239787,0.22601324,0.3084018,0.41249934,True
Ca3(GeAs2)2__NaAsO3,hysteresis_window_V,0.5117573078632097,0.30086297,0.48355672,0.59226847,True
Ca3(GeAs2)2__NaAsO3,hysteresis_window_V,0.8487099477434028,0.53023523,0.88668364,0.96555746,True
Sb2Se3__Sn2SI2,hysteresis_window_V,0.1556674898080453,0.088864245,0.14302963,0.2685924,True
Sb2Se3__Sn2SI2,hysteresis_window_V,1.695583648533101,0.91233486,1.4869353,1.8452481,True
Sb2Se3__Sn2SI2,hysteresis_window_V,1.4608008389784453,0.8186708,1.2904269,1.6472272,True
Sb2Se3__Sn2SI2,hysteresis_window_V,0.7491757937441779,0.38268772,0.7293291,0.8740622,True
K2SbPO6__Na2Ti6O13,hysteresis_window_V,0.0262826266157046,0.05884966,0.060341112,0.18028386,False
K2SbPO6__Na2Ti6O13,hysteresis_window_V,0.3784751136548691,0.5151033,0.83290315,0.9828244,False
K2SbPO6__Na2Ti6O13,hysteresis_window_V,0.1720580663164452,0.24931142,0.4023024,0.48946658,False
K2SbPO6__Na2Ti6O13,hysteresis_window_V,0.382375594509898,0.5201063,0.8465057,1.0258251,False
K4CdAs2__K3Al2As3,hysteresis_window_V,0.0851847914275319,0.09175782,0.094416745,0.26263085,False
K4CdAs2__K3Al2As3,hysteresis_window_V,0.050200264035148,0.014137766,0.048647095,0.16718848,True
K4CdAs2__K3Al2As3,hysteresis_window_V,0.3783230524039969,0.307357,0.46359476,0.61651635,True
K4CdAs2__K3Al2As3,hysteresis_window_V,0.9763408021448956,0.5022755,0.9505416,1.1628729,True
Sn(SO4)2__Ca3AlAs3,hysteresis_window_V,0.7293792374332854,0.64493954,0.91306967,1.1120265,True
Sn(SO4)2__Ca3AlAs3,hysteresis_window_V,0.1497368514200574,0.1595515,0.17882669,0.3842497,False
Sn(SO4)2__Ca3AlAs3,hysteresis_window_V,0.3310322851627016,0.32650536,0.4220569,0.5469506,True
Sn(SO4)2__Ca3AlAs3,hysteresis_window_V,0.3229642598002538,0.2876104,0.42968735,0.5806699,True
K3AsO4__InAs(H2O3)2,hysteresis_window_V,0.229521668288429,0.17407498,0.23465198,0.35866532,True
K3AsO4__InAs(H2O3)2,hysteresis_window_V,1.3690939746680708,0.85131687,1.0707864,1.4217066,True
K3AsO4__InAs(H2O3)2,hysteresis_window_V,0.6535659193721424,0.40734062,0.58874685,0.7744063,True
K3AsO4__InAs(H2O3)2,hysteresis_window_V,0.5382144878820068,0.35833547,0.45730427,0.65457094,True
Ca11InSb9__S(IO3)2,hysteresis_window_V,0.185039239715611,0.19607742,0.21353342,0.34417418,False
Ca11InSb9__S(IO3)2,hysteresis_window_V,0.4284407140081461,0.34648642,0.44194928,0.58105546,True
Ca11InSb9__S(IO3)2,hysteresis_window_V,0.7709945201566676,0.515648,0.724059,0.8943137,True
Ca11InSb9__S(IO3)2,hysteresis_window_V,0.7538950381688383,0.6113791,0.813381,0.98205,True
NaAs__CdP4,hysteresis_window_V,0.1638411337783425,0.21672739,0.3118673,0.5218022,False
NaAs__CdP4,hysteresis_window_V,0.1819588010604352,0.21676236,0.34488982,0.43190408,False
NaAs__CdP4,hysteresis_window_V,0.3434923720314453,0.42077133,0.59538656,0.71147263,False
NaAs__CdP4,hysteresis_window_V,0.280555189052394,0.29243478,0.44139493,0.61168987,False
Na4TiP2O9__SeO2,hysteresis_window_V,0.8636485311833215,0.5638967,0.705462,0.9115269,True
Na4TiP2O9__SeO2,hysteresis_window_V,2.300478226609149,1.0213495,1.6248556,1.9321711,False
Na4TiP2O9__SeO2,hysteresis_window_V,1.7647460161331463,0.96510917,1.4764582,1.7523373,False
Na4TiP2O9__SeO2,hysteresis_window_V,0.2105927997718809,0.15280531,0.23250413,0.4715128,True
MEH-PPV__NaP3(PbO3)4,hysteresis_window_V,0.7540951024701836,0.84789807,1.2598735,1.4658675,False
MEH-PPV__NaP3(PbO3)4,hysteresis_window_V,0.2730587032242708,0.2619082,0.4386323,0.58846366,True
MEH-PPV__NaP3(PbO3)4,hysteresis_window_V,0.7992430636060548,0.7066066,1.1636883,1.3554683,True
MEH-PPV__NaP3(PbO3)4,hysteresis_window_V,0.5045632997465599,0.4463123,0.70634484,0.925507,True
K2NaAlH6__Zn3Te2P2(PbO7)2,hysteresis_window_V,0.1545492694625126,0.1508954,0.17249024,0.3982306,True
K2NaAlH6__Zn3Te2P2(PbO7)2,hysteresis_window_V,0.3857911053630817,0.27416778,0.39171714,0.5891073,True
K2NaAlH6__Zn3Te2P2(PbO7)2,hysteresis_window_V,0.9264072788449756,0.50792575,0.82169056,0.9899956,True
K2NaAlH6__Zn3Te2P2(PbO7)2,hysteresis_window_V,0.6049745111147813,0.38768762,0.572565,0.6848446,True
K5SnAs3__CaTi4(PO4)6,hysteresis_window_V,0.5262949127474476,0.3368431,0.51637757,0.636655,True
K5SnAs3__CaTi4(PO4)6,hysteresis_window_V,0.6102334353819046,0.39880618,0.6009338,0.7723466,True
K5SnAs3__CaTi4(PO4)6,hysteresis_window_V,0.6969560280665588,0.43954548,0.7125879,0.813254,True
K5SnAs3__CaTi4(PO4)6,hysteresis_window_V,0.458297090097409,0.2961946,0.47663596,0.6324963,True
InSbS3__CaPSe3,hysteresis_window_V,1.2491213593395838,0.7513831,1.1374447,1.4334567,True
InSbS3__CaPSe3,hysteresis_window_V,0.4111704990815105,0.31555313,0.42260492,0.5456097,True
InSbS3__CaPSe3,hysteresis_window_V,1.1807647278010909,0.5995849,0.88546985,1.2273878,True
InSbS3__CaPSe3,hysteresis_window_V,0.3073371333744215,0.2260806,0.38092545,0.47604698,True
AlAs3S5Cl4__Na3As4H5O14,hysteresis_window_V,0.8389641788276574,0.47358832,0.7447646,1.0589273,True
AlAs3S5Cl4__Na3As4H5O14,hysteresis_window_V,0.3710105881793187,0.26851934,0.4192105,0.5845171,True
AlAs3S5Cl4__Na3As4H5O14,hysteresis_window_V,0.497929990466375,0.33772585,0.5967409,0.8029616,True
AlAs3S5Cl4__Na3As4H5O14,hysteresis_window_V,1.2793643144943767,0.68647635,1.1533785,1.4744302,True
TeSe2__Na3SbO3,hysteresis_window_V,1.5679515033117768,0.8614776,1.4276912,1.4403588,False
TeSe2__Na3SbO3,hysteresis_window_V,1.3246745624233498,0.7894783,1.1528411,1.2804068,False
TeSe2__Na3SbO3,hysteresis_window_V,1.3196025218054104,0.8482851,1.2544221,1.348302,True
TeSe2__Na3SbO3,hysteresis_window_V,0.3458624796566912,0.28116813,0.36064255,0.5230571,True
K4P21I__Ga2Sn2S5,hysteresis_window_V,0.4030801982515683,0.27961022,0.71413636,0.9250615,True
K4P21I__Ga2Sn2S5,hysteresis_window_V,0.4255242533879133,0.32452643,0.7653852,1.0099751,True
K4P21I__Ga2Sn2S5,hysteresis_window_V,0.2927359572748806,0.28257877,0.49780878,0.7223707,True
K4P21I__Ga2Sn2S5,hysteresis_window_V,0.2665586078458389,0.21008994,0.47924224,0.68965,True
AlPI8__Na4SnO4,hysteresis_window_V,0.5554424866862351,0.31129074,0.51335335,0.6342737,True
AlPI8__Na4SnO4,hysteresis_window_V,0.8962540398987321,0.42958406,0.71379936,0.8710827,False
AlPI8__Na4SnO4,hysteresis_window_V,1.0819296930628683,0.61426723,0.9749216,1.1222967,True
AlPI8__Na4SnO4,hysteresis_window_V,0.2461191992168607,0.18028384,0.23515923,0.47216037,True
Ca2Sb2O7__K3P11,hysteresis_window_V,0.1355782343966158,0.117919154,0.14939462,0.35225353,True
Ca2Sb2O7__K3P11,hysteresis_window_V,0.1755724690237576,0.14888072,0.20329463,0.3254645,True
Ca2Sb2O7__K3P11,hysteresis_window_V,0.5833481481278738,0.4400377,0.5938317,0.7675036,True
Ca2Sb2O7__K3P11,hysteresis_window_V,0.3477931576388942,0.25000685,0.38349503,0.5136477,True
Zn3TeO6__K2GaSb2,hysteresis_window_V,0.7355776647893467,0.50909173,0.7790879,0.87741864,True
Zn3TeO6__K2GaSb2,hysteresis_window_V,0.1660864777697052,0.14949751,0.19982754,0.28539145,True
Zn3TeO6__K2GaSb2,hysteresis_window_V,0.1165109780705531,0.10515649,0.15581271,0.25595838,True
Zn3TeO6__K2GaSb2,hysteresis_window_V,0.4198501083859183,0.3628071,0.44973937,0.5600055,True
Zn(InTe2)2__TePbO3,hysteresis_window_V,0.8096550743953869,0.48556077,0.724509,0.84884876,True
Zn(InTe2)2__TePbO3,hysteresis_window_V,0.9093441245463488,0.53596026,0.7795579,0.9677326,True
Zn(InTe2)2__TePbO3,hysteresis_window_V,0.7722197751895286,0.40067413,0.7217688,0.79591966,True
Zn(InTe2)2__TePbO3,hysteresis_window_V,0.5243636569529468,0.36079705,0.49849862,0.65388197,True
LiH__Li3AlN2,hysteresis_window_V,0.1393501341978415,0.15611875,0.20213911,0.2927259,False
LiH__Li3AlN2,hysteresis_window_V,0.186785771202719,0.21161377,0.26671916,0.35823408,False
LiH__Li3AlN2,hysteresis_window_V,0.0646011692036081,0.085420236,0.08860241,0.24870825,False
LiH__Li3AlN2,hysteresis_window_V,0.5950443933015208,0.5230707,0.6293311,0.84276223,True
Na5GaO4__CaTe2O5,hysteresis_window_V,0.8150396332540384,0.4863699,0.6287623,0.85688764,True
Na5GaO4__CaTe2O5,hysteresis_window_V,1.299084380783037,0.7953973,1.0112188,1.3228484,True
Na5GaO4__CaTe2O5,hysteresis_window_V,1.50358283372506,0.7405103,0.9247802,1.3005898,False
Na5GaO4__CaTe2O5,hysteresis_window_V,0.7077124630056502,0.41871363,0.6243256,0.8290918,True
NaAsS2__K4Sb2O5,hysteresis_window_V,0.2180086853411308,0.18401745,0.25138295,0.36656815,True
NaAsS2__K4Sb2O5,hysteresis_window_V,0.9365142591348478,0.551071,0.84615713,1.1040591,True
NaAsS2__K4Sb2O5,hysteresis_window_V,0.6314118171248867,0.42022154,0.6276862,0.82081926,True
NaAsS2__K4Sb2O5,hysteresis_window_V,0.2890429417225797,0.21654145,0.33015355,0.4123932,True
CdS__Ti2PCl13,hysteresis_window_V,1.0654333202624668,0.5056874,0.8581113,0.9830367,False
CdS__Ti2PCl13,hysteresis_window_V,0.2377590283012603,0.19969785,0.23814736,0.49461153,True
CdS__Ti2PCl13,hysteresis_window_V,1.1318233358573528,0.71116245,0.97050107,1.2267697,True
CdS__Ti2PCl13,hysteresis_window_V,0.0538142445412893,0.044475354,0.05943955,0.16256991,True
Na6ZnO4__P3BrCl14,hysteresis_window_V,0.4721970943477848,0.37583372,0.5069036,0.607526,True
Na6ZnO4__P3BrCl14,hysteresis_window_V,0.3102246934786034,0.24920602,0.36732718,0.50728774,True
Na6ZnO4__P3BrCl14,hysteresis_window_V,0.1333490995911608,0.13570052,0.17485315,0.24979338,False
Na6ZnO4__P3BrCl14,hysteresis_window_V,0.7317490988417401,0.47506586,0.6850414,0.8738725,True
K5LiGe2O7__KH,hysteresis_window_V,0.2066681182275551,0.18850194,0.28595725,0.42458084,True
K5LiGe2O7__KH,hysteresis_window_V,0.5566082338331704,0.35128546,0.66323256,0.9241518,True
K5LiGe2O7__KH,hysteresis_window_V,0.9576805030933948,0.60668653,0.95453554,1.3734772,True
K5LiGe2O7__KH,hysteresis_window_V,0.7408558976608485,0.4013937,0.93959993,1.1247374,True
Na2TiSiO5__Ca4Al6TeO12,hysteresis_window_V,0.4155849794719721,0.3541813,0.60575163,0.8025881,True
Na2TiSiO5__Ca4Al6TeO12,hysteresis_window_V,0.4396961789211525,0.37177277,0.60392404,0.8672427,True
Na2TiSiO5__Ca4Al6TeO12,hysteresis_window_V,0.6017182783196203,0.52213526,0.8865527,1.1226513,True
Na2TiSiO5__Ca4Al6TeO12,hysteresis_window_V,1.099554242544733,0.82357764,1.4231383,1.7922559,True
In2(SeO4)3__NaZnSiHO4,hysteresis_window_V,0.0859040069095235,0.1219803,0.18677548,0.4144906,False
In2(SeO4)3__NaZnSiHO4,hysteresis_window_V,0.2346514294905254,0.29383484,0.5474847,0.7298482,False
In2(SeO4)3__NaZnSiHO4,hysteresis_window_V,0.0561604934502202,0.09209708,0.10887894,0.27097273,False
In2(SeO4)3__NaZnSiHO4,hysteresis_window_V,0.1224875793750647,0.17995118,0.26347315,0.3858814,False
KGaSb2__GePbS3,hysteresis_window_V,1.2585008671409206,0.9420515,1.3816608,1.5197383,True
KGaSb2__GePbS3,hysteresis_window_V,0.3205642260565876,0.27784505,0.44417313,0.49808612,True
KGaSb2__GePbS3,hysteresis_window_V,0.6594941368930517,0.5609164,0.7337041,0.92215836,True
KGaSb2__GePbS3,hysteresis_window_V,0.3392900807525386,0.36481723,0.4359798,0.546893,False
Ti2Sb2Pb4O13__SbSCl9,hysteresis_window_V,0.2492289391660334,0.16616021,0.2896735,0.4103061,True
Ti2Sb2Pb4O13__SbSCl9,hysteresis_window_V,0.1454141935934964,0.10633984,0.15964283,0.33553514,True
Ti2Sb2Pb4O13__SbSCl9,hysteresis_window_V,1.447871478431615,0.8189416,1.3876741,1.5355134,True
Ti2Sb2Pb4O13__SbSCl9,hysteresis_window_V,0.1538116102031702,0.10937604,0.14456557,0.278586,True
NaCdPO4__LiInSiO4,hysteresis_window_V,1.1945927231731888,0.89271843,1.2036196,1.4166291,True
NaCdPO4__LiInSiO4,hysteresis_window_V,0.1280944593462825,0.1319964,0.1547204,0.2705271,False
NaCdPO4__LiInSiO4,hysteresis_window_V,0.6650588670006669,0.5145662,0.6753671,0.8502616,True
NaCdPO4__LiInSiO4,hysteresis_window_V,1.1400873226903394,0.9263744,1.3549094,1.4862236,True
Li10Si(PSe6)2__In2(CN2)3,hysteresis_window_V,1.1693428064214133,0.69371617,0.9858128,1.2430016,True
Li10Si(PSe6)2__In2(CN2)3,hysteresis_window_V,0.3984008033893623,0.29508168,0.42745745,0.5372235,True
Li10Si(PSe6)2__In2(CN2)3,hysteresis_window_V,0.3197588635555879,0.19835925,0.30321598,0.39655522,True
Li10Si(PSe6)2__In2(CN2)3,hysteresis_window_V,0.8149568619265053,0.4060984,0.6931927,0.85976285,True
PCBM__NaAlSe2,hysteresis_window_V,2.056718608803469,1.0322158,1.7722208,1.919934,False
PCBM__NaAlSe2,hysteresis_window_V,1.805668547333913,0.98842514,1.6760132,1.7375178,False
PCBM__NaAlSe2,hysteresis_window_V,0.9862769572798464,0.46979582,0.905001,1.068148,True
PCBM__NaAlSe2,hysteresis_window_V,0.3946981259224782,0.2815325,0.42499608,0.5918393,True
KInAs3H7O13__LiGaS2,hysteresis_window_V,1.2624499400847422,0.81540745,1.1385576,1.2327602,False
KInAs3H7O13__LiGaS2,hysteresis_window_V,0.0649554900728763,0.075817734,0.07856908,0.17298423,False
KInAs3H7O13__LiGaS2,hysteresis_window_V,0.2853851445078054,0.23437993,0.30405352,0.50102055,True
KInAs3H7O13__LiGaS2,hysteresis_window_V,0.1758918043924038,0.1497314,0.19045252,0.29004276,True
K2TeSe3__CaTiO3,hysteresis_window_V,0.5919807255500837,0.35665345,0.5691715,0.8043127,True
K2TeSe3__CaTiO3,hysteresis_window_V,0.176127658613368,0.15804516,0.16330886,0.34260097,True
K2TeSe3__CaTiO3,hysteresis_window_V,0.6489541673541208,0.31529996,0.5602649,0.81505877,True
K2TeSe3__CaTiO3,hysteresis_window_V,0.6767172650953728,0.368607,0.62054676,0.814201,True
Te3(PbO4)2__TeO2,hysteresis_window_V,0.3387990855354822,0.3446317,0.4290831,0.49808052,False
Te3(PbO4)2__TeO2,hysteresis_window_V,0.7155324572679872,0.5307683,0.8261113,0.9067945,True
Te3(PbO4)2__TeO2,hysteresis_window_V,0.771570914210438,0.6849331,0.8739737,1.060844,True
Te3(PbO4)2__TeO2,hysteresis_window_V,0.376161465720303,0.3407921,0.43765777,0.5295597,True
KCa(H2N)3__Ca5(IO6)2,hysteresis_window_V,0.4820602957926902,0.31088743,0.46918732,0.6466176,True
KCa(H2N)3__Ca5(IO6)2,hysteresis_window_V,0.3417957334319866,0.25286222,0.3475411,0.54146403,True
KCa(H2N)3__Ca5(IO6)2,hysteresis_window_V,1.060412217539655,0.6925292,0.89187443,1.1381927,True
KCa(H2N)3__Ca5(IO6)2,hysteresis_window_V,0.78901461028259,0.4892446,0.71883893,0.87758905,True
Na4GeSe4__BrNO3,hysteresis_window_V,0.3860695824982316,0.54373014,0.73701954,0.8747582,False
Na4GeSe4__BrNO3,hysteresis_window_V,0.3009548449199986,0.43758366,0.6065442,0.72487175,False
Na4GeSe4__BrNO3,hysteresis_window_V,0.4436506648132999,0.60191566,0.7185037,0.978923,False
Na4GeSe4__BrNO3,hysteresis_window_V,0.1219693284195932,0.19350022,0.27246827,0.43298453,False
Ga10GePb3O20__CdH2SeO5,hysteresis_window_V,0.4840782096827949,0.2627109,0.4557386,0.603018,True
Ga10GePb3O20__CdH2SeO5,hysteresis_window_V,0.2882313116238468,0.16211349,0.33644593,0.41728467,True
Ga10GePb3O20__CdH2SeO5,hysteresis_window_V,0.9454939507983406,0.5072495,0.8559924,0.98283374,True
Ga10GePb3O20__CdH2SeO5,hysteresis_window_V,0.4655832154348299,0.26891327,0.44707915,0.6115697,True
S(IO3)2__BrCl,hysteresis_window_V,0.226885608751844,0.15369266,0.25667265,0.35762542,True
S(IO3)2__BrCl,hysteresis_window_V,0.3373741284495804,0.2977692,0.3343409,0.51514083,True
S(IO3)2__BrCl,hysteresis_window_V,0.8316578938394247,0.47045305,0.76923525,0.9073443,True
S(IO3)2__BrCl,hysteresis_window_V,0.1142365243120765,0.10460086,0.15750723,0.26203802,True
P2S5__K3LiGe4,hysteresis_window_V,1.4729175725660792,0.9287017,1.470059,1.4842116,True
P2S5__K3LiGe4,hysteresis_window_V,1.273294288633979,0.76323444,1.2220713,1.3323839,True
P2S5__K3LiGe4,hysteresis_window_V,0.2723910391114235,0.19607915,0.2953296,0.38800135,True
P2S5__K3LiGe4,hysteresis_window_V,1.135121361423929,0.589255,1.0145658,1.1466018,True
ZnSe__KSb2PO8,hysteresis_window_V,0.305997939148827,0.20597358,0.25891572,0.52039903,True
ZnSe__KSb2PO8,hysteresis_window_V,0.1510521536823765,0.0926388,0.1371514,0.28418535,True
ZnSe__KSb2PO8,hysteresis_window_V,1.4255270854920967,0.748112,1.1718229,1.4899714,True
ZnSe__KSb2PO8,hysteresis_window_V,0.9795532902488502,0.4479988,0.84650826,1.054404,True
Li2GePbS4__AsClF8,hysteresis_window_V,1.5883299666992674,0.9208695,1.3929933,1.669539,True
Li2GePbS4__AsClF8,hysteresis_window_V,0.5052135073421691,0.43307948,0.6122476,0.64316976,True
Li2GePbS4__AsClF8,hysteresis_window_V,0.3611621436987701,0.27010196,0.42262238,0.51783264,True
Li2GePbS4__AsClF8,hysteresis_window_V,1.958815589977164,1.0695589,1.6559777,1.9501929,False
KNaS__CdS,hysteresis_window_V,0.0880215947041811,0.08694891,0.10905141,0.21099682,True
KNaS__CdS,hysteresis_window_V,0.8782280643056506,0.6270913,0.99495006,1.0513397,True
KNaS__CdS,hysteresis_window_V,0.6359910502772124,0.50522137,0.6939052,0.7710204,True
KNaS__CdS,hysteresis_window_V,0.8174010954263571,0.5890024,0.8959346,0.9664236,True
Sn2OF2__H3C3N5,hysteresis_window_V,1.3695815308175987,0.7334135,1.0737141,1.4408277,True
Sn2OF2__H3C3N5,hysteresis_window_V,0.3604429325242133,0.25889903,0.3519586,0.52668434,True
Sn2OF2__H3C3N5,hysteresis_window_V,0.1772545001327454,0.13130186,0.15556896,0.39881533,True
Sn2OF2__H3C3N5,hysteresis_window_V,1.0904316188156291,0.68976665,0.91345876,1.2156606,True
GeBr4__In2(Se2O5)3,hysteresis_window_V,0.408318352365889,0.2450814,0.38743237,0.5102738,True
GeBr4__In2(Se2O5)3,hysteresis_window_V,0.8562175538458837,0.4722411,0.5776347,0.8154335,False
GeBr4__In2(Se2O5)3,hysteresis_window_V,0.0882649363372142,0.059370525,0.06741086,0.17872854,True
GeBr4__In2(Se2O5)3,hysteresis_window_V,0.5910985786587201,0.33435193,0.4484772,0.5784028,False
Na2O__Li5SbS3I2,hysteresis_window_V,0.1673346426851723,0.16860439,0.24634339,0.5137522,False
Na2O__Li5SbS3I2,hysteresis_window_V,0.6949589580146696,0.43031177,0.59235656,0.84534496,True
Na2O__Li5SbS3I2,hysteresis_window_V,0.3709151151305146,0.24537557,0.37504765,0.5042155,True
Na2O__Li5SbS3I2,hysteresis_window_V,0.2347967970412932,0.16232212,0.2584123,0.36574787,True
TeS7Cl2__KTi2(PO4)3,hysteresis_window_V,0.0971212824942305,0.08253441,0.12415552,0.22268319,True
TeS7Cl2__KTi2(PO4)3,hysteresis_window_V,0.7416666905103494,0.45763788,0.66298294,0.84814095,True
TeS7Cl2__KTi2(PO4)3,hysteresis_window_V,0.2230803259668953,0.19835895,0.27285045,0.4246671,True
TeS7Cl2__KTi2(PO4)3,hysteresis_window_V,0.5119326395507097,0.38295183,0.5354088,0.6622157,True
Ca3(SiP2)2__S5(IO9)2,hysteresis_window_V,1.5132787295638566,0.8101302,1.3128713,1.3833791,False
Ca3(SiP2)2__S5(IO9)2,hysteresis_window_V,1.1307183069708768,0.6894851,0.99217993,1.1872451,True
Ca3(SiP2)2__S5(IO9)2,hysteresis_window_V,1.4089258019398134,0.82791203,1.3256093,1.3763504,False
Ca3(SiP2)2__S5(IO9)2,hysteresis_window_V,0.4225886255903081,0.32727268,0.43783444,0.5160338,True
K3SbTe3__TePbO3,hysteresis_window_V,0.3711560716272593,0.26064467,0.34632644,0.5723732,True
K3SbTe3__TePbO3,hysteresis_window_V,0.4056234631029239,0.27211574,0.3892903,0.47694358,True
K3SbTe3__TePbO3,hysteresis_window_V,0.46051486477218,0.3925463,0.49557853,0.5888355,True
K3SbTe3__TePbO3,hysteresis_window_V,0.6669768907236416,0.48180553,0.6877242,0.7571874,True
SIO3F__Sb2PbO6,hysteresis_window_V,0.234757618210799,0.1974375,0.28312322,0.44548276,True
SIO3F__Sb2PbO6,hysteresis_window_V,0.4204576013207999,0.38815403,0.46868107,0.6168999,True
SIO3F__Sb2PbO6,hysteresis_window_V,1.296757529955623,0.97558725,1.3817585,1.3925965,True
SIO3F__Sb2PbO6,hysteresis_window_V,0.5560446289692126,0.443257,0.6000654,0.75274897,True
HS2IO8__ZnH2SeO5,hysteresis_window_V,0.8109980227534025,0.6419191,0.83628494,0.9319798,True
HS2IO8__ZnH2SeO5,hysteresis_window_V,0.2504263067971806,0.21900178,0.28625545,0.42925286,True
HS2IO8__ZnH2SeO5,hysteresis_window_V,1.6276454562317313,1.0612978,1.6217176,1.6515328,True
HS2IO8__ZnH2SeO5,hysteresis_window_V,0.1673865211946734,0.16950628,0.20861608,0.34292275,False
LiAs__NaS,hysteresis_window_V,0.9163145891318912,0.7070104,0.94442666,1.118828,True
LiAs__NaS,hysteresis_window_V,0.7608336337060921,0.5271723,0.70336586,0.91472805,True
LiAs__NaS,hysteresis_window_V,0.8472531959895029,0.69405645,0.815322,1.1168222,True
LiAs__NaS,hysteresis_window_V,1.2651062646559486,0.8837222,1.1409329,1.3970453,True
NClO3__NaPS3,hysteresis_window_V,0.487587031751371,0.28528047,0.4663332,0.5492515,True
NClO3__NaPS3,hysteresis_window_V,0.6139805818525652,0.36420557,0.54963034,0.74316615,True
NClO3__NaPS3,hysteresis_window_V,1.9321008567240905,1.0793397,1.7911075,1.9123193,False
NClO3__NaPS3,hysteresis_window_V,1.189758863569354,0.62504804,1.0614228,1.2398161,True
PbI2__Li2GeN2,hysteresis_window_V,0.6082377207311143,0.7644246,1.0601043,1.3529236,False
PbI2__Li2GeN2,hysteresis_window_V,0.2426102025071771,0.33398622,0.5133337,0.6690613,False
PbI2__Li2GeN2,hysteresis_window_V,0.7987425744586373,0.8107571,1.3459122,1.6433543,False
PbI2__Li2GeN2,hysteresis_window_V,0.0707722820180579,0.09602934,0.1452493,0.26989552,False
K2NaH10IO10__KSiSbO5,hysteresis_window_V,1.0898719178880982,0.60844946,1.167086,1.5120952,True
K2NaH10IO10__KSiSbO5,hysteresis_window_V,0.2088730241611708,0.12846987,0.18883172,0.47594437,True
K2NaH10IO10__KSiSbO5,hysteresis_window_V,0.0418370467120482,0.031390447,0.038924355,0.2043163,True
K2NaH10IO10__KSiSbO5,hysteresis_window_V,1.2107620935497236,0.7653675,1.3867835,1.8129647,True
Zn2Te3O8__SbClF8,hysteresis_window_V,0.8574842977708643,0.5173351,0.78109956,0.97472596,True
Zn2Te3O8__SbClF8,hysteresis_window_V,0.1982511468703435,0.13271932,0.21087933,0.3236939,True
Zn2Te3O8__SbClF8,hysteresis_window_V,0.3062835372705451,0.22120938,0.3482656,0.47056073,True
Zn2Te3O8__SbClF8,hysteresis_window_V,0.4401266781960851,0.24880587,0.42053455,0.5495933,True
NaSbS2__K3GaSe3,hysteresis_window_V,0.0811350373533283,0.06344727,0.071996726,0.23663303,True
NaSbS2__K3GaSe3,hysteresis_window_V,0.5743640532677673,0.43455082,0.63801414,0.77072996,True
NaSbS2__K3GaSe3,hysteresis_window_V,1.219917994954607,0.5820095,0.8983291,1.1630069,False
NaSbS2__K3GaSe3,hysteresis_window_V,0.988627519420805,0.48267165,0.8304238,1.0486823,True
Cd3SiO5__K4P21I,hysteresis_window_V,1.0155999449198307,0.6657338,0.90517145,1.0309981,True
Cd3SiO5__K4P21I,hysteresis_window_V,0.3957724454738587,0.28550193,0.3850193,0.52160776,True
Cd3SiO5__K4P21I,hysteresis_window_V,0.2638227075799347,0.24616146,0.3032242,0.4339431,True
Cd3SiO5__K4P21I,hysteresis_window_V,0.7269708881948913,0.4809335,0.7157171,0.8557903,True
LiInTe2__GePbS3,hysteresis_window_V,0.0457262590546607,0.04537154,0.06218285,0.15526614,True
LiInTe2__GePbS3,hysteresis_window_V,0.2474202867023827,0.3127698,0.32397416,0.42739984,False
LiInTe2__GePbS3,hysteresis_window_V,0.0503908906827248,0.0567948,0.06432094,0.19552627,False
LiInTe2__GePbS3,hysteresis_window_V,0.3243674871266917,0.3333705,0.41302666,0.5316418,False
KSb2PO8__K2Zn(SnSe3)2,hysteresis_window_V,0.3905834678659401,0.2917431,0.42586744,0.4906389,True
KSb2PO8__K2Zn(SnSe3)2,hysteresis_window_V,0.9150584184142208,0.51737845,0.8146392,0.9950505,True
KSb2PO8__K2Zn(SnSe3)2,hysteresis_window_V,0.6079008284976152,0.35112163,0.5236085,0.70590097,True
KSb2PO8__K2Zn(SnSe3)2,hysteresis_window_V,0.8750661199007587,0.45185617,0.7830412,0.9433534,True
Na6S2O9__K2PS3,hysteresis_window_V,0.0991688993697126,0.096095294,0.1173543,0.2775967,True
Na6S2O9__K2PS3,hysteresis_window_V,1.2527261261614553,0.8985141,1.2938144,1.3936237,True
Na6S2O9__K2PS3,hysteresis_window_V,1.4720551945601783,0.8849627,1.3506106,1.453075,False
Na6S2O9__K2PS3,hysteresis_window_V,0.4081187733784871,0.2752453,0.41266197,0.54164684,True
CdSe__Na3H5(SeO4)4,hysteresis_window_V,0.7566910282054498,0.43046793,0.60846996,0.7698376,True
CdSe__Na3H5(SeO4)4,hysteresis_window_V,0.6627449448323305,0.4750053,0.61126286,0.69519573,True
CdSe__Na3H5(SeO4)4,hysteresis_window_V,0.7048180954520253,0.48062792,0.6365146,0.7671999,True
CdSe__Na3H5(SeO4)4,hysteresis_window_V,0.5301414425803795,0.34546596,0.43669915,0.58270353,True
GeTe__K2CdSiO4,hysteresis_window_V,1.3674046781413456,0.84322673,1.3158375,1.4328274,True
GeTe__K2CdSiO4,hysteresis_window_V,0.1053686622171087,0.10349684,0.10753556,0.35122892,True
GeTe__K2CdSiO4,hysteresis_window_V,1.792753548578587,0.99001265,1.6479607,1.6646054,False
GeTe__K2CdSiO4,hysteresis_window_V,0.2549857532325505,0.21579233,0.31388634,0.47773775,True
Na2ZnH4(SeO5)2__Te4P2O13,hysteresis_window_V,0.0937619267168648,0.0851339,0.10666298,0.27912587,True
Na2ZnH4(SeO5)2__Te4P2O13,hysteresis_window_V,0.4929491784328074,0.3266844,0.49752071,0.6594537,True
Na2ZnH4(SeO5)2__Te4P2O13,hysteresis_window_V,0.990218396587121,0.5649586,0.84392154,1.0158337,True
Na2ZnH4(SeO5)2__Te4P2O13,hysteresis_window_V,1.3499681210455854,0.73721915,1.077597,1.3270181,False
SbBr5F6__KInTe2,hysteresis_window_V,0.2012996093955376,0.1617745,0.18238927,0.3409398,True
SbBr5F6__KInTe2,hysteresis_window_V,0.4357380426771943,0.2973487,0.45333642,0.6101547,True
SbBr5F6__KInTe2,hysteresis_window_V,0.1558465389863261,0.1872288,0.20165174,0.4427064,False
SbBr5F6__KInTe2,hysteresis_window_V,0.6841879124851217,0.47978237,0.70249516,0.81248736,True
NaInSn2__K2Pb2O3,hysteresis_window_V,0.5249841488176499,0.3654398,0.50940317,0.6813343,True
NaInSn2__K2Pb2O3,hysteresis_window_V,0.9052049052535808,0.6272831,0.8305869,1.0719379,True
NaInSn2__K2Pb2O3,hysteresis_window_V,0.0544821945385617,0.052867763,0.09271526,0.17420454,True
NaInSn2__K2Pb2O3,hysteresis_window_V,0.8495260454831336,0.5907965,0.83802086,1.0014771,True
Zn(InTe2)2__Sb7Se8F35,hysteresis_window_V,1.0097025172719905,0.71001136,1.029236,1.1703384,True
Zn(InTe2)2__Sb7Se8F35,hysteresis_window_V,1.337213487842437,0.78945,1.2499287,1.3834136,True
Zn(InTe2)2__Sb7Se8F35,hysteresis_window_V,0.463623465864658,0.35113338,0.4758139,0.5994227,True
Zn(InTe2)2__Sb7Se8F35,hysteresis_window_V,1.7046330104541,0.93090266,1.5437082,1.6895951,False
KNa4GaO4__Na2SnO2,hysteresis_window_V,0.4736056848330016,0.28530377,0.47214642,0.54222727,True
KNa4GaO4__Na2SnO2,hysteresis_window_V,1.2380942460566096,0.7711127,1.1772388,1.3556225,True
KNa4GaO4__Na2SnO2,hysteresis_window_V,0.1934068654979849,0.16598679,0.1889088,0.42453125,True
KNa4GaO4__Na2SnO2,hysteresis_window_V,0.4963635020338398,0.31563362,0.48274234,0.6475684,True
Ga2Te5__P3BrCl14,hysteresis_window_V,0.2184985738753282,0.2045798,0.2849923,0.5153544,True
Ga2Te5__P3BrCl14,hysteresis_window_V,0.707460317346492,0.49652553,0.7603714,0.8283134,True
Ga2Te5__P3BrCl14,hysteresis_window_V,1.3572998051104894,0.81034786,1.2758019,1.3491708,False
Ga2Te5__P3BrCl14,hysteresis_window_V,0.3559601970431743,0.3169131,0.40604582,0.46411356,True
Na10Zn4O9__Na5IO6,hysteresis_window_V,0.4046438221688072,0.37663725,0.46451658,0.5833969,True
Na10Zn4O9__Na5IO6,hysteresis_window_V,0.4920052759769422,0.44748187,0.5392915,0.6308689,True
Na10Zn4O9__Na5IO6,hysteresis_window_V,0.9531992789673928,0.71915567,0.912049,1.1369376,True
Na10Zn4O9__Na5IO6,hysteresis_window_V,0.4424612965864752,0.37325847,0.438754,0.5552255,True
LiAsS2__Ca2Si5N8,hysteresis_window_V,0.248730329565518,0.21694167,0.30664214,0.39332348,True
LiAsS2__Ca2Si5N8,hysteresis_window_V,0.3868584374397964,0.37557256,0.51061815,0.57404625,True
LiAsS2__Ca2Si5N8,hysteresis_window_V,0.4357542402381388,0.39718652,0.4869259,0.6107941,True
LiAsS2__Ca2Si5N8,hysteresis_window_V,0.1410069792408062,0.13260444,0.18131833,0.2671952,True
KTeP2__Ti6CCl14,hysteresis_window_V,0.4168002765723027,0.27815598,0.43630552,0.55722135,True
KTeP2__Ti6CCl14,hysteresis_window_V,1.2726221263201882,0.67400104,1.0230278,1.2817836,True
KTeP2__Ti6CCl14,hysteresis_window_V,0.4159335672278162,0.30400833,0.46841365,0.6086472,True
KTeP2__Ti6CCl14,hysteresis_window_V,0.6583927875421596,0.44148633,0.71235394,0.8035857,True
Cd7(P2Cl3)2__P2H9(CBr)3,hysteresis_window_V,0.6207829161130239,0.3806331,0.5482985,0.6905143,True
Cd7(P2Cl3)2__P2H9(CBr)3,hysteresis_window_V,1.075560270794281,0.63402367,0.9937262,1.197724,True
Cd7(P2Cl3)2__P2H9(CBr)3,hysteresis_window_V,0.7982157758148409,0.46849278,0.66036046,0.86424696,True
Cd7(P2Cl3)2__P2H9(CBr)3,hysteresis_window_V,0.1584354343626283,0.12332709,0.18295228,0.2772399,True
K3SnSe3__LiGaO2,hysteresis_window_V,0.0733963994515174,0.08489153,0.10633086,0.21728449,False
K3SnSe3__LiGaO2,hysteresis_window_V,0.2820343141145356,0.21978694,0.25035223,0.5710844,True
K3SnSe3__LiGaO2,hysteresis_window_V,1.1489859179883797,0.71828616,1.0066495,1.1626167,True
K3SnSe3__LiGaO2,hysteresis_window_V,0.0820989488484325,0.097038046,0.12468943,0.22133468,False
K6Zn4Sn5S17__NaSbCl6,hysteresis_window_V,0.5596381288198704,0.48316687,0.6259519,0.70987356,True
K6Zn4Sn5S17__NaSbCl6,hysteresis_window_V,1.2965885549980498,0.84387225,1.1744523,1.3933655,True
K6Zn4Sn5S17__NaSbCl6,hysteresis_window_V,0.0663870315782574,0.056866027,0.07472625,0.19649622,True
K6Zn4Sn5S17__NaSbCl6,hysteresis_window_V,0.5293272858639466,0.44139156,0.54589254,0.65303546,True
Ca3(GaP2)2__In2S3,hysteresis_window_V,0.7627190241196182,0.478986,0.68927217,0.8181093,True
Ca3(GaP2)2__In2S3,hysteresis_window_V,0.2414639031480637,0.19973046,0.2704208,0.3959699,True
Ca3(GaP2)2__In2S3,hysteresis_window_V,0.2515287257242048,0.21842463,0.26021627,0.40069982,True
Ca3(GaP2)2__In2S3,hysteresis_window_V,0.9228771938943828,0.6535882,0.9422453,1.0867401,True
Na5Al3H14__LiGa(H2N)4,hysteresis_window_V,0.2101199350119066,0.16050975,0.22223113,0.41173297,True
Na5Al3H14__LiGa(H2N)4,hysteresis_window_V,0.8919368490940083,0.53481513,0.87483287,1.0050608,True
Na5Al3H14__LiGa(H2N)4,hysteresis_window_V,0.1857574120580277,0.12852451,0.1747972,0.3237207,True
Na5Al3H14__LiGa(H2N)4,hysteresis_window_V,0.2481560956115414,0.19767821,0.26554334,0.3674208,True
KSnPS4__NClO3,hysteresis_window_V,1.1092890548971688,0.5906748,0.8474564,1.0582138,False
KSnPS4__NClO3,hysteresis_window_V,0.1709400217082701,0.22314848,0.24163772,0.36359927,False
KSnPS4__NClO3,hysteresis_window_V,0.7540984580162352,0.5329597,0.68376714,0.78987145,True
KSnPS4__NClO3,hysteresis_window_V,0.6196236851518877,0.6170503,0.7211925,0.973958,True
KInBr3__KGeCl3,hysteresis_window_V,0.4961728807381581,0.31170964,0.43425512,0.63568896,True
KInBr3__KGeCl3,hysteresis_window_V,0.3170367915970311,0.25568822,0.33730635,0.48065844,True
KInBr3__KGeCl3,hysteresis_window_V,1.3128752972230693,0.8397495,1.122448,1.3368641,True
KInBr3__KGeCl3,hysteresis_window_V,0.1549762311227793,0.19646823,0.21366039,0.47583464,False
Na3AsO4__KTe3O6F,hysteresis_window_V,0.1251679989785935,0.14943786,0.22894722,0.3308235,False
Na3AsO4__KTe3O6F,hysteresis_window_V,0.1572020766764921,0.19948916,0.26854748,0.4711235,False
Na3AsO4__KTe3O6F,hysteresis_window_V,0.4141930235509769,0.40392962,0.5436376,0.7154314,True
Na3AsO4__KTe3O6F,hysteresis_window_V,0.8943831885453887,0.84866124,0.9876897,1.4788606,True
TeI4__P,hysteresis_window_V,0.2295221574548947,0.19014806,0.28211042,0.40399277,True
TeI4__P,hysteresis_window_V,0.129135749416787,0.14925712,0.15875034,0.3046642,False
TeI4__P,hysteresis_window_V,0.3350019414485845,0.27583846,0.4373673,0.52913094,True
TeI4__P,hysteresis_window_V,0.107340090781701,0.127382,0.14667621,0.45105508,False
NaSe__Ca5P3H,hysteresis_window_V,0.0694695128258366,0.07243794,0.07417223,0.19524144,False
NaSe__Ca5P3H,hysteresis_window_V,0.2207758372602657,0.19653207,0.22529499,0.3829321,True
NaSe__Ca5P3H,hysteresis_window_V,0.1728804430948113,0.16845477,0.17376259,0.46332136,True
NaSe__Ca5P3H,hysteresis_window_V,0.4287304162704306,0.29084444,0.42948857,0.64374334,True
Na5(InTe3)2__Ca3(AlAs2)2,hysteresis_window_V,0.3035410863422915,0.2939295,0.49584672,0.6989386,True
Na5(InTe3)2__Ca3(AlAs2)2,hysteresis_window_V,0.3532218572982844,0.31994113,0.4944366,0.7718302,True
Na5(InTe3)2__Ca3(AlAs2)2,hysteresis_window_V,0.4079155951361984,0.37967446,0.5695876,0.848831,True
Na5(InTe3)2__Ca3(AlAs2)2,hysteresis_window_V,0.1284147706117745,0.1725597,0.25180808,0.36594385,False
Na5SiAs3__K4Sb2O5,hysteresis_window_V,0.2652473874050671,0.22017568,0.29169968,0.43155313,True
Na5SiAs3__K4Sb2O5,hysteresis_window_V,0.2265021694883809,0.16725191,0.24723126,0.34043097,True
Na5SiAs3__K4Sb2O5,hysteresis_window_V,0.2015416967171977,0.1713376,0.22888148,0.3148433,True
Na5SiAs3__K4Sb2O5,hysteresis_window_V,0.8492687660177022,0.48082504,0.7668967,0.92338955,True
TeO3__NaLiZnS2,hysteresis_window_V,0.5758852195749752,0.43621418,0.54891884,0.711015,True
TeO3__NaLiZnS2,hysteresis_window_V,0.8075492366571717,0.5238075,0.68599206,0.83825666,True
TeO3__NaLiZnS2,hysteresis_window_V,1.1171137463673362,0.83570534,1.0394208,1.2124141,True
TeO3__NaLiZnS2,hysteresis_window_V,0.6294600867025049,0.43248138,0.61282074,0.72821724,True
Na5SnP3__K2Sb4O11,hysteresis_window_V,0.0770793705191547,0.055675134,0.065575615,0.18338342,True
Na5SnP3__K2Sb4O11,hysteresis_window_V,1.3676442142786247,0.6207342,1.0464624,1.3367926,False
Na5SnP3__K2Sb4O11,hysteresis_window_V,0.1406326695573979,0.09383723,0.1561503,0.2547226,True
Na5SnP3__K2Sb4O11,hysteresis_window_V,0.3229210559495569,0.19555354,0.35531744,0.4705347,True
Pb(IO3)2__NaHO,hysteresis_window_V,0.8483401852798156,0.543439,0.8078082,1.026371,True
Pb(IO3)2__NaHO,hysteresis_window_V,1.3072201657303717,0.91944915,1.327499,1.5227745,True
Pb(IO3)2__NaHO,hysteresis_window_V,0.1427579878366363,0.14783838,0.1493077,0.44661996,False
Pb(IO3)2__NaHO,hysteresis_window_V,1.2668458103147051,0.8311073,1.1731709,1.3801312,True
NaZnAsO4__K2TiSi3(HO5)2,hysteresis_window_V,0.6990318657131892,0.56092787,0.7045734,0.9873658,True
NaZnAsO4__K2TiSi3(HO5)2,hysteresis_window_V,0.7217568155975111,0.52520376,0.68494016,0.9745042,True
NaZnAsO4__K2TiSi3(HO5)2,hysteresis_window_V,0.7487302992870852,0.49530965,0.7938911,1.1062202,True
NaZnAsO4__K2TiSi3(HO5)2,hysteresis_window_V,0.2338109557946144,0.19113138,0.2514322,0.3985701,True
Zn(SbO3)2__Cd(AsO3)2,hysteresis_window_V,0.0375384036974855,0.03439641,0.047360957,0.13876542,True
Zn(SbO3)2__Cd(AsO3)2,hysteresis_window_V,0.6303511770569208,0.5057555,0.7566299,0.9244579,True
Zn(SbO3)2__Cd(AsO3)2,hysteresis_window_V,0.1845200837116394,0.17114234,0.21049401,0.3233709,True
Zn(SbO3)2__Cd(AsO3)2,hysteresis_window_V,0.0908016482945785,0.09087144,0.10718764,0.24157093,False
CdHOF__Li2ZnGeS4,hysteresis_window_V,0.2357668647746236,0.22335272,0.29217944,0.36950064,True
CdHOF__Li2ZnGeS4,hysteresis_window_V,1.0775070242858484,0.65713114,1.0955492,1.1386752,True
CdHOF__Li2ZnGeS4,hysteresis_window_V,0.8675709136589822,0.5476184,0.68679005,0.8694807,True
CdHOF__Li2ZnGeS4,hysteresis_window_V,0.4608148717857538,0.38865995,0.4863614,0.60860324,True
Na2SnGe2(HO4)2__ZnSeO4,hysteresis_window_V,0.4297037232637187,0.263779,0.43829933,0.5031758,True
Na2SnGe2(HO4)2__ZnSeO4,hysteresis_window_V,0.564188957265135,0.31946942,0.5125798,0.64467406,True
Na2SnGe2(HO4)2__ZnSeO4,hysteresis_window_V,0.5234559136758854,0.3544299,0.49434868,0.6788785,True
Na2SnGe2(HO4)2__ZnSeO4,hysteresis_window_V,0.3250734331253797,0.22430584,0.35764098,0.44616875,True
Sb2Te2O9__TiSn6F16,hysteresis_window_V,0.2443969113533373,0.23500238,0.29047352,0.4575211,True
Sb2Te2O9__TiSn6F16,hysteresis_window_V,0.4559883830377854,0.3341125,0.48708302,0.6163452,True
Sb2Te2O9__TiSn6F16,hysteresis_window_V,0.1379584799579125,0.13740626,0.14534147,0.45540354,True
Sb2Te2O9__TiSn6F16,hysteresis_window_V,0.0783223483334299,0.07847853,0.08696643,0.25782022,False
InI2__SbAs2Cl13,hysteresis_window_V,0.7158683018507205,0.42321926,0.69157696,0.81486666,True
InI2__SbAs2Cl13,hysteresis_window_V,0.3226141330968295,0.20635918,0.35548618,0.44668126,True
InI2__SbAs2Cl13,hysteresis_window_V,1.89603276345093,0.9571242,1.73493,1.8462064,False
InI2__SbAs2Cl13,hysteresis_window_V,1.2079708554811053,0.7477408,1.0863565,1.2672992,True
SiAs__Na2HF4,hysteresis_window_V,0.1434866860330295,0.15790533,0.17362596,0.26647064,False
SiAs__Na2HF4,hysteresis_window_V,1.7305452259959535,1.058196,1.445933,1.4999473,False
SiAs__Na2HF4,hysteresis_window_V,0.2211734739053948,0.2809585,0.33307675,0.5922131,False
SiAs__Na2HF4,hysteresis_window_V,0.1885524469000486,0.22186336,0.22621623,0.48693198,False
Li2SnTeO6__Al2ZnSe4,hysteresis_window_V,0.0691078774607093,0.07750143,0.09016602,0.19757561,False
Li2SnTeO6__Al2ZnSe4,hysteresis_window_V,0.0296660781380012,0.00094929204,0.032365974,0.15384863,True
Li2SnTeO6__Al2ZnSe4,hysteresis_window_V,1.0981611285342252,0.81457686,1.2305452,1.4052925,True
Li2SnTeO6__Al2ZnSe4,hysteresis_window_V,0.1608298124034259,0.16582076,0.19772437,0.38163608,False
Na5AlO4__PbF4,hysteresis_window_V,0.1930861513062189,0.14406474,0.23722024,0.32659858,True
Na5AlO4__PbF4,hysteresis_window_V,0.6701111389416692,0.50504285,0.7539518,0.7579633,True
Na5AlO4__PbF4,hysteresis_window_V,0.5194979136351418,0.3433737,0.5159217,0.6175909,True
Na5AlO4__PbF4,hysteresis_window_V,0.3523184634281041,0.24070318,0.33618706,0.42384434,True
KSn2(PO4)3__TeCl4,hysteresis_window_V,0.5645373302299755,0.31806308,0.48223588,0.66139996,True
KSn2(PO4)3__TeCl4,hysteresis_window_V,0.966901705607784,0.6007423,0.88468575,1.0768243,True
KSn2(PO4)3__TeCl4,hysteresis_window_V,0.3725764216591315,0.2664702,0.40045223,0.5745559,True
KSn2(PO4)3__TeCl4,hysteresis_window_V,1.760497321732094,0.91406965,1.6144714,1.6931689,False
NaP3(PbO3)4__SIO3F,hysteresis_window_V,0.3602342306987202,0.35901746,0.39004645,0.5354541,True
NaP3(PbO3)4__SIO3F,hysteresis_window_V,0.2283781129762625,0.2568523,0.3150758,0.39121258,False
NaP3(PbO3)4__SIO3F,hysteresis_window_V,0.3778973694891744,0.3216019,0.4354516,0.5429625,True
NaP3(PbO3)4__SIO3F,hysteresis_window_V,0.6750041392242896,0.54653007,0.76677996,0.81337905,True
AlP__Na2Zn(GeS3)2,hysteresis_window_V,0.7571950377686666,0.52293706,0.7689993,1.0377555,True
AlP__Na2Zn(GeS3)2,hysteresis_window_V,0.1474589349566628,0.09974609,0.1392119,0.41867465,True
AlP__Na2Zn(GeS3)2,hysteresis_window_V,0.4000749816113602,0.3061322,0.46799037,0.66614807,True
AlP__Na2Zn(GeS3)2,hysteresis_window_V,0.8209857707106997,0.53742415,0.79033035,1.0958775,True
Na3Ca3AlAs4__SnCl2,hysteresis_window_V,0.3917136297808472,0.29271042,0.4035172,0.54277533,True
Na3Ca3AlAs4__SnCl2,hysteresis_window_V,1.914275074882483,0.962029,1.7491224,1.962751,True
Na3Ca3AlAs4__SnCl2,hysteresis_window_V,0.1703322568415902,0.15949124,0.2048913,0.29202965,True
Na3Ca3AlAs4__SnCl2,hysteresis_window_V,0.279232015000228,0.2744903,0.31062108,0.4944113,True
SbBr5F6__NaP15,hysteresis_window_V,0.4395639557708156,0.28873748,0.47562417,0.5759372,True
SbBr5F6__NaP15,hysteresis_window_V,1.6147738884759566,0.98000187,1.5366172,1.6472352,True
SbBr5F6__NaP15,hysteresis_window_V,0.1230235705245526,0.1208145,0.12658814,0.26385188,True
SbBr5F6__NaP15,hysteresis_window_V,1.4877901533613485,0.8845713,1.3892039,1.4804642,False
Al4CdO7__Te(S2O7)2,hysteresis_window_V,0.129791932033632,0.13922834,0.16211116,0.2986344,False
Al4CdO7__Te(S2O7)2,hysteresis_window_V,0.4980877025216382,0.29382524,0.47580793,0.5953505,True
Al4CdO7__Te(S2O7)2,hysteresis_window_V,0.0449016801461779,0.028034903,0.046180114,0.16391669,True
Al4CdO7__Te(S2O7)2,hysteresis_window_V,0.7081137756889978,0.44543874,0.6674549,0.8038905,True
SnTe3O8__As2Pb3O8,hysteresis_window_V,0.8582825481221606,0.41275468,0.7054929,1.0471538,True
SnTe3O8__As2Pb3O8,hysteresis_window_V,0.0539991200434585,0.017737612,0.046696093,0.16206552,True
SnTe3O8__As2Pb3O8,hysteresis_window_V,0.2019190746591761,0.16051567,0.21991383,0.3425732,True
SnTe3O8__As2Pb3O8,hysteresis_window_V,0.1517022541604299,0.13833047,0.15733512,0.32045007,True
Cd2AsO4F__Br2O3,hysteresis_window_V,0.6119868204341459,0.4124249,0.59790725,0.75849015,True
Cd2AsO4F__Br2O3,hysteresis_window_V,0.2084574022802914,0.18164569,0.22210914,0.3791051,True
Cd2AsO4F__Br2O3,hysteresis_window_V,0.3102564631835419,0.2118169,0.3123964,0.4366325,True
Cd2AsO4F__Br2O3,hysteresis_window_V,1.8030107040300627,1.0360302,1.6058654,1.7399031,False
ZnI2__P2Pb3O8,hysteresis_window_V,0.5786150197210632,0.6355978,0.7919813,1.2226309,False
ZnI2__P2Pb3O8,hysteresis_window_V,0.2087027771494086,0.1915914,0.3659472,0.5830606,True
ZnI2__P2Pb3O8,hysteresis_window_V,0.1008330629332079,0.10106535,0.13305555,0.40899593,False
ZnI2__P2Pb3O8,hysteresis_window_V,0.3655784003014283,0.3370315,0.52688056,0.8178527,True
Zn2AsHO5__HC2N3,hysteresis_window_V,0.3606957072156273,0.26813868,0.37512067,0.44563028,True
Zn2AsHO5__HC2N3,hysteresis_window_V,0.7666242762079096,0.4477361,0.65506905,0.8326352,True
Zn2AsHO5__HC2N3,hysteresis_window_V,1.158816155665692,0.64822286,1.0062256,1.1717856,True
Zn2AsHO5__HC2N3,hysteresis_window_V,0.4354457890089081,0.35034236,0.43367672,0.56545275,True
K10Zn4Sn4S17__Sb9S4F39,hysteresis_window_V,0.4482855365882133,0.3995549,0.55768055,0.60191,True
K10Zn4Sn4S17__Sb9S4F39,hysteresis_window_V,0.1467794158781509,0.14532782,0.16514283,0.43622407,True
K10Zn4Sn4S17__Sb9S4F39,hysteresis_window_V,0.258628690073158,0.20348811,0.24960661,0.38266334,True
K10Zn4Sn4S17__Sb9S4F39,hysteresis_window_V,0.7723416992736883,0.5327646,0.79647946,0.88776433,True
Na2Zn2Si2O7__P2Pb3O8,hysteresis_window_V,1.050724150793805,0.7473812,0.9570282,1.3106607,True
Na2Zn2Si2O7__P2Pb3O8,hysteresis_window_V,1.2911320454742423,0.72927916,0.98683727,1.250829,False
Na2Zn2Si2O7__P2Pb3O8,hysteresis_window_V,1.2661440167246796,0.8055164,0.9813232,1.3187077,True
Na2Zn2Si2O7__P2Pb3O8,hysteresis_window_V,0.8522835601344599,0.5361386,0.68482554,0.88931715,True
CaAlH5__NaLi3(H2N)4,hysteresis_window_V,1.4632151950627643,1.0527704,1.4376166,1.5447701,True
CaAlH5__NaLi3(H2N)4,hysteresis_window_V,0.3044710344714205,0.2298786,0.39325738,0.42957973,True
CaAlH5__NaLi3(H2N)4,hysteresis_window_V,0.8501610967046237,0.55439574,0.74951047,0.95926833,True
CaAlH5__NaLi3(H2N)4,hysteresis_window_V,0.7636368671114865,0.63140315,0.8904942,0.8922948,True
K6ZnSe4__As3Pb5ClO12,hysteresis_window_V,0.772995394140878,0.562639,0.7771232,0.8864402,True
K6ZnSe4__As3Pb5ClO12,hysteresis_window_V,0.4795868396761764,0.3516806,0.4600713,0.5384045,True
K6ZnSe4__As3Pb5ClO12,hysteresis_window_V,0.1189094061792759,0.117645465,0.14334944,0.24365984,True
K6ZnSe4__As3Pb5ClO12,hysteresis_window_V,0.939931511782612,0.63414973,0.9013805,1.0862662,True
Ca4SiN4__CaGeN2,hysteresis_window_V,0.2286125544824276,0.27694008,0.29891413,0.41878343,False
Ca4SiN4__CaGeN2,hysteresis_window_V,0.0702338769552402,0.076896176,0.088902846,0.18329579,False
Ca4SiN4__CaGeN2,hysteresis_window_V,0.4667446004416751,0.34687006,0.49388614,0.5808532,True
Ca4SiN4__CaGeN2,hysteresis_window_V,0.8475098895374005,0.7324083,1.0232238,1.1719078,True
Ca2Ti3O8__SbAs2Cl13,hysteresis_window_V,0.3352838805894328,0.2859375,0.46857208,0.60650545,True
Ca2Ti3O8__SbAs2Cl13,hysteresis_window_V,1.66455608400304,0.92902106,1.6718621,1.7990626,True
Ca2Ti3O8__SbAs2Cl13,hysteresis_window_V,0.1558490729411098,0.18311365,0.2174692,0.45359248,False
Ca2Ti3O8__SbAs2Cl13,hysteresis_window_V,0.5040090459181357,0.32526222,0.4506855,0.57084656,True
PICl6__Na6Ge2S7,hysteresis_window_V,0.891910134414238,0.4641428,0.6560216,0.86098117,False
PICl6__Na6Ge2S7,hysteresis_window_V,1.5122446302530508,0.7484653,1.2748667,1.347161,False
PICl6__Na6Ge2S7,hysteresis_window_V,0.146986410528574,0.11597714,0.15824609,0.28779903,True
PICl6__Na6Ge2S7,hysteresis_window_V,0.4567035397256272,0.25606242,0.4174813,0.6127406,True
NaAsSe2__LiTiPO5,hysteresis_window_V,1.0260379569354825,0.65898776,0.99651587,1.1878067,True
NaAsSe2__LiTiPO5,hysteresis_window_V,0.2481495904921683,0.22143668,0.30451614,0.43014485,True
NaAsSe2__LiTiPO5,hysteresis_window_V,0.2131165465413835,0.20558073,0.23776035,0.35345167,True
NaAsSe2__LiTiPO5,hysteresis_window_V,0.5789566461586998,0.36439505,0.5897394,0.71397847,True
KSbS2__BrF3,hysteresis_window_V,0.8148021543324057,0.5508683,0.82779884,0.96126676,True
KSbS2__BrF3,hysteresis_window_V,0.5703982481905993,0.5067785,0.6784931,0.7636217,True
KSbS2__BrF3,hysteresis_window_V,0.6310126023991357,0.5021901,0.7615078,0.8985918,True
KSbS2__BrF3,hysteresis_window_V,0.8213428012132966,0.73086697,0.9728062,0.9916049,True
Ca21(Zn2As9)2__NClO3,hysteresis_window_V,0.1772749745190245,0.21641406,0.232698,0.3840922,False
Ca21(Zn2As9)2__NClO3,hysteresis_window_V,0.4572818830167663,0.29857403,0.48342258,0.62014735,True
Ca21(Zn2As9)2__NClO3,hysteresis_window_V,0.8459367865568966,0.4421089,0.6625323,1.0126426,True
Ca21(Zn2As9)2__NClO3,hysteresis_window_V,0.5159149414788331,0.43731353,0.45182207,0.6119087,True
NaInSn2__CdSe2,hysteresis_window_V,0.6219293131703545,0.3295992,0.5802704,0.68709713,True
NaInSn2__CdSe2,hysteresis_window_V,0.8751508830256813,0.47062555,0.788401,0.98314977,True
NaInSn2__CdSe2,hysteresis_window_V,0.1335053106784731,0.16131173,0.19450709,0.47675815,False
NaInSn2__CdSe2,hysteresis_window_V,1.4990727165007909,0.7097845,1.2189627,1.3744332,False
SeBr4__Li5SiP3,hysteresis_window_V,0.8012403646340676,0.51680493,0.77887803,0.95101076,True
SeBr4__Li5SiP3,hysteresis_window_V,1.351821468643024,0.9253033,1.2534379,1.2725755,False
SeBr4__Li5SiP3,hysteresis_window_V,0.355552687672084,0.29721928,0.4637424,0.5542256,True
SeBr4__Li5SiP3,hysteresis_window_V,0.3092337065981657,0.22426283,0.33476347,0.51028347,True
K6ZnSe4__CaTiN2,hysteresis_window_V,0.1535256500509287,0.20575547,0.24347049,0.4884451,False
K6ZnSe4__CaTiN2,hysteresis_window_V,0.0654477508309612,0.07849176,0.10338281,0.28394124,False
K6ZnSe4__CaTiN2,hysteresis_window_V,0.037242159179996,0.03780054,0.04041038,0.19807765,False
K6ZnSe4__CaTiN2,hysteresis_window_V,0.0613493463600925,0.08302801,0.10018968,0.33675084,False
In2(PS3)3__TiPCl9,hysteresis_window_V,1.1858326705309927,0.6294156,1.0711303,1.2226688,True
In2(PS3)3__TiPCl9,hysteresis_window_V,0.7279668006598227,0.44231698,0.66475224,0.89218265,True
In2(PS3)3__TiPCl9,hysteresis_window_V,0.0705428960377639,0.052705698,0.068327054,0.2195919,True
In2(PS3)3__TiPCl9,hysteresis_window_V,0.2991695372829723,0.22901446,0.30250245,0.5403866,True
K4PbO4__LiAlSe2,hysteresis_window_V,0.1525238220961553,0.13942751,0.1637,0.3107517,True
K4PbO4__LiAlSe2,hysteresis_window_V,0.64012826638089,0.47639406,0.6187978,0.78728586,True
K4PbO4__LiAlSe2,hysteresis_window_V,0.2542494856433157,0.18686827,0.23536585,0.38648713,True
K4PbO4__LiAlSe2,hysteresis_window_V,1.705138152105903,0.97129864,1.4447689,1.6359084,False
In3SnI5__Na2Se2O7,hysteresis_window_V,0.2395528986665805,0.14857605,0.22947228,0.4666332,True
In3SnI5__Na2Se2O7,hysteresis_window_V,0.3738660976064711,0.26257533,0.3705428,0.56030434,True
In3SnI5__Na2Se2O7,hysteresis_window_V,0.4178142076625979,0.23694304,0.41762218,0.4774197,True
In3SnI5__Na2Se2O7,hysteresis_window_V,0.1042325822888078,0.081256725,0.11529065,0.2051952,True
K6Sn3As5__TiGeS3,hysteresis_window_V,0.5495935293107852,0.3543903,0.50245744,0.65366274,True
K6Sn3As5__TiGeS3,hysteresis_window_V,0.2153733700979887,0.15076765,0.23074394,0.34917197,True
K6Sn3As5__TiGeS3,hysteresis_window_V,0.3274901836063641,0.28189406,0.37378997,0.54964507,True
K6Sn3As5__TiGeS3,hysteresis_window_V,0.1704831916706226,0.17846842,0.18564779,0.44893664,False
Na3PS4__K3SbTe3,hysteresis_window_V,0.8150481749466013,0.4765456,0.73974264,0.87071013,True
Na3PS4__K3SbTe3,hysteresis_window_V,1.0724324187155212,0.53727555,1.0075272,1.1702518,True
Na3PS4__K3SbTe3,hysteresis_window_V,0.2055110002294668,0.15230699,0.20943186,0.44601458,True
Na3PS4__K3SbTe3,hysteresis_window_V,0.3086511982105187,0.22244191,0.3157609,0.4425346,True
Ca3(SiP2)2__K2Ge2S5,hysteresis_window_V,0.5854031442411993,0.37632945,0.5459005,0.68108684,True
Ca3(SiP2)2__K2Ge2S5,hysteresis_window_V,1.43488400399834,0.84434813,1.4351207,1.482744,True
Ca3(SiP2)2__K2Ge2S5,hysteresis_window_V,1.439567828356727,0.8367916,1.3112931,1.4422314,True
Ca3(SiP2)2__K2Ge2S5,hysteresis_window_V,1.030840005346337,0.6746714,0.9288189,1.06118,True
NaSbTe2__LiTiAsO5,hysteresis_window_V,0.0849624460421983,0.06939957,0.10742243,0.18727893,True
NaSbTe2__LiTiAsO5,hysteresis_window_V,1.5886910754994144,0.8438391,1.4397699,1.4849532,False
NaSbTe2__LiTiAsO5,hysteresis_window_V,0.5611785723457476,0.35379183,0.54593325,0.645339,True
NaSbTe2__LiTiAsO5,hysteresis_window_V,0.1533637603104739,0.15652302,0.17048697,0.45396587,False
K3SbO4__Na2GeO3,hysteresis_window_V,0.1525789964089763,0.12935087,0.15304327,0.2884585,True
K3SbO4__Na2GeO3,hysteresis_window_V,0.4559035608061027,0.4036667,0.44416046,0.6082251,True
K3SbO4__Na2GeO3,hysteresis_window_V,0.1311407409171305,0.14010453,0.18299256,0.27043933,False
K3SbO4__Na2GeO3,hysteresis_window_V,0.3907302360899676,0.3315886,0.4152383,0.58253676,True
Sb2BrF15__GaTeI7,hysteresis_window_V,0.2022953100173052,0.18823022,0.25379044,0.34631062,True
Sb2BrF15__GaTeI7,hysteresis_window_V,0.7646244830448735,0.59130836,0.8167651,0.9397034,True
Sb2BrF15__GaTeI7,hysteresis_window_V,0.2861096699832741,0.2530432,0.29568866,0.4633152,True
Sb2BrF15__GaTeI7,hysteresis_window_V,0.1940051758044288,0.21887127,0.23276006,0.48218474,False
K2Ga2As3__K4PbO4,hysteresis_window_V,0.3871080962528099,0.3040513,0.44397986,0.6122211,True
K2Ga2As3__K4PbO4,hysteresis_window_V,0.5657290252556978,0.38445282,0.5312288,0.7375554,True
K2Ga2As3__K4PbO4,hysteresis_window_V,0.5924878658434611,0.4228652,0.6122385,0.7547084,True
K2Ga2As3__K4PbO4,hysteresis_window_V,0.473607729806201,0.31476218,0.45128578,0.6184181,True
KInO2__KIn(TeO3)2,hysteresis_window_V,0.1250853697460339,0.08756864,0.15653776,0.24867968,True
KInO2__KIn(TeO3)2,hysteresis_window_V,0.5352065675209237,0.33831415,0.5243324,0.63638204,True
KInO2__KIn(TeO3)2,hysteresis_window_V,0.4700211004200887,0.28080103,0.45752507,0.61119026,True
KInO2__KIn(TeO3)2,hysteresis_window_V,0.4498160888083765,0.27512777,0.45848215,0.63796574,True
Li2TeS3__Na2Sb4O7,hysteresis_window_V,0.2528176797453229,0.2040012,0.2876619,0.387609,True
Li2TeS3__Na2Sb4O7,hysteresis_window_V,1.1287728053062205,0.6843232,1.0479422,1.289039,True
Li2TeS3__Na2Sb4O7,hysteresis_window_V,0.5301367303955724,0.4452468,0.6155255,0.74348825,True
Li2TeS3__Na2Sb4O7,hysteresis_window_V,0.3310074518520418,0.2468511,0.352766,0.43874365,True
K2Sn2O3__Li2Ti6Zn3O16,hysteresis_window_V,0.5501003515326173,0.38037607,0.5337989,0.70513874,True
K2Sn2O3__Li2Ti6Zn3O16,hysteresis_window_V,0.335519702531928,0.28123832,0.3812482,0.49197188,True
K2Sn2O3__Li2Ti6Zn3O16,hysteresis_window_V,0.2855927615012493,0.2266562,0.33731782,0.42506093,True
K2Sn2O3__Li2Ti6Zn3O16,hysteresis_window_V,0.2660832665421765,0.23121606,0.30797789,0.4655551,True
KZnSb__Na2CaTi2(GeO4)3,hysteresis_window_V,1.2804439316639924,0.89597285,1.3834192,1.408049,True
KZnSb__Na2CaTi2(GeO4)3,hysteresis_window_V,0.1254878172485707,0.12677246,0.14285927,0.29874864,False
KZnSb__Na2CaTi2(GeO4)3,hysteresis_window_V,0.7309532222076414,0.5097286,0.7039057,0.85763574,True
KZnSb__Na2CaTi2(GeO4)3,hysteresis_window_V,0.1472422875475282,0.17315164,0.20690824,0.43903175,False
Zn(SbO3)2__KSi5N7,hysteresis_window_V,0.3208475464095475,0.2837507,0.37076625,0.5069263,True
Zn(SbO3)2__KSi5N7,hysteresis_window_V,0.7032311565028241,0.47658914,0.61623824,0.77536297,True
Zn(SbO3)2__KSi5N7,hysteresis_window_V,0.9326448568899574,0.57703555,0.82203716,0.9566928,True
Zn(SbO3)2__KSi5N7,hysteresis_window_V,1.648180800707617,1.033943,1.6902648,1.7327106,True
P7Pb__Na6S2O9,hysteresis_window_V,0.4487686807708257,0.33476645,0.44985384,0.5894817,True
P7Pb__Na6S2O9,hysteresis_window_V,0.3843340534687289,0.3270808,0.40004066,0.5422784,True
P7Pb__Na6S2O9,hysteresis_window_V,0.1900195365095787,0.18882106,0.2008616,0.444413,True
P7Pb__Na6S2O9,hysteresis_window_V,0.76590355587991,0.46015447,0.6275499,0.7277213,False
Na6GaAs3__KSnPO5,hysteresis_window_V,1.7202613969648537,0.9406306,1.5917063,1.6596586,False
Na6GaAs3__KSnPO5,hysteresis_window_V,1.357879031642022,0.66582364,1.137586,1.3621347,True
Na6GaAs3__KSnPO5,hysteresis_window_V,0.3003797945247505,0.24297771,0.32425517,0.4740954,True
Na6GaAs3__KSnPO5,hysteresis_window_V,1.2956334438129369,0.8603774,1.2326579,1.3582901,True
IO2F__K2LiAlH6,hysteresis_window_V,0.5733732775324676,0.35342523,0.55533177,0.67808443,True
IO2F__K2LiAlH6,hysteresis_window_V,1.0308416883598317,0.626295,0.8825464,1.055622,True
IO2F__K2LiAlH6,hysteresis_window_V,0.6651790337431053,0.42637682,0.57784563,0.7336041,True
IO2F__K2LiAlH6,hysteresis_window_V,0.7955218579255362,0.5015283,0.71698105,0.89761734,True
BrNO3__Ca2As2O7,hysteresis_window_V,0.8857302905633518,0.55214804,0.71349514,0.937309,True
BrNO3__Ca2As2O7,hysteresis_window_V,0.412087244648829,0.27922085,0.34582794,0.52725667,True
BrNO3__Ca2As2O7,hysteresis_window_V,0.5129846853362788,0.35949466,0.5055881,0.63705945,True
BrNO3__Ca2As2O7,hysteresis_window_V,0.5826591079110037,0.36489555,0.51938087,0.6733643,True
SbSI__Sb2IBr2F11,hysteresis_window_V,1.1875980390226195,0.7364646,1.1227022,1.2897798,True
SbSI__Sb2IBr2F11,hysteresis_window_V,0.1405047853616519,0.09115182,0.13412651,0.26079667,True
SbSI__Sb2IBr2F11,hysteresis_window_V,1.0296351824698478,0.6417142,1.0098363,1.1865785,True
SbSI__Sb2IBr2F11,hysteresis_window_V,0.3836273346542888,0.22910134,0.3994932,0.53352755,True
Li3SbS4__K2SbCl5,hysteresis_window_V,0.3995298454159404,0.31437927,0.39336,0.5656529,True
Li3SbS4__K2SbCl5,hysteresis_window_V,0.2661658489404807,0.20206706,0.24851885,0.37300593,True
Li3SbS4__K2SbCl5,hysteresis_window_V,0.1583765351000236,0.13297935,0.16907868,0.4628731,True
Li3SbS4__K2SbCl5,hysteresis_window_V,0.7864660139595309,0.58602643,0.5914098,1.0186273,True
Na5SnP3__K2Li3GaO4,hysteresis_window_V,0.9048782278934518,0.6082653,0.8111158,1.005468,True
Na5SnP3__K2Li3GaO4,hysteresis_window_V,0.1758590762553803,0.19514658,0.19626856,0.505,False
Na5SnP3__K2Li3GaO4,hysteresis_window_V,0.6891780314384605,0.41316468,0.66558206,0.79003835,True
Na5SnP3__K2Li3GaO4,hysteresis_window_V,0.9333164535139042,0.56396145,0.87419844,1.0200826,True
SnO2__Al6Cd4SO12,hysteresis_window_V,1.6109415805084706,0.90525985,1.3015884,1.3661186,False
SnO2__Al6Cd4SO12,hysteresis_window_V,0.5388210279826715,0.36624312,0.5758134,0.6929339,True
SnO2__Al6Cd4SO12,hysteresis_window_V,0.1082891347394364,0.0959512,0.12523618,0.22226152,True
SnO2__Al6Cd4SO12,hysteresis_window_V,0.6345508380219149,0.39796102,0.6040346,0.725517,True
Na4Ge2PbS6__SbCl5,hysteresis_window_V,1.6268431126343443,0.80477905,1.6346284,1.8307498,True
Na4Ge2PbS6__SbCl5,hysteresis_window_V,0.373435476997842,0.20087168,0.38117316,0.48914698,True
Na4Ge2PbS6__SbCl5,hysteresis_window_V,0.5663365785289657,0.31842732,0.5309226,0.6524541,True
Na4Ge2PbS6__SbCl5,hysteresis_window_V,0.6168033534254578,0.30338824,0.5650301,0.75188136,True
HI3__LiInI4,hysteresis_window_V,0.3158654595109268,0.2126893,0.30713397,0.43049446,True
HI3__LiInI4,hysteresis_window_V,0.0947522778701101,0.08093485,0.11355838,0.22439617,True
HI3__LiInI4,hysteresis_window_V,0.8579264115283763,0.45824558,0.80559033,0.9465555,True
HI3__LiInI4,hysteresis_window_V,0.3294582851623043,0.24789707,0.3176668,0.54590666,True
KSbO3__K2Zn(GeO3)2,hysteresis_window_V,0.316879323430609,0.26332948,0.7115069,1.0447164,True
KSbO3__K2Zn(GeO3)2,hysteresis_window_V,0.3076029735149707,0.3068188,0.59148186,1.0483638,True
KSbO3__K2Zn(GeO3)2,hysteresis_window_V,0.2892312515342727,0.33076125,0.63036096,0.98713714,False
KSbO3__K2Zn(GeO3)2,hysteresis_window_V,0.4744336871160846,0.59387463,0.9973532,1.4355769,False
Ca2Ge__P3HT,hysteresis_window_V,1.247236229818392,0.6410771,1.034462,1.1411754,False
Ca2Ge__P3HT,hysteresis_window_V,2.688218662561085,1.2481701,2.123803,2.5047917,False
Ca2Ge__P3HT,hysteresis_window_V,0.7991200966813271,0.43989825,0.6969973,1.1500597,True
Ca2Ge__P3HT,hysteresis_window_V,0.6405942180671733,0.42026964,0.5613385,0.69492143,True
K4Ti3S14__K2In2P3Se10,hysteresis_window_V,0.0679755197683754,0.065847255,0.068336256,0.20382491,True
K4Ti3S14__K2In2P3Se10,hysteresis_window_V,0.4732215564010478,0.372488,0.5105799,0.6564262,True
K4Ti3S14__K2In2P3Se10,hysteresis_window_V,0.8163988317113461,0.39737037,0.75101537,0.9431863,True
K4Ti3S14__K2In2P3Se10,hysteresis_window_V,0.773734870579049,0.4599949,0.7932994,0.9418499,True
TeS7Cl2__Na2LiAlH6,hysteresis_window_V,0.1291404048228795,0.11970719,0.16067702,0.25505742,True
TeS7Cl2__Na2LiAlH6,hysteresis_window_V,0.731174387796157,0.543404,0.74752617,0.8955481,True
TeS7Cl2__Na2LiAlH6,hysteresis_window_V,0.9617657484266552,0.6778102,0.914703,1.1309533,True
TeS7Cl2__Na2LiAlH6,hysteresis_window_V,1.4488968074284871,1.003561,1.3283371,1.4078703,False
K2Sb4O11__Al2Te3,hysteresis_window_V,0.4570171546215603,0.3242233,0.5233837,0.72631174,True
K2Sb4O11__Al2Te3,hysteresis_window_V,1.362055153003013,0.7973022,1.3895284,1.729748,True
K2Sb4O11__Al2Te3,hysteresis_window_V,1.018814976984863,0.5383379,0.99212253,1.3328542,True
K2Sb4O11__Al2Te3,hysteresis_window_V,0.174697097804448,0.12756239,0.18940678,0.3853768,True
K4PbO3__SICl7,hysteresis_window_V,0.4065026006818966,0.27519587,0.43785152,0.6055439,True
K4PbO3__SICl7,hysteresis_window_V,0.3313958869859007,0.26808006,0.36493385,0.5720666,True
K4PbO3__SICl7,hysteresis_window_V,0.4319942683933967,0.30878684,0.47153676,0.53569996,True
K4PbO3__SICl7,hysteresis_window_V,2.0613502530560592,0.9940257,1.8099784,1.9650979,False
Na2SnAs2__CaTeO3,hysteresis_window_V,1.3048909452129482,0.7883332,1.1063048,1.2801564,False
Na2SnAs2__CaTeO3,hysteresis_window_V,0.0943358220529697,0.07906277,0.09445946,0.21456979,True
Na2SnAs2__CaTeO3,hysteresis_window_V,0.5737288958362636,0.33632493,0.50692767,0.6637286,True
Na2SnAs2__CaTeO3,hysteresis_window_V,0.7924696028295255,0.54768914,0.73761237,0.9363108,True
Sb2O5__K3Li3TeO6,hysteresis_window_V,1.5588668661768303,0.99513054,1.5242598,1.649201,True
Sb2O5__K3Li3TeO6,hysteresis_window_V,0.7930601850655178,0.42612916,0.7277434,0.8262794,True
Sb2O5__K3Li3TeO6,hysteresis_window_V,2.02528018904478,1.0590086,1.737217,1.946632,False
Sb2O5__K3Li3TeO6,hysteresis_window_V,0.136959491248419,0.09386602,0.14012368,0.25598496,True
K2Pb2O3__Ca2PN3,hysteresis_window_V,0.237371277365006,0.1650769,0.2370497,0.34446305,True
K2Pb2O3__Ca2PN3,hysteresis_window_V,0.9714791717906536,0.475327,0.81175584,1.0186028,True
K2Pb2O3__Ca2PN3,hysteresis_window_V,0.233782790418553,0.12638505,0.23372298,0.388561,True
K2Pb2O3__Ca2PN3,hysteresis_window_V,0.4658453926511134,0.28754032,0.44362107,0.62426656,True
SCl4__NaGa(SeO3)2,hysteresis_window_V,0.6862378529342398,0.402194,0.51071846,0.70748806,True
SCl4__NaGa(SeO3)2,hysteresis_window_V,0.4646796522566573,0.24344383,0.4193907,0.5445941,True
SCl4__NaGa(SeO3)2,hysteresis_window_V,1.6953567105188596,0.83017284,1.187623,1.5887202,False
SCl4__NaGa(SeO3)2,hysteresis_window_V,1.7882254444011874,0.9627689,1.4341223,1.5779302,False
TeHO3__Cd(GaTe2)2,hysteresis_window_V,0.1102817132730857,0.109793715,0.110182166,0.26392204,True
TeHO3__Cd(GaTe2)2,hysteresis_window_V,0.1636400425416025,0.15512216,0.20049597,0.31349683,True
TeHO3__Cd(GaTe2)2,hysteresis_window_V,0.6359947354379931,0.42547694,0.61133856,0.7889696,True
TeHO3__Cd(GaTe2)2,hysteresis_window_V,0.6265422419501944,0.44491392,0.59185207,0.7366306,True
K2GeSe3__CdPbF6,hysteresis_window_V,0.5056219148811393,0.46327415,0.5253416,0.63779175,True
K2GeSe3__CdPbF6,hysteresis_window_V,0.3570791574922372,0.25845346,0.40364912,0.48368853,True
K2GeSe3__CdPbF6,hysteresis_window_V,0.5365731558738763,0.34809318,0.5100105,0.58415055,True
K2GeSe3__CdPbF6,hysteresis_window_V,1.6514367277430992,1.0834657,1.6040446,1.735517,True
Pentacene__LiCaAlN2,hysteresis_window_V,0.5621792232079779,0.48316747,0.6242651,0.73755026,True
Pentacene__LiCaAlN2,hysteresis_window_V,0.3014088792212864,0.22247158,0.3505418,0.4481842,True
Pentacene__LiCaAlN2,hysteresis_window_V,0.3321455825619507,0.29336357,0.33564755,0.46804985,True
Pentacene__LiCaAlN2,hysteresis_window_V,0.1145381778671669,0.122232534,0.13037808,0.25898075,False
SbBr5F6__Na2In2GeS6,hysteresis_window_V,0.8895318445991522,0.47684702,0.819145,1.0047084,True
SbBr5F6__Na2In2GeS6,hysteresis_window_V,0.1659519228852233,0.14038783,0.19661282,0.29779568,True
SbBr5F6__Na2In2GeS6,hysteresis_window_V,0.1796646859507512,0.15354823,0.17103267,0.32102433,True
SbBr5F6__Na2In2GeS6,hysteresis_window_V,0.1938695340811551,0.14741531,0.17775872,0.31146905,True
Li3As7(H3N)13__Na2Se2O7,hysteresis_window_V,0.446729792048999,0.317355,0.4652328,0.66106915,True
Li3As7(H3N)13__Na2Se2O7,hysteresis_window_V,1.4005368825424738,0.8527711,1.2008764,1.4391533,True
Li3As7(H3N)13__Na2Se2O7,hysteresis_window_V,0.6641025627742905,0.41007578,0.587556,0.76200354,True
Li3As7(H3N)13__Na2Se2O7,hysteresis_window_V,0.475485575735814,0.29505932,0.43241662,0.6209336,True
LiZnN__Ca(AlSe2)2,hysteresis_window_V,0.1972357617561339,0.107251585,0.17660709,0.31306353,True
LiZnN__Ca(AlSe2)2,hysteresis_window_V,1.9030473787079405,0.90863407,1.6486574,1.9075053,True
LiZnN__Ca(AlSe2)2,hysteresis_window_V,0.5339888390173233,0.38495517,0.6371146,0.75947624,True
LiZnN__Ca(AlSe2)2,hysteresis_window_V,0.372101605138665,0.3076772,0.44079694,0.5323744,True
Na5GeP3__K2Zn3O4,hysteresis_window_V,0.3146604667386751,0.26674458,0.4625095,0.63883084,True
Na5GeP3__K2Zn3O4,hysteresis_window_V,0.1304714328528214,0.12870353,0.20940393,0.36900184,True
Na5GeP3__K2Zn3O4,hysteresis_window_V,0.0515931488916296,0.05450573,0.055579513,0.2959427,False
Na5GeP3__K2Zn3O4,hysteresis_window_V,0.6278751444697778,0.611237,0.8551255,1.2129787,True
Ti(SeO3)2__Sb2S19F12,hysteresis_window_V,1.2545603434460129,0.71488035,1.0352046,1.25629,True
Ti(SeO3)2__Sb2S19F12,hysteresis_window_V,0.0891062558750539,0.080127195,0.1021135,0.36750993,True
Ti(SeO3)2__Sb2S19F12,hysteresis_window_V,0.0872711739552709,0.07835834,0.08685747,0.21158737,True
Ti(SeO3)2__Sb2S19F12,hysteresis_window_V,1.1416499915541007,0.6459466,1.0449306,1.2149966,True
Li10Sn(PSe6)2__NaInS2,hysteresis_window_V,0.1894536395796631,0.21174769,0.27135774,0.40963265,False
Li10Sn(PSe6)2__NaInS2,hysteresis_window_V,0.5045580808863386,0.39473048,0.5845191,0.6603771,True
Li10Sn(PSe6)2__NaInS2,hysteresis_window_V,0.5552073949974872,0.4830188,0.6142515,0.7710843,True
Li10Sn(PSe6)2__NaInS2,hysteresis_window_V,1.055748264033194,0.8364067,0.949226,1.1584369,True
K5In3(SiO3)7__SnTe3O8,hysteresis_window_V,1.711755257964895,0.8709374,1.573235,1.6908004,False
K5In3(SiO3)7__SnTe3O8,hysteresis_window_V,0.9634142090174682,0.57531923,0.83377576,1.0750912,True
K5In3(SiO3)7__SnTe3O8,hysteresis_window_V,0.220467478724008,0.18990102,0.27691585,0.506217,True
K5In3(SiO3)7__SnTe3O8,hysteresis_window_V,0.7744458672621339,0.38499466,0.72212154,0.89330995,True
LiCa11Sb9__KPSe6,hysteresis_window_V,0.526129786729026,0.37480238,0.50574625,0.62384063,True
LiCa11Sb9__KPSe6,hysteresis_window_V,0.2565185065663781,0.22674009,0.3669076,0.39198226,True
LiCa11Sb9__KPSe6,hysteresis_window_V,0.0395581750718951,0.036373284,0.056456894,0.16949515,True
LiCa11Sb9__KPSe6,hysteresis_window_V,0.1695977361447821,0.18172392,0.20733143,0.33014947,False
PTCDA__TeBrO3F5,hysteresis_window_V,0.1969282588664502,0.15293656,0.2260154,0.33389068,True
PTCDA__TeBrO3F5,hysteresis_window_V,1.42186342261746,0.83242077,1.2756871,1.3627932,False
PTCDA__TeBrO3F5,hysteresis_window_V,0.888436950117845,0.49589694,0.78653747,0.9745376,True
PTCDA__TeBrO3F5,hysteresis_window_V,0.1581768334075057,0.11731289,0.17410058,0.28670523,True
In5S5Br__AlPI8,hysteresis_window_V,0.1626672183613011,0.12189234,0.1630271,0.4184313,True
In5S5Br__AlPI8,hysteresis_window_V,0.543459172504781,0.33843154,0.58343667,0.79453015,True
In5S5Br__AlPI8,hysteresis_window_V,0.2626794782715789,0.24554633,0.33060184,0.48784468,True
In5S5Br__AlPI8,hysteresis_window_V,0.190840912363891,0.16575713,0.22532016,0.4798391,True
LiSb3O8__TeSe,hysteresis_window_V,0.0606739980150217,0.098345,0.14269076,0.25134096,False
LiSb3O8__TeSe,hysteresis_window_V,0.0675081111227688,0.13619693,0.1561477,0.39551666,False
LiSb3O8__TeSe,hysteresis_window_V,0.0825070508450769,0.11445728,0.15727097,0.2984986,False
LiSb3O8__TeSe,hysteresis_window_V,0.2106230884382853,0.268616,0.42638618,0.54809266,False
ZnSe2__NaH2N,hysteresis_window_V,0.0842097802274576,0.10484118,0.12196255,0.22206,False
ZnSe2__NaH2N,hysteresis_window_V,0.2507350626828039,0.24576141,0.4047128,0.50394,True
ZnSe2__NaH2N,hysteresis_window_V,0.8642415120019903,0.5954171,0.7942154,0.90063024,True
ZnSe2__NaH2N,hysteresis_window_V,1.5249775853191414,0.8987911,1.3688817,1.4728825,False
Na2SnAs2__SnPCl9,hysteresis_window_V,0.1472975718500304,0.15714414,0.16914651,0.4347755,False
Na2SnAs2__SnPCl9,hysteresis_window_V,0.8820681857289558,0.63322806,0.8697185,1.0849204,True
Na2SnAs2__SnPCl9,hysteresis_window_V,1.033154690457287,0.6388763,0.9731453,1.0801173,True
Na2SnAs2__SnPCl9,hysteresis_window_V,0.7871769605990749,0.4827279,0.6806,0.800485,True
KGaI4__SbS8Cl3,hysteresis_window_V,1.0613726575214542,0.62834513,0.9648992,1.1086948,True
KGaI4__SbS8Cl3,hysteresis_window_V,1.5568259742400683,0.8873063,1.4963243,1.602082,True
KGaI4__SbS8Cl3,hysteresis_window_V,0.6654350176509575,0.4785244,0.7405969,0.7528302,True
KGaI4__SbS8Cl3,hysteresis_window_V,1.0756604067143474,0.6435678,1.0290066,1.1123486,True
Si__ZnSe2O5,hysteresis_window_V,0.2938983470869174,0.21912704,0.30558658,0.4051128,True
Si__ZnSe2O5,hysteresis_window_V,0.1510810558018046,0.13433813,0.19731215,0.26727057,True
Si__ZnSe2O5,hysteresis_window_V,1.5838163465326969,0.9318506,1.4169918,1.5649501,False
Si__ZnSe2O5,hysteresis_window_V,0.6392974361072915,0.39619,0.6011991,0.7024267,True
IBr__K4Ge(PS3)4,hysteresis_window_V,1.6924205103533123,0.94282395,1.4448541,1.4875741,False
IBr__K4Ge(PS3)4,hysteresis_window_V,0.4656947727896885,0.24852519,0.41883206,0.5911468,True
IBr__K4Ge(PS3)4,hysteresis_window_V,0.5753833470152891,0.3750282,0.5115927,0.7051751,True
IBr__K4Ge(PS3)4,hysteresis_window_V,0.431242832963456,0.25829306,0.42872092,0.53412753,True
Li2S__P2Pb3S8,hysteresis_window_V,0.4078939953534443,0.27960742,0.4042355,0.5440242,True
Li2S__P2Pb3S8,hysteresis_window_V,0.1037018636318711,0.08307109,0.10929689,0.21862778,True
Li2S__P2Pb3S8,hysteresis_window_V,0.5041909441241378,0.28944564,0.46774894,0.5812842,True
Li2S__P2Pb3S8,hysteresis_window_V,0.3193639199686504,0.18615656,0.3071603,0.41942438,True
K6Ti2S6O__PbBr2,hysteresis_window_V,0.1201332240809635,0.08905756,0.14385502,0.3265321,True
K6Ti2S6O__PbBr2,hysteresis_window_V,0.5016905549284575,0.33622095,0.5044042,0.6136739,True
K6Ti2S6O__PbBr2,hysteresis_window_V,1.0019682419440787,0.66564596,0.95450366,1.1642365,True
K6Ti2S6O__PbBr2,hysteresis_window_V,1.109301386856095,0.64576745,0.95791036,1.1544187,True
BrF5__K2ZnTe2,hysteresis_window_V,0.1872449799134318,0.14063689,0.17898603,0.33222756,True
BrF5__K2ZnTe2,hysteresis_window_V,0.3905937985413716,0.36307687,0.41873798,0.57510793,True
BrF5__K2ZnTe2,hysteresis_window_V,0.1760970763849282,0.18684831,0.23110701,0.46047348,False
BrF5__K2ZnTe2,hysteresis_window_V,0.2172810545392056,0.2402622,0.3628595,0.51181173,False
Al2PbSe4__SbPO5,hysteresis_window_V,0.7939269519461876,0.5284196,0.74918497,0.90082896,True
Al2PbSe4__SbPO5,hysteresis_window_V,0.063324362352236,0.07801611,0.082875445,0.20795622,False
Al2PbSe4__SbPO5,hysteresis_window_V,0.0844915949786486,0.09788706,0.11301075,0.29855692,False
Al2PbSe4__SbPO5,hysteresis_window_V,0.6750563921753499,0.38762906,0.5787864,0.7560808,True
Na7Al2Sb5__Na6ZnSe4,hysteresis_window_V,0.8082366128285974,0.4478861,0.7781314,0.95196164,True
Na7Al2Sb5__Na6ZnSe4,hysteresis_window_V,1.0071263303202476,0.49971336,0.9400205,1.1691456,True
Na7Al2Sb5__Na6ZnSe4,hysteresis_window_V,0.9199123111837276,0.47403735,0.78176075,0.95174634,True
Na7Al2Sb5__Na6ZnSe4,hysteresis_window_V,0.3503349889078859,0.2996003,0.401042,0.5536068,True
K3LiGe4__P2H9(CBr)3,hysteresis_window_V,0.2565324944562429,0.26403698,0.2877181,0.3857611,False
K3LiGe4__P2H9(CBr)3,hysteresis_window_V,1.9369562213855327,1.0310365,1.7089413,1.8390477,False
K3LiGe4__P2H9(CBr)3,hysteresis_window_V,0.1559414925534527,0.15484396,0.21043307,0.4479164,True
K3LiGe4__P2H9(CBr)3,hysteresis_window_V,0.8560684373536284,0.5802972,0.79157364,0.95445967,True
SnSe__GeSe,hysteresis_window_V,0.027878980454167,0.057860605,0.07387507,0.34050927,False
SnSe__GeSe,hysteresis_window_V,0.1519323908616816,0.20655768,0.40701434,0.65794015,False
SnSe__GeSe,hysteresis_window_V,0.1083422648690509,0.21860178,0.3225212,0.5296874,False
SnSe__GeSe,hysteresis_window_V,0.0664695717141206,0.10750971,0.1688728,0.4616717,False
Ca3GaN3__Na10Zn4O9,hysteresis_window_V,0.1329721454356952,0.15399991,0.1568337,0.4322329,False
Ca3GaN3__Na10Zn4O9,hysteresis_window_V,0.3289897628824497,0.21188909,0.32559678,0.4091465,True
Ca3GaN3__Na10Zn4O9,hysteresis_window_V,0.5812630853565335,0.33264124,0.5862936,0.67556816,True
Ca3GaN3__Na10Zn4O9,hysteresis_window_V,0.2681909993261318,0.17560983,0.28261793,0.47716308,True
GeS2__SbClF8,hysteresis_window_V,0.1837205518792389,0.1578302,0.2167497,0.31828034,True
GeS2__SbClF8,hysteresis_window_V,0.1686830541069521,0.19084676,0.21403363,0.3063461,False
GeS2__SbClF8,hysteresis_window_V,0.159873183009182,0.14580852,0.18254563,0.3920936,True
GeS2__SbClF8,hysteresis_window_V,0.2030604760684507,0.20924489,0.22046438,0.36556607,False
TiSnP2SO12__KSiSbO5,hysteresis_window_V,0.4300588016228764,0.27208814,0.4546034,0.55025417,True
TiSnP2SO12__KSiSbO5,hysteresis_window_V,0.4885942469958023,0.29660812,0.45295003,0.5982467,True
TiSnP2SO12__KSiSbO5,hysteresis_window_V,0.0567331317201871,0.03513217,0.0481995,0.188396,True
TiSnP2SO12__KSiSbO5,hysteresis_window_V,0.421244733094039,0.24706297,0.38490325,0.5214639,True
Na3TiF8__Sn5O6,hysteresis_window_V,0.4834713473191213,0.4103999,0.5784828,0.72125435,True
Na3TiF8__Sn5O6,hysteresis_window_V,0.5049793077292032,0.32715353,0.523306,0.64591557,True
Na3TiF8__Sn5O6,hysteresis_window_V,0.8728205373695593,0.6324638,0.8370168,0.97105837,True
Na3TiF8__Sn5O6,hysteresis_window_V,0.3592700815448304,0.35183063,0.4103039,0.57309264,True
In2Si2Pb2O9__H4CSN2,hysteresis_window_V,1.0350920238150725,0.62772375,0.9493772,1.0228459,False
In2Si2Pb2O9__H4CSN2,hysteresis_window_V,0.9462950073936096,0.6421924,0.9325702,1.0616046,True
In2Si2Pb2O9__H4CSN2,hysteresis_window_V,1.2262306018226214,0.8154803,1.234534,1.2780098,True
In2Si2Pb2O9__H4CSN2,hysteresis_window_V,1.6947959698124555,1.032717,1.5471221,1.7753491,True
K4I2O9__SbBr(OF3)2,hysteresis_window_V,0.5820630480885388,0.35297054,0.52850664,0.70680463,True
K4I2O9__SbBr(OF3)2,hysteresis_window_V,0.1565717543102796,0.17371683,0.19536646,0.29112554,False
K4I2O9__SbBr(OF3)2,hysteresis_window_V,0.4781304788968915,0.34840715,0.46407816,0.6107594,True
K4I2O9__SbBr(OF3)2,hysteresis_window_V,0.8409168817909445,0.5724879,0.80456823,0.9276049,True
SnO__K2Ga2As3,hysteresis_window_V,0.7860146436253406,0.53034276,0.70836544,0.9266271,True
SnO__K2Ga2As3,hysteresis_window_V,0.4058468147104523,0.30594006,0.386595,0.59451914,True
SnO__K2Ga2As3,hysteresis_window_V,1.3113200311913675,0.87281597,1.2822343,1.299467,False
SnO__K2Ga2As3,hysteresis_window_V,0.8959087869469176,0.5690792,0.81359535,0.9082602,True
Li2TiO3__Sn(SO4)2,hysteresis_window_V,0.709551840387221,0.36327374,0.66547024,0.8590637,True
Li2TiO3__Sn(SO4)2,hysteresis_window_V,0.8243523788346033,0.47377276,0.8995178,1.0025743,True
Li2TiO3__Sn(SO4)2,hysteresis_window_V,0.7064661971503658,0.45497867,0.7004213,0.8296319,True
Li2TiO3__Sn(SO4)2,hysteresis_window_V,0.1795494881234341,0.15500645,0.1983276,0.48071638,True
SbPS4__CdSiP2,hysteresis_window_V,0.5347278825961318,0.36421698,0.49869522,0.6404033,True
SbPS4__CdSiP2,hysteresis_window_V,0.8737327054081564,0.5540099,0.7618641,0.9694212,True
SbPS4__CdSiP2,hysteresis_window_V,0.078095013726694,0.06624323,0.07632247,0.20776676,True
SbPS4__CdSiP2,hysteresis_window_V,0.4935723549895017,0.35681322,0.53832316,0.65377825,True
Na3AsO4__Ca2SnO4,hysteresis_window_V,1.223269591069272,0.8528338,1.1406786,1.2566268,True
Na3AsO4__Ca2SnO4,hysteresis_window_V,0.678382768160808,0.48303458,0.62185967,0.7831478,True
Na3AsO4__Ca2SnO4,hysteresis_window_V,0.0551727386947041,0.04722938,0.047348086,0.19130768,True
Na3AsO4__Ca2SnO4,hysteresis_window_V,0.1102853826927735,0.10453842,0.12154921,0.22878821,True
K4Ti3S14__P4S9,hysteresis_window_V,1.511962229842926,0.93113714,1.4149262,1.550455,True
K4Ti3S14__P4S9,hysteresis_window_V,0.5444410464091276,0.37543213,0.5047827,0.6641798,True
K4Ti3S14__P4S9,hysteresis_window_V,0.5293242463870284,0.41554317,0.5348189,0.62429386,True
K4Ti3S14__P4S9,hysteresis_window_V,0.4094432312428891,0.32587487,0.4345381,0.516098,True
Li2CdGeO4__Rubrene,hysteresis_window_V,0.4197568410163328,0.37717775,0.43274465,0.5614778,True
Li2CdGeO4__Rubrene,hysteresis_window_V,1.1900222367419415,0.80737156,0.955731,1.183054,False
Li2CdGeO4__Rubrene,hysteresis_window_V,0.1777617719012837,0.21927176,0.30960006,0.36984116,False
Li2CdGeO4__Rubrene,hysteresis_window_V,2.949823678588571,1.2453882,2.1844435,2.3198218,False
Li2CdGeS4__CaSiN2,hysteresis_window_V,0.3657625293615877,0.21025394,0.33669338,0.4299341,True
Li2CdGeS4__CaSiN2,hysteresis_window_V,0.4082525224515866,0.23963298,0.36921036,0.55050564,True
Li2CdGeS4__CaSiN2,hysteresis_window_V,0.6202286928711297,0.35736182,0.5765033,0.72791564,True
Li2CdGeS4__CaSiN2,hysteresis_window_V,0.1001574260190999,0.0706254,0.07834853,0.21412806,True
SbCl(OF3)2__Na4Al3Ge3IO12,hysteresis_window_V,1.141203000034958,0.6497231,1.0265784,1.1811441,True
SbCl(OF3)2__Na4Al3Ge3IO12,hysteresis_window_V,0.3122827216500404,0.27518228,0.35395467,0.4667393,True
SbCl(OF3)2__Na4Al3Ge3IO12,hysteresis_window_V,0.0398797254198428,0.059348125,0.07141524,0.17466468,False
SbCl(OF3)2__Na4Al3Ge3IO12,hysteresis_window_V,0.5359683905070126,0.46284452,0.6047709,0.6697937,True
K2Sn2Se5__CaSb10(S3O5)2,hysteresis_window_V,1.1951122915156176,0.672527,1.0354825,1.2625347,True
K2Sn2Se5__CaSb10(S3O5)2,hysteresis_window_V,1.072797079259477,0.6185773,0.9866552,1.2180871,True
K2Sn2Se5__CaSb10(S3O5)2,hysteresis_window_V,1.4178475562469472,0.78322566,1.1813301,1.3593459,False
K2Sn2Se5__CaSb10(S3O5)2,hysteresis_window_V,0.3531840184854261,0.28917402,0.39079392,0.5402341,True
Ca3In2(GeO4)3__K2Zn(H2N)4,hysteresis_window_V,0.1390261585244033,0.10673114,0.13052432,0.35648116,True
Ca3In2(GeO4)3__K2Zn(H2N)4,hysteresis_window_V,2.031084967819585,0.9765477,1.7029526,1.9563321,False
Ca3In2(GeO4)3__K2Zn(H2N)4,hysteresis_window_V,0.2339055765604111,0.15080205,0.24287428,0.3275066,True
Ca3In2(GeO4)3__K2Zn(H2N)4,hysteresis_window_V,0.3775298795389349,0.22916865,0.39957374,0.52419555,True
Sn(SeO3)2__Zn(IO3)2,hysteresis_window_V,0.3650931044788271,0.25234818,0.3033023,0.57407933,True
Sn(SeO3)2__Zn(IO3)2,hysteresis_window_V,0.1702013896152363,0.13496129,0.13875456,0.44693723,True
Sn(SeO3)2__Zn(IO3)2,hysteresis_window_V,0.4470477578522979,0.26724386,0.4139227,0.61555016,True
Sn(SeO3)2__Zn(IO3)2,hysteresis_window_V,0.7932579727930388,0.3867309,0.64055735,0.87551945,True
KSb(PO4)2__Li2Se,hysteresis_window_V,1.6341478108277327,1.0647974,1.6983751,1.985866,True
KSb(PO4)2__Li2Se,hysteresis_window_V,0.1742734971887824,0.20675401,0.22592121,0.395484,False
KSb(PO4)2__Li2Se,hysteresis_window_V,1.060408987889672,0.7736635,1.1659877,1.2674437,True
KSb(PO4)2__Li2Se,hysteresis_window_V,0.2765416417987658,0.2514734,0.37020573,0.42575106,True
Li3N__K2O,hysteresis_window_V,0.3383018892377343,0.23409429,0.32224256,0.52827775,True
Li3N__K2O,hysteresis_window_V,0.6719861462713884,0.37501517,0.5586677,0.71641684,True
Li3N__K2O,hysteresis_window_V,0.3875479360558147,0.24339479,0.37889135,0.45959193,True
Li3N__K2O,hysteresis_window_V,0.7721072194654226,0.43660235,0.71658874,0.8896494,True
Sn2SI2__SnTe3O8,hysteresis_window_V,0.7644419510217398,0.54354,0.7191767,0.8683096,True
Sn2SI2__SnTe3O8,hysteresis_window_V,0.4066146338855177,0.2796171,0.42762938,0.5261486,True
Sn2SI2__SnTe3O8,hysteresis_window_V,1.187571439885099,0.6885958,1.0563065,1.3074412,True
Sn2SI2__SnTe3O8,hysteresis_window_V,0.2433092159200771,0.20579046,0.2549521,0.49651712,True
GaSbO4__LiGa5O8,hysteresis_window_V,0.1822763194376321,0.1752374,0.2416916,0.35592747,True
GaSbO4__LiGa5O8,hysteresis_window_V,1.175908863008864,0.77417636,1.2035314,1.2920161,True
GaSbO4__LiGa5O8,hysteresis_window_V,0.5200372706818999,0.39226022,0.53488964,0.64584833,True
GaSbO4__LiGa5O8,hysteresis_window_V,0.0957818728303591,0.10941695,0.111073874,0.2626361,False
SbBr5F6__I2O5,hysteresis_window_V,0.5780338162950739,0.38918746,0.5837382,0.80934477,True
SbBr5F6__I2O5,hysteresis_window_V,0.479806730197293,0.36210528,0.5238836,0.65928614,True
SbBr5F6__I2O5,hysteresis_window_V,0.4546562729519269,0.31394705,0.48469394,0.65193987,True
SbBr5F6__I2O5,hysteresis_window_V,0.6940899455886341,0.43185735,0.6639192,0.89661,True
K2GaAs2__K2NaGaP2,hysteresis_window_V,0.6397683776848402,0.6006178,0.8873938,1.4146136,True
K2GaAs2__K2NaGaP2,hysteresis_window_V,0.2177924145312361,0.22802609,0.37353972,0.516503,False
K2GaAs2__K2NaGaP2,hysteresis_window_V,0.2341451550810685,0.21079016,0.39960015,0.575759,True
K2GaAs2__K2NaGaP2,hysteresis_window_V,0.1748576422110448,0.15224184,0.3115812,0.49473077,True
CdIn2O4__Cd2AsHO5,hysteresis_window_V,0.5177830938300032,0.24761228,0.45513153,0.5327195,True
CdIn2O4__Cd2AsHO5,hysteresis_window_V,1.161315572016539,0.49881583,0.9544211,1.128304,False
CdIn2O4__Cd2AsHO5,hysteresis_window_V,0.8842564233515474,0.43407238,0.7227957,0.88923085,True
CdIn2O4__Cd2AsHO5,hysteresis_window_V,0.1685958804129187,0.16492951,0.21159628,0.49512202,True
K2SnO2__SeO2,hysteresis_window_V,0.8983956532961855,0.68217343,0.94810766,1.0780591,True
K2SnO2__SeO2,hysteresis_window_V,0.5022733284648078,0.42362955,0.56224346,0.6310427,True
K2SnO2__SeO2,hysteresis_window_V,0.562997712456105,0.4220294,0.54434925,0.7244858,True
K2SnO2__SeO2,hysteresis_window_V,1.8218586371103829,0.97758967,1.47432,1.7769994,False
In2(SeO4)3__NaTi2(PO4)3,hysteresis_window_V,0.8587613362206385,0.4680746,0.71028644,0.9352391,True
In2(SeO4)3__NaTi2(PO4)3,hysteresis_window_V,0.2277391754504249,0.15536758,0.21617226,0.3286379,True
In2(SeO4)3__NaTi2(PO4)3,hysteresis_window_V,0.8205024858622751,0.45403966,0.66878825,0.86399204,True
In2(SeO4)3__NaTi2(PO4)3,hysteresis_window_V,0.8456384162642134,0.5042004,0.7521581,0.9962328,True
Na2ZnO2__SnO,hysteresis_window_V,0.2146373596960169,0.1930008,0.2805094,0.37984955,True
Na2ZnO2__SnO,hysteresis_window_V,0.636461508087846,0.45168254,0.6627037,0.8376036,True
Na2ZnO2__SnO,hysteresis_window_V,0.1232469411376287,0.13275957,0.14010982,0.2724294,False
Na2ZnO2__SnO,hysteresis_window_V,0.7062915946493526,0.57029474,0.73751444,0.96750116,True
K4ZnAs2__Na2SnO3,hysteresis_window_V,0.0840089424301968,0.07554662,0.08224038,0.20954426,True
K4ZnAs2__Na2SnO3,hysteresis_window_V,1.1236353949773548,0.61600316,0.9382518,1.1365328,True
K4ZnAs2__Na2SnO3,hysteresis_window_V,0.8470443029979147,0.4190363,0.70791864,0.83794016,False
K4ZnAs2__Na2SnO3,hysteresis_window_V,0.2465626917177993,0.22126052,0.24227099,0.39695415,True
NaS__KSi5N7,hysteresis_window_V,0.9971798051747748,0.5982741,0.9402754,1.0826161,True
NaS__KSi5N7,hysteresis_window_V,1.0199207961091292,0.7595489,1.0105656,1.191483,True
NaS__KSi5N7,hysteresis_window_V,1.1045831430258453,0.63999057,1.0519986,1.2046725,True
NaS__KSi5N7,hysteresis_window_V,0.4987490719538584,0.36061648,0.51565784,0.66600096,True
Ti4S24Cl6O__K5Na(Ti2Se9)3,hysteresis_window_V,0.2426571605211577,0.22707471,0.27119124,0.36043543,True
Ti4S24Cl6O__K5Na(Ti2Se9)3,hysteresis_window_V,0.614193670078725,0.35580245,0.59706616,0.7149737,True
Ti4S24Cl6O__K5Na(Ti2Se9)3,hysteresis_window_V,0.2689925701104455,0.23089404,0.28897744,0.37223056,True
Ti4S24Cl6O__K5Na(Ti2Se9)3,hysteresis_window_V,0.3059298171800534,0.24635933,0.2956271,0.45581427,True
Na6ZnSe4__Ca3In2(GeO4)3,hysteresis_window_V,1.1048743254499651,0.620336,1.0104297,1.2581524,True
Na6ZnSe4__Ca3In2(GeO4)3,hysteresis_window_V,0.4747939589814791,0.24859287,0.4488985,0.60275584,True
Na6ZnSe4__Ca3In2(GeO4)3,hysteresis_window_V,0.2550658130582767,0.1838988,0.2613813,0.3878573,True
Na6ZnSe4__Ca3In2(GeO4)3,hysteresis_window_V,0.753539342556276,0.4567053,0.6676773,0.8994649,True
K9InSe7__GaAsO4,hysteresis_window_V,0.7844187636492826,0.5022607,0.7127251,0.81434166,True
K9InSe7__GaAsO4,hysteresis_window_V,0.5722393890186478,0.49076298,0.57934445,0.7181513,True
K9InSe7__GaAsO4,hysteresis_window_V,0.5574326908114907,0.38153404,0.5614909,0.6220598,True
K9InSe7__GaAsO4,hysteresis_window_V,1.926452309377316,1.0871199,1.6473676,1.7978636,False
ZnGeP2__K2Ge(IO3)6,hysteresis_window_V,0.403667028671304,0.2651759,0.40324515,0.4897903,True
ZnGeP2__K2Ge(IO3)6,hysteresis_window_V,0.8877438430141016,0.5742672,0.77785414,0.9286366,True
ZnGeP2__K2Ge(IO3)6,hysteresis_window_V,0.6469852580300434,0.43496427,0.63854206,0.7861854,True
ZnGeP2__K2Ge(IO3)6,hysteresis_window_V,0.5023617138678204,0.32390168,0.45655274,0.603694,True
KNa7Pb2O7__K3Na2InO4,hysteresis_window_V,0.2629728581817233,0.17889298,0.2879625,0.52742964,True
KNa7Pb2O7__K3Na2InO4,hysteresis_window_V,0.7267885817328851,0.42317548,0.64351225,0.8466831,True
KNa7Pb2O7__K3Na2InO4,hysteresis_window_V,0.2595968178654934,0.20641673,0.24864544,0.43471324,True
KNa7Pb2O7__K3Na2InO4,hysteresis_window_V,1.3805905007415185,0.8092842,1.2417443,1.4849141,True
Cd3(PO4)2__Al(IO3)3,hysteresis_window_V,0.3484422621057045,0.24912736,0.36123028,0.43534628,True
Cd3(PO4)2__Al(IO3)3,hysteresis_window_V,0.9803224166663098,0.77623,1.0642369,1.1759384,True
Cd3(PO4)2__Al(IO3)3,hysteresis_window_V,0.4423832659019357,0.3097875,0.4318802,0.6135207,True
Cd3(PO4)2__Al(IO3)3,hysteresis_window_V,0.0958740679344973,0.07603934,0.09383879,0.22847213,True
Ca4CN4__KSbO2,hysteresis_window_V,0.8190460797535951,0.67489904,1.0624241,1.4394858,True
Ca4CN4__KSbO2,hysteresis_window_V,0.7010736239396784,0.5752033,0.8405989,1.1660526,True
Ca4CN4__KSbO2,hysteresis_window_V,0.0448835997177404,0.03180456,0.0579855,0.2150364,True
Ca4CN4__KSbO2,hysteresis_window_V,0.065632318952565,0.073675334,0.07413565,0.22405839,False
K4CdAs2__K5InO4,hysteresis_window_V,0.3178342526585631,0.2969741,0.37478638,0.4896412,True
K4CdAs2__K5InO4,hysteresis_window_V,1.2777711084601455,0.82469344,1.1567996,1.2829639,True
K4CdAs2__K5InO4,hysteresis_window_V,0.2512790488189771,0.20627482,0.28313592,0.3898791,True
K4CdAs2__K5InO4,hysteresis_window_V,0.3130852898121294,0.25847533,0.35181648,0.4943621,True
KZnSb__In6Te10Pb,hysteresis_window_V,0.2412061933488515,0.15756904,0.27377895,0.4109856,True
KZnSb__In6Te10Pb,hysteresis_window_V,0.1915777576278188,0.16653797,0.22885498,0.50174844,True
KZnSb__In6Te10Pb,hysteresis_window_V,1.0219091301412035,0.615819,0.86677825,1.0975977,True
KZnSb__In6Te10Pb,hysteresis_window_V,0.1468870995887737,0.15024874,0.16594338,0.31888568,False
K2Sb4O11__GeBr4,hysteresis_window_V,0.1935582137002323,0.14242397,0.20533915,0.3372741,True
K2Sb4O11__GeBr4,hysteresis_window_V,0.5164279070424684,0.33525717,0.49818194,0.66850317,True
K2Sb4O11__GeBr4,hysteresis_window_V,1.3395846044306052,0.81285363,1.2197664,1.3469206,True
K2Sb4O11__GeBr4,hysteresis_window_V,1.1506927599660772,0.63137406,0.96420115,1.1028162,False
KLiS__AsS,hysteresis_window_V,0.3807919305908925,0.34100008,0.5199928,0.5727479,True
KLiS__AsS,hysteresis_window_V,1.2167445819844684,0.7283901,1.2413825,1.3365757,True
KLiS__AsS,hysteresis_window_V,0.0733588574281786,0.05164133,0.0800376,0.18866996,True
KLiS__AsS,hysteresis_window_V,0.4727905339235931,0.31799546,0.49252352,0.64008355,True
KNaTe__KGaI4,hysteresis_window_V,0.8295178613698068,0.43899035,0.70528764,0.8987362,True
KNaTe__KGaI4,hysteresis_window_V,0.1774813644076925,0.12228609,0.1824701,0.2888066,True
KNaTe__KGaI4,hysteresis_window_V,0.4097400369371486,0.2657971,0.41822204,0.5287863,True
KNaTe__KGaI4,hysteresis_window_V,0.0871270875822601,0.06869736,0.08300459,0.25505027,True
LiInSiO4__AsN(OF3)2,hysteresis_window_V,1.926811222148035,1.0501084,1.776247,2.043544,True
LiInSiO4__AsN(OF3)2,hysteresis_window_V,0.6864282016744362,0.6033835,0.8324337,0.88966,True
LiInSiO4__AsN(OF3)2,hysteresis_window_V,1.1103366947005229,0.6047557,0.8766374,1.0368936,False
LiInSiO4__AsN(OF3)2,hysteresis_window_V,0.921223610107716,0.5782464,0.8489804,0.9761672,True
K2Na3SiP3__CaSnN2,hysteresis_window_V,0.1179193070897429,0.12527302,0.14680943,0.37339446,False
K2Na3SiP3__CaSnN2,hysteresis_window_V,0.1465181957645763,0.11493952,0.13832435,0.28294677,True
K2Na3SiP3__CaSnN2,hysteresis_window_V,0.5648826131447302,0.3949552,0.5732381,0.74191433,True
K2Na3SiP3__CaSnN2,hysteresis_window_V,0.3912985002314484,0.29514462,0.39196146,0.5767265,True
AlI3__TeHO3,hysteresis_window_V,0.247248877354625,0.15886913,0.2568186,0.35968864,True
AlI3__TeHO3,hysteresis_window_V,0.3746561220108326,0.23888282,0.3960462,0.48798993,True
AlI3__TeHO3,hysteresis_window_V,1.210961387905839,0.7339107,1.172622,1.2905507,True
AlI3__TeHO3,hysteresis_window_V,0.6952661493134841,0.372551,0.573974,0.78440154,True
Ca3(GaP2)2__Al2Se3,hysteresis_window_V,0.3799483396267806,0.31744558,0.4426401,0.54472333,True
Ca3(GaP2)2__Al2Se3,hysteresis_window_V,0.8975528260997245,0.7075273,0.9310355,1.0553871,True
Ca3(GaP2)2__Al2Se3,hysteresis_window_V,0.2964956367359956,0.21638674,0.29238746,0.40265563,True
Ca3(GaP2)2__Al2Se3,hysteresis_window_V,0.6223401572197367,0.43406203,0.58619934,0.6849756,True
Cd(InTe2)2__Ca4As3,hysteresis_window_V,0.0633773935465968,0.066788934,0.079275124,0.19834277,False
Cd(InTe2)2__Ca4As3,hysteresis_window_V,1.5838438904092194,1.0092409,1.5866568,1.6408486,True
Cd(InTe2)2__Ca4As3,hysteresis_window_V,0.8513831462255959,0.6323283,0.89795893,0.9882607,True
Cd(InTe2)2__Ca4As3,hysteresis_window_V,0.7296553826634491,0.6201554,0.868327,0.9371686,True
KNaSe__Al2Cd3(GeO4)3,hysteresis_window_V,0.9481769246079246,0.54438764,0.8787918,1.0146863,True
KNaSe__Al2Cd3(GeO4)3,hysteresis_window_V,0.328867732630272,0.19585158,0.3510557,0.41555762,True
KNaSe__Al2Cd3(GeO4)3,hysteresis_window_V,0.248458222987151,0.15916125,0.2585176,0.3490097,True
KNaSe__Al2Cd3(GeO4)3,hysteresis_window_V,0.6126625082703218,0.34323874,0.5834179,0.6718965,True
InSiTe3__SbBr3,hysteresis_window_V,1.7128990884899722,0.977368,1.5699326,1.6902553,False
InSiTe3__SbBr3,hysteresis_window_V,1.6362410744516769,0.88945425,1.4190744,1.5724171,False
InSiTe3__SbBr3,hysteresis_window_V,0.5174649849769598,0.3925084,0.47716707,0.6823885,True
InSiTe3__SbBr3,hysteresis_window_V,0.4777715857564067,0.31936964,0.5030707,0.6623014,True
KCdGeAs2__Cd3(PO4)2,hysteresis_window_V,1.0862666432356398,0.76632947,1.0045495,1.1779622,True
KCdGeAs2__Cd3(PO4)2,hysteresis_window_V,0.1113133620838765,0.124993086,0.13346827,0.27323523,False
KCdGeAs2__Cd3(PO4)2,hysteresis_window_V,0.388978755997342,0.33116773,0.42106268,0.53668135,True
KCdGeAs2__Cd3(PO4)2,hysteresis_window_V,1.5506433072187702,0.8630238,1.3079911,1.3955374,False
K2Al2Sb3__In2Se3,hysteresis_window_V,0.6904968774377527,0.45558676,0.67360455,0.81384254,True
K2Al2Sb3__In2Se3,hysteresis_window_V,0.3609486799045223,0.29642564,0.44348153,0.5563145,True
K2Al2Sb3__In2Se3,hysteresis_window_V,0.5086295359534264,0.42806992,0.56621385,0.6571144,True
K2Al2Sb3__In2Se3,hysteresis_window_V,1.0644612908492994,0.8545596,1.1353803,1.330535,True
Li3AsH16(SO2)4__KBrF4,hysteresis_window_V,0.2624666987908692,0.25924066,0.3579837,0.56851023,True
Li3AsH16(SO2)4__KBrF4,hysteresis_window_V,0.0705874821947089,0.062208533,0.07710124,0.19859354,True
Li3AsH16(SO2)4__KBrF4,hysteresis_window_V,0.1801092199039498,0.15484188,0.225331,0.3423222,True
Li3AsH16(SO2)4__KBrF4,hysteresis_window_V,0.2950804567182071,0.328007,0.3306559,0.4387757,False
Ca2PI__K2TiCl6,hysteresis_window_V,0.8230447844380752,0.5899308,0.8874308,1.1348221,True
Ca2PI__K2TiCl6,hysteresis_window_V,0.1375148463395879,0.12629801,0.17313911,0.31858155,True
Ca2PI__K2TiCl6,hysteresis_window_V,0.3495257455894314,0.3118109,0.45526946,0.5831003,True
Ca2PI__K2TiCl6,hysteresis_window_V,0.0792262270776156,0.07904884,0.081811994,0.254829,True
Na6Ge2S7__PICl6,hysteresis_window_V,0.0562715817740277,0.057587303,0.05959491,0.18282495,False
Na6Ge2S7__PICl6,hysteresis_window_V,0.6572819760498918,0.58277243,0.71042705,0.8283367,True
Na6Ge2S7__PICl6,hysteresis_window_V,0.7303173779808709,0.6112475,0.6906178,0.8146405,True
Na6Ge2S7__PICl6,hysteresis_window_V,0.3681766672109008,0.3018306,0.4137178,0.49334934,True
Ca4Sb2O__LiInI4,hysteresis_window_V,0.7247977562150516,0.40809834,0.6092912,0.8880013,True
Ca4Sb2O__LiInI4,hysteresis_window_V,0.270885019804942,0.21581337,0.28592488,0.39697713,True
Ca4Sb2O__LiInI4,hysteresis_window_V,0.9588431184999944,0.5062418,0.7810352,0.9902071,True
Ca4Sb2O__LiInI4,hysteresis_window_V,0.660357094064143,0.41743115,0.6067917,0.76528376,True
K2CdSiO4__GaSeBr7,hysteresis_window_V,0.455962606990549,0.3487367,0.43894356,0.5800752,True
K2CdSiO4__GaSeBr7,hysteresis_window_V,0.8212979396506669,0.5248444,0.7868955,0.89103913,True
K2CdSiO4__GaSeBr7,hysteresis_window_V,0.1648927417878573,0.15538912,0.18373129,0.31700644,True
K2CdSiO4__GaSeBr7,hysteresis_window_V,0.4471624789478006,0.37158033,0.46147034,0.5878413,True
Na2GeSe3__K2Na(H2N)3,hysteresis_window_V,0.2488450293738461,0.18017936,0.3163632,0.5302952,True
Na2GeSe3__K2Na(H2N)3,hysteresis_window_V,0.592167679758082,0.37140137,0.6537541,0.96357906,True
Na2GeSe3__K2Na(H2N)3,hysteresis_window_V,0.1427221137452027,0.11199763,0.16351625,0.4006054,True
Na2GeSe3__K2Na(H2N)3,hysteresis_window_V,0.1105767671026375,0.08996187,0.13111761,0.4711195,True
Na6P4Pb3S16__K2SnCl6,hysteresis_window_V,0.7269860238650445,0.9459659,1.55187,1.8911147,False
Na6P4Pb3S16__K2SnCl6,hysteresis_window_V,0.0435074736339502,0.06745549,0.08171796,0.22924078,False
Na6P4Pb3S16__K2SnCl6,hysteresis_window_V,0.1737214144364572,0.35008898,0.4475267,0.5740582,False
Na6P4Pb3S16__K2SnCl6,hysteresis_window_V,0.4839899816166623,0.73772466,1.0368943,1.2488493,False
Sb2S3__Na4GeO4,hysteresis_window_V,0.4988812663273784,0.3133724,0.45066148,0.6935139,True
Sb2S3__Na4GeO4,hysteresis_window_V,0.2995463010858091,0.20498638,0.28510922,0.40273273,True
Sb2S3__Na4GeO4,hysteresis_window_V,0.1444593915849887,0.13597046,0.16059594,0.32740423,True
Sb2S3__Na4GeO4,hysteresis_window_V,1.084837539411233,0.5086231,0.92294943,1.0775911,False
CaGaGeH__Sn2S3,hysteresis_window_V,0.4584716968849519,0.2921256,0.48177916,0.5514693,True
CaGaGeH__Sn2S3,hysteresis_window_V,0.2144009432510082,0.19870993,0.24793924,0.4481061,True
CaGaGeH__Sn2S3,hysteresis_window_V,0.9925966336404058,0.54461217,0.9042214,1.0093454,True
CaGaGeH__Sn2S3,hysteresis_window_V,0.5754627622325474,0.3762964,0.5403116,0.6312242,True
NaP__CaTi2(HO3)2,hysteresis_window_V,0.8311861228448524,0.4355221,0.723542,0.8487225,True
NaP__CaTi2(HO3)2,hysteresis_window_V,0.2152791523141596,0.16362232,0.23865782,0.3504736,True
NaP__CaTi2(HO3)2,hysteresis_window_V,1.435265215980175,0.7995538,1.1492903,1.3674769,False
NaP__CaTi2(HO3)2,hysteresis_window_V,1.2677056601595629,0.74039847,1.1849704,1.3417888,True
InBr3__Al2(SeO4)3,hysteresis_window_V,0.2918564490253184,0.18867,0.2957682,0.42596373,True
InBr3__Al2(SeO4)3,hysteresis_window_V,0.4421732588860744,0.32732865,0.43773025,0.6361203,True
InBr3__Al2(SeO4)3,hysteresis_window_V,0.4362342918197841,0.25927812,0.45401102,0.5654961,True
InBr3__Al2(SeO4)3,hysteresis_window_V,0.1468302105382255,0.116333716,0.116567306,0.3628932,True
Li2ZnGeS4__CBP,hysteresis_window_V,1.8592430968170608,0.90587604,1.3955717,1.5160884,False
Li2ZnGeS4__CBP,hysteresis_window_V,0.7655264358939923,0.48013362,0.6425226,0.85423684,True
Li2ZnGeS4__CBP,hysteresis_window_V,0.6527949404142095,0.3863193,0.6125483,0.7727606,True
Li2ZnGeS4__CBP,hysteresis_window_V,0.7413256961806894,0.50032806,0.66748893,0.8345587,True
K3GeTe3__CaH3NO5,hysteresis_window_V,0.2351998739928858,0.18097216,0.22575985,0.315836,True
K3GeTe3__CaH3NO5,hysteresis_window_V,1.31353227877259,0.8355653,1.0781615,1.2873503,False
K3GeTe3__CaH3NO5,hysteresis_window_V,0.1845560976225628,0.14206187,0.18472347,0.36032644,True
K3GeTe3__CaH3NO5,hysteresis_window_V,1.1122645739145982,0.71507263,0.8783325,1.1132671,True
Ca3(GeP2)2__SiH17S3N5,hysteresis_window_V,0.1323147594260472,0.14584994,0.17227481,0.39856404,False
Ca3(GeP2)2__SiH17S3N5,hysteresis_window_V,0.6485197753531382,0.49307224,0.5981311,0.75718457,True
Ca3(GeP2)2__SiH17S3N5,hysteresis_window_V,0.2483967489021938,0.25003806,0.27761602,0.37799105,False
Ca3(GeP2)2__SiH17S3N5,hysteresis_window_V,0.8925389632225023,0.62517715,0.8218377,1.015926,True
K4I2O9__Li2GeN2,hysteresis_window_V,0.117922926955801,0.12727399,0.2033508,0.3639965,False
K4I2O9__Li2GeN2,hysteresis_window_V,0.2554414587838248,0.2880694,0.48683375,0.64042646,False
K4I2O9__Li2GeN2,hysteresis_window_V,0.1375850661241598,0.1662812,0.24294092,0.43160838,False
K4I2O9__Li2GeN2,hysteresis_window_V,0.2219461672249874,0.21253268,0.43640104,0.5379955,True
CdSO4__InPO4,hysteresis_window_V,0.1855276297043082,0.20279936,0.23028661,0.46804494,False
CdSO4__InPO4,hysteresis_window_V,0.3724805017332134,0.27195692,0.34770584,0.5117437,True
CdSO4__InPO4,hysteresis_window_V,0.2597457112405518,0.22781983,0.27533415,0.4813819,True
CdSO4__InPO4,hysteresis_window_V,1.0525319585360615,0.7905668,0.9956769,1.0759181,True
Br2O3__LiGaTe2,hysteresis_window_V,0.1262785242373324,0.12289226,0.13252604,0.26910523,True
Br2O3__LiGaTe2,hysteresis_window_V,0.6848108759649633,0.4541034,0.6400401,0.80118126,True
Br2O3__LiGaTe2,hysteresis_window_V,0.3382257032000479,0.256748,0.40573108,0.55630165,True
Br2O3__LiGaTe2,hysteresis_window_V,0.1188499828841253,0.11253823,0.14164822,0.2597782,True
NOF__LiTiAsO5,hysteresis_window_V,0.3687411805363701,0.20554705,0.32924458,0.547321,True
NOF__LiTiAsO5,hysteresis_window_V,0.1361953579152138,0.09490425,0.13596047,0.24691056,True
NOF__LiTiAsO5,hysteresis_window_V,0.9368731312269878,0.56077075,0.74914765,0.9436098,True
NOF__LiTiAsO5,hysteresis_window_V,0.4180190055596161,0.28580308,0.40514475,0.56285644,True
Cd(GaSe2)2__K4SiO4,hysteresis_window_V,1.4359144589466124,0.9126428,1.4768982,1.5618203,True
Cd(GaSe2)2__K4SiO4,hysteresis_window_V,0.4047880778634007,0.3049125,0.45889604,0.5461389,True
Cd(GaSe2)2__K4SiO4,hysteresis_window_V,0.1073429585000383,0.116239004,0.15200317,0.2550547,False
Cd(GaSe2)2__K4SiO4,hysteresis_window_V,0.9255019245867124,0.4977007,0.89193416,1.0228932,True
TiI4__Al2ZnSe4,hysteresis_window_V,1.2113230169808522,0.6534894,1.0769401,1.2360538,True
TiI4__Al2ZnSe4,hysteresis_window_V,0.3121080128803437,0.22473289,0.3232643,0.39116803,True
TiI4__Al2ZnSe4,hysteresis_window_V,0.2153435552350486,0.1508236,0.20606944,0.36156023,True
TiI4__Al2ZnSe4,hysteresis_window_V,0.3031989139551738,0.20430334,0.31039312,0.39702445,True
K2Ti2O5__Zn(SbO3)2,hysteresis_window_V,0.9734671057023924,0.54246044,0.8190641,1.1243048,True
K2Ti2O5__Zn(SbO3)2,hysteresis_window_V,0.7565531834600271,0.45419833,0.81217605,0.93542594,True
K2Ti2O5__Zn(SbO3)2,hysteresis_window_V,0.466728677108058,0.3485671,0.5371724,0.5901933,True
K2Ti2O5__Zn(SbO3)2,hysteresis_window_V,0.5038001473558871,0.30093443,0.5363075,0.6159222,True
TeI4__SbH36S4N11,hysteresis_window_V,1.1217902552539705,0.49844447,0.976099,1.532207,True
TeI4__SbH36S4N11,hysteresis_window_V,0.54409877991769,0.32341063,0.6459304,0.86137444,True
TeI4__SbH36S4N11,hysteresis_window_V,0.0737780486113966,0.050330672,0.053266536,0.25163332,True
TeI4__SbH36S4N11,hysteresis_window_V,0.4985459409687459,0.27895656,0.5311083,0.7373517,True
ZnSb4H18S7N6__Te2O3F2,hysteresis_window_V,0.499298095963854,0.39430368,0.5296712,0.6381772,True
ZnSb4H18S7N6__Te2O3F2,hysteresis_window_V,0.072792880806942,0.07864202,0.087389424,0.19513512,False
ZnSb4H18S7N6__Te2O3F2,hysteresis_window_V,0.7535769931938974,0.6802302,0.89218473,0.93295413,True
ZnSb4H18S7N6__Te2O3F2,hysteresis_window_V,1.3536245759253671,0.9953713,1.5073508,1.5671015,True
ICl3__GaP,hysteresis_window_V,0.3436640377272374,0.28208038,0.41542777,0.53438526,True
ICl3__GaP,hysteresis_window_V,0.9472088356817048,0.63022166,0.88544494,1.1079464,True
ICl3__GaP,hysteresis_window_V,0.211541780578571,0.1688644,0.26150343,0.43833604,True
ICl3__GaP,hysteresis_window_V,0.2588354489747195,0.2085706,0.27542606,0.41832632,True
SiH17S3N5__Na6GaP3,hysteresis_window_V,0.8009314231259977,0.4359644,0.7399395,0.8383639,True
SiH17S3N5__Na6GaP3,hysteresis_window_V,1.0520402849570676,0.68993646,1.0320206,1.1190705,True
SiH17S3N5__Na6GaP3,hysteresis_window_V,0.1685857483418667,0.1502095,0.18844733,0.28697756,True
SiH17S3N5__Na6GaP3,hysteresis_window_V,0.1715516286173052,0.16892414,0.20589751,0.33660948,True
Na2PbO3__K3As11,hysteresis_window_V,0.5109734160097643,0.3605727,0.52897596,0.64400625,True
Na2PbO3__K3As11,hysteresis_window_V,0.5135488530624597,0.33232963,0.51055014,0.6764563,True
Na2PbO3__K3As11,hysteresis_window_V,1.217222123011812,0.7224166,1.2364471,1.3084141,True
Na2PbO3__K3As11,hysteresis_window_V,0.1484205844667896,0.14050563,0.1427324,0.40441507,True
TiSO5__Li4Zn(H2N)6,hysteresis_window_V,1.0099173691440777,0.68002474,1.1568124,1.6098584,True
TiSO5__Li4Zn(H2N)6,hysteresis_window_V,0.287427815495715,0.26574197,0.37944,0.58286184,True
TiSO5__Li4Zn(H2N)6,hysteresis_window_V,0.0716886673401792,0.096859016,0.11401542,0.33745852,False
TiSO5__Li4Zn(H2N)6,hysteresis_window_V,0.1933769479280995,0.19530122,0.29462782,0.39224395,False
Na3SiTe3__SbPO5,hysteresis_window_V,0.2005661264611421,0.2324522,0.26955152,0.48041993,False
Na3SiTe3__SbPO5,hysteresis_window_V,0.7809909569300025,0.575773,0.7985948,0.92191476,True
Na3SiTe3__SbPO5,hysteresis_window_V,0.4545240932273267,0.4291543,0.53323,0.8200581,True
Na3SiTe3__SbPO5,hysteresis_window_V,0.1925777464009486,0.14999136,0.20049478,0.34276485,True
KSb(PO4)2__Ca3Ga2(GeO4)3,hysteresis_window_V,0.0556553196327572,0.037456017,0.07081302,0.21549973,True
KSb(PO4)2__Ca3Ga2(GeO4)3,hysteresis_window_V,1.0044656436877193,0.5504254,0.83850163,1.06221,True
KSb(PO4)2__Ca3Ga2(GeO4)3,hysteresis_window_V,0.7496348310036917,0.41684017,0.6192195,0.82857597,True
KSb(PO4)2__Ca3Ga2(GeO4)3,hysteresis_window_V,0.3351640140687802,0.24325936,0.30530995,0.50570637,True
Ti(SO4)2__Sn2(SO4)3,hysteresis_window_V,0.5410658762229185,0.32303953,0.4526979,0.62269545,True
Ti(SO4)2__Sn2(SO4)3,hysteresis_window_V,0.3596050119227928,0.2884314,0.37020957,0.5379245,True
Ti(SO4)2__Sn2(SO4)3,hysteresis_window_V,0.058608145030339,0.038339205,0.060222864,0.17966942,True
Ti(SO4)2__Sn2(SO4)3,hysteresis_window_V,0.5404900810843707,0.31122792,0.46376455,0.7258362,True
Li7SbN4__Ti5(PO5)4,hysteresis_window_V,0.897855322036639,0.52380747,0.79998094,1.1079165,True
Li7SbN4__Ti5(PO5)4,hysteresis_window_V,0.3034706417742701,0.19266595,0.33338666,0.42755902,True
Li7SbN4__Ti5(PO5)4,hysteresis_window_V,0.6321045058950133,0.35622016,0.5954885,0.7369129,True
Li7SbN4__Ti5(PO5)4,hysteresis_window_V,0.9343441932006762,0.47678286,0.81750417,0.99817866,True
KSb(PSe3)2__KH(IO3)2,hysteresis_window_V,1.1170679120640226,0.5492003,0.7765022,1.029056,False
KSb(PSe3)2__KH(IO3)2,hysteresis_window_V,0.7054781682007385,0.38360772,0.59672594,0.7548121,True
KSb(PSe3)2__KH(IO3)2,hysteresis_window_V,1.2599917570602666,0.6483977,0.94171053,1.2995826,True
KSb(PSe3)2__KH(IO3)2,hysteresis_window_V,0.3435903913920782,0.20685928,0.28515118,0.50026745,True
Ca11InSb9__Ga2PbO4,hysteresis_window_V,0.9682490202053272,0.78693163,1.1500494,1.5508882,True
Ca11InSb9__Ga2PbO4,hysteresis_window_V,1.0723312547120252,0.801244,1.3148615,1.7578351,True
Ca11InSb9__Ga2PbO4,hysteresis_window_V,0.7964555884424271,0.7003788,1.0211307,1.3095953,True
Ca11InSb9__Ga2PbO4,hysteresis_window_V,0.9564846616948548,0.6855015,1.0371258,1.445759,True
K2Se5__K3AlSe3,hysteresis_window_V,0.8781709145078022,0.49168915,0.8474455,0.96277165,True
K2Se5__K3AlSe3,hysteresis_window_V,0.3862487693742489,0.30911222,0.43753415,0.58789825,True
K2Se5__K3AlSe3,hysteresis_window_V,0.9260908427190828,0.657158,0.93366563,1.0490468,True
K2Se5__K3AlSe3,hysteresis_window_V,0.2711112882642292,0.23403738,0.242795,0.47124228,True
NaInS2__CaPS3,hysteresis_window_V,0.1348828281742068,0.10471879,0.15575062,0.27739704,True
NaInS2__CaPS3,hysteresis_window_V,0.5905267343642626,0.44008526,0.5948496,0.80260444,True
NaInS2__CaPS3,hysteresis_window_V,0.7189654797811408,0.5824236,0.75016475,0.9150817,True
NaInS2__CaPS3,hysteresis_window_V,0.9283092842277698,0.6991592,0.9163738,1.1010097,True
K2GeTe4__Na3GeSe3,hysteresis_window_V,0.8953413889354241,0.4987408,0.7329867,1.0607206,True
K2GeTe4__Na3GeSe3,hysteresis_window_V,0.1538496686150601,0.12083619,0.15678732,0.281246,True
K2GeTe4__Na3GeSe3,hysteresis_window_V,0.2012366426674505,0.12837659,0.17374532,0.4525132,True
K2GeTe4__Na3GeSe3,hysteresis_window_V,0.4038520108026782,0.24497163,0.3976482,0.5226504,True
AlP__Zn(GaO2)2,hysteresis_window_V,1.124028503858103,0.65560937,0.8605633,1.2704518,True
AlP__Zn(GaO2)2,hysteresis_window_V,0.0536244707249243,0.046951972,0.05835138,0.15947664,True
AlP__Zn(GaO2)2,hysteresis_window_V,0.6444193087161616,0.3794292,0.56796,0.76702446,True
AlP__Zn(GaO2)2,hysteresis_window_V,0.4591527495226258,0.32266405,0.47035193,0.59514105,True
Na5InTe4__ICl,hysteresis_window_V,0.4230021700072429,0.32116854,0.461086,0.5778156,True
Na5InTe4__ICl,hysteresis_window_V,0.1366225930146378,0.16102345,0.17781164,0.26324457,False
Na5InTe4__ICl,hysteresis_window_V,0.6090460925212228,0.38965148,0.5667953,0.74296194,True
Na5InTe4__ICl,hysteresis_window_V,0.2387064165071215,0.2919805,0.3734683,0.60117626,False
Ga2PbSe4__Ca3CdO4,hysteresis_window_V,0.1643339192103258,0.40400234,0.7932145,1.206524,False
Ga2PbSe4__Ca3CdO4,hysteresis_window_V,0.1079200878666446,0.22269359,0.5552363,0.72846097,False
Ga2PbSe4__Ca3CdO4,hysteresis_window_V,0.0615793008547507,0.12422724,0.3087394,0.5130199,False
Ga2PbSe4__Ca3CdO4,hysteresis_window_V,0.2103243204910188,0.5531796,0.9738681,1.4926202,False
KIO3__NaCdPO4,hysteresis_window_V,0.2440715735204717,0.27640072,0.49889967,0.6318468,False
KIO3__NaCdPO4,hysteresis_window_V,0.2953771059585783,0.28647438,0.4750467,0.5911349,True
KIO3__NaCdPO4,hysteresis_window_V,0.0481436817453984,0.05336515,0.066419475,0.29570505,False
KIO3__NaCdPO4,hysteresis_window_V,0.280930922423211,0.3078335,0.51045525,0.65953577,False
LiCa3As2H__SiI3,hysteresis_window_V,1.693149968691488,1.0066396,1.7157856,1.8369572,True
LiCa3As2H__SiI3,hysteresis_window_V,0.2651816579775745,0.19755733,0.27981642,0.46744436,True
LiCa3As2H__SiI3,hysteresis_window_V,1.766673788511007,1.0366615,1.6477916,1.7579478,False
LiCa3As2H__SiI3,hysteresis_window_V,0.4763830779348261,0.32836118,0.4854107,0.65159756,True
K2Sn2Se5__InSb3Pb4O13,hysteresis_window_V,0.116577352541543,0.08642662,0.12055159,0.33974198,True
K2Sn2Se5__InSb3Pb4O13,hysteresis_window_V,1.0051363312530808,0.53699774,0.8024432,1.0687528,True
K2Sn2Se5__InSb3Pb4O13,hysteresis_window_V,0.8995298833914458,0.46255362,0.7706322,1.0337155,True
K2Sn2Se5__InSb3Pb4O13,hysteresis_window_V,1.7345317049940496,0.8343591,1.4082285,1.7059311,False
C__KH2(IO3)3,hysteresis_window_V,0.5992124602006195,0.36983076,0.554142,0.7700976,True
C__KH2(IO3)3,hysteresis_window_V,1.2027688211809464,0.64731616,1.0493532,1.2472881,True
C__KH2(IO3)3,hysteresis_window_V,0.1294040237732327,0.09328063,0.13984628,0.26613078,True
C__KH2(IO3)3,hysteresis_window_V,0.7018542194130468,0.4054574,0.66762286,0.81075513,True
CaHN__AsI3,hysteresis_window_V,0.3913876529440394,0.36141536,0.44599593,0.56130266,True
CaHN__AsI3,hysteresis_window_V,0.5509939113455918,0.44630855,0.59926236,0.70465565,True
CaHN__AsI3,hysteresis_window_V,1.4018605106919102,0.9602478,1.4475626,1.5475987,True
CaHN__AsI3,hysteresis_window_V,1.053176024218632,0.7962809,1.1165283,1.2003728,True
Ca3(GaP2)2__Zn(InSe2)2,hysteresis_window_V,0.1983352343911691,0.15599343,0.19335498,0.3177021,True
Ca3(GaP2)2__Zn(InSe2)2,hysteresis_window_V,0.2519741618778345,0.24863353,0.31695896,0.47852144,True
Ca3(GaP2)2__Zn(InSe2)2,hysteresis_window_V,1.2217607554037793,0.7976274,1.1362875,1.2656672,True
Ca3(GaP2)2__Zn(InSe2)2,hysteresis_window_V,0.0666322300265555,0.06978064,0.07305034,0.23156266,False
ICl3__Na2SnO2,hysteresis_window_V,1.9200638486817945,1.0706109,1.8326417,1.9597583,True
ICl3__Na2SnO2,hysteresis_window_V,1.1929654805745606,0.6800864,1.0454053,1.2199088,True
ICl3__Na2SnO2,hysteresis_window_V,0.4696974924528603,0.27342063,0.45629176,0.5942266,True
ICl3__Na2SnO2,hysteresis_window_V,0.4497336768801661,0.28651828,0.43849042,0.58368254,True
SiSe2__Ca4CN4,hysteresis_window_V,0.0892162237260139,0.09046311,0.09228905,0.21642828,False
SiSe2__Ca4CN4,hysteresis_window_V,0.2658046547917542,0.25029913,0.32221302,0.491369,True
SiSe2__Ca4CN4,hysteresis_window_V,0.1892497305538358,0.19879942,0.24671963,0.35416114,False
SiSe2__Ca4CN4,hysteresis_window_V,0.8248482201480831,0.6659882,0.8630937,1.061664,True
CaSe__K2CdGeO4,hysteresis_window_V,0.7991347214539619,0.4929416,0.7422229,0.84078526,True
CaSe__K2CdGeO4,hysteresis_window_V,0.2862577828997584,0.18829988,0.28805527,0.4045341,True
CaSe__K2CdGeO4,hysteresis_window_V,0.2757762531397924,0.1757264,0.283931,0.4187205,True
CaSe__K2CdGeO4,hysteresis_window_V,1.4964371230371971,0.8756848,1.2217505,1.3450736,False
K2Li(H2N)3__NaIn(GeO3)2,hysteresis_window_V,0.6541824524336427,0.54123,0.76796573,1.081011,True
K2Li(H2N)3__NaIn(GeO3)2,hysteresis_window_V,0.1181877092888283,0.14082105,0.14362748,0.3058324,False
K2Li(H2N)3__NaIn(GeO3)2,hysteresis_window_V,0.1011623200903811,0.10324223,0.10564977,0.26704583,False
K2Li(H2N)3__NaIn(GeO3)2,hysteresis_window_V,0.1878583767034355,0.2212902,0.2829051,0.40066093,False
K2Ge(IO3)6__Si2H2S3,hysteresis_window_V,0.0890333827006666,0.1765645,0.17845397,0.2623412,False
K2Ge(IO3)6__Si2H2S3,hysteresis_window_V,0.5674411199017861,0.42176563,0.6248852,0.8426686,True
K2Ge(IO3)6__Si2H2S3,hysteresis_window_V,0.1420714314360541,0.17812908,0.24030024,0.38381833,False
K2Ge(IO3)6__Si2H2S3,hysteresis_window_V,0.9735639290472596,0.511067,0.8466846,1.0208094,True
LiZnP__ZnPbF6,hysteresis_window_V,0.1692246112666901,0.14402555,0.21478541,0.2982524,True
LiZnP__ZnPbF6,hysteresis_window_V,0.9067645633411886,0.6189139,0.96767575,1.0499713,True
LiZnP__ZnPbF6,hysteresis_window_V,0.3357659932200736,0.28290007,0.36994877,0.5695323,True
LiZnP__ZnPbF6,hysteresis_window_V,0.1579388379653597,0.15410897,0.2007362,0.32093927,True
LiCaP__Ca2Al2Sn2O9,hysteresis_window_V,0.3842693210939263,0.19418406,0.34167126,0.42759,True
LiCaP__Ca2Al2Sn2O9,hysteresis_window_V,0.7044187475322182,0.37580553,0.6796363,0.81333023,True
LiCaP__Ca2Al2Sn2O9,hysteresis_window_V,0.4386726785713548,0.2514607,0.42160457,0.5693112,True
LiCaP__Ca2Al2Sn2O9,hysteresis_window_V,0.1646251754203262,0.14557716,0.15779535,0.39808083,True
K4CdAs2__CaSn(SO4)3,hysteresis_window_V,0.2896353321182505,0.20793739,0.26591775,0.47640824,True
K4CdAs2__CaSn(SO4)3,hysteresis_window_V,0.2636426921466917,0.20043513,0.26105964,0.5158376,True
K4CdAs2__CaSn(SO4)3,hysteresis_window_V,0.1613782952377631,0.08849574,0.14382471,0.36533046,True
K4CdAs2__CaSn(SO4)3,hysteresis_window_V,1.3603306684360623,0.5428599,0.98859173,1.2764418,False
Na8Ga2O7__NClOF4,hysteresis_window_V,0.2352407707624033,0.17400292,0.26059946,0.44568086,True
Na8Ga2O7__NClOF4,hysteresis_window_V,0.2125477841258247,0.21563892,0.27748096,0.38253558,False
Na8Ga2O7__NClOF4,hysteresis_window_V,1.477817440729249,0.8343737,1.4192795,1.484064,True
Na8Ga2O7__NClOF4,hysteresis_window_V,0.7213594862482025,0.43915778,0.7141381,0.84206945,True
KSnS4__Cd3SiO5,hysteresis_window_V,0.6104489087704464,0.56681246,0.75921255,1.0579472,True
KSnS4__Cd3SiO5,hysteresis_window_V,0.8786762400807914,0.73499686,0.9608739,1.3900015,True
KSnS4__Cd3SiO5,hysteresis_window_V,0.2424782710290029,0.22653982,0.36206234,0.443038,True
KSnS4__Cd3SiO5,hysteresis_window_V,0.0673610986882671,0.08591938,0.12205722,0.22376494,False
SCl__K3Si6H6N11,hysteresis_window_V,1.708939933133241,0.88125896,1.4545094,1.6224399,False
SCl__K3Si6H6N11,hysteresis_window_V,0.2336562336752793,0.16516961,0.23632699,0.3330149,True
SCl__K3Si6H6N11,hysteresis_window_V,0.6542682953575223,0.44086063,0.5728328,0.76067686,True
SCl__K3Si6H6N11,hysteresis_window_V,1.5685938270422644,0.9149137,1.3823745,1.5722334,True
LiInSiO4__TiI2O7,hysteresis_window_V,0.2977459675926499,0.30873904,0.3727955,0.5184798,False
LiInSiO4__TiI2O7,hysteresis_window_V,0.1885274807888708,0.17387022,0.21818812,0.3226627,True
LiInSiO4__TiI2O7,hysteresis_window_V,0.2752312076850617,0.2387022,0.34778237,0.4134296,True
LiInSiO4__TiI2O7,hysteresis_window_V,0.5498741576647117,0.48036224,0.60138136,0.7295346,True
K3TiCl6__CaAlH5,hysteresis_window_V,0.2104223200077921,0.1637024,0.22930996,0.3240862,True
K3TiCl6__CaAlH5,hysteresis_window_V,1.0288200436185948,0.6120903,0.9207498,1.0516787,True
K3TiCl6__CaAlH5,hysteresis_window_V,1.0537346143853143,0.60951245,0.9994028,1.0586027,True
K3TiCl6__CaAlH5,hysteresis_window_V,1.081584732283036,0.68223923,1.0091182,1.2309387,True
GeS__SnBr2,hysteresis_window_V,0.7948091760021668,0.46005285,0.6441604,0.8263508,True
GeS__SnBr2,hysteresis_window_V,0.3927988250243543,0.2610691,0.39320534,0.5709057,True
GeS__SnBr2,hysteresis_window_V,0.7895096898477958,0.41412646,0.68014425,0.8248651,True
GeS__SnBr2,hysteresis_window_V,0.7380845272142387,0.35725245,0.6475493,0.7936194,True
Na5InS4__Ca3Ga2Si(SnO6)2,hysteresis_window_V,0.9670940463780072,0.50305647,0.844823,1.0855509,True
Na5InS4__Ca3Ga2Si(SnO6)2,hysteresis_window_V,0.3075112814804612,0.22466677,0.31809855,0.4616293,True
Na5InS4__Ca3Ga2Si(SnO6)2,hysteresis_window_V,0.4875559140176464,0.2865076,0.4400619,0.5513559,True
Na5InS4__Ca3Ga2Si(SnO6)2,hysteresis_window_V,0.2124636732547163,0.20676176,0.22816928,0.4769485,True
CdP14Pb__Sb2Te2O9,hysteresis_window_V,0.3536444274366493,0.20970781,0.3426375,0.4283817,True
CdP14Pb__Sb2Te2O9,hysteresis_window_V,0.1475858014677334,0.115681924,0.16463012,0.26527098,True
CdP14Pb__Sb2Te2O9,hysteresis_window_V,0.4455155309997105,0.28126067,0.45736447,0.5270643,True
CdP14Pb__Sb2Te2O9,hysteresis_window_V,0.159619586890731,0.12802541,0.1584301,0.39676535,True
Na2Si2Se5__K4GeS4,hysteresis_window_V,0.2196791839407149,0.19839329,0.26137578,0.48282355,True
Na2Si2Se5__K4GeS4,hysteresis_window_V,0.8657618294946563,0.5698827,0.97138625,1.3507013,True
Na2Si2Se5__K4GeS4,hysteresis_window_V,0.0547175259643496,0.0424368,0.05154636,0.2845456,True
Na2Si2Se5__K4GeS4,hysteresis_window_V,0.0311255574201906,0.01678524,0.018801823,0.15132956,True
Ca(GaSe2)2__KAlSe2,hysteresis_window_V,0.0676815018651801,0.058760572,0.06419978,0.22578074,True
Ca(GaSe2)2__KAlSe2,hysteresis_window_V,0.4118559851654558,0.28449813,0.43697324,0.6088025,True
Ca(GaSe2)2__KAlSe2,hysteresis_window_V,0.2949466291668818,0.2742872,0.27433145,0.5135635,True
Ca(GaSe2)2__KAlSe2,hysteresis_window_V,0.3811872993302108,0.328993,0.45136806,0.6268774,True
SiAs2__Na4SeO5,hysteresis_window_V,0.7879295612939319,0.79591,1.3257444,1.8050181,False
SiAs2__Na4SeO5,hysteresis_window_V,0.1161787510369235,0.18455254,0.23273154,0.3898259,False
SiAs2__Na4SeO5,hysteresis_window_V,0.2102864190883953,0.2640469,0.40550035,0.5839161,False
SiAs2__Na4SeO5,hysteresis_window_V,0.2252465317471823,0.23365438,0.39040622,0.5296768,False
K2CdO2__Cd2Te2O7,hysteresis_window_V,0.3067442606729848,0.21417567,0.3424456,0.43392956,True
K2CdO2__Cd2Te2O7,hysteresis_window_V,0.4508152533860946,0.23686828,0.41517738,0.55380553,True
K2CdO2__Cd2Te2O7,hysteresis_window_V,0.1439220889011039,0.1483956,0.15103915,0.43797892,False
K2CdO2__Cd2Te2O7,hysteresis_window_V,0.2898289043651003,0.16663343,0.28755537,0.4131935,True
As2Pb8O13__TiCl4,hysteresis_window_V,0.1419628818373462,0.18606503,0.22919771,0.37013653,False
As2Pb8O13__TiCl4,hysteresis_window_V,0.4950029997519892,0.35976544,0.43180522,0.57231414,True
As2Pb8O13__TiCl4,hysteresis_window_V,1.079811205577063,0.61904037,0.80073065,1.0925063,True
As2Pb8O13__TiCl4,hysteresis_window_V,0.8542419264019765,0.4603897,0.7119518,0.9527656,True
Ca2BrN__Sn2(SO4)3,hysteresis_window_V,0.2627573729701045,0.19153123,0.28493044,0.46524516,True
Ca2BrN__Sn2(SO4)3,hysteresis_window_V,1.0134489585406132,0.60361147,0.83392143,1.0861595,True
Ca2BrN__Sn2(SO4)3,hysteresis_window_V,0.1336712780630123,0.09648733,0.13414729,0.2983936,True
Ca2BrN__Sn2(SO4)3,hysteresis_window_V,1.0391996380967947,0.6620149,0.9719872,1.2729819,True
Al(TeCl2)2__NaP3(PbO3)4,hysteresis_window_V,0.0419653961043878,0.062404145,0.082078554,0.19747005,False
Al(TeCl2)2__NaP3(PbO3)4,hysteresis_window_V,0.2416575661809838,0.2741061,0.44615933,0.542438,False
Al(TeCl2)2__NaP3(PbO3)4,hysteresis_window_V,0.1693484473859418,0.21895647,0.36954516,0.55841136,False
Al(TeCl2)2__NaP3(PbO3)4,hysteresis_window_V,0.8723938622491167,0.92154264,1.4839411,1.5797447,False
K3LiGe4__Li2GePbS4,hysteresis_window_V,0.0661243454865376,0.042563785,0.10729385,0.5386446,True
K3LiGe4__Li2GePbS4,hysteresis_window_V,0.0790458152061939,0.1381428,0.23830794,0.649845,False
K3LiGe4__Li2GePbS4,hysteresis_window_V,0.0366610667767096,0.041530225,0.073970154,0.38054657,False
K3LiGe4__Li2GePbS4,hysteresis_window_V,0.0773044953326812,0.13653576,0.14586663,0.5797277,False
K2Ti2O5__CaGeO3,hysteresis_window_V,0.384734227939298,0.2512464,0.3388947,0.5421666,True
K2Ti2O5__CaGeO3,hysteresis_window_V,0.3620385746075477,0.23973468,0.3364,0.5368734,True
K2Ti2O5__CaGeO3,hysteresis_window_V,0.6466011022007704,0.35772738,0.5473679,0.7910331,True
K2Ti2O5__CaGeO3,hysteresis_window_V,0.8056117745098524,0.44606656,0.64651006,1.0271888,True
CdSO4__TiSnP2SO12,hysteresis_window_V,0.5281100248505363,0.35377005,0.5149646,0.7056669,True
CdSO4__TiSnP2SO12,hysteresis_window_V,0.2460492156749305,0.19829766,0.26941872,0.44061413,True
CdSO4__TiSnP2SO12,hysteresis_window_V,0.5882762586891537,0.40687114,0.5452923,0.6956275,True
CdSO4__TiSnP2SO12,hysteresis_window_V,0.9717834625511442,0.5599242,0.7906291,0.96593046,False
Te3As2__LiSb3O8,hysteresis_window_V,0.2961178092200635,0.24672797,0.35056773,0.4484783,True
Te3As2__LiSb3O8,hysteresis_window_V,0.6543654875074308,0.52175015,0.66075456,0.7944012,True
Te3As2__LiSb3O8,hysteresis_window_V,0.1648192319597994,0.16760892,0.17763112,0.32455656,False
Te3As2__LiSb3O8,hysteresis_window_V,0.1494011863681811,0.1490157,0.17483269,0.30861747,True
KZnP__Li10Zn4O9,hysteresis_window_V,0.1507748133900191,0.13603435,0.14601561,0.44612786,True
KZnP__Li10Zn4O9,hysteresis_window_V,0.753952157057686,0.4444397,0.74716824,0.92600834,True
KZnP__Li10Zn4O9,hysteresis_window_V,0.0808009877132267,0.078802824,0.12258061,0.18655944,True
KZnP__Li10Zn4O9,hysteresis_window_V,0.3574960400352309,0.274565,0.35772645,0.524837,True
K2ZnSe2__KH2(IO3)3,hysteresis_window_V,0.4080291209967676,0.2863454,0.4233107,0.48559794,True
K2ZnSe2__KH2(IO3)3,hysteresis_window_V,0.184531076359895,0.1165506,0.17133147,0.35066873,True
K2ZnSe2__KH2(IO3)3,hysteresis_window_V,1.5393540777353587,0.88437337,1.2658674,1.4678996,False
K2ZnSe2__KH2(IO3)3,hysteresis_window_V,1.0533435039421708,0.5758891,0.9350788,1.0570225,True
PbSe2O5__TeO2,hysteresis_window_V,0.1778982564376717,0.1689211,0.20801157,0.37038413,True
PbSe2O5__TeO2,hysteresis_window_V,0.6583104861014596,0.60769784,0.72702444,0.8486248,True
PbSe2O5__TeO2,hysteresis_window_V,0.1010026077019335,0.123117015,0.13069631,0.2775732,False
PbSe2O5__TeO2,hysteresis_window_V,0.392789559868934,0.3300419,0.4719476,0.5677709,True
BrF3__NaCa2IO6,hysteresis_window_V,0.7093527802528395,0.40667278,0.6548993,0.86288816,True
BrF3__NaCa2IO6,hysteresis_window_V,0.5622380608058963,0.30450356,0.510957,0.651722,True
BrF3__NaCa2IO6,hysteresis_window_V,1.1676429274859426,0.50679517,1.005854,1.1703385,True
BrF3__NaCa2IO6,hysteresis_window_V,1.3418168704364088,0.7289095,1.1531031,1.3213241,False
PbS__GaP,hysteresis_window_V,0.929332532791382,0.6045179,0.87849814,1.076135,True
PbS__GaP,hysteresis_window_V,0.5288668625408323,0.39409792,0.6241136,0.70295864,True
PbS__GaP,hysteresis_window_V,1.4036292494675378,0.82071817,1.2034527,1.3553938,False
PbS__GaP,hysteresis_window_V,0.4011369911905565,0.26556355,0.41535053,0.49603385,True
GaN__TePb5O8,hysteresis_window_V,0.2662332805482016,0.19623421,0.26813763,0.38783684,True
GaN__TePb5O8,hysteresis_window_V,0.3124544710649673,0.18781567,0.32027915,0.41411734,True
GaN__TePb5O8,hysteresis_window_V,0.4213941448026679,0.28422442,0.4279723,0.57539356,True
GaN__TePb5O8,hysteresis_window_V,1.1568482712812524,0.6434249,0.9184766,1.199095,True
K10In5Sb9__Na2In2SiS6,hysteresis_window_V,0.3621257813260042,0.25298217,0.3235499,0.5592007,True
K10In5Sb9__Na2In2SiS6,hysteresis_window_V,0.9614524769808692,0.46824577,0.91078985,1.0219874,True
K10In5Sb9__Na2In2SiS6,hysteresis_window_V,1.461614673202683,0.75932914,1.1457268,1.5370965,True
K10In5Sb9__Na2In2SiS6,hysteresis_window_V,0.6795161213047716,0.37532458,0.667726,0.84787345,True
Li2ZnGeO4__CBP,hysteresis_window_V,0.6929175677753011,0.4279431,0.6316241,0.7369878,True
Li2ZnGeO4__CBP,hysteresis_window_V,0.631938489934063,0.47303325,0.62776184,0.7309976,True
Li2ZnGeO4__CBP,hysteresis_window_V,1.1222083581217028,0.6247361,1.0098459,1.128135,True
Li2ZnGeO4__CBP,hysteresis_window_V,0.1034934303256615,0.18770914,0.19875084,0.3335068,False
SiAs__Ca(H2N)2,hysteresis_window_V,0.1718166099560354,0.14177886,0.18314794,0.34352103,True
SiAs__Ca(H2N)2,hysteresis_window_V,0.2691206513922311,0.18499385,0.2529991,0.5515435,True
SiAs__Ca(H2N)2,hysteresis_window_V,0.3473623067589786,0.31207204,0.3789165,0.53172547,True
SiAs__Ca(H2N)2,hysteresis_window_V,1.360332232942953,0.88610893,1.2316785,1.3731178,True
K3P11__KF2,hysteresis_window_V,1.2735983194419438,0.60012746,0.9108069,1.047708,False
K3P11__KF2,hysteresis_window_V,0.1734724302931374,0.18774745,0.24380547,0.35688046,False
K3P11__KF2,hysteresis_window_V,0.1987317504937435,0.21380453,0.2971428,0.42969513,False
K3P11__KF2,hysteresis_window_V,3.067901192306296,1.2441243,2.0683072,2.1438084,False
K5Zn4Sn5H4S17N__Cd(InS2)2,hysteresis_window_V,0.1088625994605869,0.11479666,0.12007957,0.24031274,False
K5Zn4Sn5H4S17N__Cd(InS2)2,hysteresis_window_V,0.5955807695263186,0.42694575,0.5539219,0.7191232,True
K5Zn4Sn5H4S17N__Cd(InS2)2,hysteresis_window_V,0.0684713154196712,0.051716276,0.062259216,0.18815035,True
K5Zn4Sn5H4S17N__Cd(InS2)2,hysteresis_window_V,0.1354838066082548,0.12030531,0.1346365,0.25712746,True
KP15__K3Li3TeO6,hysteresis_window_V,0.079456526437109,0.06299216,0.0652502,0.19533354,True
KP15__K3Li3TeO6,hysteresis_window_V,0.5529556233320451,0.29146734,0.4661741,0.6066558,True
KP15__K3Li3TeO6,hysteresis_window_V,1.2687713252761732,0.69421357,1.0229247,1.4543277,True
KP15__K3Li3TeO6,hysteresis_window_V,0.6295205663681777,0.3586154,0.63369083,0.76944137,True
Cd(InSe2)2__TePCl9,hysteresis_window_V,0.1517192266513151,0.12995794,0.19305742,0.2847107,True
Cd(InSe2)2__TePCl9,hysteresis_window_V,0.3599473808905529,0.26377028,0.40481162,0.52521014,True
Cd(InSe2)2__TePCl9,hysteresis_window_V,0.7594323495165826,0.4636573,0.70756537,0.8397245,True
Cd(InSe2)2__TePCl9,hysteresis_window_V,0.1499589373354251,0.13626628,0.18958364,0.27861896,True
Na4TiP2O9__KGaI4,hysteresis_window_V,0.920095828042236,0.5789191,0.85542077,1.014082,True
Na4TiP2O9__KGaI4,hysteresis_window_V,0.502801961359679,0.29717106,0.52895683,0.6821775,True
Na4TiP2O9__KGaI4,hysteresis_window_V,1.227350205811136,0.86724734,1.2095896,1.3877093,True
Na4TiP2O9__KGaI4,hysteresis_window_V,1.7466530204258048,1.0194569,1.6492523,1.7695042,True
Na2TeS3__LiIn(IO3)4,hysteresis_window_V,0.2161154272705797,0.16741191,0.17370853,0.4511592,True
Na2TeS3__LiIn(IO3)4,hysteresis_window_V,0.4943391136483894,0.3868115,0.47561073,0.6940922,True
Na2TeS3__LiIn(IO3)4,hysteresis_window_V,0.0870417619342893,0.0755652,0.085776545,0.20492993,True
Na2TeS3__LiIn(IO3)4,hysteresis_window_V,0.9018266218747188,0.67275095,0.8972701,1.1778433,True
LiZnP__TiSO5,hysteresis_window_V,0.5580190736778585,0.36636025,0.5266789,0.7011048,True
LiZnP__TiSO5,hysteresis_window_V,1.8158454040578689,0.9593293,1.7492353,1.9296248,True
LiZnP__TiSO5,hysteresis_window_V,0.1663119459646915,0.14008547,0.17047247,0.41701758,True
LiZnP__TiSO5,hysteresis_window_V,1.044785709614391,0.53012764,0.9770766,1.0893172,True
Li3As__CdIn2O4,hysteresis_window_V,0.247579008343164,0.2152088,0.26461738,0.36110926,True
Li3As__CdIn2O4,hysteresis_window_V,0.4059571099574766,0.31149957,0.39635012,0.47616944,True
Li3As__CdIn2O4,hysteresis_window_V,0.58160402813691,0.50500435,0.64812934,0.7719768,True
Li3As__CdIn2O4,hysteresis_window_V,0.8666527740078606,0.7171135,0.83615655,1.0511467,True
K14In4O13__Sn3(PO4)2,hysteresis_window_V,0.8825376161572402,0.5823251,0.7426297,0.9085661,True
K14In4O13__Sn3(PO4)2,hysteresis_window_V,0.2780291689104296,0.24007057,0.29299447,0.38320598,True
K14In4O13__Sn3(PO4)2,hysteresis_window_V,0.7384308549383183,0.48492706,0.7088951,0.81354344,True
K14In4O13__Sn3(PO4)2,hysteresis_window_V,0.8755151305957375,0.51593065,0.73252755,0.8878637,True
InSb3F18__NPB,hysteresis_window_V,1.8074959786320857,0.8886508,1.2635161,1.5901926,False
InSb3F18__NPB,hysteresis_window_V,1.7096447089459448,0.9138189,1.2693276,1.4256225,False
InSb3F18__NPB,hysteresis_window_V,0.7371110671191025,0.4969058,0.6357482,0.7417882,True
InSb3F18__NPB,hysteresis_window_V,2.537447075141829,1.2135466,1.9490095,2.151456,False
NaCa2IO6__Na2Ti2Si2O9,hysteresis_window_V,0.6748977027447477,0.353777,0.55417854,0.9395814,True
NaCa2IO6__Na2Ti2Si2O9,hysteresis_window_V,0.4668050332920186,0.33573654,0.43165135,0.702029,True
NaCa2IO6__Na2Ti2Si2O9,hysteresis_window_V,0.1285164169795627,0.09581451,0.1302279,0.3216437,True
NaCa2IO6__Na2Ti2Si2O9,hysteresis_window_V,0.717526805632303,0.44741887,0.5554803,1.029412,True
K3Na2InO4__K3SbSe3,hysteresis_window_V,0.9249085458261898,0.59077734,0.8111236,1.0813115,True
K3Na2InO4__K3SbSe3,hysteresis_window_V,0.619792121197222,0.40122628,0.56516176,0.7353603,True
K3Na2InO4__K3SbSe3,hysteresis_window_V,0.2055889791440895,0.15373279,0.20001292,0.33440155,True
K3Na2InO4__K3SbSe3,hysteresis_window_V,0.1390664686992264,0.110798135,0.14808267,0.30668902,True
Cd(GaSe2)2__Na4TiP2O9,hysteresis_window_V,0.3313043469804371,0.28845653,0.34140584,0.5219086,True
Cd(GaSe2)2__Na4TiP2O9,hysteresis_window_V,0.7050388776439442,0.38605547,0.63009495,0.758428,True
Cd(GaSe2)2__Na4TiP2O9,hysteresis_window_V,0.6601666713077109,0.44892427,0.6610138,0.76672584,True
Cd(GaSe2)2__Na4TiP2O9,hysteresis_window_V,0.9949168308825392,0.55879694,0.79476154,1.0199652,True
Na5GeP3__SnS,hysteresis_window_V,0.0396884053589498,0.09036923,0.12868369,0.21378882,False
Na5GeP3__SnS,hysteresis_window_V,0.0919883522001324,0.16383167,0.23998958,0.36296982,False
Na5GeP3__SnS,hysteresis_window_V,0.8509208412181488,1.0186906,1.675403,1.848878,False
Na5GeP3__SnS,hysteresis_window_V,0.1657149820183453,0.22391613,0.38400462,0.5520154,False
K2PbO2__K4SiO4,hysteresis_window_V,0.4846526889635008,0.3018709,0.4607642,0.6373054,True
K2PbO2__K4SiO4,hysteresis_window_V,1.591089599871393,0.86801535,1.2749538,1.6561623,True
K2PbO2__K4SiO4,hysteresis_window_V,1.3005582740322386,0.73133326,0.940651,1.2388546,False
K2PbO2__K4SiO4,hysteresis_window_V,0.1445500668330639,0.101780385,0.12904121,0.25317937,True
CdTe__Na2S5,hysteresis_window_V,0.7929661980657002,0.468356,0.80927944,0.9111189,True
CdTe__Na2S5,hysteresis_window_V,0.945517411450697,0.4909568,0.82684445,0.96577775,True
CdTe__Na2S5,hysteresis_window_V,0.9792024715303386,0.5448175,0.920863,1.0377985,True
CdTe__Na2S5,hysteresis_window_V,0.7169570542046072,0.43256032,0.69840556,0.81740534,True
KGe__K6Se2O9,hysteresis_window_V,0.515908188085755,0.3631191,0.5293269,0.6826301,True
KGe__K6Se2O9,hysteresis_window_V,1.5057367805190978,0.833263,1.4535657,1.5792251,True
KGe__K6Se2O9,hysteresis_window_V,1.4792246869733978,0.8422572,1.4113907,1.5226557,True
KGe__K6Se2O9,hysteresis_window_V,1.330930018957395,0.71625197,1.185907,1.2856258,False
In4SnS4__CaGeO3,hysteresis_window_V,1.2128553866011549,0.7198085,1.065688,1.227724,True
In4SnS4__CaGeO3,hysteresis_window_V,1.3590584440347804,0.8330109,1.1468631,1.306157,False
In4SnS4__CaGeO3,hysteresis_window_V,0.0394384415050758,0.023634361,0.02538091,0.16539778,True
In4SnS4__CaGeO3,hysteresis_window_V,0.3125441134002262,0.24702333,0.36315957,0.5441279,True
K2NaInSb2__Na2Zn2O3,hysteresis_window_V,0.771642703984495,0.57396764,0.78670293,0.8823171,True
K2NaInSb2__Na2Zn2O3,hysteresis_window_V,0.5499557084023403,0.39139748,0.59297854,0.7029927,True
K2NaInSb2__Na2Zn2O3,hysteresis_window_V,0.068281568005843,0.079814196,0.08334414,0.18520702,False
K2NaInSb2__Na2Zn2O3,hysteresis_window_V,0.3258960142703659,0.33534995,0.3567644,0.47019088,False
Na6GaAs3__Na2TiS2O,hysteresis_window_V,0.760543801736709,0.42653108,0.6585639,0.84866846,True
Na6GaAs3__Na2TiS2O,hysteresis_window_V,1.0001917069134645,0.47761878,0.8298025,1.02019,True
Na6GaAs3__Na2TiS2O,hysteresis_window_V,1.1008993098888258,0.6059604,0.901956,1.1037261,True
Na6GaAs3__Na2TiS2O,hysteresis_window_V,1.6119792969878697,0.8471007,1.3362634,1.6856157,True
K2Ge2Se5__AlH3,hysteresis_window_V,1.1126563128058238,0.76798445,1.0881587,1.284175,True
K2Ge2Se5__AlH3,hysteresis_window_V,1.385149116534192,0.9503803,1.2633513,1.5384433,True
K2Ge2Se5__AlH3,hysteresis_window_V,0.2287695530536251,0.20724377,0.261697,0.35302046,True
K2Ge2Se5__AlH3,hysteresis_window_V,0.9770778827860416,0.727185,0.9061983,1.1060455,True
P3NCl12__Ga2PbS4,hysteresis_window_V,1.0728860736462316,0.6389521,1.088173,1.1663058,True
P3NCl12__Ga2PbS4,hysteresis_window_V,0.2790190594005585,0.18230012,0.2821927,0.51927364,True
P3NCl12__Ga2PbS4,hysteresis_window_V,0.6608755031943854,0.3365224,0.60747284,0.7580658,True
P3NCl12__Ga2PbS4,hysteresis_window_V,0.3611276131320793,0.22711185,0.3529002,0.4530971,True
InSiTe3__K(GeAs)3,hysteresis_window_V,0.3259330571295976,0.31520653,0.3728814,0.51458126,True
InSiTe3__K(GeAs)3,hysteresis_window_V,0.2393683086436605,0.22180972,0.25340995,0.45945388,True
InSiTe3__K(GeAs)3,hysteresis_window_V,0.9705220814976148,0.6271763,1.0228113,1.2705158,True
InSiTe3__K(GeAs)3,hysteresis_window_V,0.7711392614496105,0.5932813,0.87838954,0.96775,True
Li2TeO4__Na4As2O7,hysteresis_window_V,0.9673141851921622,0.54052776,0.7618392,1.1493573,True
Li2TeO4__Na4As2O7,hysteresis_window_V,0.1409011453097427,0.12879103,0.13634841,0.3170849,True
Li2TeO4__Na4As2O7,hysteresis_window_V,0.5362744872358972,0.2760542,0.47056538,0.64775974,True
Li2TeO4__Na4As2O7,hysteresis_window_V,0.1268589231575861,0.09470031,0.120007284,0.25201055,True
K2GeTe4__Na2CaSn2(GeO4)3,hysteresis_window_V,0.3426407130322298,0.26852974,0.38406914,0.48994863,True
K2GeTe4__Na2CaSn2(GeO4)3,hysteresis_window_V,0.5421524974935764,0.3196179,0.51462954,0.6865103,True
K2GeTe4__Na2CaSn2(GeO4)3,hysteresis_window_V,0.6867890356273585,0.4554352,0.7152337,0.88939315,True
K2GeTe4__Na2CaSn2(GeO4)3,hysteresis_window_V,0.8307883763272584,0.63912326,0.8917255,1.0521089,True
K6Si2S6O__Na3H5(SeO4)4,hysteresis_window_V,0.6416475220750866,0.425247,0.53787434,0.6869767,True
K6Si2S6O__Na3H5(SeO4)4,hysteresis_window_V,0.542395397607027,0.34437114,0.43803102,0.6362955,True
K6Si2S6O__Na3H5(SeO4)4,hysteresis_window_V,0.9266283093933554,0.49721792,0.70431316,0.926814,True
K6Si2S6O__Na3H5(SeO4)4,hysteresis_window_V,0.2358229973252223,0.21106325,0.22078723,0.45512256,True
Zn2(PS3)3__LiTi2(PO4)3,hysteresis_window_V,1.279052845271421,0.7395051,1.1215504,1.2549218,False
Zn2(PS3)3__LiTi2(PO4)3,hysteresis_window_V,0.9028077884557748,0.53733575,0.74236757,0.89552915,False
Zn2(PS3)3__LiTi2(PO4)3,hysteresis_window_V,1.6433583007575092,0.9855152,1.6246506,1.7398173,True
Zn2(PS3)3__LiTi2(PO4)3,hysteresis_window_V,0.184857580297329,0.15832709,0.20980634,0.40950105,True
SbCl5__Li2Te,hysteresis_window_V,0.1165604147981556,0.13000186,0.15592887,0.25897858,False
SbCl5__Li2Te,hysteresis_window_V,0.0990810158770285,0.09789157,0.10535716,0.22861388,True
SbCl5__Li2Te,hysteresis_window_V,0.8309663919575968,0.5840654,0.8084862,0.93665403,True
SbCl5__Li2Te,hysteresis_window_V,0.9900024178091014,0.5992863,0.83139473,0.99978715,True
PICl6__K2SbCl5,hysteresis_window_V,0.3816222782219297,0.2543833,0.3506752,0.48656192,True
PICl6__K2SbCl5,hysteresis_window_V,1.2222072083604023,0.6794498,0.84726185,1.2381328,True
PICl6__K2SbCl5,hysteresis_window_V,1.2461601677011682,0.7234594,0.99639803,1.2302209,False
PICl6__K2SbCl5,hysteresis_window_V,0.5107776290915181,0.28398103,0.4256157,0.5506551,True
K3SbSe3__Te2O3F2,hysteresis_window_V,0.2167950646155602,0.2159382,0.2900135,0.4440234,True
K3SbSe3__Te2O3F2,hysteresis_window_V,0.3390968670053985,0.3573913,0.43039003,0.4954063,False
K3SbSe3__Te2O3F2,hysteresis_window_V,1.2036456331261003,0.8848283,1.3327953,1.3895286,True
K3SbSe3__Te2O3F2,hysteresis_window_V,0.6237984744464267,0.5002559,0.6698611,0.8878081,True
K2LiGaAs2__Sb2O5,hysteresis_window_V,0.2626247964649458,0.27139103,0.3458883,0.4633066,False
K2LiGaAs2__Sb2O5,hysteresis_window_V,0.0493114815973968,0.03156293,0.05699653,0.15744711,True
K2LiGaAs2__Sb2O5,hysteresis_window_V,0.2153511532183916,0.2168291,0.2515783,0.36308357,False
K2LiGaAs2__Sb2O5,hysteresis_window_V,0.1887018648972964,0.2327014,0.24474925,0.34405538,False
AlI3__NaAlI4,hysteresis_window_V,1.2426067330076012,0.8222937,1.0352323,1.2813272,True
AlI3__NaAlI4,hysteresis_window_V,0.8985526153334927,0.5128463,0.65668887,0.848021,False
AlI3__NaAlI4,hysteresis_window_V,0.1064012853224024,0.07444425,0.08406968,0.20116182,True
AlI3__NaAlI4,hysteresis_window_V,1.43176001575046,0.81475294,1.062956,1.4048659,False
GeS__NaHO,hysteresis_window_V,0.8580044245425212,0.59128773,0.86710805,0.98025256,True
GeS__NaHO,hysteresis_window_V,1.148233555050778,0.7685365,1.0588747,1.2187749,True
GeS__NaHO,hysteresis_window_V,0.3644958611187263,0.371381,0.3921265,0.5148273,False
GeS__NaHO,hysteresis_window_V,0.1210179036700409,0.12487578,0.138329,0.2798738,False
Na2CaTi2(GeO4)3__KCd6P7O24,hysteresis_window_V,0.3761729868878279,0.27255347,0.4081623,0.56840444,True
Na2CaTi2(GeO4)3__KCd6P7O24,hysteresis_window_V,0.9090852092076028,0.5304263,0.76741946,0.9443355,True
Na2CaTi2(GeO4)3__KCd6P7O24,hysteresis_window_V,1.2355164609372042,0.67903185,0.92354876,1.2010858,False
Na2CaTi2(GeO4)3__KCd6P7O24,hysteresis_window_V,0.3712865279704803,0.2262005,0.33409274,0.47746962,True
Na3TiF8__HS2IO8,hysteresis_window_V,0.1437357942428151,0.1591321,0.17525733,0.45118997,False
Na3TiF8__HS2IO8,hysteresis_window_V,0.656881481521037,0.4891278,0.67842084,0.80727214,True
Na3TiF8__HS2IO8,hysteresis_window_V,0.6008642396574445,0.42034367,0.56408757,0.67816466,True
Na3TiF8__HS2IO8,hysteresis_window_V,1.5028794485672023,0.9702285,1.4208375,1.590444,True
K(TeO3)2__Ge(PbS2)2,hysteresis_window_V,0.1615189948495697,0.19827059,0.20345245,0.35114273,False
K(TeO3)2__Ge(PbS2)2,hysteresis_window_V,0.9652203873692904,0.61385375,0.9445915,1.1119792,True
K(TeO3)2__Ge(PbS2)2,hysteresis_window_V,0.0316781413485914,-0.0020067357,0.034903243,0.15068677,True
K(TeO3)2__Ge(PbS2)2,hysteresis_window_V,1.0155746543583954,0.65727913,0.9849047,1.1956112,True
Na2TeO4__PSe,hysteresis_window_V,1.3341015130284133,0.7394096,1.2009108,1.2910659,False
Na2TeO4__PSe,hysteresis_window_V,0.3803425715868199,0.2586453,0.4017541,0.5145131,True
Na2TeO4__PSe,hysteresis_window_V,0.6669559518246375,0.42799106,0.66244376,0.7569907,True
Na2TeO4__PSe,hysteresis_window_V,0.7141825954764197,0.3945031,0.6259336,0.76801306,True
K2Zn(SnSe3)2__Al2PbS4,hysteresis_window_V,0.126010644372565,0.19688725,0.2991627,0.42941162,False
K2Zn(SnSe3)2__Al2PbS4,hysteresis_window_V,0.1392116158216388,0.25831234,0.30571938,0.5440637,False
K2Zn(SnSe3)2__Al2PbS4,hysteresis_window_V,0.283306320125178,0.42600003,0.684848,0.8677058,False
K2Zn(SnSe3)2__Al2PbS4,hysteresis_window_V,0.0272744820111677,0.043167625,0.04669328,0.17378475,False
LiNO3__Ca5(IO6)2,hysteresis_window_V,0.3837631649502646,0.2941945,0.41813254,0.5814629,True
LiNO3__Ca5(IO6)2,hysteresis_window_V,0.7644617481962218,0.4869603,0.7524673,0.87894005,True
LiNO3__Ca5(IO6)2,hysteresis_window_V,0.5113167611662852,0.34263292,0.5395794,0.68782556,True
LiNO3__Ca5(IO6)2,hysteresis_window_V,0.9884159491115234,0.50891554,0.7659528,0.99091244,True
Ca5(IO6)2__K3In(IO3)6,hysteresis_window_V,0.6068254075441796,0.33447987,0.47093436,0.69916093,True
Ca5(IO6)2__K3In(IO3)6,hysteresis_window_V,0.8977888772130761,0.38474518,0.62137926,0.9966624,True
Ca5(IO6)2__K3In(IO3)6,hysteresis_window_V,0.8127350618361796,0.34961686,0.5734577,0.88063246,True
Ca5(IO6)2__K3In(IO3)6,hysteresis_window_V,0.4081986626600419,0.22162096,0.36888462,0.48457077,True
KAlTe2__PTCDA,hysteresis_window_V,1.6243249424346446,0.9064921,1.2814647,1.412663,False
KAlTe2__PTCDA,hysteresis_window_V,0.6511712874395795,0.48738337,0.6383382,0.76701903,True
KAlTe2__PTCDA,hysteresis_window_V,2.58785178144215,1.2206329,1.9960295,2.2207258,False
KAlTe2__PTCDA,hysteresis_window_V,2.3329984321003003,1.1480644,1.8244125,2.2521274,False
K(TeO3)2__ClF5,hysteresis_window_V,0.6024665630183976,0.42114356,0.5990059,0.7314147,True
K(TeO3)2__ClF5,hysteresis_window_V,0.43517580954588,0.4357889,0.61465746,0.62456745,False
K(TeO3)2__ClF5,hysteresis_window_V,0.1186080727912494,0.16569841,0.17762896,0.31147948,False
K(TeO3)2__ClF5,hysteresis_window_V,0.9686783539912496,0.6034856,0.9653327,1.0793529,True
TiP2PbO8__Cd(NO3)2,hysteresis_window_V,0.1289987557029522,0.094463184,0.10678717,0.26791438,True
TiP2PbO8__Cd(NO3)2,hysteresis_window_V,1.2512898606488232,0.80450577,1.010721,1.204786,False
TiP2PbO8__Cd(NO3)2,hysteresis_window_V,0.1132052893019029,0.10453761,0.10746262,0.34754157,True
TiP2PbO8__Cd(NO3)2,hysteresis_window_V,0.3649424745160246,0.2553434,0.315105,0.5407813,True
K3SbO4__NOF,hysteresis_window_V,0.6645532856761021,0.5643733,0.60953856,0.8832825,True
K3SbO4__NOF,hysteresis_window_V,0.1927954414150364,0.24316141,0.24888788,0.46968493,False
K3SbO4__NOF,hysteresis_window_V,1.67114535789529,0.97848624,1.4679931,1.6220498,False
K3SbO4__NOF,hysteresis_window_V,0.6786101971390767,0.6620948,0.77924526,0.8409743,True
K14In4O13__ZnO,hysteresis_window_V,0.6924622618494713,0.49097005,0.7800169,0.8127598,True
K14In4O13__ZnO,hysteresis_window_V,0.1002495520756643,0.09459317,0.10560303,0.2291126,True
K14In4O13__ZnO,hysteresis_window_V,0.2434661348085488,0.16724549,0.26766726,0.3745647,True
K14In4O13__ZnO,hysteresis_window_V,0.2076234383918017,0.21615946,0.27138913,0.4547107,False
LiCaP__NaTi2(AsO4)3,hysteresis_window_V,0.2284641436712921,0.19061081,0.23966284,0.3669981,True
LiCaP__NaTi2(AsO4)3,hysteresis_window_V,1.5899341271765652,0.71894526,1.225195,1.4161006,False
LiCaP__NaTi2(AsO4)3,hysteresis_window_V,0.6758793688919077,0.3925404,0.64819723,0.7908427,True
LiCaP__NaTi2(AsO4)3,hysteresis_window_V,0.3096538482942038,0.19422008,0.3343107,0.42858964,True
Na4Si2PbSe6__S3(NO7)2,hysteresis_window_V,1.3500804583949506,0.7748948,1.2732519,1.3673307,True
Na4Si2PbSe6__S3(NO7)2,hysteresis_window_V,0.180418188614134,0.15056184,0.19592772,0.40209305,True
Na4Si2PbSe6__S3(NO7)2,hysteresis_window_V,0.6314174634549494,0.37922764,0.59615874,0.75536656,True
Na4Si2PbSe6__S3(NO7)2,hysteresis_window_V,0.6690308623234992,0.5244858,0.72777706,0.88704675,True
Li7PSe6__CdI2,hysteresis_window_V,0.3137497193352741,0.32377774,0.3599524,0.5251787,False
Li7PSe6__CdI2,hysteresis_window_V,0.3817602947197178,0.26699653,0.42098793,0.50152093,True
Li7PSe6__CdI2,hysteresis_window_V,0.1972202650604603,0.15085909,0.1889438,0.32745862,True
Li7PSe6__CdI2,hysteresis_window_V,0.3069612595808066,0.22295249,0.38715503,0.45474672,True
K2CdGeO4__Na3In(PO4)2,hysteresis_window_V,0.9122053865050886,0.6643318,0.7518549,1.1516529,True
K2CdGeO4__Na3In(PO4)2,hysteresis_window_V,0.6208035165380051,0.47356448,0.566565,0.8197421,True
K2CdGeO4__Na3In(PO4)2,hysteresis_window_V,0.8723762943344326,0.68121797,0.8040562,1.1601143,True
K2CdGeO4__Na3In(PO4)2,hysteresis_window_V,0.6259073734703381,0.4437497,0.56940794,0.7665285,True
Al(IO3)3__NPB,hysteresis_window_V,1.6562576091248489,0.86759245,1.3849409,1.4791995,False
Al(IO3)3__NPB,hysteresis_window_V,2.051931396633882,0.9637246,1.4509991,1.8189523,False
Al(IO3)3__NPB,hysteresis_window_V,0.6824271119311632,0.46676943,0.6038104,0.7317786,True
Al(IO3)3__NPB,hysteresis_window_V,2.730787380525332,1.2382618,2.0697389,2.23663,False
As(BrF2)3__KSn2Cl5,hysteresis_window_V,0.6651630033213347,0.34705168,0.5438811,0.750633,True
As(BrF2)3__KSn2Cl5,hysteresis_window_V,0.1433491213627463,0.12649095,0.15604806,0.45625004,True
As(BrF2)3__KSn2Cl5,hysteresis_window_V,0.3787619514202563,0.27980834,0.38647777,0.53726405,True
As(BrF2)3__KSn2Cl5,hysteresis_window_V,0.211501059452932,0.15013497,0.22302818,0.50351256,True
Ca3PN__Ca3AlN3,hysteresis_window_V,0.5256396433365735,0.42321277,0.6563939,0.82174057,True
Ca3PN__Ca3AlN3,hysteresis_window_V,0.5342631511888807,0.4247245,0.63483554,0.8006429,True
Ca3PN__Ca3AlN3,hysteresis_window_V,0.5848421535468893,0.4387034,0.72978085,0.9223495,True
Ca3PN__Ca3AlN3,hysteresis_window_V,0.9009486793942154,0.60985994,1.0892705,1.26077,True
K2CdSiO4__KGaO2,hysteresis_window_V,0.6521606807480556,0.39098012,0.5968857,0.792382,True
K2CdSiO4__KGaO2,hysteresis_window_V,0.1715871233735431,0.1199062,0.16030514,0.29377753,True
K2CdSiO4__KGaO2,hysteresis_window_V,0.3253019302099064,0.20502456,0.3307137,0.43484646,True
K2CdSiO4__KGaO2,hysteresis_window_V,1.4387740229955346,0.8207986,1.1858459,1.5136632,True
CdP14Pb__K4Ti3S14,hysteresis_window_V,1.3945985652480557,1.0051581,1.4419286,1.5479286,True
CdP14Pb__K4Ti3S14,hysteresis_window_V,0.7327753115549611,0.47993708,0.7311688,0.85549957,True
CdP14Pb__K4Ti3S14,hysteresis_window_V,0.634897505740538,0.5161735,0.639419,0.7783699,True
CdP14Pb__K4Ti3S14,hysteresis_window_V,1.0103179059942151,0.6936943,1.1046681,1.2034401,True
K2NaInAs2__NaSi,hysteresis_window_V,0.2148516266284628,0.17612082,0.28670132,0.37711003,True
K2NaInAs2__NaSi,hysteresis_window_V,0.2697099640062314,0.2627827,0.29712594,0.4989485,True
K2NaInAs2__NaSi,hysteresis_window_V,0.5145255462683307,0.3964906,0.55270624,0.77665716,True
K2NaInAs2__NaSi,hysteresis_window_V,0.6332268495054584,0.54173607,0.65265685,0.9184783,True
GeSe2__NaAsS2,hysteresis_window_V,0.279917571334449,0.2380344,0.3808046,0.41795772,True
GeSe2__NaAsS2,hysteresis_window_V,0.9903930163405972,0.8203276,1.0619836,1.1460502,True
GeSe2__NaAsS2,hysteresis_window_V,0.8138244694565607,0.5439016,0.73492795,0.8626823,True
GeSe2__NaAsS2,hysteresis_window_V,0.7318207185825966,0.5549687,0.7209686,0.90863836,True
Te3As2__Ca3AsCl3,hysteresis_window_V,0.3383477260790259,0.2605656,0.39332446,0.4637358,True
Te3As2__Ca3AsCl3,hysteresis_window_V,0.9336532894344106,0.5236924,0.9228401,1.0640448,True
Te3As2__Ca3AsCl3,hysteresis_window_V,0.6709389639757682,0.43427956,0.61830956,0.80017537,True
Te3As2__Ca3AsCl3,hysteresis_window_V,0.5545055086074037,0.38329718,0.58487505,0.6815339,True
Ca2ZnN2__K6Ge2O7,hysteresis_window_V,1.50884568920289,0.84992415,1.3000845,1.4785109,False
Ca2ZnN2__K6Ge2O7,hysteresis_window_V,1.0353977239931973,0.5316285,0.8915774,1.0886496,True
Ca2ZnN2__K6Ge2O7,hysteresis_window_V,0.3889165550835793,0.30848888,0.40926713,0.55558836,True
Ca2ZnN2__K6Ge2O7,hysteresis_window_V,2.2818667458362807,1.0675068,1.8277041,2.150054,False
K2Se5__Na2SnO2,hysteresis_window_V,1.892708978887413,0.8144159,1.4214017,1.887459,False
K2Se5__Na2SnO2,hysteresis_window_V,1.5114369292879668,0.7102768,1.0840372,1.47196,False
K2Se5__Na2SnO2,hysteresis_window_V,0.8607266800236338,0.40875345,0.7223243,0.86157364,True
K2Se5__Na2SnO2,hysteresis_window_V,0.0980399689142588,0.06029558,0.100091256,0.21706271,True
NaAs__PbBr2,hysteresis_window_V,0.0886111493243472,0.083886,0.08945499,0.2483221,True
NaAs__PbBr2,hysteresis_window_V,0.3096482743937323,0.25858822,0.33055106,0.52542084,True
NaAs__PbBr2,hysteresis_window_V,0.9898677890534072,0.6491999,0.9121791,0.99194473,True
NaAs__PbBr2,hysteresis_window_V,0.4201150538052126,0.37065262,0.48136756,0.5743437,True
Ca(ZnP)2__SbI3Cl8,hysteresis_window_V,0.4185860226413984,0.33034316,0.45355728,0.5558831,True
Ca(ZnP)2__SbI3Cl8,hysteresis_window_V,1.1102171429841443,0.70625556,1.1174457,1.2270659,True
Ca(ZnP)2__SbI3Cl8,hysteresis_window_V,1.1399565163848282,0.73916596,1.0249873,1.1885352,True
Ca(ZnP)2__SbI3Cl8,hysteresis_window_V,0.6081543039802364,0.4928441,0.6876299,0.6987822,True
Li2ZnGeS4__Li2P7(H3N)9,hysteresis_window_V,0.2295263341042235,0.18487546,0.26349357,0.4199612,True
Li2ZnGeS4__Li2P7(H3N)9,hysteresis_window_V,0.3992959693774142,0.2473298,0.42047408,0.5163887,True
Li2ZnGeS4__Li2P7(H3N)9,hysteresis_window_V,1.3279311350246894,0.83593106,1.2966636,1.4614869,True
Li2ZnGeS4__Li2P7(H3N)9,hysteresis_window_V,0.3766522136450033,0.27495176,0.4112544,0.56411576,True
AsClF8__Ca3(SiAs2)2,hysteresis_window_V,0.4432752637931361,0.34126544,0.46626222,0.6151288,True
AsClF8__Ca3(SiAs2)2,hysteresis_window_V,0.5220549383111637,0.4175495,0.5786088,0.7352,True
AsClF8__Ca3(SiAs2)2,hysteresis_window_V,0.1467748014906407,0.15820509,0.16822857,0.29725283,False
AsClF8__Ca3(SiAs2)2,hysteresis_window_V,0.8791969490607697,0.59769744,0.8490312,1.0730766,True
LiCaGaN2__In3SnI5,hysteresis_window_V,0.2739090975873763,0.18836096,0.2943484,0.390806,True
LiCaGaN2__In3SnI5,hysteresis_window_V,0.7419324087259169,0.4537861,0.7222187,0.81584847,True
LiCaGaN2__In3SnI5,hysteresis_window_V,0.6818862363178988,0.43266964,0.6251084,0.7322146,True
LiCaGaN2__In3SnI5,hysteresis_window_V,0.6204802568184417,0.39927363,0.6353746,0.6703519,True
K2PS3__NaCdF3,hysteresis_window_V,0.1062258744820281,0.10123577,0.1313253,0.27536106,True
K2PS3__NaCdF3,hysteresis_window_V,0.4700374267620224,0.35843927,0.49438626,0.5895683,True
K2PS3__NaCdF3,hysteresis_window_V,0.4622757200727582,0.31894347,0.5046858,0.57581204,True
K2PS3__NaCdF3,hysteresis_window_V,0.8028916320498167,0.5447871,0.7008813,0.8086732,True
Ga2Te2Cl7__KSb(PSe3)2,hysteresis_window_V,0.7146079631853686,0.51159555,0.68466526,0.8089444,True
Ga2Te2Cl7__KSb(PSe3)2,hysteresis_window_V,0.5647045767051158,0.4546704,0.5543474,0.69014376,True
Ga2Te2Cl7__KSb(PSe3)2,hysteresis_window_V,0.0699328912719082,0.07612542,0.079427,0.24268733,False
Ga2Te2Cl7__KSb(PSe3)2,hysteresis_window_V,1.0978542378795444,0.91999495,1.0528493,1.2388884,True
K4Ge(PSe3)4__Ge(PbS2)2,hysteresis_window_V,1.7511091847290232,0.74563,1.156813,1.5715997,False
K4Ge(PSe3)4__Ge(PbS2)2,hysteresis_window_V,1.3989685454301035,0.62626576,0.9772305,1.3238426,False
K4Ge(PSe3)4__Ge(PbS2)2,hysteresis_window_V,0.6274582119505596,0.36248308,0.6121354,0.77526516,True
K4Ge(PSe3)4__Ge(PbS2)2,hysteresis_window_V,1.6875376734469147,0.76973987,1.2139114,1.7103758,True
Cd3(PO4)2__CdH3NO5,hysteresis_window_V,0.6472647187248015,0.36455584,0.4823286,0.74898034,True
Cd3(PO4)2__CdH3NO5,hysteresis_window_V,1.5954950500530762,0.69300216,1.0345441,1.334481,False
Cd3(PO4)2__CdH3NO5,hysteresis_window_V,0.4298765111721374,0.24046636,0.40826675,0.55165374,True
Cd3(PO4)2__CdH3NO5,hysteresis_window_V,0.1181545446395486,0.09043809,0.0962055,0.3655131,True
AsClOF8__PbBr2,hysteresis_window_V,0.2180280458166244,0.15496098,0.19577335,0.37000048,True
AsClOF8__PbBr2,hysteresis_window_V,0.8913406697917351,0.5190213,0.76207465,0.9122866,True
AsClOF8__PbBr2,hysteresis_window_V,2.3153768787002496,1.1026258,1.9180602,2.0942173,False
AsClOF8__PbBr2,hysteresis_window_V,1.6088251910313394,0.8046738,1.4349186,1.441588,False
CdPS3__K8Ti5P2(O4F11)2,hysteresis_window_V,1.2467352919493913,0.7335312,0.9921264,1.2104347,False
CdPS3__K8Ti5P2(O4F11)2,hysteresis_window_V,0.1334307500355828,0.114058584,0.13123891,0.2416681,True
CdPS3__K8Ti5P2(O4F11)2,hysteresis_window_V,0.9847522823193268,0.56630594,0.9576999,1.0745543,True
CdPS3__K8Ti5P2(O4F11)2,hysteresis_window_V,0.2255423350266962,0.19199593,0.20737186,0.3525278,True
CdSe2__Si,hysteresis_window_V,0.5988465171271455,0.5793099,0.7516027,1.1126721,True
CdSe2__Si,hysteresis_window_V,0.3749537093906493,0.37724257,0.57380474,0.80607927,False
CdSe2__Si,hysteresis_window_V,0.2134657938907685,0.25420943,0.41012582,0.5111704,False
CdSe2__Si,hysteresis_window_V,0.1044128480080533,0.18284813,0.19263795,0.31601796,False
TiZn(SO4)3__ZnCN2,hysteresis_window_V,0.3473459076188845,0.2803329,0.3639524,0.5242916,True
TiZn(SO4)3__ZnCN2,hysteresis_window_V,1.602432287644571,0.86394346,1.3097337,1.7076105,True
TiZn(SO4)3__ZnCN2,hysteresis_window_V,0.2154571170985565,0.17226641,0.21446797,0.38717693,True
TiZn(SO4)3__ZnCN2,hysteresis_window_V,0.2910327425112703,0.25656688,0.37119317,0.5050245,True
Zn(GaS2)2__SeCl4,hysteresis_window_V,0.1217011709533617,0.11243636,0.13529621,0.26283917,True
Zn(GaS2)2__SeCl4,hysteresis_window_V,0.2017675083309054,0.19231473,0.26046443,0.5099716,True
Zn(GaS2)2__SeCl4,hysteresis_window_V,0.5079185075775817,0.27988166,0.5076024,0.65180135,True
Zn(GaS2)2__SeCl4,hysteresis_window_V,1.8641740333757668,0.9660282,1.689143,1.8280582,False
KBrF4__ClF5,hysteresis_window_V,1.2924874904526646,0.8483247,1.3913321,1.404066,True
KBrF4__ClF5,hysteresis_window_V,0.4228045692495548,0.27487263,0.4307253,0.58367825,True
KBrF4__ClF5,hysteresis_window_V,1.2480403924846004,0.8595259,1.2967715,1.3998362,True
KBrF4__ClF5,hysteresis_window_V,0.7732860202304268,0.51120025,0.7720537,0.802891,True
Al2CdTe4__Li4GeS4,hysteresis_window_V,0.9038760673821244,0.50815445,0.815549,0.9503796,True
Al2CdTe4__Li4GeS4,hysteresis_window_V,0.7792714715829067,0.46466976,0.7018277,0.87406546,True
Al2CdTe4__Li4GeS4,hysteresis_window_V,1.06031199401534,0.69719785,0.95531476,1.165222,True
Al2CdTe4__Li4GeS4,hysteresis_window_V,0.2268438829770007,0.18746923,0.28050265,0.35177994,True
NaAlSe2__Li2TiTeO6,hysteresis_window_V,0.5243321319233953,0.49007803,0.6832187,0.91940886,True
NaAlSe2__Li2TiTeO6,hysteresis_window_V,0.4824591399354836,0.47810513,0.5840851,0.89741856,True
NaAlSe2__Li2TiTeO6,hysteresis_window_V,0.3203759546289857,0.32916674,0.4652378,0.6302524,False
NaAlSe2__Li2TiTeO6,hysteresis_window_V,0.7592377776676041,0.7318477,0.9679779,1.3126665,True
K3GaO3__PbSe2O5,hysteresis_window_V,0.5736696714083211,0.3624567,0.5263276,0.72392946,True
K3GaO3__PbSe2O5,hysteresis_window_V,0.7517432261329404,0.3807831,0.62867045,0.81188357,True
K3GaO3__PbSe2O5,hysteresis_window_V,0.0874633368950732,0.072852686,0.07913372,0.20669904,True
K3GaO3__PbSe2O5,hysteresis_window_V,1.5353555169770423,0.9193653,1.4127412,1.5515977,True
KGe__AlSCl7,hysteresis_window_V,0.7911989147194488,0.60816956,0.7687385,0.88845176,True
KGe__AlSCl7,hysteresis_window_V,0.5449017116416737,0.46287262,0.6247214,0.75421214,True
KGe__AlSCl7,hysteresis_window_V,0.0616452763594723,0.06392347,0.06734326,0.20300262,False
KGe__AlSCl7,hysteresis_window_V,1.1320217943689006,0.64703953,0.93753034,1.0675164,False
K11Cd2Sb5__K4Sb2O5,hysteresis_window_V,1.959100542647881,0.8350063,1.4485636,1.8881656,False
K11Cd2Sb5__K4Sb2O5,hysteresis_window_V,1.031804208529344,0.5012585,0.84264046,1.0214927,False
K11Cd2Sb5__K4Sb2O5,hysteresis_window_V,0.4509639717498488,0.261204,0.4652041,0.5492097,True
K11Cd2Sb5__K4Sb2O5,hysteresis_window_V,1.7175651648333687,0.7728698,1.3970916,1.8016261,True
Ca3N2__PbO,hysteresis_window_V,0.1577509771718933,0.13968366,0.16981228,0.3961435,True
Ca3N2__PbO,hysteresis_window_V,0.4152132296957568,0.21683289,0.39066145,0.50495553,True
Ca3N2__PbO,hysteresis_window_V,0.6826308577049396,0.30723163,0.60067576,0.72352695,True
Ca3N2__PbO,hysteresis_window_V,0.7540226828155947,0.4179745,0.7372316,0.8390469,True
NaCl7__InI2,hysteresis_window_V,0.5116593363792221,0.37030098,0.51452094,0.6491913,True
NaCl7__InI2,hysteresis_window_V,0.4360771932075072,0.3097195,0.44903123,0.62195647,True
NaCl7__InI2,hysteresis_window_V,0.2363083373957491,0.16060846,0.2370249,0.43752128,True
NaCl7__InI2,hysteresis_window_V,1.2920942980046757,0.76922786,1.2210923,1.3556219,True
Cd3(PO4)2__K2LiAlH6,hysteresis_window_V,1.5624861097726246,0.9636716,1.3831911,1.4436425,False
Cd3(PO4)2__K2LiAlH6,hysteresis_window_V,0.4771745882284595,0.3549122,0.5128587,0.59249836,True
Cd3(PO4)2__K2LiAlH6,hysteresis_window_V,0.5407279759541181,0.41253737,0.50006175,0.63104093,True
Cd3(PO4)2__K2LiAlH6,hysteresis_window_V,0.5670662163684291,0.5066724,0.6746509,0.8382157,True
KAlTe2__Li3SbO4,hysteresis_window_V,0.3862243706015641,0.32413232,0.47098473,0.53466374,True
KAlTe2__Li3SbO4,hysteresis_window_V,0.491315278363631,0.4360766,0.5925835,0.6700233,True
KAlTe2__Li3SbO4,hysteresis_window_V,0.5972167194401733,0.4669853,0.6745624,0.77066344,True
KAlTe2__Li3SbO4,hysteresis_window_V,0.2967415898510093,0.23485705,0.34249502,0.4175973,True
K2TiO3__Al(IO3)3,hysteresis_window_V,0.0999951863837308,0.09540645,0.12796636,0.27271992,True
K2TiO3__Al(IO3)3,hysteresis_window_V,0.4752177505153304,0.3480986,0.46174186,0.65001994,True
K2TiO3__Al(IO3)3,hysteresis_window_V,0.332612063921969,0.2749118,0.38101143,0.5575668,True
K2TiO3__Al(IO3)3,hysteresis_window_V,0.5089928694392435,0.37614226,0.5452921,0.6867075,True
NaP7__CdF2,hysteresis_window_V,1.7940236955678115,1.0048425,1.6866843,1.718816,False
NaP7__CdF2,hysteresis_window_V,0.9999762976213848,0.73173624,0.97718126,1.1475091,True
NaP7__CdF2,hysteresis_window_V,0.1927778683362205,0.20101845,0.21454333,0.3369396,False
NaP7__CdF2,hysteresis_window_V,1.7835948096073413,1.0693252,1.8471942,1.8599944,True
K2SiP2__GaSbO4,hysteresis_window_V,0.3331389638153167,0.34189963,0.44493395,0.58584505,False
K2SiP2__GaSbO4,hysteresis_window_V,0.4701612736652259,0.32935214,0.4970859,0.62736225,True
K2SiP2__GaSbO4,hysteresis_window_V,0.3809931876347167,0.26035866,0.43609977,0.52260387,True
K2SiP2__GaSbO4,hysteresis_window_V,1.8161743306797653,0.99358994,1.5881245,1.8059953,False
AlSb__GaS,hysteresis_window_V,0.2395910940743194,0.16978747,0.2756807,0.37864587,True
AlSb__GaS,hysteresis_window_V,0.4143111700730519,0.28377557,0.42038763,0.518576,True
AlSb__GaS,hysteresis_window_V,0.3604438717546663,0.23162507,0.27356023,0.5340747,True
AlSb__GaS,hysteresis_window_V,0.313788515737386,0.2077412,0.2921836,0.4144157,True
Ca3PCl3__K4SnSe4,hysteresis_window_V,0.4338590867658317,0.3148218,0.45422488,0.54646325,True
Ca3PCl3__K4SnSe4,hysteresis_window_V,1.3532768583575487,0.7087097,1.2522438,1.3431965,False
Ca3PCl3__K4SnSe4,hysteresis_window_V,0.1230061637914793,0.10669996,0.14803554,0.2574518,True
Ca3PCl3__K4SnSe4,hysteresis_window_V,0.3361426153556581,0.24756524,0.37001503,0.44564113,True
KSnS4__CdHOF,hysteresis_window_V,0.150089787478239,0.13317484,0.1462633,0.33088034,True
KSnS4__CdHOF,hysteresis_window_V,1.246616882642504,0.75945264,1.2060773,1.2846835,True
KSnS4__CdHOF,hysteresis_window_V,0.7493108624951933,0.5594777,0.8157534,0.9647205,True
KSnS4__CdHOF,hysteresis_window_V,0.8575138879078981,0.63860404,0.974988,1.0501983,True
Ca2HN__CaSb10(S3O5)2,hysteresis_window_V,0.0904673146943855,0.1125243,0.1614562,0.30774024,False
Ca2HN__CaSb10(S3O5)2,hysteresis_window_V,0.4205314589913666,0.37800348,0.69431335,1.0251043,True
Ca2HN__CaSb10(S3O5)2,hysteresis_window_V,0.449480226152836,0.32273048,0.8270422,1.0890524,True
Ca2HN__CaSb10(S3O5)2,hysteresis_window_V,0.0732585855352527,0.06251832,0.11340309,0.35994992,True
Na2SnGe2(HO4)2__SbI3,hysteresis_window_V,0.0771994239689737,0.07347106,0.08433188,0.18317504,True
Na2SnGe2(HO4)2__SbI3,hysteresis_window_V,0.2026540589568551,0.21483114,0.21582256,0.3249055,False
Na2SnGe2(HO4)2__SbI3,hysteresis_window_V,0.9075914074730006,0.6638287,0.8193816,1.0324265,True
Na2SnGe2(HO4)2__SbI3,hysteresis_window_V,0.0432063079582634,0.021930179,0.033633888,0.13552669,True
K4Sb2O5__Ga3Sb7(S4Cl7)2,hysteresis_window_V,0.0999887886149663,0.09605857,0.12977187,0.2486866,True
K4Sb2O5__Ga3Sb7(S4Cl7)2,hysteresis_window_V,0.661886687451054,0.41814512,0.6575319,0.7985611,True
K4Sb2O5__Ga3Sb7(S4Cl7)2,hysteresis_window_V,1.6402996750701158,0.91325927,1.3431995,1.61081,False
K4Sb2O5__Ga3Sb7(S4Cl7)2,hysteresis_window_V,0.1464277161689562,0.15107605,0.16819066,0.45829862,False
Na3SiTe3__Ca3Ga2(GeO4)3,hysteresis_window_V,1.4390756588548574,0.87358975,1.3023741,1.5397872,True
Na3SiTe3__Ca3Ga2(GeO4)3,hysteresis_window_V,0.3700030237456597,0.22123723,0.39230368,0.5546764,True
Na3SiTe3__Ca3Ga2(GeO4)3,hysteresis_window_V,0.2365044380916799,0.15060249,0.21318653,0.38898724,True
Na3SiTe3__Ca3Ga2(GeO4)3,hysteresis_window_V,0.8728226665203933,0.40485844,0.691777,0.8581564,False
NaCdIn2(PO4)3__Ca3Si2SnO9,hysteresis_window_V,0.1622043779877912,0.16192238,0.21149547,0.3646524,True
NaCdIn2(PO4)3__Ca3Si2SnO9,hysteresis_window_V,0.7357574820592073,0.52814674,0.764448,1.2319733,True
NaCdIn2(PO4)3__Ca3Si2SnO9,hysteresis_window_V,0.4621591373784953,0.2880394,0.55089134,0.7728665,True
NaCdIn2(PO4)3__Ca3Si2SnO9,hysteresis_window_V,0.0780796785628585,0.049595065,0.08815058,0.31387818,True
AsSe6IF6__Ca5(IO6)2,hysteresis_window_V,0.1396881246293332,0.12039251,0.16016352,0.33355072,True
AsSe6IF6__Ca5(IO6)2,hysteresis_window_V,1.135307284322023,0.68621033,1.1072026,1.2377732,True
AsSe6IF6__Ca5(IO6)2,hysteresis_window_V,0.7488315781731385,0.42907217,0.6934743,0.8888951,True
AsSe6IF6__Ca5(IO6)2,hysteresis_window_V,0.135661821482356,0.10725154,0.15003447,0.30825394,True
KGaGeO4__NO3,hysteresis_window_V,0.4364586407349349,0.3086958,0.5256988,0.63961893,True
KGaGeO4__NO3,hysteresis_window_V,1.8469140923873104,0.9284095,1.8052893,1.8810518,True
KGaGeO4__NO3,hysteresis_window_V,0.3994315946219666,0.2706357,0.46792442,0.6025412,True
KGaGeO4__NO3,hysteresis_window_V,0.5583965799304066,0.42873245,0.61655045,0.76630324,True
K3SnTe3__CaC2,hysteresis_window_V,1.11805722045528,0.6778604,1.2726555,1.36911,True
K3SnTe3__CaC2,hysteresis_window_V,0.4912332299444226,0.32848692,0.4750934,0.67182523,True
K3SnTe3__CaC2,hysteresis_window_V,0.4114438270286095,0.27269888,0.4452769,0.6233641,True
K3SnTe3__CaC2,hysteresis_window_V,0.3212027865626889,0.21528402,0.36527643,0.4708175,True
Ga2Se3__SbAsPCl13,hysteresis_window_V,0.1554255387538106,0.12641832,0.17326319,0.2844537,True
Ga2Se3__SbAsPCl13,hysteresis_window_V,0.8949397201207474,0.59292865,0.8251777,0.898369,True
Ga2Se3__SbAsPCl13,hysteresis_window_V,0.4659506886392032,0.2942352,0.45080015,0.6050825,True
Ga2Se3__SbAsPCl13,hysteresis_window_V,0.6058798460061651,0.41558987,0.5807886,0.68961805,True
Ca3InP3__Pb2SeN2O9,hysteresis_window_V,1.5987482134431736,1.0114847,1.4662867,1.7658621,True
Ca3InP3__Pb2SeN2O9,hysteresis_window_V,0.5202397629743519,0.43299016,0.52993345,0.6348682,True
Ca3InP3__Pb2SeN2O9,hysteresis_window_V,1.1026291616676698,0.6633519,0.93288696,1.1406168,True
Ca3InP3__Pb2SeN2O9,hysteresis_window_V,0.1656517349874248,0.13579454,0.17068166,0.26869804,True
Na3PSe4__KTiPS5,hysteresis_window_V,0.050991169737249,0.061570454,0.06405748,0.16088593,False
Na3PSe4__KTiPS5,hysteresis_window_V,0.3174373502951091,0.3160897,0.45890042,0.5226443,True
Na3PSe4__KTiPS5,hysteresis_window_V,0.1043630914693725,0.12887126,0.13641846,0.30830398,False
Na3PSe4__KTiPS5,hysteresis_window_V,0.1387084761912222,0.14176928,0.18081231,0.3470586,False
K6Sn3As5__AsClOF8,hysteresis_window_V,0.2676875777836476,0.24822895,0.3180398,0.4225457,True
K6Sn3As5__AsClOF8,hysteresis_window_V,0.194415339131953,0.20066121,0.27923167,0.4417454,False
K6Sn3As5__AsClOF8,hysteresis_window_V,0.3514541838020986,0.3214523,0.40682757,0.47566712,True
K6Sn3As5__AsClOF8,hysteresis_window_V,0.7084407814034102,0.49844375,0.6518893,0.88046515,True
TeS7Br2__CdBr2,hysteresis_window_V,1.7423537068423072,1.0339828,1.5514461,1.6420546,False
TeS7Br2__CdBr2,hysteresis_window_V,0.880578644449022,0.49583355,0.7592325,0.8795087,False
TeS7Br2__CdBr2,hysteresis_window_V,0.4456226587157544,0.39303115,0.5439065,0.6330135,True
TeS7Br2__CdBr2,hysteresis_window_V,0.704602772807398,0.47156164,0.67605853,0.7951648,True
P2Pb3O8__ZnH2N2O7,hysteresis_window_V,1.0506826096835442,0.6191148,0.83005965,0.9520312,False
P2Pb3O8__ZnH2N2O7,hysteresis_window_V,0.4596243526545855,0.263582,0.43016446,0.5179531,True
P2Pb3O8__ZnH2N2O7,hysteresis_window_V,0.1848010206255866,0.16582125,0.17451544,0.44486627,True
P2Pb3O8__ZnH2N2O7,hysteresis_window_V,0.3853864627495306,0.23808032,0.34326082,0.45564118,True
K14In4O13__Zn3S2O9,hysteresis_window_V,0.547331400745878,0.34812555,0.5922514,0.6974819,True
K14In4O13__Zn3S2O9,hysteresis_window_V,0.1833091185902698,0.20375022,0.2129508,0.32014588,False
K14In4O13__Zn3S2O9,hysteresis_window_V,0.712260340211791,0.51268125,0.6513142,0.78224975,True
K14In4O13__Zn3S2O9,hysteresis_window_V,1.3686998111592923,0.86486065,1.2672461,1.3612206,False
Zn(GaSe2)2__K3AsS3,hysteresis_window_V,0.3767917721890595,0.3352092,0.4700726,0.5536089,True
Zn(GaSe2)2__K3AsS3,hysteresis_window_V,0.6458130678712796,0.4415195,0.6174553,0.76617247,True
Zn(GaSe2)2__K3AsS3,hysteresis_window_V,1.2595500652928937,0.94064784,1.2245182,1.3405883,True
Zn(GaSe2)2__K3AsS3,hysteresis_window_V,0.1023039409410515,0.12204276,0.13439706,0.2744946,False
P3NCl12__K3P11,hysteresis_window_V,1.163871298548948,0.61586094,0.97288215,1.2135695,True
P3NCl12__K3P11,hysteresis_window_V,0.3395378351595677,0.20388976,0.31887427,0.54417115,True
P3NCl12__K3P11,hysteresis_window_V,0.1748487412632938,0.14788197,0.19478777,0.2982837,True
P3NCl12__K3P11,hysteresis_window_V,0.1573591334566874,0.13755764,0.153161,0.41380093,True
NaZnAs__LiCa3Si2N5,hysteresis_window_V,0.2779182471042982,0.21893881,0.28804192,0.38682577,True
NaZnAs__LiCa3Si2N5,hysteresis_window_V,0.2078579583917994,0.16880967,0.25890115,0.49977213,True
NaZnAs__LiCa3Si2N5,hysteresis_window_V,0.9478588494804704,0.6003642,0.95843744,1.087087,True
NaZnAs__LiCa3Si2N5,hysteresis_window_V,0.2247155103475478,0.17740344,0.232742,0.4198952,True
GaSeBr7__ClO2,hysteresis_window_V,0.5954494256512943,0.38293847,0.48066437,0.63840115,True
GaSeBr7__ClO2,hysteresis_window_V,2.156893112116012,0.993449,1.736396,1.901912,False
GaSeBr7__ClO2,hysteresis_window_V,1.4625032893472067,0.8201949,1.2141459,1.5753044,True
GaSeBr7__ClO2,hysteresis_window_V,0.1974838380731476,0.24417937,0.29478243,0.625284,False
LiAl(PS3)2__K2Ti(SiO3)3,hysteresis_window_V,0.2392476269882444,0.16732089,0.25581345,0.42512915,True
LiAl(PS3)2__K2Ti(SiO3)3,hysteresis_window_V,0.1292333873252565,0.10255002,0.13281067,0.31022108,True
LiAl(PS3)2__K2Ti(SiO3)3,hysteresis_window_V,0.3885965997281375,0.26065388,0.40984908,0.5834859,True
LiAl(PS3)2__K2Ti(SiO3)3,hysteresis_window_V,0.5118105199286666,0.32171404,0.5575166,0.7795272,True
Na5SnP3__K3In3(PO4)4,hysteresis_window_V,0.6336823331560024,0.39205208,0.5182523,0.68053675,True
Na5SnP3__K3In3(PO4)4,hysteresis_window_V,0.5024453273406998,0.3034616,0.47780675,0.58469963,True
Na5SnP3__K3In3(PO4)4,hysteresis_window_V,0.1593542322429866,0.13955548,0.16303433,0.3782254,True
Na5SnP3__K3In3(PO4)4,hysteresis_window_V,0.1591178563529691,0.14071718,0.16111523,0.37227333,True
NaLiSe__K2Pb3C3O9F2,hysteresis_window_V,0.310760171055509,0.27810282,0.3138736,0.48786053,True
NaLiSe__K2Pb3C3O9F2,hysteresis_window_V,0.2173828180355402,0.19543943,0.24248582,0.48039153,True
NaLiSe__K2Pb3C3O9F2,hysteresis_window_V,0.530357059379618,0.39680043,0.51391774,0.6690233,True
NaLiSe__K2Pb3C3O9F2,hysteresis_window_V,1.6025562116424212,1.0409052,1.5024358,1.7747754,True
K3GaO3__KGaO2,hysteresis_window_V,0.6627614088076271,0.84098655,1.2732338,1.7816839,False
K3GaO3__KGaO2,hysteresis_window_V,0.2185611132288338,0.21975394,0.41954646,0.570947,False
K3GaO3__KGaO2,hysteresis_window_V,0.3530391551820346,0.40081084,0.6394506,0.88092184,False
K3GaO3__KGaO2,hysteresis_window_V,0.0784945291058367,0.10086895,0.15295331,0.2986028,False
K2Al2Sb3__Na2TeSe3,hysteresis_window_V,0.853681415773173,0.5188152,0.8214055,1.0068517,True
K2Al2Sb3__Na2TeSe3,hysteresis_window_V,0.7928847978908552,0.4649849,0.75547594,0.875438,True
K2Al2Sb3__Na2TeSe3,hysteresis_window_V,0.3363792635402814,0.2105819,0.34289694,0.43026626,True
K2Al2Sb3__Na2TeSe3,hysteresis_window_V,1.367735464694292,0.77311575,1.270888,1.377748,True
Ca21(Zn2As9)2__K3As11,hysteresis_window_V,0.2130983066042496,0.1633773,0.2653997,0.4604633,True
Ca21(Zn2As9)2__K3As11,hysteresis_window_V,0.2637207185098422,0.19032148,0.35165304,0.5655897,True
Ca21(Zn2As9)2__K3As11,hysteresis_window_V,0.2309701621221124,0.20220678,0.31452405,0.58402026,True
Ca21(Zn2As9)2__K3As11,hysteresis_window_V,0.0970741394977234,0.10208959,0.1434616,0.2896793,False
K2GeAs2__Cd4As2Br3,hysteresis_window_V,1.7539438948215214,0.848681,1.4928442,1.6857789,False
K2GeAs2__Cd4As2Br3,hysteresis_window_V,0.3308998800256806,0.25593045,0.3866325,0.55016375,True
K2GeAs2__Cd4As2Br3,hysteresis_window_V,0.467555219837845,0.2794091,0.47343552,0.6239075,True
K2GeAs2__Cd4As2Br3,hysteresis_window_V,0.5055677685651774,0.2886223,0.4968061,0.6519621,True
Zn3(PO4)2__K3H(SeO4)2,hysteresis_window_V,0.1183880859917151,0.07801175,0.11355545,0.2451863,True
Zn3(PO4)2__K3H(SeO4)2,hysteresis_window_V,0.2414774795816107,0.18840519,0.25339055,0.3710112,True
Zn3(PO4)2__K3H(SeO4)2,hysteresis_window_V,0.2014295012294843,0.16101317,0.19140689,0.32413507,True
Zn3(PO4)2__K3H(SeO4)2,hysteresis_window_V,0.6372850740064566,0.4430922,0.60300547,0.8329703,True
NaS2__Li3PS4,hysteresis_window_V,0.5129007689970284,0.26086566,0.4568779,0.6001444,True
NaS2__Li3PS4,hysteresis_window_V,0.8135800732807121,0.44918355,0.7085509,0.90229625,True
NaS2__Li3PS4,hysteresis_window_V,1.2640465376185488,0.61168,0.9009192,1.2751341,True
NaS2__Li3PS4,hysteresis_window_V,0.703621898281046,0.34583166,0.6121757,0.83146495,True
CdS__LiH2BrO5,hysteresis_window_V,1.637457274560056,0.8948437,1.3040365,1.556597,False
CdS__LiH2BrO5,hysteresis_window_V,0.8887866443108514,0.445356,0.7065672,0.8772586,False
CdS__LiH2BrO5,hysteresis_window_V,0.6792223189612356,0.38277352,0.54119253,0.7793199,True
CdS__LiH2BrO5,hysteresis_window_V,0.9507404159716202,0.51836795,0.76038814,0.9654466,True
Ca3PCl3__Na2Zn2Si2O7,hysteresis_window_V,0.2373550538532536,0.19951855,0.27254966,0.3445129,True
Ca3PCl3__Na2Zn2Si2O7,hysteresis_window_V,0.8702324212114823,0.5736819,0.81797385,0.94919926,True
Ca3PCl3__Na2Zn2Si2O7,hysteresis_window_V,0.269312129512596,0.24299705,0.30392486,0.50698584,True
Ca3PCl3__Na2Zn2Si2O7,hysteresis_window_V,0.9276748431376188,0.568668,0.81361073,0.9487119,True
Sb4H2SO10__K3InP2,hysteresis_window_V,0.0804378050567842,0.07262767,0.08695218,0.28283507,True
Sb4H2SO10__K3InP2,hysteresis_window_V,0.1823983958979303,0.18532391,0.22327045,0.38459536,False
Sb4H2SO10__K3InP2,hysteresis_window_V,0.6844535142950166,0.5075907,0.7197465,0.9208103,True
Sb4H2SO10__K3InP2,hysteresis_window_V,0.0843931416032046,0.07416424,0.08495129,0.23601598,True
NClOF4__As2S3,hysteresis_window_V,0.2071003550340551,0.18041658,0.22552009,0.37385488,True
NClOF4__As2S3,hysteresis_window_V,1.829387799893244,1.0240953,1.7267594,1.8062781,False
NClOF4__As2S3,hysteresis_window_V,0.834870950630882,0.51002467,0.7586856,0.8810963,True
NClOF4__As2S3,hysteresis_window_V,0.2987215533325328,0.20965973,0.27401462,0.4708459,True
KAs2HO6__Al2CdS4,hysteresis_window_V,0.2553652440228257,0.23512045,0.32596534,0.40168613,True
KAs2HO6__Al2CdS4,hysteresis_window_V,0.3530121982328995,0.34595418,0.39653736,0.5322049,True
KAs2HO6__Al2CdS4,hysteresis_window_V,0.372267993640322,0.37737104,0.44967198,0.5519348,False
KAs2HO6__Al2CdS4,hysteresis_window_V,0.1482832156820591,0.1541513,0.15944315,0.30921367,False
K6CdO4__NaNO3,hysteresis_window_V,0.0775068560951631,0.06543927,0.13031827,0.23435706,True
K6CdO4__NaNO3,hysteresis_window_V,0.3851724901434165,0.32386515,0.4213643,0.48027667,True
K6CdO4__NaNO3,hysteresis_window_V,1.6638564006420984,0.9284115,1.4573698,1.4621091,False
K6CdO4__NaNO3,hysteresis_window_V,0.7582068215914444,0.50413483,0.6650314,0.7905471,True
Cd(GaSe2)2__KP15,hysteresis_window_V,0.0869178950293462,0.083537154,0.09747252,0.19868965,True
Cd(GaSe2)2__KP15,hysteresis_window_V,0.2364431208731308,0.18866761,0.26869398,0.4474212,True
Cd(GaSe2)2__KP15,hysteresis_window_V,0.7163122026621666,0.38530338,0.62894684,0.81787664,True
Cd(GaSe2)2__KP15,hysteresis_window_V,0.3920883835333202,0.30064088,0.43540072,0.545985,True
GaSb3Pb4O13__Li2GePbS4,hysteresis_window_V,0.0682449594775707,0.12938686,0.20721287,0.62318444,False
GaSb3Pb4O13__Li2GePbS4,hysteresis_window_V,0.1222244585376242,0.11563968,0.2075703,0.8573004,True
GaSb3Pb4O13__Li2GePbS4,hysteresis_window_V,0.0666913932661484,0.08379429,0.22097754,0.5069153,False
GaSb3Pb4O13__Li2GePbS4,hysteresis_window_V,0.051838368969929,0.12749618,0.133693,0.5234277,False
Ca2Ge__Zn2AsHO5,hysteresis_window_V,0.8827495402144185,0.5924839,0.85265714,0.9868899,True
Ca2Ge__Zn2AsHO5,hysteresis_window_V,0.5268561310742995,0.42078835,0.54729503,0.6531049,True
Ca2Ge__Zn2AsHO5,hysteresis_window_V,0.1815118281203085,0.17449078,0.19259256,0.49963665,True
Ca2Ge__Zn2AsHO5,hysteresis_window_V,0.4787213825692513,0.36037856,0.4777132,0.63938665,True
Na2In2GeSe6__ZnP2,hysteresis_window_V,0.2085375980269151,0.19590503,0.24050683,0.46288976,True
Na2In2GeSe6__ZnP2,hysteresis_window_V,0.368738861228581,0.29098827,0.39789605,0.55053926,True
Na2In2GeSe6__ZnP2,hysteresis_window_V,0.4755853377356316,0.3360423,0.50019634,0.5844203,True
Na2In2GeSe6__ZnP2,hysteresis_window_V,0.0749676049616474,0.07996539,0.086687304,0.2643723,False
Na5SiP3__LiS4,hysteresis_window_V,0.5629955655521199,0.32916883,0.42549136,0.7230324,True
Na5SiP3__LiS4,hysteresis_window_V,0.4725078282110572,0.31089768,0.36466116,0.6012198,True
Na5SiP3__LiS4,hysteresis_window_V,2.807023973266345,1.0503747,1.6726679,2.0240908,False
Na5SiP3__LiS4,hysteresis_window_V,2.957541751317931,1.0736307,1.6872903,2.0114918,False
Te(HO)6__K4TiO4,hysteresis_window_V,1.078851291669083,0.5755543,0.9111784,1.1847514,True
Te(HO)6__K4TiO4,hysteresis_window_V,0.1299507623232755,0.09651906,0.1080025,0.3797856,True
Te(HO)6__K4TiO4,hysteresis_window_V,0.2359941661828787,0.15675852,0.22359589,0.43703127,True
Te(HO)6__K4TiO4,hysteresis_window_V,1.1554909308465038,0.5875396,0.9253424,1.2272978,True
KSb5S8__KGaTe2,hysteresis_window_V,1.03645588546251,0.6344722,0.96776545,1.1107788,True
KSb5S8__KGaTe2,hysteresis_window_V,0.9195538498908112,0.596871,0.8722989,0.99156106,True
KSb5S8__KGaTe2,hysteresis_window_V,0.4489307712218198,0.33851916,0.4844103,0.5599027,True
KSb5S8__KGaTe2,hysteresis_window_V,0.4953415637865127,0.4311965,0.56464905,0.66040474,True
K5SnAs3__Na3P11,hysteresis_window_V,0.1800108489281123,0.16308407,0.1912893,0.47124952,True
K5SnAs3__Na3P11,hysteresis_window_V,0.7671518510532979,0.464717,0.7338764,0.8935028,True
K5SnAs3__Na3P11,hysteresis_window_V,0.2706096797913638,0.20526245,0.30845037,0.44579068,True
K5SnAs3__Na3P11,hysteresis_window_V,0.3334052591405178,0.23351789,0.35898516,0.42258528,True
Na2Cd(GeS3)2__Na2Zn2S3,hysteresis_window_V,0.3961185890868277,0.34771252,0.59985095,0.7971028,True
Na2Cd(GeS3)2__Na2Zn2S3,hysteresis_window_V,0.214078904427538,0.14717472,0.2532633,0.4131386,True
Na2Cd(GeS3)2__Na2Zn2S3,hysteresis_window_V,0.1679719427756856,0.17564093,0.23179115,0.41070145,False
Na2Cd(GeS3)2__Na2Zn2S3,hysteresis_window_V,0.7684589634207994,0.6142646,0.83827007,1.1407958,True
NaTe3__NO2,hysteresis_window_V,3.152843296549949,1.2476933,2.149777,2.194116,False
NaTe3__NO2,hysteresis_window_V,1.9130311390985824,0.8946127,1.1910404,1.42607,False
NaTe3__NO2,hysteresis_window_V,0.2900062482686009,0.24852273,0.37876186,0.5191303,True
NaTe3__NO2,hysteresis_window_V,0.0686305100381136,0.15919393,0.18468769,0.24841663,False
Zn(NO3)2__KTe,hysteresis_window_V,1.2006207839647267,0.6966492,1.1602681,1.2327874,True
Zn(NO3)2__KTe,hysteresis_window_V,0.7896820803386169,0.5773712,0.7709023,0.8750411,True
Zn(NO3)2__KTe,hysteresis_window_V,0.7394236823860914,0.5626523,0.72528815,0.80309075,True
Zn(NO3)2__KTe,hysteresis_window_V,0.1569763425133422,0.15067905,0.19206344,0.45962736,True
K4I2O9__Zn4SiTePbO10,hysteresis_window_V,0.2766124117137692,0.17471918,0.39646536,0.6184653,True
K4I2O9__Zn4SiTePbO10,hysteresis_window_V,0.1324034163184894,0.10851311,0.20234893,0.33130297,True
K4I2O9__Zn4SiTePbO10,hysteresis_window_V,0.5686338732529179,0.37874386,0.67614055,1.0886363,True
K4I2O9__Zn4SiTePbO10,hysteresis_window_V,0.301461286064317,0.19710085,0.45314753,0.60408175,True
IF7__Ca2PbO4,hysteresis_window_V,0.1218504537002209,0.12122896,0.16088462,0.33557928,True
IF7__Ca2PbO4,hysteresis_window_V,0.1255592320653722,0.106233746,0.15255196,0.2860426,True
IF7__Ca2PbO4,hysteresis_window_V,0.5058629519150752,0.38904744,0.5665989,0.7111448,True
IF7__Ca2PbO4,hysteresis_window_V,0.5552246458847475,0.38071918,0.55464214,0.69143116,True
SiSe2__Na2GeO3,hysteresis_window_V,0.2969103070299849,0.29887593,0.31799734,0.5098884,False
SiSe2__Na2GeO3,hysteresis_window_V,0.2899790790979897,0.24066105,0.25895604,0.4050528,True
SiSe2__Na2GeO3,hysteresis_window_V,0.0929229618892949,0.08401548,0.08772441,0.2005348,True
SiSe2__Na2GeO3,hysteresis_window_V,1.4291505899336696,0.94347775,1.381076,1.6058091,True
CaS__K5In3(SiO3)7,hysteresis_window_V,0.3031073146367048,0.23825163,0.29886127,0.4088299,True
CaS__K5In3(SiO3)7,hysteresis_window_V,1.634347665024542,0.82801586,1.0106735,1.4171278,False
CaS__K5In3(SiO3)7,hysteresis_window_V,0.956596258297023,0.5905906,0.7288844,0.9431163,False
CaS__K5In3(SiO3)7,hysteresis_window_V,0.3340744988109867,0.23699047,0.27597442,0.44474742,True
K2TiSi3(HO5)2__As2Pb3O8,hysteresis_window_V,0.6195204768634412,0.3647706,0.5372392,0.72298205,True
K2TiSi3(HO5)2__As2Pb3O8,hysteresis_window_V,0.160538013166535,0.1207824,0.14819808,0.27807164,True
K2TiSi3(HO5)2__As2Pb3O8,hysteresis_window_V,0.7903077467872636,0.48991275,0.64206976,0.8894987,True
K2TiSi3(HO5)2__As2Pb3O8,hysteresis_window_V,0.1679563845325719,0.15324233,0.16034172,0.38634202,True
Ga2TeSe2__Li2CdSiO4,hysteresis_window_V,0.2639577088275711,0.2060996,0.31576565,0.4154078,True
Ga2TeSe2__Li2CdSiO4,hysteresis_window_V,0.9675069084738368,0.6228886,0.8730017,1.1441756,True
Ga2TeSe2__Li2CdSiO4,hysteresis_window_V,0.5048639810349491,0.34887278,0.48905438,0.6500215,True
Ga2TeSe2__Li2CdSiO4,hysteresis_window_V,1.07139343507152,0.6577087,0.9787815,1.2816006,True
Na2Ti3O7__As3Pb5ClO12,hysteresis_window_V,0.8391764461989581,0.4394925,0.715642,0.93666303,True
Na2Ti3O7__As3Pb5ClO12,hysteresis_window_V,0.0879611709466472,0.061702434,0.08141382,0.24207605,True
Na2Ti3O7__As3Pb5ClO12,hysteresis_window_V,0.3128131327139441,0.2026826,0.30078718,0.4041238,True
Na2Ti3O7__As3Pb5ClO12,hysteresis_window_V,1.1209163779826354,0.660998,1.0172101,1.2073216,True
K2In2P3Se10__Ti6CCl14,hysteresis_window_V,1.3389068073627617,0.73834777,1.1229091,1.3873491,True
K2In2P3Se10__Ti6CCl14,hysteresis_window_V,0.1581718173774162,0.121566586,0.17140839,0.38909113,True
K2In2P3Se10__Ti6CCl14,hysteresis_window_V,0.1740638560895956,0.12876563,0.17789812,0.33529186,True
K2In2P3Se10__Ti6CCl14,hysteresis_window_V,0.9888321704199772,0.49918127,0.87478596,1.0416864,True
NaH2N__SO2,hysteresis_window_V,2.323095222433328,1.1482545,1.7980715,2.1039236,False
NaH2N__SO2,hysteresis_window_V,2.016253324355143,1.0912697,1.6475415,1.8176628,False
NaH2N__SO2,hysteresis_window_V,0.4233444774805103,0.35335603,0.41563407,0.53626794,True
NaH2N__SO2,hysteresis_window_V,0.3315363581941959,0.2809891,0.36071828,0.47403872,True
InTeO3F__Ca(Ga3Te5)2,hysteresis_window_V,0.4016266024504933,0.3720689,0.5158867,0.6306494,True
InTeO3F__Ca(Ga3Te5)2,hysteresis_window_V,0.4237421479147732,0.30037203,0.4627784,0.53134143,True
InTeO3F__Ca(Ga3Te5)2,hysteresis_window_V,1.5027518907859394,1.0133678,1.4242203,1.4410758,False
InTeO3F__Ca(Ga3Te5)2,hysteresis_window_V,0.8334351970856271,0.5900172,0.8434503,0.97191316,True
Al2Cd3(GeO4)3__SCl,hysteresis_window_V,0.3652626542210626,0.32318324,0.4215776,0.68683064,True
Al2Cd3(GeO4)3__SCl,hysteresis_window_V,1.308471285456306,0.8503432,1.177931,1.4072766,True
Al2Cd3(GeO4)3__SCl,hysteresis_window_V,1.0727744873740106,0.5981824,0.85391986,1.0506113,False
Al2Cd3(GeO4)3__SCl,hysteresis_window_V,0.7832314262649281,0.6511293,0.8051609,1.0727789,True
Ti6In2Si2P12O49__Cd2AsHO5,hysteresis_window_V,0.2794084395594541,0.16042885,0.31480968,0.38874242,True
Ti6In2Si2P12O49__Cd2AsHO5,hysteresis_window_V,0.8296909392187781,0.40202007,0.7463904,0.9178588,True
Ti6In2Si2P12O49__Cd2AsHO5,hysteresis_window_V,1.9197111708225565,0.85588634,1.6465148,1.8824284,False
Ti6In2Si2P12O49__Cd2AsHO5,hysteresis_window_V,0.4891680425374973,0.28368357,0.47431704,0.5953212,True
Na5AlO4__Li2CdSiO4,hysteresis_window_V,1.4598313103901863,0.7350547,1.0568628,1.4777164,True
Na5AlO4__Li2CdSiO4,hysteresis_window_V,0.0768003541278329,0.070051104,0.071896434,0.20884006,True
Na5AlO4__Li2CdSiO4,hysteresis_window_V,0.3344400803190154,0.24120425,0.35934886,0.52486753,True
Na5AlO4__Li2CdSiO4,hysteresis_window_V,0.2038123740556227,0.1292591,0.21807288,0.3180871,True
Na4Ge2Te5__K3P11,hysteresis_window_V,0.7833117522865931,0.42607856,0.6858321,0.85432464,True
Na4Ge2Te5__K3P11,hysteresis_window_V,0.5384150719497224,0.3307846,0.52854735,0.6689348,True
Na4Ge2Te5__K3P11,hysteresis_window_V,0.104791559810896,0.089450076,0.10138856,0.22646199,True
Na4Ge2Te5__K3P11,hysteresis_window_V,1.2043698439631796,0.6173281,0.9853431,1.2352263,True
ZnSiPbO4__Ca(SbO3)2,hysteresis_window_V,0.7147427623678628,0.5476282,0.6718775,0.88275605,True
ZnSiPbO4__Ca(SbO3)2,hysteresis_window_V,0.1882183121542465,0.16352575,0.2200865,0.37086982,True
ZnSiPbO4__Ca(SbO3)2,hysteresis_window_V,1.2587359344835554,0.8552114,1.2560315,1.3527281,True
ZnSiPbO4__Ca(SbO3)2,hysteresis_window_V,0.9573045070151368,0.65074253,0.8907786,1.0399851,True
K11Cd2Sb5__K2In2P3Se10,hysteresis_window_V,0.1951987596887838,0.21372391,0.22804424,0.35189626,False
K11Cd2Sb5__K2In2P3Se10,hysteresis_window_V,1.6710037232171835,0.945865,1.4283477,1.7386073,True
K11Cd2Sb5__K2In2P3Se10,hysteresis_window_V,0.570869724671592,0.36558473,0.5203896,0.6611594,True
K11Cd2Sb5__K2In2P3Se10,hysteresis_window_V,0.3567138205861083,0.26063222,0.40228033,0.4683736,True
Na3AlAs2__SbSBr,hysteresis_window_V,0.2057784077161074,0.44814837,0.6796244,0.8381216,False
Na3AlAs2__SbSBr,hysteresis_window_V,0.1588786835646515,0.32685164,0.52632064,0.68204397,False
Na3AlAs2__SbSBr,hysteresis_window_V,0.3637744288773389,0.59917843,1.1774398,1.2323803,False
Na3AlAs2__SbSBr,hysteresis_window_V,0.1827508689492403,0.45516422,0.71373147,0.8753168,False
CaH3NO5__ZnF2,hysteresis_window_V,0.2177728539593831,0.1759134,0.24220024,0.33957678,True
CaH3NO5__ZnF2,hysteresis_window_V,0.1753641886636066,0.18470146,0.21140732,0.37558484,False
CaH3NO5__ZnF2,hysteresis_window_V,0.5520339709155493,0.35573387,0.5493454,0.6225766,True
CaH3NO5__ZnF2,hysteresis_window_V,1.0959966641252403,0.80889696,1.1730007,1.2491612,True
NO3__Sb2IBr2F11,hysteresis_window_V,0.2974238290712317,0.21607648,0.36932778,0.55300313,True
NO3__Sb2IBr2F11,hysteresis_window_V,0.0598940348528981,0.054954465,0.05599765,0.19221948,True
NO3__Sb2IBr2F11,hysteresis_window_V,0.2444087791953915,0.22544445,0.34822738,0.58055747,True
NO3__Sb2IBr2F11,hysteresis_window_V,1.0106839895283786,0.5800197,1.1324583,1.3439898,True
K2GaAs2__Li2Te2O5,hysteresis_window_V,0.514096514728715,0.3283168,0.45484948,0.57753724,True
K2GaAs2__Li2Te2O5,hysteresis_window_V,0.4724067828162475,0.33601734,0.44581735,0.5613353,True
K2GaAs2__Li2Te2O5,hysteresis_window_V,1.266276756672396,0.7212222,0.9901204,1.2126817,False
K2GaAs2__Li2Te2O5,hysteresis_window_V,0.8757907395416543,0.5032131,0.6784357,0.79643,False
K3GeTe3__Li2SnSe3,hysteresis_window_V,0.9406223546075996,0.65316826,0.8789266,1.1876552,True
K3GeTe3__Li2SnSe3,hysteresis_window_V,1.3064063249327578,0.8069288,1.2416878,1.6411389,True
K3GeTe3__Li2SnSe3,hysteresis_window_V,0.4366965010078187,0.3657564,0.47627363,0.6780099,True
K3GeTe3__Li2SnSe3,hysteresis_window_V,0.3161323419886162,0.26506773,0.36237624,0.54066,True
GaSbO4__Zn3Te2P2(PbO7)2,hysteresis_window_V,0.638483179080293,0.40800515,0.6743548,0.8859888,True
GaSbO4__Zn3Te2P2(PbO7)2,hysteresis_window_V,0.8689413928128598,0.51623166,0.8013234,0.9618635,True
GaSbO4__Zn3Te2P2(PbO7)2,hysteresis_window_V,0.1043160327457285,0.08374224,0.124679245,0.24744493,True
GaSbO4__Zn3Te2P2(PbO7)2,hysteresis_window_V,0.4883242695871742,0.33722794,0.4768522,0.6181164,True
K6Na3AlSb4__Na4CdP2,hysteresis_window_V,0.6764835791230146,0.40972343,0.63953507,0.7656377,True
K6Na3AlSb4__Na4CdP2,hysteresis_window_V,0.1384390935821565,0.11911988,0.14110205,0.24799034,True
K6Na3AlSb4__Na4CdP2,hysteresis_window_V,0.740071740857027,0.55028045,0.7073501,0.84987485,True
K6Na3AlSb4__Na4CdP2,hysteresis_window_V,0.0543098241884069,0.050367035,0.06106518,0.1740804,True
Ga10GePb3O20__K3In3(PO4)4,hysteresis_window_V,1.2688334440166755,0.6291419,1.0414548,1.4942096,True
Ga10GePb3O20__K3In3(PO4)4,hysteresis_window_V,0.4984741202578543,0.31700686,0.42400596,0.71941406,True
Ga10GePb3O20__K3In3(PO4)4,hysteresis_window_V,0.7772022805093614,0.5320132,0.66137475,1.0768642,True
Ga10GePb3O20__K3In3(PO4)4,hysteresis_window_V,0.1814062720012744,0.14059839,0.16863637,0.40059617,True
Na5GaO4__Ca2GeS4,hysteresis_window_V,0.1492957179581246,0.15656647,0.23350544,0.3654791,False
Na5GaO4__Ca2GeS4,hysteresis_window_V,0.0580563187751642,0.040369548,0.069896415,0.32249382,True
Na5GaO4__Ca2GeS4,hysteresis_window_V,0.0963423557395475,0.08921249,0.118279375,0.3840492,True
Na5GaO4__Ca2GeS4,hysteresis_window_V,0.2563231816848835,0.17273705,0.39486688,0.61882406,True
Na5GeAs3__K6ZnSe4,hysteresis_window_V,0.4544419942061791,0.3046816,0.45585027,0.64016885,True
Na5GeAs3__K6ZnSe4,hysteresis_window_V,0.3693518808328815,0.29866442,0.3759376,0.5506053,True
Na5GeAs3__K6ZnSe4,hysteresis_window_V,0.7743584871689982,0.5598555,0.80136853,1.0189075,True
Na5GeAs3__K6ZnSe4,hysteresis_window_V,0.4706005383935506,0.40216827,0.5435539,0.6612418,True
ClO3__Ti(SO4)2,hysteresis_window_V,0.9119648861190802,0.5014,0.7845416,0.95741343,True
ClO3__Ti(SO4)2,hysteresis_window_V,0.4013421967312849,0.25519696,0.43275976,0.5376304,True
ClO3__Ti(SO4)2,hysteresis_window_V,0.4511822753679897,0.3120822,0.44968724,0.6346139,True
ClO3__Ti(SO4)2,hysteresis_window_V,0.8695826553801559,0.51403755,0.8304732,0.94064796,True
SCl__LiZnAs,hysteresis_window_V,0.2177659302570509,0.20563519,0.36522242,0.479636,True
SCl__LiZnAs,hysteresis_window_V,0.0544243613726297,0.054929134,0.06515781,0.20248608,False
SCl__LiZnAs,hysteresis_window_V,0.3411443732546506,0.2656778,0.44871333,0.62619585,True
SCl__LiZnAs,hysteresis_window_V,0.0608622001629178,0.061409794,0.069287635,0.2363976,False
InTeO3F__ZnCN2,hysteresis_window_V,1.1397642929844891,0.812887,1.3100523,1.7734756,True
InTeO3F__ZnCN2,hysteresis_window_V,0.1612437509770242,0.17129369,0.24366826,0.38557383,False
InTeO3F__ZnCN2,hysteresis_window_V,0.5173803074503418,0.43874663,0.73152894,0.99879855,True
InTeO3F__ZnCN2,hysteresis_window_V,0.2420268934631461,0.18502498,0.31436926,0.55247587,True
K3Ga3As4__KSn2(PO4)3,hysteresis_window_V,0.1002790870534215,0.08422044,0.08552335,0.25611845,True
K3Ga3As4__KSn2(PO4)3,hysteresis_window_V,0.1379675032193915,0.11374195,0.16377589,0.2775262,True
K3Ga3As4__KSn2(PO4)3,hysteresis_window_V,0.7194051403279351,0.4359144,0.5797811,0.8207356,True
K3Ga3As4__KSn2(PO4)3,hysteresis_window_V,1.1723804544722374,0.6185794,0.9593717,1.065817,False
As3Pb5ClO12__H2SeO4,hysteresis_window_V,1.3188685679220071,0.7302911,1.234813,1.3027335,False
As3Pb5ClO12__H2SeO4,hysteresis_window_V,0.3520975374013708,0.32274082,0.43629935,0.5548929,True
As3Pb5ClO12__H2SeO4,hysteresis_window_V,1.555465954811685,0.9331705,1.3602337,1.4399296,False
As3Pb5ClO12__H2SeO4,hysteresis_window_V,1.5929887994197622,0.9718581,1.4768305,1.4905205,False
Li3Sb__AsS(IF3)2,hysteresis_window_V,1.7083223246235577,0.8899599,1.6041667,1.6602199,False
Li3Sb__AsS(IF3)2,hysteresis_window_V,1.1043877033247786,0.6386975,1.0423033,1.1396166,True
Li3Sb__AsS(IF3)2,hysteresis_window_V,0.5173324652294703,0.3823709,0.5218988,0.6783343,True
Li3Sb__AsS(IF3)2,hysteresis_window_V,0.2279798013196111,0.2100431,0.28733882,0.40673935,True
Cd(GaO2)2__Ga10GePb3O20,hysteresis_window_V,1.2430997333332874,0.73344904,1.0661057,1.3296577,True
Cd(GaO2)2__Ga10GePb3O20,hysteresis_window_V,0.2749010586827777,0.2630053,0.2715781,0.49726495,True
Cd(GaO2)2__Ga10GePb3O20,hysteresis_window_V,0.9266955426960848,0.5614665,0.87727463,1.01779,True
Cd(GaO2)2__Ga10GePb3O20,hysteresis_window_V,0.9019527409343678,0.51212627,0.7167981,0.973806,True
In7Cl9__Li2GeTeO6,hysteresis_window_V,0.066257272005279,0.042416073,0.045334727,0.1839611,True
In7Cl9__Li2GeTeO6,hysteresis_window_V,0.5586354671335417,0.3661111,0.52329713,0.6910778,True
In7Cl9__Li2GeTeO6,hysteresis_window_V,0.906731794111548,0.59621286,0.89125913,1.196105,True
In7Cl9__Li2GeTeO6,hysteresis_window_V,0.6802673246959473,0.43279636,0.67918223,0.915234,True
SbN(OF3)2__NF2,hysteresis_window_V,0.1913081415707597,0.12760937,0.21486478,0.305809,True
SbN(OF3)2__NF2,hysteresis_window_V,0.1274762274464693,0.13243687,0.16505519,0.39065734,False
SbN(OF3)2__NF2,hysteresis_window_V,0.5354389148505354,0.33937943,0.46164265,0.6555408,True
SbN(OF3)2__NF2,hysteresis_window_V,0.6026169106443546,0.41886008,0.5466351,0.73629254,True
Na2SnGe2(HO4)2__SbOF,hysteresis_window_V,1.177498938108979,0.6666016,0.8853463,1.1462011,False
Na2SnGe2(HO4)2__SbOF,hysteresis_window_V,1.2786106528319614,0.7485233,1.1208161,1.2573744,False
Na2SnGe2(HO4)2__SbOF,hysteresis_window_V,0.4711888628010411,0.27693203,0.43474004,0.63108784,True
Na2SnGe2(HO4)2__SbOF,hysteresis_window_V,0.2781144619145014,0.26415727,0.2698442,0.4062588,True
K3SnTe3__K6Na3AlSb4,hysteresis_window_V,0.1507276636300887,0.1577516,0.17509663,0.4661373,False
K3SnTe3__K6Na3AlSb4,hysteresis_window_V,1.0881637804934965,0.6982267,1.0345798,1.1212765,True
K3SnTe3__K6Na3AlSb4,hysteresis_window_V,0.9937493276046668,0.5748091,0.93294966,0.9968869,True
K3SnTe3__K6Na3AlSb4,hysteresis_window_V,0.8358718490858393,0.5539069,0.772639,0.9227704,True
Sb9S4F39__K3As(PSe3)3,hysteresis_window_V,0.1097393450847923,0.09167466,0.1096465,0.38659054,True
Sb9S4F39__K3As(PSe3)3,hysteresis_window_V,0.3076236953298112,0.24667089,0.3298703,0.50211024,True
Sb9S4F39__K3As(PSe3)3,hysteresis_window_V,1.262928364327664,0.73042274,1.239174,1.3391892,True
Sb9S4F39__K3As(PSe3)3,hysteresis_window_V,0.8141523148299212,0.49754393,0.78833115,0.9635874,True
K4SnSe4__CdSe,hysteresis_window_V,0.2711549641343896,0.22917213,0.30179238,0.43153203,True
K4SnSe4__CdSe,hysteresis_window_V,0.2558252534184257,0.19989303,0.27295047,0.37205362,True
K4SnSe4__CdSe,hysteresis_window_V,0.0935980883336809,0.08094903,0.096473865,0.23299338,True
K4SnSe4__CdSe,hysteresis_window_V,0.7828100070858764,0.47701156,0.72428,0.8572916,True
SnO__Cd4P6SN12,hysteresis_window_V,1.201199840640799,0.8826704,1.144823,1.2113544,True
SnO__Cd4P6SN12,hysteresis_window_V,0.2076047280818865,0.15173875,0.20256394,0.3457704,True
SnO__Cd4P6SN12,hysteresis_window_V,0.4839405014293771,0.368361,0.52988434,0.5923005,True
SnO__Cd4P6SN12,hysteresis_window_V,0.2754725094946338,0.22593066,0.29525176,0.3694669,True
Na4SnO4__Ti6In2Si2P12O49,hysteresis_window_V,0.2488710467653994,0.16920166,0.3243986,0.4337143,True
Na4SnO4__Ti6In2Si2P12O49,hysteresis_window_V,0.2254921264714295,0.15139416,0.24355355,0.40323624,True
Na4SnO4__Ti6In2Si2P12O49,hysteresis_window_V,0.1707014933238871,0.12891388,0.1930932,0.42746267,True
Na4SnO4__Ti6In2Si2P12O49,hysteresis_window_V,0.523238247959781,0.36401832,0.60059243,0.8667129,True
LiCaP__KPS3,hysteresis_window_V,0.6513770367194023,0.48449704,0.67265356,0.7685645,True
LiCaP__KPS3,hysteresis_window_V,0.2875691420306463,0.24083808,0.37543195,0.40109563,True
LiCaP__KPS3,hysteresis_window_V,0.359656663843292,0.33502972,0.41173464,0.49671647,True
LiCaP__KPS3,hysteresis_window_V,0.6415203749046337,0.505918,0.67448246,0.7467251,True
Li10Si(PSe6)2__KSnI3,hysteresis_window_V,0.984697408143078,0.46022204,0.76557064,1.0220306,True
Li10Si(PSe6)2__KSnI3,hysteresis_window_V,0.119196108383714,0.09305216,0.10013716,0.24906778,True
Li10Si(PSe6)2__KSnI3,hysteresis_window_V,1.0345072565236026,0.5461591,0.8818255,1.1503714,True
Li10Si(PSe6)2__KSnI3,hysteresis_window_V,0.9712789430148498,0.47692186,0.78876317,1.0921273,True
Ca3CdO4__KNO2,hysteresis_window_V,0.5982254651995368,0.31510648,0.565777,0.7262988,True
Ca3CdO4__KNO2,hysteresis_window_V,0.9496664119178088,0.5738884,0.8603399,0.99524295,True
Ca3CdO4__KNO2,hysteresis_window_V,1.4654564656844489,0.7684952,1.2860599,1.4771869,True
Ca3CdO4__KNO2,hysteresis_window_V,0.4119191348938053,0.22503398,0.39803752,0.49765104,True
KSi__KInP2S7,hysteresis_window_V,0.0305634315174984,0.008921509,0.022928076,0.13001718,True
KSi__KInP2S7,hysteresis_window_V,0.0460781838449063,0.021321388,0.033579744,0.18532188,True
KSi__KInP2S7,hysteresis_window_V,0.1155569140962866,0.13275446,0.15212576,0.29622823,False
KSi__KInP2S7,hysteresis_window_V,1.2952560118039802,0.7915497,1.1583134,1.4937,True
TeO3__K4SnO4,hysteresis_window_V,1.2007702359853856,0.803498,1.1288434,1.2788305,True
TeO3__K4SnO4,hysteresis_window_V,1.5713110380029658,1.1279886,1.6514641,1.721531,True
TeO3__K4SnO4,hysteresis_window_V,0.6533063308675178,0.48747295,0.6036456,0.73776734,True
TeO3__K4SnO4,hysteresis_window_V,1.2876958207173923,0.82911724,1.2038729,1.3136867,True
LiTiAsO5__AsSe6IF6,hysteresis_window_V,0.9556386051967484,0.49150828,0.97714025,1.0812896,True
LiTiAsO5__AsSe6IF6,hysteresis_window_V,0.3212610899722883,0.23825893,0.41194293,0.532596,True
LiTiAsO5__AsSe6IF6,hysteresis_window_V,1.3713771845031677,0.72101897,1.2596009,1.2970444,False
LiTiAsO5__AsSe6IF6,hysteresis_window_V,0.4868219474228797,0.33526677,0.5321939,0.65539217,True
AlAs__KH2N,hysteresis_window_V,0.053290431416367,0.054321192,0.057410162,0.15734063,False
AlAs__KH2N,hysteresis_window_V,0.9717337400201598,0.7072892,1.0407199,1.1406456,True
AlAs__KH2N,hysteresis_window_V,0.751529737808265,0.66141814,0.8021648,0.9497807,True
AlAs__KH2N,hysteresis_window_V,0.4885025272297115,0.34099552,0.4819089,0.59104496,True
KNaTe__SnBr4,hysteresis_window_V,0.4331864869408364,0.31795648,0.5011704,0.6486539,True
KNaTe__SnBr4,hysteresis_window_V,1.1895356739791818,0.6398369,0.9482413,1.1606979,False
KNaTe__SnBr4,hysteresis_window_V,0.5372721383751865,0.39194605,0.5190347,0.6388586,True
KNaTe__SnBr4,hysteresis_window_V,1.2238701558435858,0.75033724,1.1517346,1.2874453,True
Na4SnTe4__Ca(Ga3Te5)2,hysteresis_window_V,1.146741387743072,0.81447583,1.2045068,1.2896122,True
Na4SnTe4__Ca(Ga3Te5)2,hysteresis_window_V,0.580960480346307,0.43328944,0.6127786,0.74397963,True
Na4SnTe4__Ca(Ga3Te5)2,hysteresis_window_V,0.824803674777509,0.6593554,0.97006625,1.0374136,True
Na4SnTe4__Ca(Ga3Te5)2,hysteresis_window_V,0.2952090092269619,0.25376868,0.31385005,0.4316658,True
Na4TiP2O9__Na2Sb4O7,hysteresis_window_V,0.5316826171656317,0.2820327,0.5867795,0.9180767,True
Na4TiP2O9__Na2Sb4O7,hysteresis_window_V,0.2600782104536646,0.17122021,0.3431506,0.48314098,True
Na4TiP2O9__Na2Sb4O7,hysteresis_window_V,0.1267880216542262,0.10608409,0.15703662,0.31545162,True
Na4TiP2O9__Na2Sb4O7,hysteresis_window_V,0.5056893258463977,0.33323404,0.6201419,0.9009953,True
ClO2__SbCl(OF3)2,hysteresis_window_V,0.6099421310250516,0.39899346,0.58013135,0.7066401,True
ClO2__SbCl(OF3)2,hysteresis_window_V,0.8089430419085771,0.5175152,0.6654935,0.8398596,True
ClO2__SbCl(OF3)2,hysteresis_window_V,0.1085281709129406,0.10292118,0.1184103,0.25572503,True
ClO2__SbCl(OF3)2,hysteresis_window_V,0.8397485037896301,0.5367272,0.7236078,0.89264244,True
NaInTe2__Na2Ga2GeS6,hysteresis_window_V,0.1279390164745254,0.108807355,0.14637701,0.2642543,True
NaInTe2__Na2Ga2GeS6,hysteresis_window_V,0.5771256275569128,0.3654291,0.57750213,0.69237775,True
NaInTe2__Na2Ga2GeS6,hysteresis_window_V,0.0913888626891495,0.07563036,0.1261367,0.20738065,True
NaInTe2__Na2Ga2GeS6,hysteresis_window_V,2.178974895881356,1.0250713,1.8332012,2.0208125,False
K6CdO4__Na2TiGeO5,hysteresis_window_V,0.54365133947944,0.37240383,0.4711181,0.66903305,True
K6CdO4__Na2TiGeO5,hysteresis_window_V,0.5584314413115148,0.36462048,0.49160242,0.66818917,True
K6CdO4__Na2TiGeO5,hysteresis_window_V,0.1735979032143916,0.13614458,0.17476985,0.33057013,True
K6CdO4__Na2TiGeO5,hysteresis_window_V,0.056115720470422,0.038195,0.04108885,0.16531211,True
Ti(NO3)4__Zn(NO3)2,hysteresis_window_V,1.3472937253205377,0.57712394,0.86534256,1.2564405,False
Ti(NO3)4__Zn(NO3)2,hysteresis_window_V,1.403946832711063,0.5904606,0.8688689,1.2743901,False
Ti(NO3)4__Zn(NO3)2,hysteresis_window_V,0.2375862648348973,0.16016705,0.25166646,0.39713442,True
Ti(NO3)4__Zn(NO3)2,hysteresis_window_V,1.5396634057613534,0.7081114,0.8770117,1.5327063,False
Na4CdP2__K2ZnSe2,hysteresis_window_V,0.443104253388149,0.40960038,0.45831972,0.6302103,True
Na4CdP2__K2ZnSe2,hysteresis_window_V,0.0873745964600114,0.08593063,0.08688147,0.21114114,True
Na4CdP2__K2ZnSe2,hysteresis_window_V,0.5038141012444237,0.39427608,0.50332266,0.6919403,True
Na4CdP2__K2ZnSe2,hysteresis_window_V,0.4966770839268662,0.40788612,0.48088095,0.6378584,True
LiIn(CN2)2__K4TiO4,hysteresis_window_V,0.253474654942038,0.1937305,0.25990108,0.3599118,True
LiIn(CN2)2__K4TiO4,hysteresis_window_V,0.9407945111881773,0.5526799,0.75150925,0.9868507,True
LiIn(CN2)2__K4TiO4,hysteresis_window_V,0.7364931816459973,0.49304095,0.7380875,0.91573215,True
LiIn(CN2)2__K4TiO4,hysteresis_window_V,0.2534845714265495,0.18435611,0.25957507,0.3636322,True
Na2CdH4(SeO5)2__PI2,hysteresis_window_V,1.364855176723858,0.7626866,1.0834637,1.1012943,False
Na2CdH4(SeO5)2__PI2,hysteresis_window_V,1.1483311179779625,0.7452991,1.2042425,1.4055713,True
Na2CdH4(SeO5)2__PI2,hysteresis_window_V,0.4612614024491134,0.33555976,0.38186598,0.52718735,True
Na2CdH4(SeO5)2__PI2,hysteresis_window_V,0.4402392646268917,0.32047728,0.4815134,0.543706,True
KNa4GeAs3__KGaGeO4,hysteresis_window_V,0.1693657057159621,0.11417705,0.16973358,0.4096638,True
KNa4GeAs3__KGaGeO4,hysteresis_window_V,0.3871111867012159,0.2803971,0.38204357,0.5948973,True
KNa4GeAs3__KGaGeO4,hysteresis_window_V,1.3996184545203765,0.87277895,1.3379598,1.3907509,False
KNa4GeAs3__KGaGeO4,hysteresis_window_V,0.8673547236846726,0.50727546,0.8331478,0.90230316,True
K3Al2As3__Na2Cd(GeS3)2,hysteresis_window_V,1.0807283199702555,0.54552627,0.86094767,1.0498873,False
K3Al2As3__Na2Cd(GeS3)2,hysteresis_window_V,0.947492476860878,0.59819585,0.89863205,1.0700845,True
K3Al2As3__Na2Cd(GeS3)2,hysteresis_window_V,1.1621794792293143,0.5184974,1.0196515,1.191988,True
K3Al2As3__Na2Cd(GeS3)2,hysteresis_window_V,0.4012920170384375,0.26194277,0.34403172,0.5333059,True
P2Pb4O9__Cd(NO3)2,hysteresis_window_V,0.1162839957111326,0.10517454,0.11735907,0.28514266,True
P2Pb4O9__Cd(NO3)2,hysteresis_window_V,1.8240950512391727,0.97737145,1.317681,1.6474963,False
P2Pb4O9__Cd(NO3)2,hysteresis_window_V,0.220358837918891,0.16522993,0.17904775,0.3280321,True
P2Pb4O9__Cd(NO3)2,hysteresis_window_V,0.4657139313091661,0.28930438,0.39599532,0.47571236,True
K3Na2SnAs3__K2Al2Sb3,hysteresis_window_V,0.1507117723153672,0.122009866,0.21489826,0.34526548,True
K3Na2SnAs3__K2Al2Sb3,hysteresis_window_V,0.5743842211561933,0.39941385,0.6879725,0.9166093,True
K3Na2SnAs3__K2Al2Sb3,hysteresis_window_V,0.9958914749480317,0.7622132,1.1732185,1.5408288,True
K3Na2SnAs3__K2Al2Sb3,hysteresis_window_V,0.8476522419060689,0.5881097,1.0003227,1.2950871,True
CdTe__SiP2,hysteresis_window_V,1.4282560113796132,0.9604876,1.2178618,1.6144257,True
CdTe__SiP2,hysteresis_window_V,0.2826295067222633,0.25596792,0.3022036,0.49722534,True
CdTe__SiP2,hysteresis_window_V,0.9533823791860186,0.5341272,0.89852136,1.01123,True
CdTe__SiP2,hysteresis_window_V,0.2239272800898444,0.16189346,0.23417673,0.33903313,True
SICl7__CdH3NO5,hysteresis_window_V,0.7163537704490989,0.36217126,0.5225785,0.81887484,True
SICl7__CdH3NO5,hysteresis_window_V,0.0803158547936104,0.045481287,0.057621133,0.1871125,True
SICl7__CdH3NO5,hysteresis_window_V,1.3297059059425278,0.8045945,1.0295148,1.313716,False
SICl7__CdH3NO5,hysteresis_window_V,1.8635906210842617,0.8728522,1.3325436,1.7341334,False
NaCaAs__K2TeSe3,hysteresis_window_V,0.639901396295735,0.32902497,0.58279383,0.7016624,True
NaCaAs__K2TeSe3,hysteresis_window_V,0.2305554123734239,0.14029284,0.22889093,0.42618772,True
NaCaAs__K2TeSe3,hysteresis_window_V,0.6037616947868509,0.41556582,0.6557857,0.7665491,True
NaCaAs__K2TeSe3,hysteresis_window_V,1.3456404054800493,0.8062284,1.2848423,1.4082768,True
P2Pb4O9__CaZnAsHO5,hysteresis_window_V,0.9033715922196368,0.64645797,0.8071134,1.046579,True
P2Pb4O9__CaZnAsHO5,hysteresis_window_V,0.1987465212726489,0.19072248,0.22839467,0.34174818,True
P2Pb4O9__CaZnAsHO5,hysteresis_window_V,0.3954615208712543,0.32238933,0.40953088,0.52299577,True
P2Pb4O9__CaZnAsHO5,hysteresis_window_V,0.3031098533830306,0.2906268,0.356896,0.4442155,True
In2(PS3)3__K2H6PbO6,hysteresis_window_V,0.0973562926547677,0.10384453,0.13180025,0.48517212,False
In2(PS3)3__K2H6PbO6,hysteresis_window_V,0.1189672129153519,0.12506151,0.13362616,0.38689145,False
In2(PS3)3__K2H6PbO6,hysteresis_window_V,0.5785148601069862,0.40779182,0.6750191,0.8649851,True
In2(PS3)3__K2H6PbO6,hysteresis_window_V,0.9517291989212328,0.8507081,1.2298417,1.6052839,True
Na4Ge2Se5__Li2TiO3,hysteresis_window_V,0.6119382284501027,0.41560897,0.5389642,0.73300636,True
Na4Ge2Se5__Li2TiO3,hysteresis_window_V,1.2991273628652884,0.7872727,1.2156992,1.356604,True
Na4Ge2Se5__Li2TiO3,hysteresis_window_V,0.990214516705438,0.49875876,0.9162843,1.1312426,True
Na4Ge2Se5__Li2TiO3,hysteresis_window_V,0.1645331570578732,0.17671469,0.18697622,0.4030504,False
LiAsSe2__NaAs3H2O9,hysteresis_window_V,0.4628357238337328,0.2471001,0.4417585,0.53300875,True
LiAsSe2__NaAs3H2O9,hysteresis_window_V,0.3448599943476264,0.23849161,0.35441187,0.505005,True
LiAsSe2__NaAs3H2O9,hysteresis_window_V,0.7516209135167428,0.3916057,0.6861544,0.80486035,True
LiAsSe2__NaAs3H2O9,hysteresis_window_V,0.2124111916400141,0.15963636,0.24873012,0.34895286,True
K2SiAs2__K2TiAl(PO4)3,hysteresis_window_V,0.7148496364288619,0.3866138,0.6692993,0.78261834,True
K2SiAs2__K2TiAl(PO4)3,hysteresis_window_V,0.185267580976098,0.13287818,0.21828331,0.35463867,True
K2SiAs2__K2TiAl(PO4)3,hysteresis_window_V,1.5139886168572447,0.81281614,1.3801217,1.4824176,False
K2SiAs2__K2TiAl(PO4)3,hysteresis_window_V,0.1542627961655711,0.12914668,0.16608047,0.28529578,True
CdS__CdI2,hysteresis_window_V,1.3885011800123372,0.8583548,1.2429943,1.4184854,True
CdS__CdI2,hysteresis_window_V,0.3071114186507622,0.26578876,0.37214434,0.44881424,True
CdS__CdI2,hysteresis_window_V,0.5277369103439812,0.40616155,0.5380856,0.722416,True
CdS__CdI2,hysteresis_window_V,0.1797039092670426,0.17414938,0.17668127,0.44188944,True
Te(HO)6__NaCaAs,hysteresis_window_V,1.079602065984059,0.79421836,1.0412949,1.231018,True
Te(HO)6__NaCaAs,hysteresis_window_V,0.6391967753000477,0.4090648,0.6439201,0.81658024,True
Te(HO)6__NaCaAs,hysteresis_window_V,1.624753725352866,1.0284212,1.5141401,1.6571491,True
Te(HO)6__NaCaAs,hysteresis_window_V,0.6793890144865404,0.47166908,0.6053057,0.7193259,True
SbI3__K2ZnH4(I2O7)2,hysteresis_window_V,1.2471024067192829,0.75760084,1.1832212,1.3038743,True
SbI3__K2ZnH4(I2O7)2,hysteresis_window_V,0.7586941140588732,0.45344126,0.6646015,0.84771705,True
SbI3__K2ZnH4(I2O7)2,hysteresis_window_V,0.8590521511772639,0.49941126,0.7665194,0.9179861,True
SbI3__K2ZnH4(I2O7)2,hysteresis_window_V,1.703287858035062,0.9243418,1.6031268,1.7582176,True
Li2P7(H3N)9__NaHS,hysteresis_window_V,1.1114972143595525,0.7129439,1.0197898,1.1847249,True
Li2P7(H3N)9__NaHS,hysteresis_window_V,0.1075989601861365,0.08276191,0.0957122,0.22999187,True
Li2P7(H3N)9__NaHS,hysteresis_window_V,0.0869419241986554,0.087684564,0.09270142,0.2482774,False
Li2P7(H3N)9__NaHS,hysteresis_window_V,0.2645803137574348,0.20844233,0.2254249,0.440019,True
Na14Cd2O9__Rubrene,hysteresis_window_V,2.2464776646760383,1.2047237,1.8888093,1.9095494,False
Na14Cd2O9__Rubrene,hysteresis_window_V,1.6565364890307646,0.8835299,1.4867926,1.5417522,False
Na14Cd2O9__Rubrene,hysteresis_window_V,0.4978989246013261,0.37924483,0.50235885,0.5965883,True
Na14Cd2O9__Rubrene,hysteresis_window_V,0.221879213157502,0.30720294,0.36012676,0.48898405,False
K6Sn2S7__Sn2OF5,hysteresis_window_V,0.3683166333821118,0.3412523,0.41221887,0.51160675,True
K6Sn2S7__Sn2OF5,hysteresis_window_V,1.0641861876659215,0.82966363,1.2223915,1.2420185,True
K6Sn2S7__Sn2OF5,hysteresis_window_V,0.0868518844265081,0.11707451,0.12215882,0.22235015,False
K6Sn2S7__Sn2OF5,hysteresis_window_V,1.119234342606356,0.9169115,1.4091345,1.5126786,True
KSb(PSe3)2__NaTi2(PO4)3,hysteresis_window_V,0.1655158968354926,0.13846418,0.19399092,0.3635115,True
KSb(PSe3)2__NaTi2(PO4)3,hysteresis_window_V,0.5188622096716163,0.38717732,0.60678864,0.82570654,True
KSb(PSe3)2__NaTi2(PO4)3,hysteresis_window_V,0.2347679935441534,0.20721401,0.3043192,0.4462736,True
KSb(PSe3)2__NaTi2(PO4)3,hysteresis_window_V,1.0069856478051429,0.6960859,1.0785605,1.376566,True
Na4SeO5__Al6Cd4TeO12,hysteresis_window_V,0.8047220350803391,0.597927,0.8591267,0.97511256,True
Na4SeO5__Al6Cd4TeO12,hysteresis_window_V,0.4611271635491853,0.320526,0.45083064,0.6242156,True
Na4SeO5__Al6Cd4TeO12,hysteresis_window_V,0.4401390432857567,0.3490906,0.4926979,0.56935644,True
Na4SeO5__Al6Cd4TeO12,hysteresis_window_V,0.2908858918459623,0.23331793,0.33759233,0.41300488,True
KAs__Li4SnS4,hysteresis_window_V,0.4877225474293705,0.30743667,0.44419748,0.632857,True
KAs__Li4SnS4,hysteresis_window_V,0.493196587936524,0.3481002,0.4976627,0.64648384,True
KAs__Li4SnS4,hysteresis_window_V,0.1312215005494306,0.11642213,0.14466551,0.26185876,True
KAs__Li4SnS4,hysteresis_window_V,0.1499986613252902,0.123420656,0.16593827,0.2878671,True
Na4SiSe4__Ge4Se9,hysteresis_window_V,0.4575254354845823,0.23866707,0.41385838,0.4737571,True
Na4SiSe4__Ge4Se9,hysteresis_window_V,0.1870346918152909,0.13668756,0.18893445,0.30863976,True
Na4SiSe4__Ge4Se9,hysteresis_window_V,0.1759715785664345,0.13508032,0.20582253,0.3219482,True
Na4SiSe4__Ge4Se9,hysteresis_window_V,0.512742041182827,0.27541575,0.48852652,0.61465216,True
Ca11Sn3C8__Sb6S2O15,hysteresis_window_V,0.8894887850819644,0.5411928,0.6834386,0.91250825,True
Ca11Sn3C8__Sb6S2O15,hysteresis_window_V,0.6921064103775831,0.43487445,0.6140618,0.78121835,True
Ca11Sn3C8__Sb6S2O15,hysteresis_window_V,0.5699084242276947,0.43508536,0.63504905,0.7468278,True
Ca11Sn3C8__Sb6S2O15,hysteresis_window_V,1.0130341230141018,0.59490895,0.808195,0.98948526,False
NaInTe2__PCBM,hysteresis_window_V,0.4057763973000109,0.37706628,0.5063281,0.6367263,True
NaInTe2__PCBM,hysteresis_window_V,0.4479787059975725,0.3583612,0.4519908,0.61853397,True
NaInTe2__PCBM,hysteresis_window_V,0.4520962427806025,0.39133963,0.49051264,0.63655484,True
NaInTe2__PCBM,hysteresis_window_V,0.7430046295704456,0.6312221,0.8360871,0.9685402,True
Na2Zn2S3__SeCl4,hysteresis_window_V,2.022556524699992,1.0002669,1.7123145,1.8390415,False
Na2Zn2S3__SeCl4,hysteresis_window_V,0.2999627053954827,0.21169735,0.32378212,0.5488891,True
Na2Zn2S3__SeCl4,hysteresis_window_V,0.1279032527342707,0.11979824,0.12660037,0.2518165,True
Na2Zn2S3__SeCl4,hysteresis_window_V,0.3683294904939777,0.3260186,0.46415713,0.51063365,True
Ca6GaN5__Sn2OF5,hysteresis_window_V,0.4070558553451399,0.3771132,0.46779525,0.5784369,True
Ca6GaN5__Sn2OF5,hysteresis_window_V,0.288745564873806,0.28064254,0.38868466,0.5319814,True
Ca6GaN5__Sn2OF5,hysteresis_window_V,0.4789646713025027,0.49289423,0.6791021,0.68646586,False
Ca6GaN5__Sn2OF5,hysteresis_window_V,1.0781222272850577,0.84200615,1.2353302,1.3733582,True
CaHN__K3SbS3,hysteresis_window_V,0.2887154961343238,0.2660423,0.3437719,0.409273,True
CaHN__K3SbS3,hysteresis_window_V,0.609929059503094,0.38091496,0.5175121,0.6446652,True
CaHN__K3SbS3,hysteresis_window_V,1.378036782345581,0.9200784,1.3351928,1.4951364,True
CaHN__K3SbS3,hysteresis_window_V,0.1719386030072653,0.16531391,0.19059342,0.3031404,True
Pb5SO8__LiPH21S3N7,hysteresis_window_V,0.5724411173883631,0.4670659,0.7296914,1.0920155,True
Pb5SO8__LiPH21S3N7,hysteresis_window_V,0.2329766267546044,0.18562491,0.31900397,0.4378917,True
Pb5SO8__LiPH21S3N7,hysteresis_window_V,0.2739000759746905,0.23342453,0.3862736,0.54930526,True
Pb5SO8__LiPH21S3N7,hysteresis_window_V,0.922576260383912,0.69867456,1.0673659,1.4372944,True
Na2CdH4(SeO5)2__TiCdO3,hysteresis_window_V,0.3012371840199296,0.41534323,0.67181146,0.85957974,False
Na2CdH4(SeO5)2__TiCdO3,hysteresis_window_V,0.1848728090067811,0.26260144,0.37657177,0.58920485,False
Na2CdH4(SeO5)2__TiCdO3,hysteresis_window_V,0.2668020010932317,0.3408485,0.46962866,0.6907916,False
Na2CdH4(SeO5)2__TiCdO3,hysteresis_window_V,0.5376514477035625,0.6871532,0.9206383,1.2747865,False
PCBM__Li3AsH16(SO2)4,hysteresis_window_V,1.5554712128003043,0.86602116,1.3870075,1.6254178,True
PCBM__Li3AsH16(SO2)4,hysteresis_window_V,0.3434286848571311,0.27625045,0.37594894,0.5751158,True
PCBM__Li3AsH16(SO2)4,hysteresis_window_V,0.8913905119465971,0.43401304,0.8001695,0.9053808,True
PCBM__Li3AsH16(SO2)4,hysteresis_window_V,0.3918110957935892,0.21367557,0.3463525,0.58079535,True
NaAs__Ca(AlSe2)2,hysteresis_window_V,0.9948273257423074,0.71785825,1.03673,1.1734266,True
NaAs__Ca(AlSe2)2,hysteresis_window_V,0.0782742049850094,0.08376482,0.08732133,0.19684942,False
NaAs__Ca(AlSe2)2,hysteresis_window_V,0.875130636773642,0.6437483,0.8259163,0.9496408,True
NaAs__Ca(AlSe2)2,hysteresis_window_V,0.3571498440059574,0.30263516,0.43983248,0.5207942,True
Na2CdO2__TiPbO3,hysteresis_window_V,0.4216668608559206,0.6780064,1.0312077,1.4042498,False
Na2CdO2__TiPbO3,hysteresis_window_V,0.1402934458748561,0.21390513,0.36401632,0.613037,False
Na2CdO2__TiPbO3,hysteresis_window_V,0.2894072244653096,0.40412787,0.74030435,0.9729527,False
Na2CdO2__TiPbO3,hysteresis_window_V,0.0440592516184296,0.100771375,0.124998756,0.25974163,False
Ca(CdP)2__SBr,hysteresis_window_V,1.3087308512087212,0.82947415,1.1978174,1.3294727,True
Ca(CdP)2__SBr,hysteresis_window_V,0.1318160008428965,0.18358286,0.18870169,0.3567305,False
Ca(CdP)2__SBr,hysteresis_window_V,0.5446909151371094,0.46675906,0.57828814,0.6647797,True
Ca(CdP)2__SBr,hysteresis_window_V,0.4336327235630693,0.33535847,0.45081335,0.6355206,True
Na2ZnH4(SeO5)2__ClF3,hysteresis_window_V,1.2589251396312473,0.70682096,1.1674821,1.2764758,True
Na2ZnH4(SeO5)2__ClF3,hysteresis_window_V,0.2177751149970902,0.25237918,0.29627547,0.42513064,False
Na2ZnH4(SeO5)2__ClF3,hysteresis_window_V,0.7626833762404864,0.5216351,0.86244965,0.9852471,True
Na2ZnH4(SeO5)2__ClF3,hysteresis_window_V,0.2361787205107104,0.26410732,0.32364383,0.40395728,False
Na7Al2Sb5__CdH3NO5,hysteresis_window_V,0.5717372151058581,0.37401724,0.5364775,0.67308426,True
Na7Al2Sb5__CdH3NO5,hysteresis_window_V,0.2240178061073175,0.23575388,0.29899067,0.53926045,False
Na7Al2Sb5__CdH3NO5,hysteresis_window_V,0.4056166283633188,0.39554042,0.46287784,0.5486342,True
Na7Al2Sb5__CdH3NO5,hysteresis_window_V,1.4469633323242206,0.9383333,1.2473143,1.4948021,True
GeAs__PI2,hysteresis_window_V,2.4559930817579603,1.2457465,2.1001487,2.1043515,False
GeAs__PI2,hysteresis_window_V,1.5093334497748965,0.7723406,1.1493152,1.1875842,False
GeAs__PI2,hysteresis_window_V,0.8787121374106867,0.48120567,0.7840965,0.85306567,False
GeAs__PI2,hysteresis_window_V,0.6584456446028369,0.43920445,0.6505382,0.69668746,True
NaInSe2__CaTe2O5,hysteresis_window_V,0.2376671509009167,0.23051529,0.23960891,0.3666576,True
NaInSe2__CaTe2O5,hysteresis_window_V,2.062481833217207,0.9443824,1.5610864,1.8839533,False
NaInSe2__CaTe2O5,hysteresis_window_V,0.8635856906844362,0.47339907,0.79168653,0.90058726,True
NaInSe2__CaTe2O5,hysteresis_window_V,0.1772215533372245,0.17572682,0.18153661,0.382844,True
Rubrene__PPbS3,hysteresis_window_V,0.1449682643559088,0.33074665,0.47169986,0.58233595,False
Rubrene__PPbS3,hysteresis_window_V,0.3847047779473255,0.61955655,1.0541834,1.1856599,False
Rubrene__PPbS3,hysteresis_window_V,0.4837171340315267,0.8317673,1.2896332,1.4098347,False
Rubrene__PPbS3,hysteresis_window_V,0.2739943702708302,0.4583396,0.72288746,0.8714687,False
K2Sn(S2O7)3__Zn2NCl,hysteresis_window_V,0.9300724133831046,0.87066466,1.3816975,1.5536375,True
K2Sn(S2O7)3__Zn2NCl,hysteresis_window_V,1.0664965055044937,0.9729781,1.7262741,1.9457898,True
K2Sn(S2O7)3__Zn2NCl,hysteresis_window_V,0.1666398304965682,0.19898942,0.31745255,0.42497426,False
K2Sn(S2O7)3__Zn2NCl,hysteresis_window_V,0.2810729239216885,0.3640493,0.54303336,0.6375927,False
Li3P__InBr2,hysteresis_window_V,0.2844735018522299,0.16862704,0.29455784,0.3784104,True
Li3P__InBr2,hysteresis_window_V,1.609540414273117,0.9266489,1.3919419,1.6637003,True
Li3P__InBr2,hysteresis_window_V,0.6191097582356134,0.31587946,0.5470164,0.725116,True
Li3P__InBr2,hysteresis_window_V,0.813391743298235,0.40339643,0.7045671,0.864258,True
Al2CdS4__K5As3O10,hysteresis_window_V,0.1550693548760529,0.10970605,0.1670278,0.32900622,True
Al2CdS4__K5As3O10,hysteresis_window_V,0.1346420088876593,0.116160415,0.15802479,0.3256257,True
Al2CdS4__K5As3O10,hysteresis_window_V,0.4128514874655178,0.2773041,0.52400285,0.7210161,True
Al2CdS4__K5As3O10,hysteresis_window_V,0.0968964671637064,0.08017758,0.09054931,0.36949015,True
Na3SiTe3__In2PO5,hysteresis_window_V,0.454274895596407,0.3978261,0.5286537,0.6113949,True
Na3SiTe3__In2PO5,hysteresis_window_V,0.1473525310549521,0.16204903,0.18143517,0.37618503,False
Na3SiTe3__In2PO5,hysteresis_window_V,0.2031923269848659,0.20556755,0.24535373,0.3349531,False
Na3SiTe3__In2PO5,hysteresis_window_V,0.2638183728532131,0.26519135,0.28777936,0.39427078,False
LiSbO3__NaLi3(H2N)4,hysteresis_window_V,0.8579413330275159,0.64197105,1.0346439,1.2336324,True
LiSbO3__NaLi3(H2N)4,hysteresis_window_V,0.2232414274072474,0.24550301,0.3463094,0.4663764,False
LiSbO3__NaLi3(H2N)4,hysteresis_window_V,0.630281909441617,0.45907408,0.8566996,1.0696311,True
LiSbO3__NaLi3(H2N)4,hysteresis_window_V,1.094759703242367,0.69137025,1.3027442,1.4630865,True
LiAlTe2__K3As(PSe3)3,hysteresis_window_V,0.673827822701633,0.38242888,0.6569239,0.81267583,True
LiAlTe2__K3As(PSe3)3,hysteresis_window_V,0.1014771255013557,0.07844526,0.10928503,0.26918522,True
LiAlTe2__K3As(PSe3)3,hysteresis_window_V,0.4016717996273529,0.28327042,0.39429182,0.5745069,True
LiAlTe2__K3As(PSe3)3,hysteresis_window_V,1.2350772124432987,0.542298,1.0449432,1.2282544,False
Sb2ClO2F11__GaP2I9,hysteresis_window_V,0.4010946976832265,0.27074218,0.39513734,0.5895268,True
Sb2ClO2F11__GaP2I9,hysteresis_window_V,0.1483281613389182,0.12820053,0.16376191,0.30369493,True
Sb2ClO2F11__GaP2I9,hysteresis_window_V,0.3238346257108104,0.22991766,0.32663244,0.42721906,True
Sb2ClO2F11__GaP2I9,hysteresis_window_V,1.543129013521505,0.93361974,1.4332355,1.4938785,False
K2TiS3__TCTA,hysteresis_window_V,0.1916126376878315,0.1818907,0.2827819,0.3988314,True
K2TiS3__TCTA,hysteresis_window_V,1.765962972221092,0.9188306,1.3117818,1.5788093,False
K2TiS3__TCTA,hysteresis_window_V,1.2708590277332132,0.69842976,1.0868564,1.4082816,True
K2TiS3__TCTA,hysteresis_window_V,0.2056398152110542,0.26785654,0.3022819,0.37638965,False
GaHO2__GaBr2,hysteresis_window_V,0.4184398730432312,0.31484205,0.46806693,0.6278396,True
GaHO2__GaBr2,hysteresis_window_V,0.4189350571949057,0.32186508,0.50866157,0.6642499,True
GaHO2__GaBr2,hysteresis_window_V,0.0945689131777803,0.08139232,0.10351521,0.30690068,True
GaHO2__GaBr2,hysteresis_window_V,1.029097825111856,0.5728971,0.8343781,1.0857161,True
K2Se5__NaAs3(PbO3)4,hysteresis_window_V,1.323344203351884,0.67716604,1.0057359,1.3385861,True
K2Se5__NaAs3(PbO3)4,hysteresis_window_V,0.7707858019361945,0.47079462,0.6585821,0.8101189,True
K2Se5__NaAs3(PbO3)4,hysteresis_window_V,0.2342315762824736,0.16747873,0.25071448,0.3939517,True
K2Se5__NaAs3(PbO3)4,hysteresis_window_V,1.638628572799252,0.83973914,1.2822409,1.5214343,False
Cd2AsO4F__K2ZnSiO4,hysteresis_window_V,1.1360579339244146,0.5517966,0.7564233,0.9523694,False
Cd2AsO4F__K2ZnSiO4,hysteresis_window_V,1.5358976072709465,0.8535202,1.1194063,1.4028503,False
Cd2AsO4F__K2ZnSiO4,hysteresis_window_V,0.5218648334434194,0.32974684,0.4544397,0.5323265,True
Cd2AsO4F__K2ZnSiO4,hysteresis_window_V,1.442005252011164,0.73897195,1.0091792,1.2065887,False
CdGeN2__Ga2I3,hysteresis_window_V,1.3685518011529356,0.67369545,1.0204237,1.3174777,False
CdGeN2__Ga2I3,hysteresis_window_V,0.5628600828150997,0.31624347,0.51568687,0.705022,True
CdGeN2__Ga2I3,hysteresis_window_V,1.749764737374911,0.7907918,1.2259048,1.551868,False
CdGeN2__Ga2I3,hysteresis_window_V,1.3144284148618224,0.72539175,1.0425715,1.2632834,False
KTiPSe5__Na2LiGaAs2,hysteresis_window_V,0.1615681023838618,0.18631262,0.20198886,0.31737882,False
KTiPSe5__Na2LiGaAs2,hysteresis_window_V,0.1389366754626405,0.13731019,0.17616619,0.28633642,True
KTiPSe5__Na2LiGaAs2,hysteresis_window_V,0.4777465833254161,0.4677637,0.59454644,0.70974594,True
KTiPSe5__Na2LiGaAs2,hysteresis_window_V,0.0888853008467624,0.09020199,0.10989676,0.21306485,False
Ca2Al2Sn2O9__IO2F,hysteresis_window_V,0.4395469883219833,0.45720276,0.5870699,0.6488126,False
Ca2Al2Sn2O9__IO2F,hysteresis_window_V,0.1572880252383436,0.21194743,0.25235364,0.40284607,False
Ca2Al2Sn2O9__IO2F,hysteresis_window_V,0.8214102447669759,0.6160302,0.97382015,1.0405753,True
Ca2Al2Sn2O9__IO2F,hysteresis_window_V,0.2851501867846306,0.2914604,0.35109696,0.44685945,False
TPD__Na5SnAs3,hysteresis_window_V,0.3657623372468864,0.25988805,0.38562638,0.5033604,True
TPD__Na5SnAs3,hysteresis_window_V,0.1172625035513677,0.10503465,0.10617997,0.23548232,True
TPD__Na5SnAs3,hysteresis_window_V,1.53461004259458,0.9062322,1.4108689,1.4857181,False
TPD__Na5SnAs3,hysteresis_window_V,0.2751021473736457,0.21971925,0.27293703,0.3823833,True
Zn3P2__Ca3AsN,hysteresis_window_V,0.2831558842150848,0.3465616,0.471722,0.5995449,False
Zn3P2__Ca3AsN,hysteresis_window_V,0.3005730297074033,0.39281574,0.53103113,0.66407,False
Zn3P2__Ca3AsN,hysteresis_window_V,0.2255921018844187,0.26752707,0.36065918,0.58701104,False
Zn3P2__Ca3AsN,hysteresis_window_V,0.1877439773745502,0.22341649,0.3481953,0.4344202,False
CaP__Ga2Te2Br7,hysteresis_window_V,0.2805878399046945,0.26944163,0.2936572,0.47404867,True
CaP__Ga2Te2Br7,hysteresis_window_V,1.4401256816493315,0.7605478,1.3325945,1.4194272,False
CaP__Ga2Te2Br7,hysteresis_window_V,0.7056900681608044,0.4708746,0.64322245,0.80423075,True
CaP__Ga2Te2Br7,hysteresis_window_V,0.2446434368446377,0.214822,0.3014164,0.41364583,True
K3SbSe4__KGe,hysteresis_window_V,0.2580285100873036,0.21925014,0.29252678,0.37061688,True
K3SbSe4__KGe,hysteresis_window_V,0.7074750991815504,0.47049898,0.60251063,0.79931915,True
K3SbSe4__KGe,hysteresis_window_V,0.64764008686223,0.44766873,0.62031955,0.74033254,True
K3SbSe4__KGe,hysteresis_window_V,0.6898866089970844,0.4601727,0.64686453,0.79485834,True
GaN5O14__SnS2,hysteresis_window_V,0.0833728808209555,0.05370199,0.09372761,0.21829185,True
GaN5O14__SnS2,hysteresis_window_V,0.0709337833367967,0.067065865,0.075062186,0.23773308,True
GaN5O14__SnS2,hysteresis_window_V,0.2839133102656241,0.23606358,0.3769373,0.45949212,True
GaN5O14__SnS2,hysteresis_window_V,0.4503735310208908,0.3511505,0.5603827,0.7315269,True
Li2P7(H3N)9__P2Pb4O9,hysteresis_window_V,0.1553120309425253,0.15060328,0.20015074,0.28750837,True
Li2P7(H3N)9__P2Pb4O9,hysteresis_window_V,0.7130771970026071,0.45195374,0.6316964,0.87064016,True
Li2P7(H3N)9__P2Pb4O9,hysteresis_window_V,0.1210878351711389,0.110354714,0.13011779,0.36810973,True
Li2P7(H3N)9__P2Pb4O9,hysteresis_window_V,0.1503270717262444,0.12327679,0.16618676,0.26731026,True
Na2GeTeO6__InCl2,hysteresis_window_V,0.2942214296696921,0.21926317,0.28509906,0.5305628,True
Na2GeTeO6__InCl2,hysteresis_window_V,0.7363290407408132,0.4211123,0.6238994,1.0125399,True
Na2GeTeO6__InCl2,hysteresis_window_V,0.4389220709308682,0.2138149,0.45105365,0.6682746,True
Na2GeTeO6__InCl2,hysteresis_window_V,0.8413789220847727,0.46289745,0.78622663,1.106985,True
LiInO2__InPS4,hysteresis_window_V,0.3861579515647425,0.30005956,0.37114257,0.5912023,True
LiInO2__InPS4,hysteresis_window_V,1.2684557283183953,0.80360645,1.15589,1.336165,True
LiInO2__InPS4,hysteresis_window_V,0.4657191257558594,0.39090368,0.525721,0.6195044,True
LiInO2__InPS4,hysteresis_window_V,0.7832113695386012,0.5113668,0.7026719,0.8682295,True
Ca2SnO4__Cd3(AsO4)2,hysteresis_window_V,0.2645534873945009,0.17099142,0.29984844,0.4150316,True
Ca2SnO4__Cd3(AsO4)2,hysteresis_window_V,0.326176128753003,0.23076274,0.33711213,0.48597518,True
Ca2SnO4__Cd3(AsO4)2,hysteresis_window_V,0.8056876852853166,0.45148504,0.7919905,0.9069488,True
Ca2SnO4__Cd3(AsO4)2,hysteresis_window_V,0.54272919181635,0.33079693,0.5071431,0.6934602,True
NaSe2__Na2In2SiS6,hysteresis_window_V,0.83428959949084,0.54869473,0.78512055,1.0865734,True
NaSe2__Na2In2SiS6,hysteresis_window_V,0.6368712762836849,0.3940857,0.61516434,0.8161143,True
NaSe2__Na2In2SiS6,hysteresis_window_V,0.9064858879193228,0.6171691,1.0478562,1.2765505,True
NaSe2__Na2In2SiS6,hysteresis_window_V,0.3786748659309675,0.25021976,0.4272677,0.6037958,True
K3Li3TeO6__TeBrO3F5,hysteresis_window_V,1.055637246708538,0.6958464,0.96017057,1.0764699,True
K3Li3TeO6__TeBrO3F5,hysteresis_window_V,1.5779764784209993,0.9244831,1.5429972,1.5742987,False
K3Li3TeO6__TeBrO3F5,hysteresis_window_V,0.0745284502271901,0.09268131,0.11209022,0.26481938,False
K3Li3TeO6__TeBrO3F5,hysteresis_window_V,0.2563759472076622,0.19957136,0.27100188,0.52410424,True
In2(PS3)3__Sb7Se8F35,hysteresis_window_V,0.9448887553653448,0.60605156,0.95588624,1.1291051,True
In2(PS3)3__Sb7Se8F35,hysteresis_window_V,0.103380679047903,0.08919882,0.10676626,0.31114614,True
In2(PS3)3__Sb7Se8F35,hysteresis_window_V,0.0510644726674895,0.046388984,0.061604414,0.18150838,True
In2(PS3)3__Sb7Se8F35,hysteresis_window_V,1.016016966407174,0.5967489,0.85741204,1.0780799,True
Ca2As2O7__GeBr2,hysteresis_window_V,0.1580642146970403,0.12226568,0.1535628,0.28590533,True
Ca2As2O7__GeBr2,hysteresis_window_V,0.9417523593199424,0.4905764,0.8963447,1.0765346,True
Ca2As2O7__GeBr2,hysteresis_window_V,0.2805511493835015,0.16912036,0.28859413,0.38442793,True
Ca2As2O7__GeBr2,hysteresis_window_V,1.5934658065841318,0.7327961,1.294999,1.4461883,False
KTeP2__AsSe6IF6,hysteresis_window_V,0.0656694034914993,0.062728986,0.07834145,0.22988507,True
KTeP2__AsSe6IF6,hysteresis_window_V,0.7130270232970856,0.5071144,0.71840763,0.8719034,True
KTeP2__AsSe6IF6,hysteresis_window_V,1.2187016055653828,0.7165756,1.0732332,1.2654139,True
KTeP2__AsSe6IF6,hysteresis_window_V,0.6013811560963229,0.39714232,0.5613521,0.7238573,True
Ca3CdO4__NO2,hysteresis_window_V,2.328056410850213,1.1014245,1.62889,2.1608872,False
Ca3CdO4__NO2,hysteresis_window_V,0.1665955316315054,0.18931204,0.2205176,0.31128404,False
Ca3CdO4__NO2,hysteresis_window_V,1.017162140461628,0.5702414,0.7749166,1.0512303,True
Ca3CdO4__NO2,hysteresis_window_V,1.859585859035832,0.92122805,1.2441055,1.3321797,False
LiInSe2__CaHN,hysteresis_window_V,0.5993828680535438,0.4565619,0.64729446,0.81977135,True
LiInSe2__CaHN,hysteresis_window_V,0.3578299236057852,0.32006946,0.44472066,0.5079303,True
LiInSe2__CaHN,hysteresis_window_V,0.2939722895465608,0.30309448,0.39513275,0.49398494,False
LiInSe2__CaHN,hysteresis_window_V,0.4364197727818482,0.39621475,0.54873776,0.66961455,True
Ca3PN__Na5SiAs3,hysteresis_window_V,0.1268587583456394,0.1716083,0.20571524,0.4183686,False
Ca3PN__Na5SiAs3,hysteresis_window_V,0.4138810643489005,0.37774444,0.550785,0.7478229,True
Ca3PN__Na5SiAs3,hysteresis_window_V,0.7977132233121297,0.8469526,1.0594412,1.4033142,False
Ca3PN__Na5SiAs3,hysteresis_window_V,1.0876607901537838,0.89803946,1.3300595,1.6773942,True
C__Si2H2S3,hysteresis_window_V,1.3628342882529874,0.7974281,1.1920545,1.2096422,False
C__Si2H2S3,hysteresis_window_V,0.3087410186637893,0.29188353,0.37849882,0.47415403,True
C__Si2H2S3,hysteresis_window_V,1.7141282847252757,0.9387359,1.3876168,1.6329263,False
C__Si2H2S3,hysteresis_window_V,0.2532635835707932,0.23899204,0.29968703,0.46287143,True
CdSiP2__KZn4(SbO4)3,hysteresis_window_V,0.3162284796273931,0.29539496,0.44888565,0.57152545,True
CdSiP2__KZn4(SbO4)3,hysteresis_window_V,0.4031873699777237,0.338591,0.4632866,0.6295958,True
CdSiP2__KZn4(SbO4)3,hysteresis_window_V,0.541766639847992,0.44619069,0.65709287,0.81258464,True
CdSiP2__KZn4(SbO4)3,hysteresis_window_V,0.2271793488220929,0.21683456,0.2721283,0.4878481,True
ZnSe__NaAlAsO4F,hysteresis_window_V,0.3280263425079886,0.30560642,0.4080435,0.49170202,True
ZnSe__NaAlAsO4F,hysteresis_window_V,0.3291474432577952,0.33785772,0.40773058,0.5051983,False
ZnSe__NaAlAsO4F,hysteresis_window_V,0.040778632298335,0.04916813,0.04948858,0.16370617,False
ZnSe__NaAlAsO4F,hysteresis_window_V,0.7879045420305761,0.53741795,0.8600357,0.9335345,True
Na2ZnSe2__KSb3O5,hysteresis_window_V,0.1782013884842661,0.14962493,0.18213883,0.31071427,True
Na2ZnSe2__KSb3O5,hysteresis_window_V,0.3823663268120572,0.2548285,0.37683094,0.4473093,True
Na2ZnSe2__KSb3O5,hysteresis_window_V,0.6603146493596307,0.38300267,0.5887396,0.8109932,True
Na2ZnSe2__KSb3O5,hysteresis_window_V,1.1104137398473195,0.7228177,0.90572053,1.247723,True
KSb3O5__LiC,hysteresis_window_V,0.3527116686194564,0.3021944,0.5411953,0.88578176,True
KSb3O5__LiC,hysteresis_window_V,0.5548769726740901,0.54593575,0.76440585,1.3522805,True
KSb3O5__LiC,hysteresis_window_V,0.0569150197681393,0.044726163,0.059952274,0.37698567,True
KSb3O5__LiC,hysteresis_window_V,0.2533106103188584,0.25313717,0.46536934,0.7204975,True
SbClF8__K3Na2SnAs3,hysteresis_window_V,0.2265533339267489,0.24151635,0.31216022,0.47737148,False
SbClF8__K3Na2SnAs3,hysteresis_window_V,1.5029246449771898,1.0160421,1.5228581,1.5343726,True
SbClF8__K3Na2SnAs3,hysteresis_window_V,0.1591510884130656,0.19137113,0.23663974,0.32504207,False
SbClF8__K3Na2SnAs3,hysteresis_window_V,0.3614845811056334,0.28503874,0.397862,0.4815993,True
S3(NO7)2__NaSe2,hysteresis_window_V,0.26167697565268,0.2030621,0.28581437,0.4409413,True
S3(NO7)2__NaSe2,hysteresis_window_V,1.476290361541378,1.0102845,1.3597023,1.4407828,False
S3(NO7)2__NaSe2,hysteresis_window_V,0.9275295835017158,0.62320095,0.9174411,1.080816,True
S3(NO7)2__NaSe2,hysteresis_window_V,0.4953545716092898,0.38377583,0.56701314,0.6613642,True
KAsSe2__Zn(NO3)2,hysteresis_window_V,0.1240963358110167,0.11274967,0.12685141,0.28598198,True
KAsSe2__Zn(NO3)2,hysteresis_window_V,0.6825663869802523,0.46730822,0.62815565,0.7677456,True
KAsSe2__Zn(NO3)2,hysteresis_window_V,1.2588188886795455,0.77148694,1.0429885,1.1923335,False
KAsSe2__Zn(NO3)2,hysteresis_window_V,0.0986029932646631,0.08765069,0.12034337,0.22476517,True
Al2PbSe4__Na5Al3H14,hysteresis_window_V,0.7084278032630421,0.45643583,0.666974,0.99067354,True
Al2PbSe4__Na5Al3H14,hysteresis_window_V,0.1092718994017033,0.084247135,0.10314005,0.30298027,True
Al2PbSe4__Na5Al3H14,hysteresis_window_V,0.2355110854240346,0.19124417,0.28445184,0.3966861,True
Al2PbSe4__Na5Al3H14,hysteresis_window_V,0.0395288007229212,0.0395904,0.040082864,0.22519274,False
PICl8__TeBrO3F5,hysteresis_window_V,1.16081603878538,0.5543145,0.98762894,1.178872,True
PICl8__TeBrO3F5,hysteresis_window_V,1.2473309333341878,0.4592902,0.9496279,1.1877638,False
PICl8__TeBrO3F5,hysteresis_window_V,1.044674277607912,0.5854085,0.82175267,1.1422352,True
PICl8__TeBrO3F5,hysteresis_window_V,0.2556839478436967,0.15624784,0.22372046,0.36855257,True
Cd2GeO4__ZnSe,hysteresis_window_V,0.6265231467035094,0.6828643,0.92937267,1.3882642,False
Cd2GeO4__ZnSe,hysteresis_window_V,0.0677155502983172,0.09790833,0.114785075,0.34899744,False
Cd2GeO4__ZnSe,hysteresis_window_V,0.1222411387800872,0.15506138,0.22411235,0.43653715,False
Cd2GeO4__ZnSe,hysteresis_window_V,0.2777251169077634,0.29446554,0.47004366,0.66934144,False
Na2Ti2Se9__KIn(TeO3)2,hysteresis_window_V,0.7517931454141823,0.42418516,0.69017637,0.7585339,True
Na2Ti2Se9__KIn(TeO3)2,hysteresis_window_V,1.0138827564672734,0.58072954,0.884089,1.135448,True
Na2Ti2Se9__KIn(TeO3)2,hysteresis_window_V,0.7915683802419806,0.5206328,0.78098285,0.91736996,True
Na2Ti2Se9__KIn(TeO3)2,hysteresis_window_V,0.4087304952112959,0.28416488,0.39920533,0.47362438,True
Ca21(Zn2Sb9)2__ZnSeO4,hysteresis_window_V,0.1231297364433429,0.12891378,0.13894366,0.24351083,False
Ca21(Zn2Sb9)2__ZnSeO4,hysteresis_window_V,1.2158072364495467,0.6502897,1.0868609,1.2310892,True
Ca21(Zn2Sb9)2__ZnSeO4,hysteresis_window_V,0.1444420799901209,0.1466004,0.18247917,0.3970905,False
Ca21(Zn2Sb9)2__ZnSeO4,hysteresis_window_V,0.7675813110520174,0.55766404,0.7215952,0.8320903,True
Ge2S3Br2__Ca3Al3N5,hysteresis_window_V,0.3454597809010483,0.31039542,0.43654704,0.537526,True
Ge2S3Br2__Ca3Al3N5,hysteresis_window_V,0.6638384904980463,0.53324974,0.7306264,0.8777967,True
Ge2S3Br2__Ca3Al3N5,hysteresis_window_V,0.357049697969679,0.33147538,0.45250225,0.55052423,True
Ge2S3Br2__Ca3Al3N5,hysteresis_window_V,0.2093761738135013,0.2281842,0.26767552,0.38251376,False
LiZnSb__Si(PbS2)2,hysteresis_window_V,0.4085103260701258,0.23318307,0.4210345,0.50111425,True
LiZnSb__Si(PbS2)2,hysteresis_window_V,0.2181503589618637,0.1713678,0.20074217,0.48275512,True
LiZnSb__Si(PbS2)2,hysteresis_window_V,1.5560747209653591,0.7146731,1.2251657,1.5800949,True
LiZnSb__Si(PbS2)2,hysteresis_window_V,0.9416038359033472,0.47504312,0.8083272,0.9937435,True
LiTi2(PO4)3__ZnI2,hysteresis_window_V,1.2945762067539135,0.7913972,1.1889669,1.3690847,True
LiTi2(PO4)3__ZnI2,hysteresis_window_V,0.3261773683520544,0.18851942,0.3202668,0.4156048,True
LiTi2(PO4)3__ZnI2,hysteresis_window_V,0.3612628339692934,0.23455383,0.3876674,0.46842673,True
LiTi2(PO4)3__ZnI2,hysteresis_window_V,0.6544439983184379,0.4280367,0.55295366,0.79487985,True
KInSnSe4__SiS2,hysteresis_window_V,0.4935527926050296,0.3417346,0.5075186,0.62162966,True
KInSnSe4__SiS2,hysteresis_window_V,2.4355441874911707,1.2792273,2.0636382,2.1021163,False
KInSnSe4__SiS2,hysteresis_window_V,1.0484694081316976,0.62230957,0.97988486,1.2380512,True
KInSnSe4__SiS2,hysteresis_window_V,0.4117851338166092,0.34076557,0.41231227,0.5091963,True
GeTe__LiPH21S3N7,hysteresis_window_V,1.040966981212133,0.6522596,0.9810614,1.1642228,True
GeTe__LiPH21S3N7,hysteresis_window_V,0.5607643044071133,0.40222824,0.5594532,0.76665264,True
GeTe__LiPH21S3N7,hysteresis_window_V,0.23514388462602,0.1979911,0.29838485,0.3562864,True
GeTe__LiPH21S3N7,hysteresis_window_V,0.4412664861813475,0.31673864,0.4584231,0.6288569,True
KCO3__Ge19(PBr)4,hysteresis_window_V,0.6198711011441475,0.4377464,0.6859542,0.80206764,True
KCO3__Ge19(PBr)4,hysteresis_window_V,0.1629979294599903,0.12584487,0.1803854,0.28587744,True
KCO3__Ge19(PBr)4,hysteresis_window_V,0.2246471295258222,0.15455599,0.258251,0.34386283,True
KCO3__Ge19(PBr)4,hysteresis_window_V,0.1361394856550257,0.13896881,0.17523205,0.4448713,False
LiP__KP,hysteresis_window_V,0.2586125735969104,0.23892856,0.3183519,0.5141724,True
LiP__KP,hysteresis_window_V,0.5615148557198898,0.41280943,0.6050163,0.7721719,True
LiP__KP,hysteresis_window_V,0.4676029912874109,0.41225234,0.5662236,0.73342973,True
LiP__KP,hysteresis_window_V,1.0137515512215352,0.8418187,1.0150867,1.2279718,True
KIn(TeO3)2__BrF5,hysteresis_window_V,2.533456699159337,1.209129,2.0522032,2.0739033,False
KIn(TeO3)2__BrF5,hysteresis_window_V,0.9096141350911228,0.62029636,0.86074245,1.053798,True
KIn(TeO3)2__BrF5,hysteresis_window_V,2.1165882090739885,1.0319167,1.8566425,1.9394196,False
KIn(TeO3)2__BrF5,hysteresis_window_V,1.7976506776886778,0.7541252,1.3960946,1.6030749,False
NaCO3__AlTeI7,hysteresis_window_V,0.6797727903745441,0.40414116,0.57916194,0.79640967,True
NaCO3__AlTeI7,hysteresis_window_V,0.0749436392497828,0.041918084,0.06707493,0.18603143,True
NaCO3__AlTeI7,hysteresis_window_V,0.347576890354902,0.23113161,0.35888967,0.46857864,True
NaCO3__AlTeI7,hysteresis_window_V,0.2624332634709911,0.21291359,0.22820112,0.42231184,True
K4Na2TeO6__TiP2O7,hysteresis_window_V,0.2555999454232524,0.15508604,0.26994425,0.34450865,True
K4Na2TeO6__TiP2O7,hysteresis_window_V,0.3497805602400002,0.25263408,0.38046935,0.54571545,True
K4Na2TeO6__TiP2O7,hysteresis_window_V,0.4411822540581741,0.3051234,0.4662396,0.61007506,True
K4Na2TeO6__TiP2O7,hysteresis_window_V,1.199609360749679,0.6697723,0.964358,1.1442566,False
SbSBr__AsSe6IF6,hysteresis_window_V,0.7284242249136514,0.476146,0.7273136,0.89894855,True
SbSBr__AsSe6IF6,hysteresis_window_V,0.1146744921083883,0.09341857,0.11020017,0.23330763,True
SbSBr__AsSe6IF6,hysteresis_window_V,1.0058587599179705,0.592635,0.9408454,1.087847,True
SbSBr__AsSe6IF6,hysteresis_window_V,1.4664613547726186,0.77287465,1.2592554,1.4622246,False
Li2P7(H3N)9__In3SnI5,hysteresis_window_V,0.5295956600028493,0.33098975,0.50924724,0.6436576,True
Li2P7(H3N)9__In3SnI5,hysteresis_window_V,0.1503859306093044,0.13219038,0.15927428,0.27365437,True
Li2P7(H3N)9__In3SnI5,hysteresis_window_V,0.9804403148174278,0.597715,0.94179356,1.151799,True
Li2P7(H3N)9__In3SnI5,hysteresis_window_V,0.4130167508038624,0.27948415,0.43247056,0.53407216,True
P__IO2F,hysteresis_window_V,0.5681724034222017,0.48844516,0.6717028,0.763687,True
P__IO2F,hysteresis_window_V,1.3252954944308668,0.95490474,1.3477451,1.4812146,True
P__IO2F,hysteresis_window_V,0.9954918522924792,0.7372638,0.9280253,1.1188849,True
P__IO2F,hysteresis_window_V,0.2588921552686224,0.24024445,0.27858776,0.40563035,True
NaZnAsO4__GeO2,hysteresis_window_V,0.1977286767116393,0.15011276,0.21353494,0.3290292,True
NaZnAsO4__GeO2,hysteresis_window_V,0.5029655150582657,0.35902774,0.49716285,0.6135349,True
NaZnAsO4__GeO2,hysteresis_window_V,1.4404248866910192,0.71484375,1.1677679,1.5136412,True
NaZnAsO4__GeO2,hysteresis_window_V,0.2834395039867241,0.19333567,0.23696356,0.39651322,True
K2Sn(AsS3)2__Zn(HO)2,hysteresis_window_V,0.5437921731973516,0.34682935,0.49097383,0.7144876,True
K2Sn(AsS3)2__Zn(HO)2,hysteresis_window_V,0.6362858270308184,0.41731042,0.6538301,0.82709503,True
K2Sn(AsS3)2__Zn(HO)2,hysteresis_window_V,0.6269693150678101,0.4342488,0.6029193,0.7409569,True
K2Sn(AsS3)2__Zn(HO)2,hysteresis_window_V,1.4371546673422526,0.9355803,1.3727194,1.416381,False
Ca(GaSe2)2__Na2Li3GaO4,hysteresis_window_V,1.046130300254014,0.49554536,0.7948625,1.06859,True
Ca(GaSe2)2__Na2Li3GaO4,hysteresis_window_V,0.1814164001769547,0.13848464,0.17653224,0.34552285,True
Ca(GaSe2)2__Na2Li3GaO4,hysteresis_window_V,0.407155145675271,0.24096225,0.37742493,0.46636382,True
Ca(GaSe2)2__Na2Li3GaO4,hysteresis_window_V,0.2871343840795053,0.21035846,0.27435982,0.46792364,True
InAsH2O5__Zn3TeAs2Pb3O14,hysteresis_window_V,0.2230073218664735,0.14840083,0.22271809,0.36770284,True
InAsH2O5__Zn3TeAs2Pb3O14,hysteresis_window_V,0.5363142730865638,0.29684484,0.47636008,0.7182182,True
InAsH2O5__Zn3TeAs2Pb3O14,hysteresis_window_V,0.5263908944217502,0.23828155,0.4266869,0.6535342,True
InAsH2O5__Zn3TeAs2Pb3O14,hysteresis_window_V,0.4371109333234867,0.28201023,0.4698335,0.65192515,True
Na3As4H5O14__TePCl9,hysteresis_window_V,1.613747000106913,0.7291402,1.386936,1.7673161,True
Na3As4H5O14__TePCl9,hysteresis_window_V,0.5736828877254638,0.19674096,0.45047584,0.6562797,True
Na3As4H5O14__TePCl9,hysteresis_window_V,0.2957021541027753,0.15156952,0.25799158,0.36817983,True
Na3As4H5O14__TePCl9,hysteresis_window_V,0.4010045738248151,0.19627894,0.3910344,0.49363518,True
K2Al2Sb3__GaN5O14,hysteresis_window_V,0.8378697867204159,0.66138905,0.8493581,0.9252322,True
K2Al2Sb3__GaN5O14,hysteresis_window_V,2.1142326534137426,1.1160494,1.8624879,2.0883749,False
K2Al2Sb3__GaN5O14,hysteresis_window_V,0.8293244467874585,0.6118389,0.8730856,0.98472404,True
K2Al2Sb3__GaN5O14,hysteresis_window_V,1.3427497073367525,0.91709477,1.202067,1.266239,False
CdSiP2__Ca7SiN6,hysteresis_window_V,0.3465135325327236,0.2982852,0.46243203,0.5332522,True
CdSiP2__Ca7SiN6,hysteresis_window_V,0.3641776483079679,0.3548648,0.45627725,0.54822403,True
CdSiP2__Ca7SiN6,hysteresis_window_V,0.9389253551905682,0.790863,1.0226486,1.2199244,True
CdSiP2__Ca7SiN6,hysteresis_window_V,0.1644959098204159,0.16621743,0.19590384,0.31610504,False
K3AsS3__Ca2Al2Sn2O9,hysteresis_window_V,1.0882308842882826,0.57520384,0.88552827,1.2405468,True
K3AsS3__Ca2Al2Sn2O9,hysteresis_window_V,0.4870501315062961,0.378618,0.56566215,0.7014043,True
K3AsS3__Ca2Al2Sn2O9,hysteresis_window_V,0.3751302935885415,0.27899072,0.45060456,0.5568278,True
K3AsS3__Ca2Al2Sn2O9,hysteresis_window_V,0.0723060761418205,0.06653491,0.07904229,0.22372663,True
AlTeCl7__CaPbF6,hysteresis_window_V,0.4718886732125786,0.4551091,0.58310306,0.5922965,True
AlTeCl7__CaPbF6,hysteresis_window_V,0.3507691996832344,0.27967983,0.38201928,0.4667917,True
AlTeCl7__CaPbF6,hysteresis_window_V,1.9609252802149544,1.1624991,1.6386355,1.7844396,False
AlTeCl7__CaPbF6,hysteresis_window_V,0.5267412910820624,0.41369253,0.5872224,0.7334869,True
Na6Ge2Se7__LiAsO3,hysteresis_window_V,0.4353850296159689,0.33981436,0.4621658,0.57159156,True
Na6Ge2Se7__LiAsO3,hysteresis_window_V,0.9661625876508044,0.71412396,0.88275796,1.1305672,True
Na6Ge2Se7__LiAsO3,hysteresis_window_V,0.4746521757051891,0.32258213,0.4654357,0.539016,True
Na6Ge2Se7__LiAsO3,hysteresis_window_V,1.2281921908973126,0.8281839,1.1592313,1.3197653,True
K4As2Se5__SiP,hysteresis_window_V,0.5370454879555677,0.29124576,0.50800943,0.6776321,True
K4As2Se5__SiP,hysteresis_window_V,0.3865142270742447,0.24657972,0.40919292,0.5399871,True
K4As2Se5__SiP,hysteresis_window_V,1.5666386589557184,0.88280433,1.5887716,1.7042842,True
K4As2Se5__SiP,hysteresis_window_V,0.915987262241776,0.53248864,0.9095109,1.0498172,True
K2GeTe4__Na2In2GeSe6,hysteresis_window_V,0.1386000502435597,0.18739215,0.39243206,0.5401789,False
K2GeTe4__Na2In2GeSe6,hysteresis_window_V,0.4093767948549584,0.49137804,0.98747474,1.3635116,False
K2GeTe4__Na2In2GeSe6,hysteresis_window_V,0.4101210585161684,0.6336769,0.9190484,1.2952813,False
K2GeTe4__Na2In2GeSe6,hysteresis_window_V,0.0697782952991664,0.099238604,0.18679957,0.44020164,False
K4GeSe4__K7NaGe8,hysteresis_window_V,0.2554368329472238,0.21317965,0.28157234,0.38984966,True
K4GeSe4__K7NaGe8,hysteresis_window_V,0.87814587309619,0.5401762,0.8624748,1.0134033,True
K4GeSe4__K7NaGe8,hysteresis_window_V,1.8204463897406595,1.0431609,1.7152717,1.8741137,True
K4GeSe4__K7NaGe8,hysteresis_window_V,0.2635885850279654,0.19641104,0.29112118,0.53200513,True
Na4Cd3Se5__K2SnCl6,hysteresis_window_V,0.5373592289090832,0.43803987,0.6089992,0.67229986,True
Na4Cd3Se5__K2SnCl6,hysteresis_window_V,1.1332590452486324,0.8034716,1.0270749,1.172149,True
Na4Cd3Se5__K2SnCl6,hysteresis_window_V,1.0067765700455684,0.5078276,0.8014089,1.004357,False
Na4Cd3Se5__K2SnCl6,hysteresis_window_V,1.6224432683404668,1.006289,1.3649037,1.4151361,False
Ca11Sn3C8__Cd7(P2Cl3)2,hysteresis_window_V,0.9705861342676504,0.6439642,0.9530126,1.1060263,True
Ca11Sn3C8__Cd7(P2Cl3)2,hysteresis_window_V,0.4008817330550436,0.29243806,0.38968912,0.56985366,True
Ca11Sn3C8__Cd7(P2Cl3)2,hysteresis_window_V,0.2540819579520577,0.20039451,0.27381992,0.46134812,True
Ca11Sn3C8__Cd7(P2Cl3)2,hysteresis_window_V,0.0970435921108758,0.08957193,0.10963019,0.23047395,True
NaSb5O13__In6Te10Pb,hysteresis_window_V,1.9678692406313096,1.0191054,1.5037396,1.7835696,False
NaSb5O13__In6Te10Pb,hysteresis_window_V,0.4266238810914099,0.32234442,0.4903829,0.64186513,True
NaSb5O13__In6Te10Pb,hysteresis_window_V,0.8960239519525356,0.5121508,0.78779227,0.9590792,True
NaSb5O13__In6Te10Pb,hysteresis_window_V,0.2276655680507771,0.16389813,0.20859672,0.31380644,True
P__Sb2IBr2F11,hysteresis_window_V,0.3135975575084612,0.20252307,0.353674,0.45056465,True
P__Sb2IBr2F11,hysteresis_window_V,0.1253117863869805,0.11070664,0.14440562,0.2607203,True
P__Sb2IBr2F11,hysteresis_window_V,0.1278174542259011,0.10093454,0.14010127,0.24225889,True
P__Sb2IBr2F11,hysteresis_window_V,0.3066580097410205,0.16939443,0.31285346,0.41362724,True
Na2PbO3__SbCl5,hysteresis_window_V,0.2848727107208742,0.15937729,0.3015058,0.4266518,True
Na2PbO3__SbCl5,hysteresis_window_V,0.5118679975589396,0.27115607,0.43961298,0.5871783,True
Na2PbO3__SbCl5,hysteresis_window_V,0.9893821852746444,0.46155694,0.8266227,1.0184515,True
Na2PbO3__SbCl5,hysteresis_window_V,0.1620734361164189,0.09191663,0.1478205,0.2698606,True
Ga7Te10__K2GeTe4,hysteresis_window_V,0.3633770456868723,0.2829018,0.43243498,0.6294253,True
Ga7Te10__K2GeTe4,hysteresis_window_V,0.4065327571995803,0.30082744,0.5319215,0.7158296,True
Ga7Te10__K2GeTe4,hysteresis_window_V,0.3029757000463829,0.29526597,0.44016904,0.5978357,True
Ga7Te10__K2GeTe4,hysteresis_window_V,0.5529530143716914,0.40794265,0.688795,0.9776882,True
NaCdIn2(PO4)3__GaSeBr7,hysteresis_window_V,0.1713358878580237,0.13290441,0.17310525,0.30152813,True
NaCdIn2(PO4)3__GaSeBr7,hysteresis_window_V,1.0120767778609343,0.7013862,0.9227892,1.162585,True
NaCdIn2(PO4)3__GaSeBr7,hysteresis_window_V,1.541972233007732,0.89782506,1.282766,1.4627945,False
NaCdIn2(PO4)3__GaSeBr7,hysteresis_window_V,0.671032083177666,0.46755698,0.6840681,0.7756287,True
Na2Si2Se5__Te(HO)6,hysteresis_window_V,0.0515087653629254,0.05680665,0.05781176,0.20154935,False
Na2Si2Se5__Te(HO)6,hysteresis_window_V,0.615256426216823,0.46382758,0.63643616,0.7856598,True
Na2Si2Se5__Te(HO)6,hysteresis_window_V,0.2800088145179832,0.22295842,0.28838256,0.48069885,True
Na2Si2Se5__Te(HO)6,hysteresis_window_V,0.6212001404532246,0.43022397,0.5888426,0.7515719,True
Ca4GeN4__K2CdGeO4,hysteresis_window_V,0.6034111460570187,0.4179322,0.6440309,0.78868717,True
Ca4GeN4__K2CdGeO4,hysteresis_window_V,0.1859248845067246,0.2042964,0.22229737,0.3465513,False
Ca4GeN4__K2CdGeO4,hysteresis_window_V,0.1551647437668226,0.1468579,0.19637431,0.29951352,True
Ca4GeN4__K2CdGeO4,hysteresis_window_V,0.1739578422159678,0.14103143,0.14783113,0.42704767,True
K2SiAs2__Li2ZnSnS4,hysteresis_window_V,0.3190353073202246,0.30783156,0.34740224,0.48033637,True
K2SiAs2__Li2ZnSnS4,hysteresis_window_V,0.5267732437388888,0.37397724,0.5138608,0.586111,True
K2SiAs2__Li2ZnSnS4,hysteresis_window_V,1.4597273819338756,0.94991237,1.2926686,1.5396097,True
K2SiAs2__Li2ZnSnS4,hysteresis_window_V,0.9474308415921,0.55286396,0.8056009,0.99032545,True
K6Zn4Sn5S17__LiTi2(PO4)3,hysteresis_window_V,1.3801489152365234,0.7476051,1.0442526,1.4111727,True
K6Zn4Sn5S17__LiTi2(PO4)3,hysteresis_window_V,0.3600131333198111,0.20640098,0.3492145,0.42632034,True
K6Zn4Sn5S17__LiTi2(PO4)3,hysteresis_window_V,0.4971173459772651,0.28047186,0.45833,0.5871719,True
K6Zn4Sn5S17__LiTi2(PO4)3,hysteresis_window_V,1.061883180539657,0.4903654,0.8633166,1.0783064,True
Cd(SbO3)2__Na14Cd2O9,hysteresis_window_V,0.2193514391181947,0.21346693,0.23155853,0.3922861,True
Cd(SbO3)2__Na14Cd2O9,hysteresis_window_V,1.406688120187121,0.86095583,1.3211191,1.512752,True
Cd(SbO3)2__Na14Cd2O9,hysteresis_window_V,0.3723959321683967,0.30129454,0.43411866,0.48575723,True
Cd(SbO3)2__Na14Cd2O9,hysteresis_window_V,0.5859606438523298,0.39965582,0.5476794,0.674711,True
NF2__Na3AlH6,hysteresis_window_V,0.327034139993569,0.24537712,0.3656972,0.46423483,True
NF2__Na3AlH6,hysteresis_window_V,1.634743362557083,1.0477053,1.536157,1.6114177,False
NF2__Na3AlH6,hysteresis_window_V,0.8988722287135332,0.6536387,0.9324046,1.1044034,True
NF2__Na3AlH6,hysteresis_window_V,0.7558754968738342,0.54949355,0.73031324,0.85221094,True
Pentacene__Ge2S3Br2,hysteresis_window_V,1.0499773222450963,0.5401376,0.90794295,1.0424848,False
Pentacene__Ge2S3Br2,hysteresis_window_V,1.108393509745205,0.5748793,0.9963071,1.1197795,True
Pentacene__Ge2S3Br2,hysteresis_window_V,1.9239623145787728,1.0111862,1.6551085,1.6737571,False
Pentacene__Ge2S3Br2,hysteresis_window_V,1.5452437171604207,0.92488545,1.459187,1.5084441,False
K2PbO2__K6Sn2S7,hysteresis_window_V,0.1145245295621383,0.12655243,0.1971873,0.360832,False
K2PbO2__K6Sn2S7,hysteresis_window_V,0.2386535361375258,0.19265081,0.38747698,0.61327994,True
K2PbO2__K6Sn2S7,hysteresis_window_V,0.1103959781851977,0.10572764,0.20280251,0.38485256,True
K2PbO2__K6Sn2S7,hysteresis_window_V,0.6932428328201277,0.6421092,1.0013458,1.5600858,True
S3(NO7)2__Na8Ga2O7,hysteresis_window_V,0.2729523912593841,0.20254894,0.30709752,0.45751542,True
S3(NO7)2__Na8Ga2O7,hysteresis_window_V,1.620975340355413,1.0094206,1.696075,1.778372,True
S3(NO7)2__Na8Ga2O7,hysteresis_window_V,0.3073192794416655,0.28137842,0.32856122,0.5228036,True
S3(NO7)2__Na8Ga2O7,hysteresis_window_V,0.2840970267942602,0.18554497,0.262314,0.511222,True
Sb2Se3__PbSeO4,hysteresis_window_V,0.7608072879085009,0.3996216,0.68943334,0.84204954,True
Sb2Se3__PbSeO4,hysteresis_window_V,0.7485547876716119,0.44972423,0.6545048,0.8950451,True
Sb2Se3__PbSeO4,hysteresis_window_V,0.7386011275427617,0.47240895,0.6946266,0.8373544,True
Sb2Se3__PbSeO4,hysteresis_window_V,0.5007553449075288,0.38616762,0.5146771,0.6601644,True
Ca7SiN6__Ca2Al2Sn2O9,hysteresis_window_V,0.720663630761467,0.4231528,0.6412711,0.8513252,True
Ca7SiN6__Ca2Al2Sn2O9,hysteresis_window_V,1.348278479209606,0.804835,1.0879976,1.3301971,False
Ca7SiN6__Ca2Al2Sn2O9,hysteresis_window_V,0.1756364779897685,0.12144323,0.1732885,0.31606987,True
Ca7SiN6__Ca2Al2Sn2O9,hysteresis_window_V,0.4460113348526009,0.31920117,0.44144458,0.5705068,True
K4CdAs2__KSn2(PO4)3,hysteresis_window_V,0.1255154783154837,0.13532344,0.16758661,0.34801495,False
K4CdAs2__KSn2(PO4)3,hysteresis_window_V,0.706600364646761,0.48871976,0.6198348,0.72024155,True
K4CdAs2__KSn2(PO4)3,hysteresis_window_V,1.9364913018611032,1.0500743,1.5903083,1.8174697,False
K4CdAs2__KSn2(PO4)3,hysteresis_window_V,0.8658843229613161,0.611625,0.76947385,0.90290034,True
KSn__TeO3,hysteresis_window_V,0.3199073845171428,0.28232574,0.37405923,0.58675224,True
KSn__TeO3,hysteresis_window_V,0.5985614780352082,0.42042574,0.5509506,0.71118367,True
KSn__TeO3,hysteresis_window_V,0.3598606257792576,0.31577134,0.41284606,0.4236166,True
KSn__TeO3,hysteresis_window_V,0.3016858815583703,0.36824405,0.38058653,0.5828186,False
K4TiSn3(PO5)4__GaSeBr7,hysteresis_window_V,0.8295951870296111,0.5110701,0.7444635,0.97390974,True
K4TiSn3(PO5)4__GaSeBr7,hysteresis_window_V,0.0636554995605423,0.055373475,0.056734,0.18347651,True
K4TiSn3(PO5)4__GaSeBr7,hysteresis_window_V,0.6863857639692121,0.45355278,0.61569166,0.7873333,True
K4TiSn3(PO5)4__GaSeBr7,hysteresis_window_V,1.1672733279957084,0.66002345,1.0030296,1.210572,True
K2Zn3O4__NaInSe2,hysteresis_window_V,0.3645618571502335,0.35563523,0.49037147,0.57861096,True
K2Zn3O4__NaInSe2,hysteresis_window_V,0.2095824128149349,0.20286007,0.27277696,0.37017524,True
K2Zn3O4__NaInSe2,hysteresis_window_V,0.0803304840841999,0.11254412,0.13662307,0.2630104,False
K2Zn3O4__NaInSe2,hysteresis_window_V,0.5074837742596598,0.4231353,0.5798115,0.75329965,True
K3Na2SnAs3__Na2LiAlP2,hysteresis_window_V,0.3150941702794941,0.27139384,0.36597866,0.4175362,True
K3Na2SnAs3__Na2LiAlP2,hysteresis_window_V,0.23825921725649,0.2551679,0.2856622,0.4402351,False
K3Na2SnAs3__Na2LiAlP2,hysteresis_window_V,0.8100224627578371,0.77238715,0.86559695,1.0687484,True
K3Na2SnAs3__Na2LiAlP2,hysteresis_window_V,0.3082329279399506,0.2965483,0.38145846,0.440412,True
K2H6PbO6__K4Ge9O20,hysteresis_window_V,0.8753070472318021,0.4146791,0.71081483,0.97301537,True
K2H6PbO6__K4Ge9O20,hysteresis_window_V,0.7408256311445021,0.32912084,0.5937001,0.7289885,False
K2H6PbO6__K4Ge9O20,hysteresis_window_V,0.868389468367462,0.38797298,0.7390949,0.9499612,True
K2H6PbO6__K4Ge9O20,hysteresis_window_V,0.1888466014688911,0.12845513,0.1909812,0.49026296,True
In2(Se2O5)3__SnPO4F,hysteresis_window_V,0.1257155716343096,0.13277635,0.13547364,0.39874306,False
In2(Se2O5)3__SnPO4F,hysteresis_window_V,1.5096722430707463,0.73914146,1.364854,1.5100248,True
In2(Se2O5)3__SnPO4F,hysteresis_window_V,0.9169599823912032,0.46753767,0.7885796,0.96231574,True
In2(Se2O5)3__SnPO4F,hysteresis_window_V,0.9416011930196128,0.47425997,0.7950923,0.9331418,False
KNaGeO3__Sb9S4F39,hysteresis_window_V,0.7343318321586458,0.5598005,0.85220975,0.8808165,True
KNaGeO3__Sb9S4F39,hysteresis_window_V,0.3907138434883936,0.37090227,0.51936907,0.6718529,True
KNaGeO3__Sb9S4F39,hysteresis_window_V,0.3828584067076897,0.2655261,0.4075538,0.5585832,True
KNaGeO3__Sb9S4F39,hysteresis_window_V,0.184615071590972,0.17876962,0.2502665,0.5025537,True
K2Ti2O5__Rubrene,hysteresis_window_V,2.571321372674963,1.282377,2.3393905,2.449016,False
K2Ti2O5__Rubrene,hysteresis_window_V,1.840770950970733,1.0468503,1.5733807,1.6752238,False
K2Ti2O5__Rubrene,hysteresis_window_V,0.2483471106492157,0.30970132,0.46808243,0.76743627,False
K2Ti2O5__Rubrene,hysteresis_window_V,1.75476215270353,0.7844551,1.4208751,1.4399738,False
P4S7__Ge3Pb5O11,hysteresis_window_V,0.2039973419311866,0.16788012,0.2408079,0.49304396,True
P4S7__Ge3Pb5O11,hysteresis_window_V,0.3820987304043551,0.24486333,0.37763602,0.4375132,True
P4S7__Ge3Pb5O11,hysteresis_window_V,0.7278668474599203,0.47160926,0.66053283,0.8127504,True
P4S7__Ge3Pb5O11,hysteresis_window_V,0.6957127307321402,0.37896973,0.5922574,0.7912106,True
K2SnTe3__In2(SeO4)3,hysteresis_window_V,1.5094863715474154,0.7017446,0.9797564,1.3558345,False
K2SnTe3__In2(SeO4)3,hysteresis_window_V,0.5279047021390086,0.33414873,0.45983428,0.5853536,True
K2SnTe3__In2(SeO4)3,hysteresis_window_V,1.3948135735680522,0.65749425,0.9165786,1.3018664,False
K2SnTe3__In2(SeO4)3,hysteresis_window_V,0.8621819269337005,0.51760536,0.68889666,0.9871691,True
Na2In2SiS6__LiC,hysteresis_window_V,0.1052110940297743,0.082405075,0.10639625,0.29979822,True
Na2In2SiS6__LiC,hysteresis_window_V,0.9959741260115664,0.6936911,0.80748487,1.1614586,True
Na2In2SiS6__LiC,hysteresis_window_V,1.0662961684413366,0.66015357,0.77536094,1.1763443,True
Na2In2SiS6__LiC,hysteresis_window_V,0.1132496525865943,0.08502506,0.11222423,0.28220412,True
K2Sn(AsS3)2__Na2In2SiS6,hysteresis_window_V,0.4020179158335155,0.24320859,0.37058333,0.55461097,True
K2Sn(AsS3)2__Na2In2SiS6,hysteresis_window_V,0.1169448961986638,0.10591181,0.11003478,0.317717,True
K2Sn(AsS3)2__Na2In2SiS6,hysteresis_window_V,0.2086005109636552,0.18262346,0.20490614,0.5147619,True
K2Sn(AsS3)2__Na2In2SiS6,hysteresis_window_V,0.8127135474771026,0.49186438,0.72648615,0.92813426,True
TeI__SnPS3,hysteresis_window_V,0.6251915725370832,0.4981834,0.9038188,1.1119133,True
TeI__SnPS3,hysteresis_window_V,0.2671516970775072,0.26483032,0.44687113,0.6222524,True
TeI__SnPS3,hysteresis_window_V,0.2003374617532492,0.22310597,0.3751731,0.44195768,False
TeI__SnPS3,hysteresis_window_V,0.6362804319497312,0.6506658,1.1003939,1.2785069,False
Li7SbN4__Na2GeTeO6,hysteresis_window_V,0.0851604051768832,0.09092839,0.11389193,0.2845467,False
Li7SbN4__Na2GeTeO6,hysteresis_window_V,0.3613923866720731,0.3438901,0.5922263,0.828704,True
Li7SbN4__Na2GeTeO6,hysteresis_window_V,0.322874235508955,0.27992162,0.46701282,0.68907255,True
Li7SbN4__Na2GeTeO6,hysteresis_window_V,0.1842361578509832,0.15057594,0.28588572,0.4027334,True
K5GaSe4__CdSnP14,hysteresis_window_V,1.066527478326433,0.64962226,0.9941363,1.1797303,True
K5GaSe4__CdSnP14,hysteresis_window_V,0.2915109257344672,0.2322805,0.30564955,0.47396356,True
K5GaSe4__CdSnP14,hysteresis_window_V,1.0174036754051503,0.5074627,0.93456876,1.0704395,True
K5GaSe4__CdSnP14,hysteresis_window_V,1.073069146588238,0.63764006,1.0803057,1.2069205,True
Li10Zn4O9__SbAs2Cl13,hysteresis_window_V,1.851164452087738,0.87389946,1.5058004,1.7681721,False
Li10Zn4O9__SbAs2Cl13,hysteresis_window_V,1.0685251072550142,0.58557695,0.9468045,1.0993631,True
Li10Zn4O9__SbAs2Cl13,hysteresis_window_V,0.4415239111555153,0.30257997,0.45715904,0.5880199,True
Li10Zn4O9__SbAs2Cl13,hysteresis_window_V,0.206477783187171,0.17983812,0.24511477,0.4758969,True
ZnSe__Li2ZnSn3O8,hysteresis_window_V,0.5800932554649413,0.34810585,0.543425,0.70846355,True
ZnSe__Li2ZnSn3O8,hysteresis_window_V,0.2599804674738706,0.15589227,0.22475922,0.37628564,True
ZnSe__Li2ZnSn3O8,hysteresis_window_V,0.6202019623163021,0.34041053,0.49933463,0.67936796,True
ZnSe__Li2ZnSn3O8,hysteresis_window_V,0.5456605167926885,0.32868364,0.50300807,0.63435173,True
ZnF2__K2LiInAs2,hysteresis_window_V,0.2196866992531209,0.19981377,0.24729818,0.4126674,True
ZnF2__K2LiInAs2,hysteresis_window_V,0.3614177086033981,0.23029092,0.36881903,0.51085454,True
ZnF2__K2LiInAs2,hysteresis_window_V,0.4072523807139066,0.24905673,0.37310755,0.5558499,True
ZnF2__K2LiInAs2,hysteresis_window_V,0.7525317972888761,0.4862884,0.69386333,0.84247684,True
Sn2Sb2Pb4O13__InSb(P2O7)2,hysteresis_window_V,1.006250664314601,0.5923039,0.93580735,1.1168643,True
Sn2Sb2Pb4O13__InSb(P2O7)2,hysteresis_window_V,0.3115808173865258,0.24897294,0.36435103,0.5362339,True
Sn2Sb2Pb4O13__InSb(P2O7)2,hysteresis_window_V,0.303426152157556,0.26456162,0.32279396,0.5366904,True
Sn2Sb2Pb4O13__InSb(P2O7)2,hysteresis_window_V,0.6245488202850642,0.4374075,0.6031786,0.70923644,True
P3NCl12__AlInI4,hysteresis_window_V,0.2168445446242647,0.12832594,0.19806312,0.36825836,True
P3NCl12__AlInI4,hysteresis_window_V,1.1852793029142177,0.56600374,0.95696384,1.1491406,False
P3NCl12__AlInI4,hysteresis_window_V,0.5335108139061285,0.29804534,0.458381,0.6340392,True
P3NCl12__AlInI4,hysteresis_window_V,0.74825048258454,0.36504152,0.53625333,0.7391053,False
KSnAsS5__LiPH21S3N7,hysteresis_window_V,0.9500042375111596,0.54466414,0.7982124,0.9554474,True
KSnAsS5__LiPH21S3N7,hysteresis_window_V,1.4677857007402977,0.84992087,1.2407107,1.4898208,True
KSnAsS5__LiPH21S3N7,hysteresis_window_V,0.674806220632443,0.48413908,0.6857615,0.8117094,True
KSnAsS5__LiPH21S3N7,hysteresis_window_V,0.1873466569104137,0.16225246,0.23637429,0.3862905,True
GeClO2F5__K6Zn4Sn5S17,hysteresis_window_V,0.3686878590671887,0.26944783,0.36727312,0.4680207,True
GeClO2F5__K6Zn4Sn5S17,hysteresis_window_V,0.7462451591392618,0.42732432,0.7419288,0.88214815,True
GeClO2F5__K6Zn4Sn5S17,hysteresis_window_V,1.6532996814892305,0.9973332,1.605904,1.8023746,True
GeClO2F5__K6Zn4Sn5S17,hysteresis_window_V,0.4310628947443455,0.2656806,0.41156107,0.5446213,True
Na3AlH6__K6Te3(H8O7)4,hysteresis_window_V,0.4681024785270114,0.3394865,0.4467437,0.5716613,True
Na3AlH6__K6Te3(H8O7)4,hysteresis_window_V,1.784348570637723,0.9776924,1.5907891,1.8074524,True
Na3AlH6__K6Te3(H8O7)4,hysteresis_window_V,2.023479148131744,0.94382644,1.5981249,1.903249,False
Na3AlH6__K6Te3(H8O7)4,hysteresis_window_V,0.6266632081399446,0.38961792,0.55375534,0.7053459,True
K3AsSe4__Ca2Al2Sn2O9,hysteresis_window_V,0.654384217920513,0.35472763,0.52409965,0.7306883,True
K3AsSe4__Ca2Al2Sn2O9,hysteresis_window_V,1.4231515412873113,0.8923921,1.3370105,1.561672,True
K3AsSe4__Ca2Al2Sn2O9,hysteresis_window_V,0.4115079592903052,0.24928583,0.40571842,0.5882187,True
K3AsSe4__Ca2Al2Sn2O9,hysteresis_window_V,0.4708377750016475,0.31132853,0.45967767,0.60843253,True
KAs2HO6__P2Pb4O9,hysteresis_window_V,1.3125735597983554,0.65959585,0.851066,1.4563843,True
KAs2HO6__P2Pb4O9,hysteresis_window_V,0.3430042105147591,0.22415324,0.34277967,0.46454775,True
KAs2HO6__P2Pb4O9,hysteresis_window_V,0.6828439394866247,0.3614027,0.59561193,0.80924207,True
KAs2HO6__P2Pb4O9,hysteresis_window_V,0.2609269910443046,0.23576596,0.25842163,0.5336439,True
LiGaO2__SnPCl9,hysteresis_window_V,0.6109534245172643,0.3283967,0.52540916,0.71268296,True
LiGaO2__SnPCl9,hysteresis_window_V,0.1721531845053107,0.13056006,0.19343266,0.31564575,True
LiGaO2__SnPCl9,hysteresis_window_V,0.4934344387227765,0.27641693,0.48528498,0.65334773,True
LiGaO2__SnPCl9,hysteresis_window_V,1.646116245817271,0.79527247,1.4030994,1.588116,False
P7Pb__Na2Ti2Si2O9,hysteresis_window_V,1.5416332575488685,0.9564574,1.3386611,1.523682,False
P7Pb__Na2Ti2Si2O9,hysteresis_window_V,0.1588209744255017,0.16645461,0.17762876,0.52058053,False
P7Pb__Na2Ti2Si2O9,hysteresis_window_V,1.4286726939641796,0.9457728,1.2192727,1.3680357,False
P7Pb__Na2Ti2Si2O9,hysteresis_window_V,0.1860751064529697,0.15341005,0.19842075,0.40365344,True
Ga2O3__LiIn(IO3)4,hysteresis_window_V,0.8970471145587414,0.4225533,0.72224176,0.9569097,True
Ga2O3__LiIn(IO3)4,hysteresis_window_V,0.1008912925483811,0.069449015,0.07558754,0.24949612,True
Ga2O3__LiIn(IO3)4,hysteresis_window_V,1.145249127885665,0.67893326,1.0007905,1.282647,True
Ga2O3__LiIn(IO3)4,hysteresis_window_V,0.8647119826984648,0.43924257,0.7210609,0.96592295,True
Zn(InSe2)2__TiZn(SO4)3,hysteresis_window_V,0.2758932188909435,0.21593931,0.28602552,0.43398377,True
Zn(InSe2)2__TiZn(SO4)3,hysteresis_window_V,0.1299257711998118,0.111197054,0.18576486,0.2563781,True
Zn(InSe2)2__TiZn(SO4)3,hysteresis_window_V,0.3348816915183682,0.26735583,0.3239076,0.56196874,True
Zn(InSe2)2__TiZn(SO4)3,hysteresis_window_V,0.6642341725245857,0.34186995,0.58312196,0.75195885,True
TeO2__KInO2,hysteresis_window_V,0.9439602395453808,0.717608,0.95003,1.135952,True
TeO2__KInO2,hysteresis_window_V,0.5307670899602993,0.3192278,0.5111017,0.6067531,True
TeO2__KInO2,hysteresis_window_V,0.0922077339202933,0.08634809,0.10406967,0.22769298,True
TeO2__KInO2,hysteresis_window_V,0.6595903989374128,0.5179399,0.6543479,0.75524575,True
NaLi2Sb__K2Ti2O5,hysteresis_window_V,0.6525298404436485,0.46887156,0.7735751,0.8780013,True
NaLi2Sb__K2Ti2O5,hysteresis_window_V,1.241120156595802,0.9212678,1.3200755,1.3605982,True
NaLi2Sb__K2Ti2O5,hysteresis_window_V,0.1597727550037976,0.14221793,0.19910721,0.27139503,True
NaLi2Sb__K2Ti2O5,hysteresis_window_V,0.3737020364261172,0.325962,0.4741854,0.5388776,True
Na6GaP3__AsI5F6,hysteresis_window_V,0.77052155886733,0.5589435,0.7674594,0.87947977,True
Na6GaP3__AsI5F6,hysteresis_window_V,0.9067961791561984,0.6463427,1.014179,1.0272179,True
Na6GaP3__AsI5F6,hysteresis_window_V,0.2184202690896077,0.22531256,0.25806707,0.35571647,False
Na6GaP3__AsI5F6,hysteresis_window_V,0.2642251128317399,0.2392116,0.32262337,0.4901714,True
K2O__K6Pb2O5,hysteresis_window_V,0.2122909159826169,0.19270815,0.302563,0.43822327,True
K2O__K6Pb2O5,hysteresis_window_V,0.2975260448145536,0.24000059,0.4144276,0.5921826,True
K2O__K6Pb2O5,hysteresis_window_V,0.6826790239747946,0.397824,0.81896317,1.0967238,True
K2O__K6Pb2O5,hysteresis_window_V,0.0679165624822808,0.07576196,0.08983547,0.24611156,False
Li2SnSe3__Na2PS3,hysteresis_window_V,1.285333441022076,0.86334586,1.070944,1.2347097,False
Li2SnSe3__Na2PS3,hysteresis_window_V,1.6116944762928784,0.8584101,1.161563,1.4279966,False
Li2SnSe3__Na2PS3,hysteresis_window_V,0.1782147865031617,0.13112712,0.20602268,0.27374426,True
Li2SnSe3__Na2PS3,hysteresis_window_V,0.9297326638225214,0.4935055,0.81977975,0.94562393,True
In2(CN2)3__LiTi2(PO4)3,hysteresis_window_V,0.4350153288511791,0.301903,0.44159418,0.5878645,True
In2(CN2)3__LiTi2(PO4)3,hysteresis_window_V,1.253002297373032,0.6448425,0.9773535,1.2415777,False
In2(CN2)3__LiTi2(PO4)3,hysteresis_window_V,1.221439433309905,0.59854424,1.004326,1.1761258,False
In2(CN2)3__LiTi2(PO4)3,hysteresis_window_V,0.4312768238665141,0.27527413,0.43408018,0.52013385,True
KTe__PCl5,hysteresis_window_V,2.132306636111182,1.2134223,1.9970226,2.0817246,False
KTe__PCl5,hysteresis_window_V,0.278012503341085,0.30672482,0.31467453,0.45639756,False
KTe__PCl5,hysteresis_window_V,0.5074024466187632,0.44619682,0.48781526,0.56861144,True
KTe__PCl5,hysteresis_window_V,1.8594292353519817,1.139751,1.8497981,1.8602078,True
AsI5F6__Ca3In2(GeO4)3,hysteresis_window_V,0.9086104905879506,0.50207204,0.70807767,0.86328423,False
AsI5F6__Ca3In2(GeO4)3,hysteresis_window_V,0.6276296795186845,0.40165356,0.56970006,0.7472201,True
AsI5F6__Ca3In2(GeO4)3,hysteresis_window_V,1.084778265824691,0.57864815,0.91184115,1.0348012,False
AsI5F6__Ca3In2(GeO4)3,hysteresis_window_V,1.0637771585253926,0.5309675,0.9469966,1.0767032,True
SbP2O7__KIn7S8,hysteresis_window_V,0.6921849966526474,0.48776776,0.6687936,0.8072889,True
SbP2O7__KIn7S8,hysteresis_window_V,1.531020505439896,1.0192449,1.5386447,1.6095325,True
SbP2O7__KIn7S8,hysteresis_window_V,0.6150888498645046,0.47117892,0.61984736,0.72114146,True
SbP2O7__KIn7S8,hysteresis_window_V,0.3758295698189213,0.23002401,0.36127287,0.5512027,True
Na(GeP)3__LiInSiO4,hysteresis_window_V,0.1420905244216752,0.13225418,0.15692459,0.31548423,True
Na(GeP)3__LiInSiO4,hysteresis_window_V,1.4305692426605858,0.9773503,1.566909,1.5795914,True
Na(GeP)3__LiInSiO4,hysteresis_window_V,0.4338316371898781,0.32177043,0.4483144,0.51770884,True
Na(GeP)3__LiInSiO4,hysteresis_window_V,0.4044773360753337,0.3149802,0.42600936,0.47571495,True
Ca2Si__CdI2,hysteresis_window_V,0.2623478145721282,0.23602581,0.29465118,0.39736095,True
Ca2Si__CdI2,hysteresis_window_V,0.1123161445970424,0.17347483,0.17476617,0.45259306,False
Ca2Si__CdI2,hysteresis_window_V,0.1560110698058669,0.16230696,0.17972043,0.2999473,False
Ca2Si__CdI2,hysteresis_window_V,0.5896485254437951,0.5383214,0.70176375,0.8070595,True
Li4PbO4__TeS7Cl2,hysteresis_window_V,0.8257463584892039,0.5543041,0.77231765,0.9747935,True
Li4PbO4__TeS7Cl2,hysteresis_window_V,0.4343719110232298,0.3696685,0.45726117,0.51222336,True
Li4PbO4__TeS7Cl2,hysteresis_window_V,1.1397647031025304,0.655315,0.9800357,1.1933912,True
Li4PbO4__TeS7Cl2,hysteresis_window_V,0.2935448301143869,0.28718638,0.3377885,0.519452,True
LiSbO3__Ti(NO3)4,hysteresis_window_V,0.2099998275919936,0.19486348,0.26346144,0.3663465,True
LiSbO3__Ti(NO3)4,hysteresis_window_V,0.192333511699926,0.15248667,0.19843055,0.33435932,True
LiSbO3__Ti(NO3)4,hysteresis_window_V,1.3855880565564762,0.5797437,1.023689,1.2894557,False
LiSbO3__Ti(NO3)4,hysteresis_window_V,0.5696711045500936,0.31743714,0.5271463,0.6455662,True
Li2Ca(SiN2)2__AlAs3S5Cl4,hysteresis_window_V,0.2801416224218556,0.17939785,0.29307798,0.39624262,True
Li2Ca(SiN2)2__AlAs3S5Cl4,hysteresis_window_V,1.4313481221457112,0.7766816,1.1656268,1.434681,True
Li2Ca(SiN2)2__AlAs3S5Cl4,hysteresis_window_V,1.1946413990357172,0.7670463,1.2324893,1.3945372,True
Li2Ca(SiN2)2__AlAs3S5Cl4,hysteresis_window_V,1.519420184629573,0.80281657,1.2452737,1.5103896,False
KSnAsO5__TiSnP2SO12,hysteresis_window_V,0.9921643705151528,0.6892859,0.9812484,1.2150838,True
KSnAsO5__TiSnP2SO12,hysteresis_window_V,0.2272728854031888,0.1523917,0.21564803,0.36704293,True
KSnAsO5__TiSnP2SO12,hysteresis_window_V,0.4025251829414517,0.3459886,0.42104575,0.58211505,True
KSnAsO5__TiSnP2SO12,hysteresis_window_V,0.1467529852742689,0.13433075,0.14943014,0.40584087,True
KSbS2__Al2ZnS4,hysteresis_window_V,0.0612636988598085,0.038984697,0.05444525,0.20248446,True
KSbS2__Al2ZnS4,hysteresis_window_V,0.375363351841168,0.31983703,0.39911237,0.5741819,True
KSbS2__Al2ZnS4,hysteresis_window_V,0.3624876663762694,0.26906085,0.37898543,0.544202,True
KSbS2__Al2ZnS4,hysteresis_window_V,0.2535959133374662,0.22550052,0.25292766,0.41747546,True
GePbS3__Zn3PBr3,hysteresis_window_V,0.1497538606580594,0.15497145,0.15546983,0.39433128,False
GePbS3__Zn3PBr3,hysteresis_window_V,0.25453335067688,0.17424344,0.26294893,0.33872268,True
GePbS3__Zn3PBr3,hysteresis_window_V,0.1239639432625984,0.14903302,0.16051051,0.41692758,False
GePbS3__Zn3PBr3,hysteresis_window_V,0.693342912498269,0.49075377,0.7034733,0.8163129,True
Ca11AlSb9__Sb9S4F39,hysteresis_window_V,1.3381891690276246,0.79201216,1.2294953,1.2393929,False
Ca11AlSb9__Sb9S4F39,hysteresis_window_V,0.6625855973995165,0.42887643,0.6079737,0.80145365,True
Ca11AlSb9__Sb9S4F39,hysteresis_window_V,0.1469975791269583,0.13720104,0.19485237,0.34291786,True
Ca11AlSb9__Sb9S4F39,hysteresis_window_V,0.1912191886300702,0.21830583,0.22780234,0.5898776,False
Ca(Ga3Te5)2__LiZnN,hysteresis_window_V,0.8960050123271425,0.7498031,0.9365345,1.2220975,True
Ca(Ga3Te5)2__LiZnN,hysteresis_window_V,0.6663449243334607,0.6201742,0.7607825,1.0592805,True
Ca(Ga3Te5)2__LiZnN,hysteresis_window_V,0.3881303373573773,0.3723094,0.5121846,0.6380213,True
Ca(Ga3Te5)2__LiZnN,hysteresis_window_V,0.1362146086188099,0.15086117,0.22308251,0.34103876,False
TiBr4__LiZnPS4,hysteresis_window_V,0.130674080939137,0.14223427,0.14926095,0.31468248,False
TiBr4__LiZnPS4,hysteresis_window_V,0.1137615226062726,0.12499519,0.13877437,0.34079713,False
TiBr4__LiZnPS4,hysteresis_window_V,0.2745044389346189,0.2581243,0.33743754,0.47026995,True
TiBr4__LiZnPS4,hysteresis_window_V,0.1009270946698392,0.11318438,0.12375394,0.304862,False
Na2In2GeSe6__Li5SiN3,hysteresis_window_V,1.494934504254076,0.87231636,1.3217196,1.4842331,False
Na2In2GeSe6__Li5SiN3,hysteresis_window_V,0.2140725933815502,0.17524847,0.2573866,0.34011543,True
Na2In2GeSe6__Li5SiN3,hysteresis_window_V,0.1502132487914791,0.16647778,0.17204235,0.46029764,False
Na2In2GeSe6__Li5SiN3,hysteresis_window_V,0.6452064406084744,0.40236875,0.61581314,0.70945174,True
CdSe2__Sb8(PbS5)3,hysteresis_window_V,0.4430323986092621,0.3171402,0.48697963,0.69860953,True
CdSe2__Sb8(PbS5)3,hysteresis_window_V,0.403115229635694,0.26466218,0.45477113,0.60894954,True
CdSe2__Sb8(PbS5)3,hysteresis_window_V,0.2624777084316904,0.21772307,0.30071294,0.43365857,True
CdSe2__Sb8(PbS5)3,hysteresis_window_V,0.7327500623233288,0.4713221,0.7354211,0.94424224,True
KTi2(PO4)3__KICl4,hysteresis_window_V,0.6049425315724855,0.36843756,0.59827805,0.68642116,True
KTi2(PO4)3__KICl4,hysteresis_window_V,0.5712742278201666,0.3702809,0.50783503,0.6388301,True
KTi2(PO4)3__KICl4,hysteresis_window_V,0.4937490248804532,0.3035362,0.4962821,0.6027651,True
KTi2(PO4)3__KICl4,hysteresis_window_V,0.335050962922749,0.2518303,0.34497407,0.55607927,True
TeSe2__Zn3Cd3(TeO6)2,hysteresis_window_V,0.3450318699456238,0.2963564,0.38047615,0.609682,True
TeSe2__Zn3Cd3(TeO6)2,hysteresis_window_V,0.9424530275875048,0.6737658,0.8958329,1.1855139,True
TeSe2__Zn3Cd3(TeO6)2,hysteresis_window_V,0.1838399695735167,0.1713773,0.2303747,0.35056403,True
TeSe2__Zn3Cd3(TeO6)2,hysteresis_window_V,0.7655131489058662,0.50682706,0.7792011,1.019659,True
K3AlSe3__Ge19(AsBr)4,hysteresis_window_V,0.4085856014469928,0.23540507,0.35971785,0.46248162,True
K3AlSe3__Ge19(AsBr)4,hysteresis_window_V,0.4876344068397736,0.38465184,0.57730347,0.6677283,True
K3AlSe3__Ge19(AsBr)4,hysteresis_window_V,0.1281333305851991,0.088220865,0.1292656,0.26071745,True
K3AlSe3__Ge19(AsBr)4,hysteresis_window_V,0.7569732602735626,0.36225867,0.6905995,0.8316677,True
KSnS4__Na6Ge2S7,hysteresis_window_V,1.7696764809278762,0.79505813,1.3027899,1.8822117,True
KSnS4__Na6Ge2S7,hysteresis_window_V,0.0761687006710642,0.051325504,0.053889718,0.21077362,True
KSnS4__Na6Ge2S7,hysteresis_window_V,0.2659679498105848,0.1913746,0.27078903,0.38904598,True
KSnS4__Na6Ge2S7,hysteresis_window_V,0.3468606604564582,0.22955202,0.35056415,0.42877054,True
CaGaGeH__In4GeS4,hysteresis_window_V,1.314913965932122,0.7089862,1.0696157,1.4254287,True
CaGaGeH__In4GeS4,hysteresis_window_V,1.42117941302413,0.7000583,1.1727701,1.3639327,False
CaGaGeH__In4GeS4,hysteresis_window_V,0.7475071437769318,0.4459564,0.7487161,0.8740188,True
CaGaGeH__In4GeS4,hysteresis_window_V,0.3203103459017612,0.2775143,0.3416802,0.53802395,True
Ca3AlN3__Na3Sb3(AsO7)2,hysteresis_window_V,0.5758405012785468,0.2955105,0.5390971,0.74791574,True
Ca3AlN3__Na3Sb3(AsO7)2,hysteresis_window_V,1.652251100230092,0.7791011,1.3569318,1.5976115,False
Ca3AlN3__Na3Sb3(AsO7)2,hysteresis_window_V,0.0987291934337887,0.07138231,0.092157245,0.21266887,True
Ca3AlN3__Na3Sb3(AsO7)2,hysteresis_window_V,0.2059738082573951,0.14832129,0.22805113,0.47599518,True
Na2PS3__ZnSiN2,hysteresis_window_V,0.9059832422042255,0.7043751,0.8462695,1.0040935,True
Na2PS3__ZnSiN2,hysteresis_window_V,0.1069908175837365,0.11201368,0.14438587,0.3883215,False
Na2PS3__ZnSiN2,hysteresis_window_V,1.3707659535655543,0.9460058,1.2312856,1.3821874,True
Na2PS3__ZnSiN2,hysteresis_window_V,0.2777350322339309,0.20730224,0.3178539,0.40870777,True
KAlTe2__Ca3(AlN2)2,hysteresis_window_V,0.2590367028801311,0.27554598,0.42794058,0.5807589,False
KAlTe2__Ca3(AlN2)2,hysteresis_window_V,0.4742587965040267,0.35067368,0.585558,0.8144506,True
KAlTe2__Ca3(AlN2)2,hysteresis_window_V,0.6545015605258334,0.51140463,0.814299,1.2789445,True
KAlTe2__Ca3(AlN2)2,hysteresis_window_V,0.9399718701384876,0.6424055,1.0595907,1.548296,True
K4I2O9__KInAs3H7O13,hysteresis_window_V,0.1281764818875945,0.09476441,0.13272083,0.26123798,True
K4I2O9__KInAs3H7O13,hysteresis_window_V,0.442284256641352,0.23518921,0.39369255,0.5002719,True
K4I2O9__KInAs3H7O13,hysteresis_window_V,0.7503684380035803,0.45453063,0.61644304,0.79218686,True
K4I2O9__KInAs3H7O13,hysteresis_window_V,0.4317402246264368,0.28276187,0.34437487,0.5373303,True
KSeO2F__K2SbH5O6,hysteresis_window_V,1.1263316354765254,0.64421827,0.92532283,1.171574,True
KSeO2F__K2SbH5O6,hysteresis_window_V,0.4179342829967888,0.2754815,0.42795715,0.5119001,True
KSeO2F__K2SbH5O6,hysteresis_window_V,1.599768803007095,0.70834213,1.1798209,1.3478323,False
KSeO2F__K2SbH5O6,hysteresis_window_V,1.2612279608745476,0.7044934,1.0214335,1.252668,False
Na5Ti2Si2PO13__KSnPO5,hysteresis_window_V,0.1204651070415781,0.15287796,0.16944434,0.3889311,False
Na5Ti2Si2PO13__KSnPO5,hysteresis_window_V,0.2198234121024966,0.2015883,0.3585015,0.5038628,True
Na5Ti2Si2PO13__KSnPO5,hysteresis_window_V,0.2977695970268507,0.24644905,0.42554998,0.5929065,True
Na5Ti2Si2PO13__KSnPO5,hysteresis_window_V,0.3929147851034886,0.378935,0.55435175,0.76850224,True
Ca3(GaN2)2__NaLiTe,log10_on_off_ratio,1.2632307240074074,1.240169,1.737204,1.9774549,True
Ca3(GaN2)2__NaLiTe,log10_on_off_ratio,1.4076276814370106,1.3629338,1.7817594,2.223257,True
Ca3(GaN2)2__NaLiTe,log10_on_off_ratio,1.299669170367319,1.3172859,1.7700993,2.106314,False
Ca3(GaN2)2__NaLiTe,log10_on_off_ratio,1.4421542987234623,1.3412589,1.8599342,2.0100214,True
K5Na(Ti2Se9)3__SbF4,log10_on_off_ratio,2.575107276894184,2.1958072,2.579814,2.6170402,True
K5Na(Ti2Se9)3__SbF4,log10_on_off_ratio,1.441942488170514,1.3046556,1.4534191,1.6505518,True
K5Na(Ti2Se9)3__SbF4,log10_on_off_ratio,1.1253497489529458,1.026896,1.129917,1.3922029,True
K5Na(Ti2Se9)3__SbF4,log10_on_off_ratio,1.5676258008699655,1.4057645,1.5757716,1.7489918,True
KTiPSe5__ZnCN2,log10_on_off_ratio,0.904093373565517,0.8493617,0.94054,1.2243809,True
KTiPSe5__ZnCN2,log10_on_off_ratio,2.341838805339254,1.9409492,2.2398047,2.3480895,True
KTiPSe5__ZnCN2,log10_on_off_ratio,1.3526939823004234,1.1564363,1.3424549,1.5525846,True
KTiPSe5__ZnCN2,log10_on_off_ratio,1.2868872814449377,1.1332362,1.2672716,1.4296398,True
Na6P4Pb3S16__NaH2N,log10_on_off_ratio,2.183351620439022,1.9508159,2.2408066,2.286058,True
Na6P4Pb3S16__NaH2N,log10_on_off_ratio,1.824733965318009,1.6106781,1.8124796,1.9635116,True
Na6P4Pb3S16__NaH2N,log10_on_off_ratio,1.6938182219542277,1.5322217,1.6988785,1.8499529,True
Na6P4Pb3S16__NaH2N,log10_on_off_ratio,0.5442908457870921,0.5926142,0.60829955,1.0478917,False
KPbO2__K2ZnS2,log10_on_off_ratio,0.5178101227405884,0.602509,0.6108553,0.8520031,False
KPbO2__K2ZnS2,log10_on_off_ratio,1.8855704557127408,1.7640718,1.9614089,2.1169264,True
KPbO2__K2ZnS2,log10_on_off_ratio,1.3033316156170167,1.2896068,1.4396516,1.5928391,True
KPbO2__K2ZnS2,log10_on_off_ratio,0.78347598710344,0.7713255,0.87857443,1.1126409,True
NaSb5O13__Na2PS3,log10_on_off_ratio,2.6780159840698463,2.2835503,2.6646075,2.6744452,False
NaSb5O13__Na2PS3,log10_on_off_ratio,2.252857299358437,2.020855,2.2587934,2.315994,True
NaSb5O13__Na2PS3,log10_on_off_ratio,2.006376249978175,1.7955973,2.0154903,2.0406086,True
NaSb5O13__Na2PS3,log10_on_off_ratio,0.8800253561762388,0.8624092,0.92816895,1.2406287,True
Li2Te2O5__K6Ti2O7,log10_on_off_ratio,1.9088283237435304,1.7421646,1.9199494,2.0437841,True
Li2Te2O5__K6Ti2O7,log10_on_off_ratio,2.54775620912818,2.2150877,2.5202289,2.583836,True
Li2Te2O5__K6Ti2O7,log10_on_off_ratio,2.776859638681364,2.3117914,2.7482107,2.7761118,False
Li2Te2O5__K6Ti2O7,log10_on_off_ratio,1.7757542575634009,1.5833024,1.7743688,1.9297713,True
Ca3(Si4P7)2__Li2ZnSnS4,log10_on_off_ratio,2.2765487723685736,1.7319595,2.1422744,2.3020024,True
Ca3(Si4P7)2__Li2ZnSnS4,log10_on_off_ratio,1.5837682402112467,1.2528534,1.5476004,1.7130867,True
Ca3(Si4P7)2__Li2ZnSnS4,log10_on_off_ratio,2.2251830006661937,1.6360205,2.0649908,2.1664062,False
Ca3(Si4P7)2__Li2ZnSnS4,log10_on_off_ratio,1.1566581892046617,0.93502814,1.114816,1.4121662,True
Cd3SiO5__NaGaGeO4,log10_on_off_ratio,1.4743759100980365,1.0709459,1.4269228,1.6341847,True
Cd3SiO5__NaGaGeO4,log10_on_off_ratio,2.1073974210261204,1.5296282,1.8830099,2.1166477,True
Cd3SiO5__NaGaGeO4,log10_on_off_ratio,1.0113222678078506,0.8083834,1.0451145,1.348889,True
Cd3SiO5__NaGaGeO4,log10_on_off_ratio,2.0935268734933707,1.5044007,1.941343,2.1453838,True
Na4Al3Ge3IO12__K2TeH6SO10,log10_on_off_ratio,0.6562473288411195,0.6826792,0.6962655,0.99837095,False
Na4Al3Ge3IO12__K2TeH6SO10,log10_on_off_ratio,2.1976546050790104,2.0784512,2.320383,2.3415754,True
Na4Al3Ge3IO12__K2TeH6SO10,log10_on_off_ratio,0.5734446119522507,0.64637166,0.65195894,0.98635095,False
Na4Al3Ge3IO12__K2TeH6SO10,log10_on_off_ratio,1.118884010718089,1.0486484,1.161753,1.3512894,True
Ca11InSb9__Zn3PBr3,log10_on_off_ratio,1.0063630947655842,0.89367574,0.99487495,1.3036172,True
Ca11InSb9__Zn3PBr3,log10_on_off_ratio,1.9120593976816525,1.6182929,1.8577992,2.0049896,True
Ca11InSb9__Zn3PBr3,log10_on_off_ratio,2.48363584420812,2.0938501,2.4391596,2.485301,True
Ca11InSb9__Zn3PBr3,log10_on_off_ratio,1.611069422663964,1.3734183,1.5144151,1.7263703,True
NaGe__Ga(IO3)3,log10_on_off_ratio,1.0589502567585742,0.9791809,1.0664139,1.3881508,True
NaGe__Ga(IO3)3,log10_on_off_ratio,1.8864872740818832,1.6084174,1.8488394,1.9681463,True
NaGe__Ga(IO3)3,log10_on_off_ratio,2.852873477123925,2.2319133,2.7222586,2.8261719,False
NaGe__Ga(IO3)3,log10_on_off_ratio,0.7846958055272344,0.7368776,0.78638387,1.0836724,True
KPS3__AsClF8,log10_on_off_ratio,2.2245662399543087,1.9531188,2.2829258,2.324187,True
KPS3__AsClF8,log10_on_off_ratio,1.9195074076316965,1.647413,1.8994464,2.0025284,True
KPS3__AsClF8,log10_on_off_ratio,1.044908965878613,0.93152505,1.0418227,1.3424809,True
KPS3__AsClF8,log10_on_off_ratio,0.8811675829185451,0.85809976,0.96056265,1.2732464,True
Li2TeS3__Cd(NO3)2,log10_on_off_ratio,1.4883066060097832,1.2929609,1.4587536,1.6456918,True
Li2TeS3__Cd(NO3)2,log10_on_off_ratio,2.3856633603113258,2.0178363,2.3025007,2.3041384,False
Li2TeS3__Cd(NO3)2,log10_on_off_ratio,0.6098641519756746,0.63116115,0.63357735,1.012065,False
Li2TeS3__Cd(NO3)2,log10_on_off_ratio,2.155663791851336,1.8530403,2.1331067,2.1736841,True
Na8TiAs4__Na3Ga3(TeO6)2,log10_on_off_ratio,2.242936152019852,1.798732,2.0399776,2.281795,True
Na8TiAs4__Na3Ga3(TeO6)2,log10_on_off_ratio,2.7033548392667943,2.0468357,2.435036,2.709968,True
Na8TiAs4__Na3Ga3(TeO6)2,log10_on_off_ratio,1.0548082847664737,0.9558024,1.0612495,1.3509201,True
Na8TiAs4__Na3Ga3(TeO6)2,log10_on_off_ratio,0.880460980718236,0.8146159,0.91677517,1.2364112,True
TePb__NaAlAsO4F,log10_on_off_ratio,2.5502301271478527,2.1676052,2.5034082,2.5316427,False
TePb__NaAlAsO4F,log10_on_off_ratio,0.6593733929280726,0.69131416,0.7189805,1.0357244,False
TePb__NaAlAsO4F,log10_on_off_ratio,0.942741513787288,0.8299046,0.94380045,1.2169068,True
TePb__NaAlAsO4F,log10_on_off_ratio,2.40030372159521,2.089385,2.3659222,2.407383,True
K2Zn3O4__Zn2Te3O8,log10_on_off_ratio,1.6525937413784868,1.4229164,1.6317226,1.7692764,True
K2Zn3O4__Zn2Te3O8,log10_on_off_ratio,1.838984033752168,1.5247432,1.731591,1.9230584,True
K2Zn3O4__Zn2Te3O8,log10_on_off_ratio,0.8784198375922695,0.7859941,0.8984176,1.2129756,True
K2Zn3O4__Zn2Te3O8,log10_on_off_ratio,0.8835080349909312,0.7696092,0.8877309,1.1713617,True
Ca2Ge__KH3(SeO4)2,log10_on_off_ratio,2.5187607210797744,2.095852,2.4603004,2.4981256,False
Ca2Ge__KH3(SeO4)2,log10_on_off_ratio,1.473799536989954,1.2547362,1.4333684,1.6088198,True
Ca2Ge__KH3(SeO4)2,log10_on_off_ratio,2.72795389502824,2.2059379,2.6417,2.6752603,False
Ca2Ge__KH3(SeO4)2,log10_on_off_ratio,1.5268292121522675,1.338552,1.5250845,1.7262322,True
Na3In2(AsO4)3__KInAs3H7O13,log10_on_off_ratio,1.4806091130663386,1.2689581,1.493437,1.673257,True
Na3In2(AsO4)3__KInAs3H7O13,log10_on_off_ratio,1.5587795845686834,1.2959579,1.5047832,1.7059312,True
Na3In2(AsO4)3__KInAs3H7O13,log10_on_off_ratio,2.433586981681126,1.9732231,2.363073,2.4859552,True
Na3In2(AsO4)3__KInAs3H7O13,log10_on_off_ratio,2.7226947111704884,2.0209894,2.5130997,2.7206862,False
K2PbO2__GeAsSe,log10_on_off_ratio,2.4140857784526504,2.0941477,2.3794913,2.43342,True
K2PbO2__GeAsSe,log10_on_off_ratio,2.40610170011049,2.0155377,2.3635983,2.4159503,True
K2PbO2__GeAsSe,log10_on_off_ratio,1.0716835901807975,0.98108584,1.1220589,1.3466951,True
K2PbO2__GeAsSe,log10_on_off_ratio,2.014722655120346,1.7397985,1.9924483,2.0873353,True
Cd2SnO4__S3(NO7)2,log10_on_off_ratio,1.300065816867718,1.1823051,1.3125979,1.5435989,True
Cd2SnO4__S3(NO7)2,log10_on_off_ratio,2.5281362318012586,2.146732,2.5169723,2.5295057,True
Cd2SnO4__S3(NO7)2,log10_on_off_ratio,0.5334243385104566,0.56228685,0.5801875,1.0127546,False
Cd2SnO4__S3(NO7)2,log10_on_off_ratio,2.58114619184607,2.1612601,2.61738,2.6760864,True
SnF2__K11Cd2Sb5,log10_on_off_ratio,2.9375178537432247,2.3626018,2.8393755,2.869731,False
SnF2__K11Cd2Sb5,log10_on_off_ratio,2.213736802953208,1.889565,2.1719773,2.2645075,True
SnF2__K11Cd2Sb5,log10_on_off_ratio,1.745415946430323,1.5165242,1.7477719,1.8461943,True
SnF2__K11Cd2Sb5,log10_on_off_ratio,0.952913997582357,0.9450216,1.0265478,1.3364258,True
HI3__Na3CdPCO7,log10_on_off_ratio,0.9484121904902444,0.8518637,0.90314305,1.2670804,True
HI3__Na3CdPCO7,log10_on_off_ratio,0.6800899337514629,0.6309469,0.63940847,1.0189769,True
HI3__Na3CdPCO7,log10_on_off_ratio,2.035897319510425,1.7667413,2.0000045,2.098285,True
HI3__Na3CdPCO7,log10_on_off_ratio,1.4831944539076427,1.3393713,1.4641559,1.6902248,True
NaS2__Na2TiZn2GeO7,log10_on_off_ratio,1.883216974126116,1.7491928,1.9305278,1.9807189,True
NaS2__Na2TiZn2GeO7,log10_on_off_ratio,2.175060838977288,2.0948832,2.3450487,2.3456473,True
NaS2__Na2TiZn2GeO7,log10_on_off_ratio,1.0299534678863411,1.0444249,1.1038796,1.2698462,False
NaS2__Na2TiZn2GeO7,log10_on_off_ratio,0.6334564923552616,0.7008944,0.70995665,0.9731852,False
Na2Te__KHS,log10_on_off_ratio,1.889562396076436,1.4741312,1.7793775,1.9934583,True
Na2Te__KHS,log10_on_off_ratio,2.74175293915132,2.0023813,2.4243555,2.7398264,False
Na2Te__KHS,log10_on_off_ratio,0.9386679246101662,0.8186787,0.930904,1.314834,True
Na2Te__KHS,log10_on_off_ratio,2.5927617547235733,1.9247633,2.2104661,2.5814476,False
SbBrF8__Li3SbS4,log10_on_off_ratio,0.8687410009659082,0.7881836,0.8799346,1.2432538,True
SbBrF8__Li3SbS4,log10_on_off_ratio,2.3820237300591494,2.033232,2.3648953,2.3881502,True
SbBrF8__Li3SbS4,log10_on_off_ratio,0.7705989303282671,0.74031705,0.82028097,1.1801198,True
SbBrF8__Li3SbS4,log10_on_off_ratio,1.2509526145731933,1.0995849,1.2752444,1.4717132,True
Ca2PI__NaIn(GeO3)2,log10_on_off_ratio,2.014960661054806,1.6500614,1.9901866,2.3387961,True
Ca2PI__NaIn(GeO3)2,log10_on_off_ratio,2.2749099411055425,1.7434453,2.288412,2.634191,True
Ca2PI__NaIn(GeO3)2,log10_on_off_ratio,0.7031790146624353,0.6138278,0.71101534,1.0547545,True
Ca2PI__NaIn(GeO3)2,log10_on_off_ratio,0.867942110488276,0.73426807,0.9816758,1.1941354,True
NaZnAs__K2Ge2PbS6,log10_on_off_ratio,1.7419386846515774,1.5866811,1.8387071,1.9448092,True
NaZnAs__K2Ge2PbS6,log10_on_off_ratio,0.6001620126517886,0.5797608,0.59426117,1.0047073,True
NaZnAs__K2Ge2PbS6,log10_on_off_ratio,2.3022435640801,2.04248,2.3434594,2.3449416,True
NaZnAs__K2Ge2PbS6,log10_on_off_ratio,2.7103404569026424,2.261077,2.7365782,2.7922971,True
TPD__SbBr3,log10_on_off_ratio,2.25116252372388,1.9541755,2.2541535,2.3171813,True
TPD__SbBr3,log10_on_off_ratio,0.8568119160654237,0.80554914,0.8481029,1.2129046,True
TPD__SbBr3,log10_on_off_ratio,0.9930963765795032,0.91231453,0.9896497,1.3042009,True
TPD__SbBr3,log10_on_off_ratio,0.9336298419598535,0.90953565,0.97534275,1.325262,True
Pb3SeO5__Ca(AlSe2)2,log10_on_off_ratio,0.4969172569950488,0.5386299,0.54015744,1.0178365,False
Pb3SeO5__Ca(AlSe2)2,log10_on_off_ratio,2.526221915354512,2.1797757,2.5021906,2.530579,True
Pb3SeO5__Ca(AlSe2)2,log10_on_off_ratio,2.339148437860445,1.978535,2.302968,2.342351,True
Pb3SeO5__Ca(AlSe2)2,log10_on_off_ratio,0.9773811757452004,0.9387655,1.0356789,1.3375018,True
K5Zn4Sn5H4S17N__Na2Ti6O13,log10_on_off_ratio,1.1890085608954584,0.927282,1.1772679,1.4114338,True
K5Zn4Sn5H4S17N__Na2Ti6O13,log10_on_off_ratio,2.268314887601764,1.6164186,2.0620396,2.2629426,False
K5Zn4Sn5H4S17N__Na2Ti6O13,log10_on_off_ratio,1.5669494267436117,1.161429,1.4876856,1.7156407,True
K5Zn4Sn5H4S17N__Na2Ti6O13,log10_on_off_ratio,1.4501907924372652,1.1139749,1.4238149,1.637237,True
K2NaAlP2__Cd4As2Cl3,log10_on_off_ratio,1.6939026625359628,1.498453,1.674646,1.8762137,True
K2NaAlP2__Cd4As2Cl3,log10_on_off_ratio,1.4507690081863822,1.2604523,1.4759316,1.6204987,True
K2NaAlP2__Cd4As2Cl3,log10_on_off_ratio,0.9577882571813188,0.8922223,0.96261656,1.316735,True
K2NaAlP2__Cd4As2Cl3,log10_on_off_ratio,1.50699916562059,1.3713061,1.475589,1.7086526,True
K2SbCl5__AlInS3,log10_on_off_ratio,2.0792536580157903,1.7051647,1.981804,2.120285,True
K2SbCl5__AlInS3,log10_on_off_ratio,2.26603218092464,1.8426882,2.2197695,2.3058927,True
K2SbCl5__AlInS3,log10_on_off_ratio,2.412007039214563,1.8909975,2.3292048,2.409862,False
K2SbCl5__AlInS3,log10_on_off_ratio,0.4939042313976364,0.5079475,0.5773095,0.9652511,False
NaLi2Sb__Na5AlO4,log10_on_off_ratio,2.318731497365929,1.9945436,2.2528253,2.3037157,False
NaLi2Sb__Na5AlO4,log10_on_off_ratio,0.6000696382806205,0.6619876,0.69202036,1.0847266,False
NaLi2Sb__Na5AlO4,log10_on_off_ratio,2.774988909929056,2.165182,2.7046432,2.7342644,False
NaLi2Sb__Na5AlO4,log10_on_off_ratio,2.1895329740324043,1.862001,2.148532,2.2602808,True
KP__K6ZnSe4,log10_on_off_ratio,1.3935980290215748,1.1213602,1.4537482,1.5915986,True
KP__K6ZnSe4,log10_on_off_ratio,0.4036860980296525,0.42277142,0.428407,0.8290523,False
KP__K6ZnSe4,log10_on_off_ratio,1.6569832459015887,1.3401022,1.6373662,1.7854233,True
KP__K6ZnSe4,log10_on_off_ratio,2.1147073825426936,1.743219,2.109881,2.2798753,True
Zn(InSe2)2__Ca3(AlAs2)2,log10_on_off_ratio,2.6182964582458097,2.232829,2.6144757,2.6208503,True
Zn(InSe2)2__Ca3(AlAs2)2,log10_on_off_ratio,1.9449782311285155,1.6927,1.9548154,2.0647783,True
Zn(InSe2)2__Ca3(AlAs2)2,log10_on_off_ratio,2.0306826987404665,1.774749,2.0251536,2.1230834,True
Zn(InSe2)2__Ca3(AlAs2)2,log10_on_off_ratio,2.083425279564066,1.8227772,2.092061,2.1701431,True
K2Sn2O3__Ca5P8,log10_on_off_ratio,1.3056582653200646,1.2854778,1.3975369,1.6133542,True
K2Sn2O3__Ca5P8,log10_on_off_ratio,1.768796909992759,1.6098081,1.8083712,1.9573681,True
K2Sn2O3__Ca5P8,log10_on_off_ratio,1.862074095313613,1.705514,1.8797202,2.0035143,True
K2Sn2O3__Ca5P8,log10_on_off_ratio,1.1492612562083455,1.1089237,1.2107003,1.4721338,True
KCdGeAs2__InCl,log10_on_off_ratio,1.749750157915852,1.4932615,1.6748236,1.8334231,True
KCdGeAs2__InCl,log10_on_off_ratio,0.6494514018600575,0.5995622,0.63666147,1.0509546,True
KCdGeAs2__InCl,log10_on_off_ratio,0.9990950083276082,0.8949762,1.0506495,1.3263003,True
KCdGeAs2__InCl,log10_on_off_ratio,2.046269580972724,1.6870794,1.8673637,2.0956347,True
InBr__NaPS3,log10_on_off_ratio,2.235655653130088,1.7426835,2.2284927,2.458157,True
InBr__NaPS3,log10_on_off_ratio,1.8918416599267045,1.5648264,1.920335,2.1311893,True
InBr__NaPS3,log10_on_off_ratio,1.3317053458585115,1.0563511,1.383996,1.5583601,True
InBr__NaPS3,log10_on_off_ratio,1.2079780833389109,1.0215018,1.2860575,1.4944543,True
Na6S2O9__InOF,log10_on_off_ratio,0.721096676163711,0.6961349,0.7272168,1.000471,True
Na6S2O9__InOF,log10_on_off_ratio,0.9313204939194278,0.86203516,0.9635664,1.3100885,True
Na6S2O9__InOF,log10_on_off_ratio,2.081853363210539,1.6424289,1.9315068,2.1244571,True
Na6S2O9__InOF,log10_on_off_ratio,1.4621454063851245,1.2081575,1.4308636,1.6032356,True
Li2TeS3__CdI2,log10_on_off_ratio,2.1038469961049784,1.772789,2.0155218,2.1094575,True
Li2TeS3__CdI2,log10_on_off_ratio,2.28339563249646,1.9776431,2.2347791,2.320278,True
Li2TeS3__CdI2,log10_on_off_ratio,0.92411376900149,0.8845952,0.9139032,1.1869597,True
Li2TeS3__CdI2,log10_on_off_ratio,1.6329898451630305,1.4281055,1.5539885,1.7773211,True
KGaTe2__SbCl5,log10_on_off_ratio,2.6693923833445683,2.1440182,2.5681913,2.6095192,False
KGaTe2__SbCl5,log10_on_off_ratio,2.49635444908419,2.1942627,2.5459275,2.5776715,True
KGaTe2__SbCl5,log10_on_off_ratio,0.7156003908583661,0.6816049,0.7225899,1.1206144,True
KGaTe2__SbCl5,log10_on_off_ratio,1.072952108638777,0.9468079,1.0746808,1.3736864,True
AlGaAs2__NaGaO2,log10_on_off_ratio,1.8699170900571735,1.6530958,1.864612,1.8681865,False
AlGaAs2__NaGaO2,log10_on_off_ratio,1.515040275602352,1.4104661,1.5480494,1.7141399,True
AlGaAs2__NaGaO2,log10_on_off_ratio,1.459568118936391,1.3232825,1.4824079,1.6488074,True
AlGaAs2__NaGaO2,log10_on_off_ratio,0.7253230535646481,0.7513058,0.77366966,1.0892922,False
Na2TiS2O__K5LiGe2O7,log10_on_off_ratio,1.5501813760954777,1.2485503,1.4868321,1.641179,True
Na2TiS2O__K5LiGe2O7,log10_on_off_ratio,1.19391057123619,0.97648096,1.2162019,1.3475081,True
Na2TiS2O__K5LiGe2O7,log10_on_off_ratio,1.7728237302773142,1.401289,1.5947787,1.8004551,True
Na2TiS2O__K5LiGe2O7,log10_on_off_ratio,0.6793530060039826,0.663268,0.6641111,0.9512758,True
K2In(PSe4)2__Na2Cd3(P2O7)2,log10_on_off_ratio,2.5762029780379123,1.9968027,2.4095383,2.5927413,True
K2In(PSe4)2__Na2Cd3(P2O7)2,log10_on_off_ratio,2.518663661229573,1.8858054,2.319279,2.496462,False
K2In(PSe4)2__Na2Cd3(P2O7)2,log10_on_off_ratio,2.145071809751041,1.7554038,2.0682378,2.212051,True
K2In(PSe4)2__Na2Cd3(P2O7)2,log10_on_off_ratio,1.392389719160216,1.1470404,1.4018487,1.588408,True
Ca3AlAs3__Na2SeO4,log10_on_off_ratio,1.621151675517705,1.409718,1.614892,1.782163,True
Ca3AlAs3__Na2SeO4,log10_on_off_ratio,0.8247835830113823,0.7763767,0.8605515,1.1445332,True
Ca3AlAs3__Na2SeO4,log10_on_off_ratio,1.2652028710684735,1.2017392,1.3110629,1.594101,True
Ca3AlAs3__Na2SeO4,log10_on_off_ratio,1.8279754246629123,1.4615365,1.704084,1.8920776,True
NaTiSe4__CdCN2,log10_on_off_ratio,0.5180737564344491,0.52746505,0.53224254,1.0206558,False
NaTiSe4__CdCN2,log10_on_off_ratio,2.671404124347683,2.1307147,2.649343,2.6695771,False
NaTiSe4__CdCN2,log10_on_off_ratio,2.7042574583482724,2.1408358,2.6804688,2.7042844,True
NaTiSe4__CdCN2,log10_on_off_ratio,2.817765206052825,2.2529573,2.7513409,2.755574,False
K7LiSi8__K2SnO2,log10_on_off_ratio,2.266378912422053,2.0041575,2.268565,2.3279228,True
K7LiSi8__K2SnO2,log10_on_off_ratio,1.466438937713967,1.3432276,1.4867747,1.7033423,True
K7LiSi8__K2SnO2,log10_on_off_ratio,1.0217908483600602,1.009565,1.0607774,1.2785966,True
K7LiSi8__K2SnO2,log10_on_off_ratio,1.218247205131459,1.118971,1.2412434,1.4757885,True
LiZnAs__LiGa5O8,log10_on_off_ratio,2.2873121978321977,2.0328054,2.3423688,2.3750079,True
LiZnAs__LiGa5O8,log10_on_off_ratio,0.7912925766672901,0.7917635,0.8521051,1.0777934,False
LiZnAs__LiGa5O8,log10_on_off_ratio,1.2896187294084966,1.1913733,1.3648345,1.5748948,True
LiZnAs__LiGa5O8,log10_on_off_ratio,1.552473841460254,1.4358362,1.5913303,1.7435464,True
K2CdGeO4__AlInS3,log10_on_off_ratio,0.719591151398399,0.7854311,0.8591436,1.0734334,False
K2CdGeO4__AlInS3,log10_on_off_ratio,1.7049827569171698,1.7367896,1.8790443,2.0972266,False
K2CdGeO4__AlInS3,log10_on_off_ratio,0.5493880524748983,0.6300621,0.6451987,0.9055297,False
K2CdGeO4__AlInS3,log10_on_off_ratio,0.8851796927361297,0.94602305,1.0679582,1.2290934,False
K4PbO4__KLiS,log10_on_off_ratio,0.7781367590978804,0.64513284,0.8131466,1.1342795,True
K4PbO4__KLiS,log10_on_off_ratio,1.742356017376039,1.373307,1.7357527,1.9147707,True
K4PbO4__KLiS,log10_on_off_ratio,1.7639670839724486,1.3844335,1.7621833,1.9163183,True
K4PbO4__KLiS,log10_on_off_ratio,1.144051915055071,0.89400166,1.181542,1.4166162,True
Ca(ZnP)2__Ca2Si,log10_on_off_ratio,1.7589373239896222,1.708132,1.8263319,1.9395845,True
Ca(ZnP)2__Ca2Si,log10_on_off_ratio,0.8345738128536512,0.840305,0.8863347,1.0996733,False
Ca(ZnP)2__Ca2Si,log10_on_off_ratio,1.3158117292311733,1.2736074,1.3692681,1.4690096,True
Ca(ZnP)2__Ca2Si,log10_on_off_ratio,2.213070874422235,2.0086887,2.2399533,2.3087852,True
InSb2S4Br__KNO3,log10_on_off_ratio,2.5065070249772976,2.2689013,2.553364,2.6405706,True
InSb2S4Br__KNO3,log10_on_off_ratio,2.6780075436105664,2.2651033,2.6638536,2.7237585,True
InSb2S4Br__KNO3,log10_on_off_ratio,0.90388503598206,0.8904207,0.9619777,1.1293209,True
InSb2S4Br__KNO3,log10_on_off_ratio,0.9963947993781794,1.063864,1.1554475,1.2561274,False
Li2SnN2__KIO4,log10_on_off_ratio,2.3227407330822487,1.7811654,2.1412482,2.4165516,True
Li2SnN2__KIO4,log10_on_off_ratio,2.353613855945765,1.8235319,2.1430712,2.4587514,True
Li2SnN2__KIO4,log10_on_off_ratio,2.5337005886625468,1.9271969,2.2765834,2.6038644,True
Li2SnN2__KIO4,log10_on_off_ratio,1.070112295297971,0.90009797,1.0609624,1.3404219,True
P4S9__InCl3,log10_on_off_ratio,2.319342399926595,2.0441618,2.2774615,2.3134508,False
P4S9__InCl3,log10_on_off_ratio,1.6820949360854924,1.5048915,1.6688323,1.7386638,True
P4S9__InCl3,log10_on_off_ratio,2.628197916264181,2.2450676,2.486689,2.5558934,False
P4S9__InCl3,log10_on_off_ratio,1.4195581388399623,1.2412534,1.4975579,1.5504446,True
K(SiAs)3__AlICl6,log10_on_off_ratio,0.8455420448965666,0.8407186,0.86490965,1.2149804,True
K(SiAs)3__AlICl6,log10_on_off_ratio,0.6510273768607199,0.6271211,0.6795813,1.1114327,True
K(SiAs)3__AlICl6,log10_on_off_ratio,2.518795138683392,2.1664414,2.517601,2.5615022,True
K(SiAs)3__AlICl6,log10_on_off_ratio,0.4965970298148143,0.50366086,0.5397941,1.054371,False
Li2SnO3__CaTe2O5,log10_on_off_ratio,1.3156305204281578,1.2723659,1.8878994,2.24472,True
Li2SnO3__CaTe2O5,log10_on_off_ratio,0.8419219122194963,0.80315936,1.2224905,1.3670206,True
Li2SnO3__CaTe2O5,log10_on_off_ratio,0.6709587092881382,0.616482,0.89438707,1.1353912,True
Li2SnO3__CaTe2O5,log10_on_off_ratio,1.294927196780271,1.167008,1.7874172,1.9979775,True
K2LiGaAs2__Ca3Zn3(TeO6)2,log10_on_off_ratio,2.2209117922827395,1.8150656,2.1361647,2.2494843,True
K2LiGaAs2__Ca3Zn3(TeO6)2,log10_on_off_ratio,1.6674381512329828,1.4208658,1.6319175,1.7989048,True
K2LiGaAs2__Ca3Zn3(TeO6)2,log10_on_off_ratio,2.281330135790287,1.8375503,2.1523917,2.286574,True
K2LiGaAs2__Ca3Zn3(TeO6)2,log10_on_off_ratio,2.6444683579758737,2.1104846,2.4954603,2.6297424,False
ICl3__Na2Ti2Se9,log10_on_off_ratio,0.9979013034853365,0.95078313,1.0581884,1.2984754,True
ICl3__Na2Ti2Se9,log10_on_off_ratio,1.4960191196106227,1.3883978,1.4727204,1.6774671,True
ICl3__Na2Ti2Se9,log10_on_off_ratio,2.284888384001087,1.9282283,2.1765273,2.3024576,True
ICl3__Na2Ti2Se9,log10_on_off_ratio,2.439262032364254,2.0780196,2.3948731,2.4201872,False
Na5SnP3__Na5InS4,log10_on_off_ratio,1.78690456887353,1.377062,1.7375172,1.851551,True
Na5SnP3__Na5InS4,log10_on_off_ratio,1.8554848728041,1.5150638,1.7610669,1.929223,True
Na5SnP3__Na5InS4,log10_on_off_ratio,1.9388912301787544,1.5634756,1.9427016,2.0081413,True
Na5SnP3__Na5InS4,log10_on_off_ratio,2.742614100987616,1.9581302,2.4498074,2.6752539,False
Li2TeS3__K2ZnSe2,log10_on_off_ratio,2.08962500393442,1.7904962,1.9622271,2.0629416,False
Li2TeS3__K2ZnSe2,log10_on_off_ratio,1.9677722682124748,1.7260135,1.8561177,1.9943112,True
Li2TeS3__K2ZnSe2,log10_on_off_ratio,1.354669333098694,1.1880547,1.3566631,1.4976547,True
Li2TeS3__K2ZnSe2,log10_on_off_ratio,1.666523154554785,1.4204359,1.6075172,1.7502652,True
Zn2AsHO5__K2LiSn4,log10_on_off_ratio,1.999124976279504,1.768489,1.9937483,2.144176,True
Zn2AsHO5__K2LiSn4,log10_on_off_ratio,2.336368022990462,2.055616,2.3338718,2.3777995,True
Zn2AsHO5__K2LiSn4,log10_on_off_ratio,0.6720896783210325,0.6456636,0.6813744,1.1155514,True
Zn2AsHO5__K2LiSn4,log10_on_off_ratio,2.4027869030401074,2.1159892,2.386545,2.4326491,True
Alq3__Ti6CCl14,log10_on_off_ratio,1.845630888087685,1.6618155,1.8272877,1.9789771,True
Alq3__Ti6CCl14,log10_on_off_ratio,1.140713358240422,1.0445008,1.175917,1.4152964,True
Alq3__Ti6CCl14,log10_on_off_ratio,0.7176422548494543,0.7280574,0.73557115,1.1605803,False
Alq3__Ti6CCl14,log10_on_off_ratio,0.8658333521476514,0.8664924,0.8850957,1.1645176,False
K2Ga2As3__K6CdO4,log10_on_off_ratio,1.2809794638250938,1.1531608,1.2857262,1.5060271,True
K2Ga2As3__K6CdO4,log10_on_off_ratio,1.8096171196888584,1.5495042,1.7610923,1.9520104,True
K2Ga2As3__K6CdO4,log10_on_off_ratio,2.1223278376238985,1.7952332,2.0600832,2.1709428,True
K2Ga2As3__K6CdO4,log10_on_off_ratio,1.8699534972444636,1.5557178,1.762026,1.9445653,True
Zn3Cd3(TeO6)2__TPD,log10_on_off_ratio,1.515367106944811,1.399892,1.557586,1.7346781,True
Zn3Cd3(TeO6)2__TPD,log10_on_off_ratio,0.7649071900197189,0.7827505,0.7914066,1.1610284,False
Zn3Cd3(TeO6)2__TPD,log10_on_off_ratio,2.748347122239488,2.1761262,2.726235,2.733769,False
Zn3Cd3(TeO6)2__TPD,log10_on_off_ratio,1.333197717683539,1.2415234,1.3769118,1.5440233,True
Ca3(GeAs2)2__NaAsO3,log10_on_off_ratio,2.041874656482135,1.5624316,1.948404,2.08904,True
Ca3(GeAs2)2__NaAsO3,log10_on_off_ratio,1.463377940146282,1.1378268,1.4270439,1.6751734,True
Ca3(GeAs2)2__NaAsO3,log10_on_off_ratio,1.5431098528052754,1.1848019,1.5312806,1.7676241,True
Ca3(GeAs2)2__NaAsO3,log10_on_off_ratio,2.550311666270771,1.8445166,2.34105,2.529909,False
Sb2Se3__Sn2SI2,log10_on_off_ratio,0.9167826877270802,0.7739858,0.87669295,1.130614,True
Sb2Se3__Sn2SI2,log10_on_off_ratio,2.318055939933632,1.9031038,2.2492006,2.3996463,True
Sb2Se3__Sn2SI2,log10_on_off_ratio,2.3851153068861226,1.9378601,2.3157382,2.4616494,True
Sb2Se3__Sn2SI2,log10_on_off_ratio,1.8517872578104573,1.5994885,1.879197,2.0019953,True
K2SbPO6__Na2Ti6O13,log10_on_off_ratio,0.5790430582121272,0.5428076,0.5935861,0.9073316,True
K2SbPO6__Na2Ti6O13,log10_on_off_ratio,2.3281480293009262,1.8515267,2.107265,2.3919635,True
K2SbPO6__Na2Ti6O13,log10_on_off_ratio,1.3831753591163405,1.1858655,1.4082311,1.5250306,True
K2SbPO6__Na2Ti6O13,log10_on_off_ratio,2.1237895091975347,1.7010424,1.9814858,2.1946673,True
K4CdAs2__K3Al2As3,log10_on_off_ratio,0.452148795289736,0.3909393,0.43033937,0.8685075,True
K4CdAs2__K3Al2As3,log10_on_off_ratio,0.5729141311940421,0.46090358,0.49922702,0.87018573,True
K4CdAs2__K3Al2As3,log10_on_off_ratio,2.0793307764702798,1.5404532,1.836502,2.2048206,True
K4CdAs2__K3Al2As3,log10_on_off_ratio,1.5632627359241122,1.1137367,1.4245862,1.7258786,True
Sn(SO4)2__Ca3AlAs3,log10_on_off_ratio,2.155930680616211,1.8022844,2.0946321,2.1699588,True
Sn(SO4)2__Ca3AlAs3,log10_on_off_ratio,1.5602253892051314,1.3465077,1.5220255,1.6974192,True
Sn(SO4)2__Ca3AlAs3,log10_on_off_ratio,2.2778506974739683,1.9219058,2.2267456,2.279208,True
Sn(SO4)2__Ca3AlAs3,log10_on_off_ratio,1.831988992847773,1.6524521,1.8354994,1.9926645,True
K3AsO4__InAs(H2O3)2,log10_on_off_ratio,1.4546384582112533,1.3499775,1.4659855,1.6005503,True
K3AsO4__InAs(H2O3)2,log10_on_off_ratio,2.2934821886248806,2.0121896,2.256909,2.3156204,True
K3AsO4__InAs(H2O3)2,log10_on_off_ratio,1.35096303855546,1.1985577,1.3602111,1.5469587,True
K3AsO4__InAs(H2O3)2,log10_on_off_ratio,1.3217277288493134,1.1894158,1.3643092,1.538822,True
Ca11InSb9__S(IO3)2,log10_on_off_ratio,0.8945265481928243,0.81928194,0.8852964,1.2241074,True
Ca11InSb9__S(IO3)2,log10_on_off_ratio,1.772288143244271,1.5287029,1.7489523,1.8863163,True
Ca11InSb9__S(IO3)2,log10_on_off_ratio,1.86423324444529,1.6052803,1.8193771,1.978245,True
Ca11InSb9__S(IO3)2,log10_on_off_ratio,1.95598555330831,1.714021,1.9341145,2.0917997,True
NaAs__CdP4,log10_on_off_ratio,0.622555398859946,0.6323324,0.65584743,1.0716099,False
NaAs__CdP4,log10_on_off_ratio,1.0133502079874694,0.9711228,1.0491232,1.3697002,True
NaAs__CdP4,log10_on_off_ratio,2.256609253900544,1.9457948,2.2774045,2.3110654,True
NaAs__CdP4,log10_on_off_ratio,1.209238684675969,1.1412443,1.255853,1.5140833,True
Na4TiP2O9__SeO2,log10_on_off_ratio,2.120135839394139,1.8154972,2.088471,2.1856225,True
Na4TiP2O9__SeO2,log10_on_off_ratio,2.667807490914732,2.2749977,2.6754746,2.7150865,True
Na4TiP2O9__SeO2,log10_on_off_ratio,2.6308746528914604,2.2558432,2.601705,2.6199958,False
Na4TiP2O9__SeO2,log10_on_off_ratio,0.6730196051824027,0.6663035,0.71255094,1.0579708,True
MEH-PPV__NaP3(PbO3)4,log10_on_off_ratio,2.4142393061515564,2.0391495,2.3372264,2.352761,False
MEH-PPV__NaP3(PbO3)4,log10_on_off_ratio,1.3745848637185565,1.2415831,1.3820456,1.5452069,True
MEH-PPV__NaP3(PbO3)4,log10_on_off_ratio,2.561055829127505,2.1739435,2.4958158,2.533527,False
MEH-PPV__NaP3(PbO3)4,log10_on_off_ratio,2.031008548836326,1.7695497,1.994082,2.075378,True
K2NaAlH6__Zn3Te2P2(PbO7)2,log10_on_off_ratio,0.612723400253524,0.57118064,0.62249494,1.0430946,True
K2NaAlH6__Zn3Te2P2(PbO7)2,log10_on_off_ratio,0.8092979898386519,0.8150297,0.8588011,1.1805841,False
K2NaAlH6__Zn3Te2P2(PbO7)2,log10_on_off_ratio,2.7904864172720125,2.206488,2.7406883,2.789332,False
K2NaAlH6__Zn3Te2P2(PbO7)2,log10_on_off_ratio,1.317376728502268,1.2373083,1.396402,1.6308028,True
K5SnAs3__CaTi4(PO4)6,log10_on_off_ratio,1.8155947667376493,1.5701603,1.7800131,1.9212673,True
K5SnAs3__CaTi4(PO4)6,log10_on_off_ratio,1.1606387249044243,1.0642719,1.1741964,1.4207704,True
K5SnAs3__CaTi4(PO4)6,log10_on_off_ratio,1.877227441804584,1.65274,1.8368577,1.8584207,False
K5SnAs3__CaTi4(PO4)6,log10_on_off_ratio,0.9779078437402132,0.9404055,1.0258068,1.336335,True
InSbS3__CaPSe3,log10_on_off_ratio,2.4458660695330714,1.6966867,2.1121042,2.520371,True
InSbS3__CaPSe3,log10_on_off_ratio,1.933088288719777,1.4321625,1.7977204,1.9721353,True
InSbS3__CaPSe3,log10_on_off_ratio,1.8745725269967368,1.3562375,1.6790941,1.938049,True
InSbS3__CaPSe3,log10_on_off_ratio,1.2898774826905777,0.9990721,1.304951,1.4693358,True
AlAs3S5Cl4__Na3As4H5O14,log10_on_off_ratio,1.3952443604658489,1.2645272,1.5236299,1.6490782,True
AlAs3S5Cl4__Na3As4H5O14,log10_on_off_ratio,1.5499664195707863,1.4366456,1.7303326,1.8076779,True
AlAs3S5Cl4__Na3As4H5O14,log10_on_off_ratio,2.258107895681777,1.8891616,2.244991,2.5551348,True
AlAs3S5Cl4__Na3As4H5O14,log10_on_off_ratio,1.651189036975946,1.4828082,1.7627753,1.8489449,True
TeSe2__Na3SbO3,log10_on_off_ratio,1.96857080848544,1.6442826,2.0045786,2.102944,True
TeSe2__Na3SbO3,log10_on_off_ratio,2.333458361994369,1.910254,2.2576926,2.3748436,True
TeSe2__Na3SbO3,log10_on_off_ratio,1.9570754478873895,1.6376154,1.9388746,2.039787,True
TeSe2__Na3SbO3,log10_on_off_ratio,0.9964550767265764,0.91488284,1.0509843,1.3409115,True
K4P21I__Ga2Sn2S5,log10_on_off_ratio,1.2080003716118144,1.2779653,1.7404832,2.102154,False
K4P21I__Ga2Sn2S5,log10_on_off_ratio,1.3423728764912948,1.3673365,1.8234917,2.318111,False
K4P21I__Ga2Sn2S5,log10_on_off_ratio,0.8255039610296371,0.8552272,1.1708198,1.3231485,False
K4P21I__Ga2Sn2S5,log10_on_off_ratio,1.033999467764121,1.0606169,1.4963646,1.6640934,False
AlPI8__Na4SnO4,log10_on_off_ratio,1.6184231473516666,1.1354485,1.4242187,1.6658655,True
AlPI8__Na4SnO4,log10_on_off_ratio,1.935619784056105,1.3980615,1.681142,1.9890678,True
AlPI8__Na4SnO4,log10_on_off_ratio,2.076017602453094,1.4839212,1.8488634,2.0543492,False
AlPI8__Na4SnO4,log10_on_off_ratio,0.6395428256146914,0.5655868,0.5974148,0.8989824,True
Ca2Sb2O7__K3P11,log10_on_off_ratio,0.5528633806365613,0.5365184,0.5434617,0.9198907,True
Ca2Sb2O7__K3P11,log10_on_off_ratio,0.7917178485221519,0.8134426,0.85568285,1.086703,False
Ca2Sb2O7__K3P11,log10_on_off_ratio,1.2332300586459168,1.0862824,1.2675883,1.4202486,True
Ca2Sb2O7__K3P11,log10_on_off_ratio,0.892191015101533,0.83872306,0.9242311,1.1641513,True
Zn3TeO6__K2GaSb2,log10_on_off_ratio,1.8525853193934831,1.6185641,1.8554778,1.9456867,True
Zn3TeO6__K2GaSb2,log10_on_off_ratio,0.9269095363845684,0.8512599,0.94566876,1.2602985,True
Zn3TeO6__K2GaSb2,log10_on_off_ratio,0.8871433916015651,0.8561503,0.90177435,1.2438923,True
Zn3TeO6__K2GaSb2,log10_on_off_ratio,2.0420119180228427,1.7525363,2.0396085,2.1404853,True
Zn(InTe2)2__TePbO3,log10_on_off_ratio,1.71385652283043,1.2778268,1.6162359,1.7758934,True
Zn(InTe2)2__TePbO3,log10_on_off_ratio,1.6687071376740683,1.2692811,1.5778886,1.7891107,True
Zn(InTe2)2__TePbO3,log10_on_off_ratio,2.580621374295504,1.782712,2.1939044,2.461581,False
Zn(InTe2)2__TePbO3,log10_on_off_ratio,1.2674871887889725,1.0704507,1.2632031,1.4874545,True
LiH__Li3AlN2,log10_on_off_ratio,0.8769341408582781,0.9130384,1.0024624,1.1344192,False
LiH__Li3AlN2,log10_on_off_ratio,1.197752750702759,1.1439532,1.3551056,1.4546423,True
LiH__Li3AlN2,log10_on_off_ratio,0.559760203893994,0.5655885,0.5659781,0.9078556,False
LiH__Li3AlN2,log10_on_off_ratio,1.300141846983015,1.3780562,1.5179943,1.6088146,False
Na5GaO4__CaTe2O5,log10_on_off_ratio,1.4875894194781374,1.2957098,1.4438336,1.6461867,True
Na5GaO4__CaTe2O5,log10_on_off_ratio,1.9854177174229972,1.7103342,1.9181001,2.0637364,True
Na5GaO4__CaTe2O5,log10_on_off_ratio,2.2884096741998383,1.891497,2.2047474,2.328968,True
Na5GaO4__CaTe2O5,log10_on_off_ratio,2.55081804997045,2.0615277,2.411543,2.5778236,True
NaAsS2__K4Sb2O5,log10_on_off_ratio,0.913251925273244,0.83205664,0.9957515,1.1890099,True
NaAsS2__K4Sb2O5,log10_on_off_ratio,1.3602588711189636,1.344831,1.4890023,1.6550922,True
NaAsS2__K4Sb2O5,log10_on_off_ratio,1.7908407098371333,1.6770706,1.9613806,1.9784257,True
NaAsS2__K4Sb2O5,log10_on_off_ratio,1.36093168862799,1.2923871,1.5365574,1.5924811,True
CdS__Ti2PCl13,log10_on_off_ratio,2.4533334013973453,2.1528323,2.5050523,2.5429814,True
CdS__Ti2PCl13,log10_on_off_ratio,0.5849527017033896,0.6001776,0.60726583,0.9653299,False
CdS__Ti2PCl13,log10_on_off_ratio,1.9921391144250944,1.8265191,2.0650516,2.0668528,True
CdS__Ti2PCl13,log10_on_off_ratio,0.5238985683267581,0.5642024,0.57427263,0.9321263,False
Na6ZnO4__P3BrCl14,log10_on_off_ratio,1.3347736496816789,1.2115886,1.3288094,1.5765208,True
Na6ZnO4__P3BrCl14,log10_on_off_ratio,0.9818057586380364,0.8575612,0.9617036,1.281988,True
Na6ZnO4__P3BrCl14,log10_on_off_ratio,1.0347091964319592,0.9408903,1.0286759,1.3201183,True
Na6ZnO4__P3BrCl14,log10_on_off_ratio,1.7097293970781309,1.5333967,1.6648207,1.8494564,True
K5LiGe2O7__KH,log10_on_off_ratio,0.8215216864846888,0.79930717,1.0427587,1.3101068,True
K5LiGe2O7__KH,log10_on_off_ratio,0.8352865256083336,0.8590595,1.109743,1.3873222,False
K5LiGe2O7__KH,log10_on_off_ratio,1.7210712443217284,1.3943666,1.7199494,2.4532158,True
K5LiGe2O7__KH,log10_on_off_ratio,0.9879587877253028,0.9014861,1.248164,1.5095087,True
Na2TiSiO5__Ca4Al6TeO12,log10_on_off_ratio,1.3157476048236476,1.3617119,1.6872215,1.9255445,False
Na2TiSiO5__Ca4Al6TeO12,log10_on_off_ratio,0.8495382226282778,0.9636456,1.2451316,1.4356737,False
Na2TiSiO5__Ca4Al6TeO12,log10_on_off_ratio,1.334021055956474,1.3252499,1.7367606,2.0311985,True
Na2TiSiO5__Ca4Al6TeO12,log10_on_off_ratio,1.5342429559683046,1.515942,1.828982,2.3486097,True
In2(SeO4)3__NaZnSiHO4,log10_on_off_ratio,0.5531294184388122,0.6350133,0.63903975,0.925586,False
In2(SeO4)3__NaZnSiHO4,log10_on_off_ratio,0.8324191148974498,0.7835804,1.3537267,1.5828105,True
In2(SeO4)3__NaZnSiHO4,log10_on_off_ratio,0.3816189926743302,0.48467085,0.50433797,0.8962174,False
In2(SeO4)3__NaZnSiHO4,log10_on_off_ratio,0.653692356474583,0.68766224,1.0875711,1.3426338,False
KGaSb2__GePbS3,log10_on_off_ratio,2.405901562535289,2.102946,2.3897173,2.4336615,True
KGaSb2__GePbS3,log10_on_off_ratio,1.5419235712771882,1.3428067,1.5337044,1.7206801,True
KGaSb2__GePbS3,log10_on_off_ratio,1.7514042854644334,1.5045621,1.6960225,1.873496,True
KGaSb2__GePbS3,log10_on_off_ratio,2.73578843950093,2.2769861,2.7063293,2.7373998,True
Ti2Sb2Pb4O13__SbSCl9,log10_on_off_ratio,0.8571099245395064,0.75309676,0.8809153,1.1998385,True
Ti2Sb2Pb4O13__SbSCl9,log10_on_off_ratio,0.6903610788275114,0.6825349,0.707175,1.075504,True
Ti2Sb2Pb4O13__SbSCl9,log10_on_off_ratio,2.1267540819609136,1.8490372,2.1416476,2.2052412,True
Ti2Sb2Pb4O13__SbSCl9,log10_on_off_ratio,0.8071762393460178,0.75423664,0.79493266,1.1648161,True
NaCdPO4__LiInSiO4,log10_on_off_ratio,1.9576548473281905,1.8866575,2.0317116,2.1879027,True
NaCdPO4__LiInSiO4,log10_on_off_ratio,0.8708263472541791,0.85735875,0.9869486,1.1174057,True
NaCdPO4__LiInSiO4,log10_on_off_ratio,1.1343421570502463,1.0786688,1.2592367,1.4047384,True
NaCdPO4__LiInSiO4,log10_on_off_ratio,2.023865411114873,1.8963957,2.0347188,2.2747555,True
Li10Si(PSe6)2__In2(CN2)3,log10_on_off_ratio,1.966839107514774,1.5948292,1.8006835,2.0197792,True
Li10Si(PSe6)2__In2(CN2)3,log10_on_off_ratio,1.8780969315225216,1.5167414,1.7474669,1.9628284,True
Li10Si(PSe6)2__In2(CN2)3,log10_on_off_ratio,1.119664612686195,0.94420326,1.0938845,1.3972311,True
Li10Si(PSe6)2__In2(CN2)3,log10_on_off_ratio,1.3497026053881018,1.152182,1.32054,1.5173792,True
PCBM__NaAlSe2,log10_on_off_ratio,2.7232346622735872,2.2590528,2.691682,2.7350097,True
PCBM__NaAlSe2,log10_on_off_ratio,2.571378720227877,2.1831307,2.4967701,2.5176945,False
PCBM__NaAlSe2,log10_on_off_ratio,1.8405757724046177,1.6046804,1.7851043,1.8588656,True
PCBM__NaAlSe2,log10_on_off_ratio,0.8956162438303551,0.9171759,0.93870324,1.1618953,False
KInAs3H7O13__LiGaS2,log10_on_off_ratio,2.23129553890164,2.0431406,2.3000414,2.378266,True
KInAs3H7O13__LiGaS2,log10_on_off_ratio,0.4842094372241515,0.514516,0.5535384,0.9836874,False
KInAs3H7O13__LiGaS2,log10_on_off_ratio,0.7722318717020712,0.7946366,0.8820897,1.1554,False
KInAs3H7O13__LiGaS2,log10_on_off_ratio,0.8821120518787552,0.83379817,0.8901939,1.2213551,True
K2TeSe3__CaTiO3,log10_on_off_ratio,1.1113931469291018,0.9596514,1.1345159,1.3843814,True
K2TeSe3__CaTiO3,log10_on_off_ratio,1.2529878743488605,0.88740635,1.2288224,1.4115027,True
K2TeSe3__CaTiO3,log10_on_off_ratio,1.6300445894721205,1.2437478,1.4906524,1.7285634,True
K2TeSe3__CaTiO3,log10_on_off_ratio,2.1302269549810924,1.5355052,1.8613937,2.233473,True
Te3(PbO4)2__TeO2,log10_on_off_ratio,1.7162426233386294,1.5402993,1.6968745,1.90936,True
Te3(PbO4)2__TeO2,log10_on_off_ratio,1.607763506274637,1.4127965,1.6515998,1.7759889,True
Te3(PbO4)2__TeO2,log10_on_off_ratio,2.2769011186251373,2.0257487,2.2715065,2.317516,True
Te3(PbO4)2__TeO2,log10_on_off_ratio,1.7699618431070063,1.568662,1.7275776,1.905655,True
KCa(H2N)3__Ca5(IO6)2,log10_on_off_ratio,1.1913454325998387,1.0912914,1.1879245,1.388883,True
KCa(H2N)3__Ca5(IO6)2,log10_on_off_ratio,0.6742900361237801,0.66615784,0.7002391,1.015028,True
KCa(H2N)3__Ca5(IO6)2,log10_on_off_ratio,1.9584843759561763,1.7282649,1.8911948,2.0382893,True
KCa(H2N)3__Ca5(IO6)2,log10_on_off_ratio,1.657139099939395,1.4291049,1.6028339,1.7353793,True
Na4GeSe4__BrNO3,log10_on_off_ratio,1.6396041707324165,1.4344028,1.61423,1.8016366,True
Na4GeSe4__BrNO3,log10_on_off_ratio,1.363816897297731,1.2101704,1.3731883,1.5609988,True
Na4GeSe4__BrNO3,log10_on_off_ratio,1.9062612808723791,1.6488988,1.9104252,2.0479534,True
Na4GeSe4__BrNO3,log10_on_off_ratio,0.8138698228119007,0.7540635,0.8042786,1.1310259,True
Ga10GePb3O20__CdH2SeO5,log10_on_off_ratio,1.791001548429486,1.5594219,1.7697116,1.9409392,True
Ga10GePb3O20__CdH2SeO5,log10_on_off_ratio,1.2950439858368898,1.1223823,1.3112277,1.5200045,True
Ga10GePb3O20__CdH2SeO5,log10_on_off_ratio,1.603003620941167,1.4180466,1.588971,1.7825121,True
Ga10GePb3O20__CdH2SeO5,log10_on_off_ratio,1.193404587421963,1.0834754,1.1937969,1.4234253,True
S(IO3)2__BrCl,log10_on_off_ratio,0.9956052408924394,0.9752306,1.0792081,1.3817143,True
S(IO3)2__BrCl,log10_on_off_ratio,2.020127688710572,1.7927779,2.034483,2.1349425,True
S(IO3)2__BrCl,log10_on_off_ratio,2.008396265086569,1.7604728,2.0198002,2.1278048,True
S(IO3)2__BrCl,log10_on_off_ratio,0.6484472746431696,0.63068783,0.6700295,1.080375,True
P2S5__K3LiGe4,log10_on_off_ratio,2.5532543476904865,2.1384141,2.5006034,2.515318,False
P2S5__K3LiGe4,log10_on_off_ratio,2.6089647451770053,2.1805856,2.5487611,2.5521522,False
P2S5__K3LiGe4,log10_on_off_ratio,1.1444975517000928,1.0971195,1.2009075,1.5342418,True
P2S5__K3LiGe4,log10_on_off_ratio,1.7042881603861295,1.4955301,1.715412,1.8240381,True
ZnSe__KSb2PO8,log10_on_off_ratio,1.9521584713167257,1.4115269,1.8567464,1.9710798,True
ZnSe__KSb2PO8,log10_on_off_ratio,0.8426958812233181,0.60158086,0.8028367,1.1024557,True
ZnSe__KSb2PO8,log10_on_off_ratio,2.1373111214058618,1.4249579,1.9536015,2.1753948,True
ZnSe__KSb2PO8,log10_on_off_ratio,2.069726979135286,1.422039,1.8733382,2.1266406,True
Li2GePbS4__AsClF8,log10_on_off_ratio,2.622582274835917,2.1255977,2.5386994,2.5812335,False
Li2GePbS4__AsClF8,log10_on_off_ratio,2.520489862790665,2.1166553,2.4936314,2.5437648,True
Li2GePbS4__AsClF8,log10_on_off_ratio,0.9260843853380316,0.8207254,0.9486204,1.2539316,True
Li2GePbS4__AsClF8,log10_on_off_ratio,2.570110765102829,2.1949275,2.5956752,2.6188035,True
KNaS__CdS,log10_on_off_ratio,0.6965221495980003,0.71926653,0.786988,1.11445,False
KNaS__CdS,log10_on_off_ratio,2.673597742362688,2.2339184,2.6152978,2.6730626,False
KNaS__CdS,log10_on_off_ratio,2.210907213998357,1.8629653,2.176234,2.2321432,True
KNaS__CdS,log10_on_off_ratio,2.432842253063969,2.086174,2.385923,2.4167879,False
Sn2OF2__H3C3N5,log10_on_off_ratio,1.7978729051655211,1.7637752,2.018475,2.1491287,True
Sn2OF2__H3C3N5,log10_on_off_ratio,0.928821382236692,0.8605027,1.0701236,1.2227567,True
Sn2OF2__H3C3N5,log10_on_off_ratio,0.6318055675292203,0.6725144,0.7137673,0.9465405,False
Sn2OF2__H3C3N5,log10_on_off_ratio,1.8779141763310097,1.8767632,2.089842,2.2537,True
GeBr4__In2(Se2O5)3,log10_on_off_ratio,1.8933382063885749,1.5388395,1.7338135,1.8585848,False
GeBr4__In2(Se2O5)3,log10_on_off_ratio,2.4605944740548558,2.0504534,2.2416148,2.4676735,True
GeBr4__In2(Se2O5)3,log10_on_off_ratio,0.6011416465416152,0.56602365,0.61684334,0.94759214,True
GeBr4__In2(Se2O5)3,log10_on_off_ratio,1.245130942977892,1.149532,1.2440193,1.4224224,True
Na2O__Li5SbS3I2,log10_on_off_ratio,0.4048181985244139,0.4220089,0.4234105,0.8522127,False
Na2O__Li5SbS3I2,log10_on_off_ratio,1.1541470208155646,1.0727378,1.2696906,1.4558576,True
Na2O__Li5SbS3I2,log10_on_off_ratio,1.320257407307999,1.1622462,1.4150628,1.532837,True
Na2O__Li5SbS3I2,log10_on_off_ratio,0.9303564850765704,0.82691777,0.8891162,1.1146669,True
TeS7Cl2__KTi2(PO4)3,log10_on_off_ratio,0.6533060481279481,0.6471084,0.6750637,1.0834737,True
TeS7Cl2__KTi2(PO4)3,log10_on_off_ratio,1.3350136072049268,1.2137855,1.3759227,1.6414183,True
TeS7Cl2__KTi2(PO4)3,log10_on_off_ratio,1.5155268686258674,1.3367556,1.5377035,1.7325264,True
TeS7Cl2__KTi2(PO4)3,log10_on_off_ratio,1.2335559284339652,1.1193229,1.2423898,1.5466213,True
Ca3(SiP2)2__S5(IO9)2,log10_on_off_ratio,2.6424917619582238,2.2378762,2.6472616,2.6516728,True
Ca3(SiP2)2__S5(IO9)2,log10_on_off_ratio,2.0695743723149778,1.8075619,2.0356376,2.1713026,True
Ca3(SiP2)2__S5(IO9)2,log10_on_off_ratio,2.4468303217899146,2.148427,2.4295323,2.4475415,True
Ca3(SiP2)2__S5(IO9)2,log10_on_off_ratio,1.256456081679159,1.1504204,1.2649609,1.4997174,True
K3SbTe3__TePbO3,log10_on_off_ratio,0.7680154263303872,0.7439682,0.7920578,1.1079098,True
K3SbTe3__TePbO3,log10_on_off_ratio,1.1945328445672128,1.0924572,1.1874032,1.4789708,True
K3SbTe3__TePbO3,log10_on_off_ratio,2.3606322755667417,2.0292141,2.310184,2.3894036,True
K3SbTe3__TePbO3,log10_on_off_ratio,2.346842431785132,1.9896593,2.3355505,2.3566785,True
SIO3F__Sb2PbO6,log10_on_off_ratio,0.6773604561121616,0.6708139,0.67668194,1.0874739,True
SIO3F__Sb2PbO6,log10_on_off_ratio,1.2878976604106347,1.1518008,1.3107979,1.5249096,True
SIO3F__Sb2PbO6,log10_on_off_ratio,2.6627973816302983,2.1868877,2.6728413,2.6978564,True
SIO3F__Sb2PbO6,log10_on_off_ratio,1.4934685997173716,1.3552452,1.4683719,1.6731658,True
HS2IO8__ZnH2SeO5,log10_on_off_ratio,2.3738555400590062,2.1507816,2.39721,2.4629035,True
HS2IO8__ZnH2SeO5,log10_on_off_ratio,0.8474961326068493,0.8385831,0.8777307,1.2011657,True
HS2IO8__ZnH2SeO5,log10_on_off_ratio,2.347804773112766,2.1324196,2.4210823,2.441728,True
HS2IO8__ZnH2SeO5,log10_on_off_ratio,0.7015941739545176,0.73901635,0.80552423,1.1191676,False
LiAs__NaS,log10_on_off_ratio,2.0885236518242536,1.9395015,2.1636806,2.1985943,True
LiAs__NaS,log10_on_off_ratio,1.2000265995869497,1.1487054,1.2407473,1.4229931,True
LiAs__NaS,log10_on_off_ratio,1.651799479285327,1.5782919,1.6464324,1.8372157,True
LiAs__NaS,log10_on_off_ratio,2.028493432878671,1.8535979,2.0941331,2.127307,True
NClO3__NaPS3,log10_on_off_ratio,1.5390667543977634,1.3529773,1.4957426,1.6883644,True
NClO3__NaPS3,log10_on_off_ratio,1.0595074046231518,0.998801,1.1161094,1.4221473,True
NClO3__NaPS3,log10_on_off_ratio,2.633931788980266,2.2299612,2.5772996,2.5910096,False
NClO3__NaPS3,log10_on_off_ratio,1.869716298604298,1.6269513,1.8164623,1.95984,True
PbI2__Li2GeN2,log10_on_off_ratio,2.0942007396081004,1.7977471,2.0362616,2.2680438,True
PbI2__Li2GeN2,log10_on_off_ratio,2.2709408858637743,1.9668357,2.175774,2.4717302,True
PbI2__Li2GeN2,log10_on_off_ratio,1.9034045665341848,1.7948135,1.9181908,2.1362827,True
PbI2__Li2GeN2,log10_on_off_ratio,0.7950485473179348,0.7467434,0.8078865,1.0449426,True
K2NaH10IO10__KSiSbO5,log10_on_off_ratio,1.5746447281315117,1.3957119,1.748247,2.0230017,True
K2NaH10IO10__KSiSbO5,log10_on_off_ratio,0.4842492663382122,0.52282816,0.5273383,0.8868334,False
K2NaH10IO10__KSiSbO5,log10_on_off_ratio,0.3342875273494245,0.3272131,0.3778867,0.76436085,True
K2NaH10IO10__KSiSbO5,log10_on_off_ratio,1.7625492009088222,1.5758814,1.8576275,2.2973166,True
Zn2Te3O8__SbClF8,log10_on_off_ratio,1.7997529798425247,1.568988,1.7765957,1.8754328,True
Zn2Te3O8__SbClF8,log10_on_off_ratio,1.0277909937204888,0.9740137,1.0617527,1.3655832,True
Zn2Te3O8__SbClF8,log10_on_off_ratio,1.0062459702862885,0.94050205,1.0630833,1.3567586,True
Zn2Te3O8__SbClF8,log10_on_off_ratio,1.7000700911913265,1.4632595,1.6853056,1.8641468,True
NaSbS2__K3GaSe3,log10_on_off_ratio,0.5421273015430569,0.50121826,0.5111663,1.0174497,True
NaSbS2__K3GaSe3,log10_on_off_ratio,2.0579466491961838,1.6389371,1.9238412,2.1046927,True
NaSbS2__K3GaSe3,log10_on_off_ratio,1.7640579235983862,1.3587139,1.6057197,1.8520384,True
NaSbS2__K3GaSe3,log10_on_off_ratio,1.6953359470971854,1.3365482,1.5961394,1.7948819,True
Cd3SiO5__K4P21I,log10_on_off_ratio,2.6563657089545947,2.2048652,2.4882169,2.5694335,False
Cd3SiO5__K4P21I,log10_on_off_ratio,1.2166447949321888,1.0826516,1.2051303,1.4157187,True
Cd3SiO5__K4P21I,log10_on_off_ratio,1.5325955864270222,1.3272547,1.4918982,1.6829187,True
Cd3SiO5__K4P21I,log10_on_off_ratio,1.3917590571612326,1.1820729,1.381753,1.5603567,True
LiInTe2__GePbS3,log10_on_off_ratio,0.4904669136188748,0.49925587,0.5387673,1.0175254,False
LiInTe2__GePbS3,log10_on_off_ratio,2.2552590012038403,1.8987807,2.219509,2.26798,True
LiInTe2__GePbS3,log10_on_off_ratio,0.4309462266690712,0.4506688,0.47557104,1.0124019,False
LiInTe2__GePbS3,log10_on_off_ratio,0.8873608660356395,0.8816347,0.93947035,1.2551142,True
KSb2PO8__K2Zn(SnSe3)2,log10_on_off_ratio,1.2774515683859125,1.2725798,1.3702093,1.5639292,True
KSb2PO8__K2Zn(SnSe3)2,log10_on_off_ratio,1.4070145606975393,1.3148758,1.4939097,1.7055088,True
KSb2PO8__K2Zn(SnSe3)2,log10_on_off_ratio,0.9877817641082344,0.9273149,1.0221,1.355949,True
KSb2PO8__K2Zn(SnSe3)2,log10_on_off_ratio,2.150342017566845,1.892393,2.1629102,2.2028596,True
Na6S2O9__K2PS3,log10_on_off_ratio,0.530772367116233,0.57139575,0.57581604,0.9693144,False
Na6S2O9__K2PS3,log10_on_off_ratio,2.500684069926866,2.241695,2.5281792,2.575062,True
Na6S2O9__K2PS3,log10_on_off_ratio,2.6550501154178168,2.2706113,2.703026,2.7164667,True
Na6S2O9__K2PS3,log10_on_off_ratio,1.6951039010467788,1.5996125,1.7504559,1.8986348,True
CdSe__Na3H5(SeO4)4,log10_on_off_ratio,2.5155447709683254,2.1597683,2.4826152,2.5152164,False
CdSe__Na3H5(SeO4)4,log10_on_off_ratio,1.365613850613696,1.2201247,1.3931528,1.5785306,True
CdSe__Na3H5(SeO4)4,log10_on_off_ratio,2.201229346457481,1.9247017,2.2086706,2.2676604,True
CdSe__Na3H5(SeO4)4,log10_on_off_ratio,1.662972327866127,1.4465641,1.6301906,1.8170744,True
GeTe__K2CdSiO4,log10_on_off_ratio,2.5613570367196807,2.053032,2.3492632,2.4929166,False
GeTe__K2CdSiO4,log10_on_off_ratio,0.5302994743914949,0.51718175,0.5505829,0.99288315,True
GeTe__K2CdSiO4,log10_on_off_ratio,2.56763784744603,2.0112164,2.3901453,2.4948072,False
GeTe__K2CdSiO4,log10_on_off_ratio,0.7755944072850625,0.69519645,0.76963335,1.0976315,True
Na2ZnH4(SeO5)2__Te4P2O13,log10_on_off_ratio,0.5737345864647072,0.63359994,0.653745,1.0302631,False
Na2ZnH4(SeO5)2__Te4P2O13,log10_on_off_ratio,1.1648172864635835,1.086768,1.1983849,1.4165899,True
Na2ZnH4(SeO5)2__Te4P2O13,log10_on_off_ratio,1.622427266200974,1.4971546,1.6663054,1.8142775,True
Na2ZnH4(SeO5)2__Te4P2O13,log10_on_off_ratio,2.5045445732535625,2.236636,2.5960667,2.6368861,True
SbBr5F6__KInTe2,log10_on_off_ratio,1.4089302498911616,1.2820344,1.4140825,1.6003118,True
SbBr5F6__KInTe2,log10_on_off_ratio,1.05539217233927,1.0429896,1.119896,1.4440737,True
SbBr5F6__KInTe2,log10_on_off_ratio,0.679671351070148,0.7164974,0.7431708,1.0894331,False
SbBr5F6__KInTe2,log10_on_off_ratio,1.7073510888052237,1.5653389,1.7289829,1.9150296,True
NaInSn2__K2Pb2O3,log10_on_off_ratio,1.8191721572952584,1.4495599,1.707929,1.927562,True
NaInSn2__K2Pb2O3,log10_on_off_ratio,1.771840068792643,1.4670111,1.693796,1.8662659,True
NaInSn2__K2Pb2O3,log10_on_off_ratio,0.6286983712597349,0.6521938,0.7336939,1.0834665,False
NaInSn2__K2Pb2O3,log10_on_off_ratio,1.6553648751966554,1.425965,1.6238278,1.8160385,True
Zn(InTe2)2__Sb7Se8F35,log10_on_off_ratio,2.203745412171573,1.8981271,2.191363,2.273964,True
Zn(InTe2)2__Sb7Se8F35,log10_on_off_ratio,2.484882623188001,2.1468894,2.5157287,2.5321834,True
Zn(InTe2)2__Sb7Se8F35,log10_on_off_ratio,1.773041644613856,1.5655146,1.7307564,1.9310485,True
Zn(InTe2)2__Sb7Se8F35,log10_on_off_ratio,2.523289237897845,2.2034574,2.4989538,2.5073645,False
KNa4GaO4__Na2SnO2,log10_on_off_ratio,1.5173184344166486,1.3716786,1.5414505,1.7238804,True
KNa4GaO4__Na2SnO2,log10_on_off_ratio,2.422492691575884,2.1432953,2.4714663,2.4817858,True
KNa4GaO4__Na2SnO2,log10_on_off_ratio,0.705647092846812,0.7282582,0.75758857,1.0849662,False
KNa4GaO4__Na2SnO2,log10_on_off_ratio,1.1967965088364831,1.1318945,1.2294084,1.4731314,True
Ga2Te5__P3BrCl14,log10_on_off_ratio,0.5250857735503743,0.50821793,0.5246625,0.9726404,True
Ga2Te5__P3BrCl14,log10_on_off_ratio,2.4711920385793795,2.1430686,2.5010579,2.5386026,True
Ga2Te5__P3BrCl14,log10_on_off_ratio,2.012544322592125,1.7521068,1.996979,2.0649867,True
Ga2Te5__P3BrCl14,log10_on_off_ratio,1.6585627897700017,1.468737,1.6723403,1.8274957,True
Na10Zn4O9__Na5IO6,log10_on_off_ratio,1.718077320454896,1.5282127,1.681457,1.8336291,True
Na10Zn4O9__Na5IO6,log10_on_off_ratio,1.4446320817235103,1.2512684,1.4106653,1.5645763,True
Na10Zn4O9__Na5IO6,log10_on_off_ratio,1.8826868546920448,1.6267366,1.8287358,1.961879,True
Na10Zn4O9__Na5IO6,log10_on_off_ratio,1.8990321417527052,1.6325337,1.7670616,1.9473436,True
LiAsS2__Ca2Si5N8,log10_on_off_ratio,1.012987880462126,0.9660408,1.0357269,1.328722,True
LiAsS2__Ca2Si5N8,log10_on_off_ratio,2.50360647549176,2.1573887,2.4804447,2.4928753,False
LiAsS2__Ca2Si5N8,log10_on_off_ratio,2.753465877104996,2.1711535,2.6145306,2.7006896,False
LiAsS2__Ca2Si5N8,log10_on_off_ratio,0.9319891502277898,0.9130619,0.96847403,1.3286759,True
KTeP2__Ti6CCl14,log10_on_off_ratio,1.0638808516289533,1.0656657,1.1095358,1.3670168,False
KTeP2__Ti6CCl14,log10_on_off_ratio,2.3232762794233324,1.9108173,2.2511518,2.2915633,False
KTeP2__Ti6CCl14,log10_on_off_ratio,2.0795621475013126,1.7707359,2.0540085,2.1397517,True
KTeP2__Ti6CCl14,log10_on_off_ratio,1.561737694735735,1.4197943,1.5987195,1.7990367,True
Cd7(P2Cl3)2__P2H9(CBr)3,log10_on_off_ratio,1.820684819177204,1.5734764,1.7075822,1.8490007,True
Cd7(P2Cl3)2__P2H9(CBr)3,log10_on_off_ratio,1.7094032196122118,1.4368122,1.617254,1.8463959,True
Cd7(P2Cl3)2__P2H9(CBr)3,log10_on_off_ratio,1.4783826367590598,1.3164592,1.4864974,1.695548,True
Cd7(P2Cl3)2__P2H9(CBr)3,log10_on_off_ratio,0.96364076030622,0.86996925,0.9654274,1.293162,True
K3SnSe3__LiGaO2,log10_on_off_ratio,0.5646431803673653,0.587835,0.6200187,1.0253358,False
K3SnSe3__LiGaO2,log10_on_off_ratio,0.5954808297591955,0.60844296,0.64811707,0.9802899,False
K3SnSe3__LiGaO2,log10_on_off_ratio,2.279672043509444,1.98615,2.2800717,2.3110957,True
K3SnSe3__LiGaO2,log10_on_off_ratio,0.6713664305106879,0.7534733,0.8296869,1.0761564,False
K6Zn4Sn5S17__NaSbCl6,log10_on_off_ratio,2.1048902453639693,1.781227,2.0466383,2.1617143,True
K6Zn4Sn5S17__NaSbCl6,log10_on_off_ratio,1.9974271216905592,1.737719,1.9057897,2.043312,True
K6Zn4Sn5S17__NaSbCl6,log10_on_off_ratio,0.4433833136408698,0.4464635,0.48606735,0.8953588,False
K6Zn4Sn5S17__NaSbCl6,log10_on_off_ratio,1.3300535900983246,1.2302939,1.3182695,1.5190375,True
Ca3(GaP2)2__In2S3,log10_on_off_ratio,2.430088007495609,2.206262,2.4478614,2.4798484,True
Ca3(GaP2)2__In2S3,log10_on_off_ratio,1.6147497621637732,1.4431378,1.5919465,1.7576135,True
Ca3(GaP2)2__In2S3,log10_on_off_ratio,1.6907021256901933,1.5294572,1.7098234,1.8199486,True
Ca3(GaP2)2__In2S3,log10_on_off_ratio,2.041419358137356,1.8454322,2.0150642,2.1901336,True
Na5Al3H14__LiGa(H2N)4,log10_on_off_ratio,0.5852533944764032,0.57272756,0.58660877,0.976978,True
Na5Al3H14__LiGa(H2N)4,log10_on_off_ratio,2.3285668233909096,2.1096566,2.2862282,2.4329996,True
Na5Al3H14__LiGa(H2N)4,log10_on_off_ratio,0.7938778544211641,0.7773687,0.8040885,1.1193224,True
Na5Al3H14__LiGa(H2N)4,log10_on_off_ratio,1.3179687145703338,1.1803294,1.358669,1.5303197,True
KSnPS4__NClO3,log10_on_off_ratio,1.4503200310363982,1.3222758,1.4236461,1.6530597,True
KSnPS4__NClO3,log10_on_off_ratio,0.7304807034221666,0.7460757,0.78381735,1.0961196,False
KSnPS4__NClO3,log10_on_off_ratio,1.4932022003209957,1.3329171,1.4863486,1.6960299,True
KSnPS4__NClO3,log10_on_off_ratio,2.1143616058150547,1.8256267,2.0599468,2.1365626,True
KInBr3__KGeCl3,log10_on_off_ratio,0.8449058371305623,0.81505495,0.8695155,1.190254,True
KInBr3__KGeCl3,log10_on_off_ratio,1.830865388815631,1.5423514,1.6808952,1.8714362,True
KInBr3__KGeCl3,log10_on_off_ratio,2.07860738474337,1.7390683,1.9408811,2.1255877,True
KInBr3__KGeCl3,log10_on_off_ratio,0.6808544523490494,0.70555097,0.71763223,0.98296714,False
Na3AsO4__KTe3O6F,log10_on_off_ratio,0.9431354092544012,0.8628366,0.9181092,1.2439696,True
Na3AsO4__KTe3O6F,log10_on_off_ratio,0.6301828444260473,0.65942675,0.7104564,1.0946788,False
Na3AsO4__KTe3O6F,log10_on_off_ratio,1.5433923722803862,1.4428741,1.6071987,1.7663108,True
Na3AsO4__KTe3O6F,log10_on_off_ratio,2.3245733318385016,2.0120878,2.3610182,2.393031,True
TeI4__P,log10_on_off_ratio,0.7399785010330514,0.7603066,0.80321,1.0261956,False
TeI4__P,log10_on_off_ratio,1.1037495039270084,1.0897393,1.2766994,1.3807825,True
TeI4__P,log10_on_off_ratio,0.9888639959205886,1.0058224,1.1714995,1.3416417,False
TeI4__P,log10_on_off_ratio,0.5971958260946936,0.6370878,0.6666776,0.93679243,False
NaSe__Ca5P3H,log10_on_off_ratio,0.6360300133657916,0.58291376,0.62987137,0.89484215,True
NaSe__Ca5P3H,log10_on_off_ratio,1.3774774492413773,1.1639906,1.3706357,1.4997303,True
NaSe__Ca5P3H,log10_on_off_ratio,0.6552458876618403,0.61939657,0.6490546,0.8964748,True
NaSe__Ca5P3H,log10_on_off_ratio,0.8504814689551334,0.8293515,0.87438744,1.1168292,True
Na5(InTe3)2__Ca3(AlAs2)2,log10_on_off_ratio,1.6729948950210882,1.5031031,1.7778437,2.1295629,True
Na5(InTe3)2__Ca3(AlAs2)2,log10_on_off_ratio,1.1639692250894895,1.0273461,1.3822466,1.5290532,True
Na5(InTe3)2__Ca3(AlAs2)2,log10_on_off_ratio,1.2180042333936774,1.1171054,1.3951344,1.6333152,True
Na5(InTe3)2__Ca3(AlAs2)2,log10_on_off_ratio,0.7156637492573583,0.71637744,0.830209,1.1618303,False
Na5SiAs3__K4Sb2O5,log10_on_off_ratio,0.9324784261736162,0.86062914,1.0017966,1.2519372,True
Na5SiAs3__K4Sb2O5,log10_on_off_ratio,1.029913593707216,0.9272865,1.0525802,1.3112714,True
Na5SiAs3__K4Sb2O5,log10_on_off_ratio,1.2709229880792727,1.1718625,1.3472148,1.5169947,True
Na5SiAs3__K4Sb2O5,log10_on_off_ratio,2.430212432586881,2.1015759,2.4439793,2.467585,True
TeO3__NaLiZnS2,log10_on_off_ratio,1.2461974445310648,1.1319587,1.2558033,1.4964548,True
TeO3__NaLiZnS2,log10_on_off_ratio,2.0624099888493994,1.7403322,1.9834532,2.1169405,True
TeO3__NaLiZnS2,log10_on_off_ratio,2.1804316618194326,1.9009006,2.1880653,2.2738943,True
TeO3__NaLiZnS2,log10_on_off_ratio,1.3737732554405224,1.2058476,1.3431138,1.5667859,True
Na5SnP3__K2Sb4O11,log10_on_off_ratio,0.6090960187740027,0.6077622,0.6216956,0.9565264,True
Na5SnP3__K2Sb4O11,log10_on_off_ratio,2.57937370940477,1.9999492,2.463083,2.597107,True
Na5SnP3__K2Sb4O11,log10_on_off_ratio,0.8805874305898523,0.7621023,0.88102674,1.1571878,True
Na5SnP3__K2Sb4O11,log10_on_off_ratio,0.9458447124671432,0.88918144,0.9968559,1.2605867,True
Pb(IO3)2__NaHO,log10_on_off_ratio,2.1383541759564104,1.7950892,1.9561994,2.2589905,True
Pb(IO3)2__NaHO,log10_on_off_ratio,2.2341380699779028,1.8263482,1.9957573,2.4136872,True
Pb(IO3)2__NaHO,log10_on_off_ratio,0.4194415270036714,0.37459227,0.46386304,0.87368166,True
Pb(IO3)2__NaHO,log10_on_off_ratio,2.0649193580508927,1.7548375,1.8981447,2.2108767,True
NaZnAsO4__K2TiSi3(HO5)2,log10_on_off_ratio,1.417356611807985,1.4495442,1.6962074,1.8522643,False
NaZnAsO4__K2TiSi3(HO5)2,log10_on_off_ratio,1.456695108500922,1.4700828,1.7277404,1.8667094,False
NaZnAsO4__K2TiSi3(HO5)2,log10_on_off_ratio,1.8536453646541484,1.8114322,2.1136932,2.3688228,True
NaZnAsO4__K2TiSi3(HO5)2,log10_on_off_ratio,1.0334783631540574,0.89076006,1.181087,1.3333055,True
Zn(SbO3)2__Cd(AsO3)2,log10_on_off_ratio,0.4222943531190967,0.47806647,0.4786263,0.8795596,False
Zn(SbO3)2__Cd(AsO3)2,log10_on_off_ratio,2.033994792095988,1.8794637,2.0862534,2.1516602,True
Zn(SbO3)2__Cd(AsO3)2,log10_on_off_ratio,0.8784464867213546,0.8189498,0.90954643,1.2165371,True
Zn(SbO3)2__Cd(AsO3)2,log10_on_off_ratio,0.5483698449720241,0.5545943,0.56688386,0.95158637,False
CdHOF__Li2ZnGeS4,log10_on_off_ratio,1.321775472738787,1.2278786,1.4355713,1.6029795,True
CdHOF__Li2ZnGeS4,log10_on_off_ratio,1.5963116417893923,1.4187852,1.6210667,1.7872999,True
CdHOF__Li2ZnGeS4,log10_on_off_ratio,2.4648249731137186,2.1612322,2.4870338,2.4901536,True
CdHOF__Li2ZnGeS4,log10_on_off_ratio,2.2521061437168903,1.9258871,2.223889,2.2877815,True
Na2SnGe2(HO4)2__ZnSeO4,log10_on_off_ratio,1.4741221743031865,1.3581792,1.4738529,1.6364634,True
Na2SnGe2(HO4)2__ZnSeO4,log10_on_off_ratio,1.8065151431382431,1.6293029,1.7365364,1.8669754,True
Na2SnGe2(HO4)2__ZnSeO4,log10_on_off_ratio,1.344173649569964,1.1773478,1.2797778,1.4687089,True
Na2SnGe2(HO4)2__ZnSeO4,log10_on_off_ratio,1.1255729795770009,1.0679841,1.1361896,1.382837,True
Sb2Te2O9__TiSn6F16,log10_on_off_ratio,1.618969071025048,1.528968,1.6121391,1.8211318,True
Sb2Te2O9__TiSn6F16,log10_on_off_ratio,2.149753889592565,1.9772532,2.1292803,2.3098059,True
Sb2Te2O9__TiSn6F16,log10_on_off_ratio,0.4309324775893902,0.42190468,0.4906676,0.8853353,True
Sb2Te2O9__TiSn6F16,log10_on_off_ratio,0.5207643724457699,0.53553975,0.5970798,0.902108,False
InI2__SbAs2Cl13,log10_on_off_ratio,1.6873101363789558,1.5030378,1.6749508,1.8490528,True
InI2__SbAs2Cl13,log10_on_off_ratio,1.51317635972765,1.3671075,1.4849223,1.7079422,True
InI2__SbAs2Cl13,log10_on_off_ratio,2.584403829561213,2.2313628,2.5593064,2.5813043,False
InI2__SbAs2Cl13,log10_on_off_ratio,2.183479047046437,1.8943869,2.1963825,2.2488475,True
SiAs__Na2HF4,log10_on_off_ratio,0.8948983714509714,0.85057956,0.9386483,1.2383353,True
SiAs__Na2HF4,log10_on_off_ratio,2.371098862242141,2.0802763,2.351174,2.4093425,True
SiAs__Na2HF4,log10_on_off_ratio,0.6633459639431786,0.7228892,0.754774,1.0794364,False
SiAs__Na2HF4,log10_on_off_ratio,0.513707944114553,0.577399,0.58501065,1.0318823,False
Li2SnTeO6__Al2ZnSe4,log10_on_off_ratio,0.5777374606773198,0.54370344,0.58346623,0.9230557,True
Li2SnTeO6__Al2ZnSe4,log10_on_off_ratio,0.3281002341826978,0.33558196,0.40001264,0.7714234,False
Li2SnTeO6__Al2ZnSe4,log10_on_off_ratio,1.8174219917034824,1.7553245,1.9406369,2.1156054,True
Li2SnTeO6__Al2ZnSe4,log10_on_off_ratio,0.5844522289209862,0.6059658,0.63696575,0.9323927,False
Na5AlO4__PbF4,log10_on_off_ratio,0.7203882585503306,0.70035213,0.7574935,1.1835734,True
Na5AlO4__PbF4,log10_on_off_ratio,2.104627637178721,1.8467238,2.0979593,2.1737137,True
Na5AlO4__PbF4,log10_on_off_ratio,1.59524068645797,1.3715271,1.5734438,1.7509855,True
Na5AlO4__PbF4,log10_on_off_ratio,1.5158061782923529,1.3437393,1.515547,1.7151788,True
KSn2(PO4)3__TeCl4,log10_on_off_ratio,1.20304092374262,1.090697,1.2249123,1.4901847,True
KSn2(PO4)3__TeCl4,log10_on_off_ratio,1.8241430005232424,1.5557754,1.7944239,1.9580996,True
KSn2(PO4)3__TeCl4,log10_on_off_ratio,1.037149238825193,0.95051473,1.0155692,1.3235838,True
KSn2(PO4)3__TeCl4,log10_on_off_ratio,2.547153747220555,2.1668987,2.5383663,2.5667243,True
NaP3(PbO3)4__SIO3F,log10_on_off_ratio,1.986011786808006,1.6816757,1.9319813,2.085335,True
NaP3(PbO3)4__SIO3F,log10_on_off_ratio,1.6128334114008047,1.4393779,1.6120816,1.796704,True
NaP3(PbO3)4__SIO3F,log10_on_off_ratio,0.8376720763846383,0.7871514,0.8429611,1.226137,True
NaP3(PbO3)4__SIO3F,log10_on_off_ratio,2.4261831349262235,2.0661988,2.3452537,2.387094,False
AlP__Na2Zn(GeS3)2,log10_on_off_ratio,1.4552544662345963,1.4353349,1.6838071,1.8304418,True
AlP__Na2Zn(GeS3)2,log10_on_off_ratio,0.498921101450623,0.4722973,0.53445673,0.8094236,True
AlP__Na2Zn(GeS3)2,log10_on_off_ratio,0.983712098911762,1.0487945,1.2555554,1.3550577,False
AlP__Na2Zn(GeS3)2,log10_on_off_ratio,1.5469687924624267,1.4788647,1.7408931,1.9014022,True
Na3Ca3AlAs4__SnCl2,log10_on_off_ratio,1.014501165975661,0.96237934,1.0497122,1.3743997,True
Na3Ca3AlAs4__SnCl2,log10_on_off_ratio,2.7494947467474637,2.2149112,2.7434313,2.7610438,True
Na3Ca3AlAs4__SnCl2,log10_on_off_ratio,1.148719041736287,1.0224769,1.1480505,1.3827038,True
Na3Ca3AlAs4__SnCl2,log10_on_off_ratio,1.8153760493429176,1.6267644,1.8513955,1.9621102,True
SbBr5F6__NaP15,log10_on_off_ratio,1.5526989988244804,1.4067478,1.5232956,1.7545993,True
SbBr5F6__NaP15,log10_on_off_ratio,2.5086873077085965,2.133256,2.4795299,2.484967,False
SbBr5F6__NaP15,log10_on_off_ratio,0.8422039453027197,0.83704233,0.9392118,1.2758101,True
SbBr5F6__NaP15,log10_on_off_ratio,2.0893778474507823,1.8679987,2.1162739,2.2055461,True
Al4CdO7__Te(S2O7)2,log10_on_off_ratio,1.0431819526845394,0.9874725,1.1041043,1.3591788,True
Al4CdO7__Te(S2O7)2,log10_on_off_ratio,1.2031186339846422,1.0752841,1.185025,1.4341713,True
Al4CdO7__Te(S2O7)2,log10_on_off_ratio,0.6489109448371698,0.66013235,0.67405355,1.0360992,False
Al4CdO7__Te(S2O7)2,log10_on_off_ratio,1.5513343894936538,1.3993913,1.5703585,1.7593412,True
SnTe3O8__As2Pb3O8,log10_on_off_ratio,2.025414312362698,1.6747811,2.0367815,2.4577646,True
SnTe3O8__As2Pb3O8,log10_on_off_ratio,0.5939698523265571,0.5696918,0.57847816,0.8931908,True
SnTe3O8__As2Pb3O8,log10_on_off_ratio,1.070540358837264,0.90397155,1.2206686,1.3950695,True
SnTe3O8__As2Pb3O8,log10_on_off_ratio,1.1047237398838516,0.9232617,1.2989326,1.4563506,True
Cd2AsO4F__Br2O3,log10_on_off_ratio,1.1278077968114426,1.0247262,1.207084,1.4163684,True
Cd2AsO4F__Br2O3,log10_on_off_ratio,0.6683995501841274,0.67849034,0.7422536,1.0944058,False
Cd2AsO4F__Br2O3,log10_on_off_ratio,1.0118486344769524,0.94248575,1.0507174,1.3161426,True
Cd2AsO4F__Br2O3,log10_on_off_ratio,2.4367851441534985,2.1033583,2.4567246,2.4805362,True
ZnI2__P2Pb3O8,log10_on_off_ratio,1.095464699523953,1.4335512,1.6653671,1.9591982,False
ZnI2__P2Pb3O8,log10_on_off_ratio,0.6115799051813154,0.7209707,0.827585,1.0873216,False
ZnI2__P2Pb3O8,log10_on_off_ratio,0.5582498592319868,0.6440273,0.6546883,0.9088978,False
ZnI2__P2Pb3O8,log10_on_off_ratio,0.8139406679146427,0.878983,1.2155734,1.3592106,False
Zn2AsHO5__HC2N3,log10_on_off_ratio,1.1968272737912438,1.0701284,1.179792,1.4012885,True
Zn2AsHO5__HC2N3,log10_on_off_ratio,1.2997801761529957,1.1754345,1.273778,1.4901792,True
Zn2AsHO5__HC2N3,log10_on_off_ratio,1.7955156914777648,1.558896,1.744979,1.9171681,True
Zn2AsHO5__HC2N3,log10_on_off_ratio,2.59205385124951,2.1911273,2.5868707,2.6017106,True
K10Zn4Sn4S17__Sb9S4F39,log10_on_off_ratio,2.1865948353835933,1.8506285,2.1463277,2.2322087,True
K10Zn4Sn4S17__Sb9S4F39,log10_on_off_ratio,0.481532364284333,0.50780344,0.53474206,1.0469066,False
K10Zn4Sn4S17__Sb9S4F39,log10_on_off_ratio,0.956002138897164,0.9101864,0.91854185,1.2232677,True
K10Zn4Sn4S17__Sb9S4F39,log10_on_off_ratio,2.573687315984935,2.1892335,2.5919542,2.6050386,True
Na2Zn2Si2O7__P2Pb3O8,log10_on_off_ratio,2.344679882018241,2.1023238,2.373975,2.4164288,True
Na2Zn2Si2O7__P2Pb3O8,log10_on_off_ratio,1.705767784015746,1.6152784,1.7260284,1.9426284,True
Na2Zn2Si2O7__P2Pb3O8,log10_on_off_ratio,2.000252008814195,1.7797707,2.019159,2.0917559,True
Na2Zn2Si2O7__P2Pb3O8,log10_on_off_ratio,1.4390828006390617,1.3877027,1.5115232,1.7317157,True
CaAlH5__NaLi3(H2N)4,log10_on_off_ratio,2.5526436205297265,2.1753252,2.566416,2.5739427,True
CaAlH5__NaLi3(H2N)4,log10_on_off_ratio,1.0327246309118476,0.9698265,1.092957,1.3074481,True
CaAlH5__NaLi3(H2N)4,log10_on_off_ratio,1.4337723101203157,1.3172802,1.4583316,1.6409822,True
CaAlH5__NaLi3(H2N)4,log10_on_off_ratio,2.1408106282692096,1.8736068,2.143736,2.2094886,True
K6ZnSe4__As3Pb5ClO12,log10_on_off_ratio,1.690112118312724,1.4589083,1.6637713,1.8095093,True
K6ZnSe4__As3Pb5ClO12,log10_on_off_ratio,1.6170600404519735,1.4258262,1.6004052,1.7986023,True
K6ZnSe4__As3Pb5ClO12,log10_on_off_ratio,0.8782317860773059,0.8271085,0.9026455,1.1553295,True
K6ZnSe4__As3Pb5ClO12,log10_on_off_ratio,1.9713310607145345,1.7098756,2.0055456,2.113808,True
Ca4SiN4__CaGeN2,log10_on_off_ratio,1.7639933300864832,1.7570053,1.8278306,1.846386,True
Ca4SiN4__CaGeN2,log10_on_off_ratio,0.715301892325861,0.72119504,0.7658228,0.9961287,False
Ca4SiN4__CaGeN2,log10_on_off_ratio,2.0804400320550505,1.986039,2.174315,2.1965177,True
Ca4SiN4__CaGeN2,log10_on_off_ratio,2.488055076858238,2.2073052,2.6289392,2.7040875,True
Ca2Ti3O8__SbAs2Cl13,log10_on_off_ratio,0.6512442415015199,0.6242669,0.65181655,1.0563098,True
Ca2Ti3O8__SbAs2Cl13,log10_on_off_ratio,2.606120584848458,2.217778,2.582146,2.603073,False
Ca2Ti3O8__SbAs2Cl13,log10_on_off_ratio,0.5592986715018127,0.64724356,0.64912415,1.0523974,False
Ca2Ti3O8__SbAs2Cl13,log10_on_off_ratio,1.8351262936702115,1.5359005,1.7885215,1.919352,True
PICl6__Na6Ge2S7,log10_on_off_ratio,1.3592372786195257,1.2441295,1.3656421,1.5810021,True
PICl6__Na6Ge2S7,log10_on_off_ratio,2.7976259030723827,2.2542963,2.7868278,2.8139493,True
PICl6__Na6Ge2S7,log10_on_off_ratio,0.5984478496021508,0.61380094,0.63613164,1.0848252,False
PICl6__Na6Ge2S7,log10_on_off_ratio,0.9337212503165911,0.8714107,0.9559033,1.3105457,True
NaAsSe2__LiTiPO5,log10_on_off_ratio,1.680212781054114,1.5131229,1.6474793,1.8224958,True
NaAsSe2__LiTiPO5,log10_on_off_ratio,0.8592266823566608,0.8003018,0.87855184,1.1805078,True
NaAsSe2__LiTiPO5,log10_on_off_ratio,1.3349704643046318,1.270009,1.3965937,1.5916245,True
NaAsSe2__LiTiPO5,log10_on_off_ratio,2.235613186048648,2.0197427,2.2148721,2.3001425,True
KSbS2__BrF3,log10_on_off_ratio,1.3199129328570842,1.1757706,1.3667564,1.5224282,True
KSbS2__BrF3,log10_on_off_ratio,1.6026320155308105,1.382081,1.5170568,1.6569731,True
KSbS2__BrF3,log10_on_off_ratio,1.3390747098538271,1.1805916,1.3565683,1.5261874,True
KSbS2__BrF3,log10_on_off_ratio,2.258338923105074,1.9147029,2.231236,2.2602856,True
Ca21(Zn2As9)2__NClO3,log10_on_off_ratio,0.8174496101645262,0.7663161,0.80056417,1.1181992,True
Ca21(Zn2As9)2__NClO3,log10_on_off_ratio,0.6575824594157665,0.6769664,0.68564945,1.0740497,False
Ca21(Zn2As9)2__NClO3,log10_on_off_ratio,1.1651679605594336,1.0906444,1.1895028,1.4457,True
Ca21(Zn2As9)2__NClO3,log10_on_off_ratio,1.2280397621981607,1.1220809,1.2554293,1.5042982,True
NaInSn2__CdSe2,log10_on_off_ratio,1.5191384458513055,1.4170383,1.4921054,1.7121229,True
NaInSn2__CdSe2,log10_on_off_ratio,1.8454097244307364,1.5684463,1.8307897,1.94441,True
NaInSn2__CdSe2,log10_on_off_ratio,0.6586830596725362,0.66418755,0.6779934,1.0774724,False
NaInSn2__CdSe2,log10_on_off_ratio,2.2249253781290834,1.9725848,2.219898,2.2740598,True
SeBr4__Li5SiP3,log10_on_off_ratio,2.280876528234675,1.9744918,2.3075678,2.3537436,True
SeBr4__Li5SiP3,log10_on_off_ratio,2.784811756591122,2.2270417,2.7635772,2.7665281,False
SeBr4__Li5SiP3,log10_on_off_ratio,1.2121841605960049,1.1163511,1.240793,1.5263593,True
SeBr4__Li5SiP3,log10_on_off_ratio,0.9774121099216976,0.9394257,0.99516714,1.2647548,True
K6ZnSe4__CaTiN2,log10_on_off_ratio,1.664829705769107,1.3846865,1.8103484,2.0107431,True
K6ZnSe4__CaTiN2,log10_on_off_ratio,0.4676145346932506,0.47729462,0.50894064,0.8135616,False
K6ZnSe4__CaTiN2,log10_on_off_ratio,0.5941737151771667,0.59368795,0.6280791,0.94443685,True
K6ZnSe4__CaTiN2,log10_on_off_ratio,0.4129552031299873,0.41308358,0.4314098,0.8652615,False
In2(PS3)3__TiPCl9,log10_on_off_ratio,2.596547466062309,1.9495962,2.3576617,2.6688888,True
In2(PS3)3__TiPCl9,log10_on_off_ratio,1.940679598248624,1.5962721,1.8658963,2.015913,True
In2(PS3)3__TiPCl9,log10_on_off_ratio,0.4096836253564092,0.42782864,0.45408615,0.8764361,False
In2(PS3)3__TiPCl9,log10_on_off_ratio,0.7556005699953109,0.69647723,0.78962314,1.0680425,True
K4PbO4__LiAlSe2,log10_on_off_ratio,0.6920736797403992,0.65279824,0.6931216,1.0335717,True
K4PbO4__LiAlSe2,log10_on_off_ratio,2.811550285642996,2.0411508,2.5020273,2.6733398,False
K4PbO4__LiAlSe2,log10_on_off_ratio,0.9325306111190452,0.8486948,0.96626925,1.1662114,True
K4PbO4__LiAlSe2,log10_on_off_ratio,2.3584191940170727,1.9014506,2.153863,2.3481514,False
In3SnI5__Na2Se2O7,log10_on_off_ratio,0.648092642128505,0.63866997,0.63999087,0.9727314,True
In3SnI5__Na2Se2O7,log10_on_off_ratio,0.8035970230704959,0.75922346,0.8383623,1.1449002,True
In3SnI5__Na2Se2O7,log10_on_off_ratio,1.0955140323002082,0.96615666,1.0903234,1.308405,True
In3SnI5__Na2Se2O7,log10_on_off_ratio,0.7619410267286743,0.744127,0.7864016,1.1121979,True
K6Sn3As5__TiGeS3,log10_on_off_ratio,2.2216340211089416,1.9584231,2.225635,2.2726212,True
K6Sn3As5__TiGeS3,log10_on_off_ratio,0.6960427931918152,0.6164168,0.70953095,1.0648563,True
K6Sn3As5__TiGeS3,log10_on_off_ratio,0.7019709929716255,0.75366575,0.7872013,1.0862669,False
K6Sn3As5__TiGeS3,log10_on_off_ratio,0.5488083666734244,0.57339907,0.65355355,1.0148394,False
Na3PS4__K3SbTe3,log10_on_off_ratio,1.361180509198674,1.2652079,1.4151485,1.6011717,True
Na3PS4__K3SbTe3,log10_on_off_ratio,2.6341929430226574,2.287851,2.6396718,2.6958516,True
Na3PS4__K3SbTe3,log10_on_off_ratio,0.5985474699627578,0.56322813,0.6132838,0.9978062,True
Na3PS4__K3SbTe3,log10_on_off_ratio,1.648550191319205,1.4882205,1.6650785,1.8113942,True
Ca3(SiP2)2__K2Ge2S5,log10_on_off_ratio,2.2905242329945508,2.0906007,2.343673,2.3554263,True
Ca3(SiP2)2__K2Ge2S5,log10_on_off_ratio,2.091473788069435,1.876301,2.0385642,2.0967128,True
Ca3(SiP2)2__K2Ge2S5,log10_on_off_ratio,2.000953096649445,1.8215017,2.0318356,2.0706587,True
Ca3(SiP2)2__K2Ge2S5,log10_on_off_ratio,1.9369979020686048,1.7955934,1.9572151,2.0433197,True
NaSbTe2__LiTiAsO5,log10_on_off_ratio,0.5512406877913936,0.57409954,0.58800894,0.940251,False
NaSbTe2__LiTiAsO5,log10_on_off_ratio,2.096502988564375,1.8425033,2.0819528,2.1757321,True
NaSbTe2__LiTiAsO5,log10_on_off_ratio,1.65831277925438,1.4388113,1.6544788,1.7972697,True
NaSbTe2__LiTiAsO5,log10_on_off_ratio,0.5034623824069355,0.5209499,0.52499914,1.0051309,False
K3SbO4__Na2GeO3,log10_on_off_ratio,0.6571994239546904,0.67567027,0.7221649,1.04778,False
K3SbO4__Na2GeO3,log10_on_off_ratio,1.004526882500396,1.0231012,1.0510253,1.3041528,False
K3SbO4__Na2GeO3,log10_on_off_ratio,0.8321966072725521,0.79752547,0.85432154,1.1532503,True
K3SbO4__Na2GeO3,log10_on_off_ratio,1.064057110281159,1.0320528,1.1038202,1.3206575,True
Sb2BrF15__GaTeI7,log10_on_off_ratio,0.8341034893018668,0.7992301,0.86329764,1.2357367,True
Sb2BrF15__GaTeI7,log10_on_off_ratio,1.7492520629617314,1.5572331,1.7961514,1.9029638,True
Sb2BrF15__GaTeI7,log10_on_off_ratio,1.885101675123076,1.6662911,1.8968908,2.0016537,True
Sb2BrF15__GaTeI7,log10_on_off_ratio,0.6432939762285794,0.6404159,0.66074663,1.0500004,True
K2Ga2As3__K4PbO4,log10_on_off_ratio,0.9076093329899302,0.7873548,0.92828524,1.1812711,True
K2Ga2As3__K4PbO4,log10_on_off_ratio,0.9817360213810542,0.944494,1.0283942,1.3291793,True
K2Ga2As3__K4PbO4,log10_on_off_ratio,1.2450498419239522,1.1151717,1.2444848,1.4442091,True
K2Ga2As3__K4PbO4,log10_on_off_ratio,0.9171383286511924,0.86309034,0.9150007,1.2568003,True
KInO2__KIn(TeO3)2,log10_on_off_ratio,0.8676569020678616,0.8143983,0.86165994,1.1920379,True
KInO2__KIn(TeO3)2,log10_on_off_ratio,1.3176735821486845,1.1067638,1.3368813,1.5477436,True
KInO2__KIn(TeO3)2,log10_on_off_ratio,1.0935985028934128,0.9654769,1.0954645,1.3057727,True
KInO2__KIn(TeO3)2,log10_on_off_ratio,0.7752236336187689,0.7244646,0.83734226,1.1500027,True
Li2TeS3__Na2Sb4O7,log10_on_off_ratio,0.7110499431567475,0.814444,0.83237517,1.1223863,False
Li2TeS3__Na2Sb4O7,log10_on_off_ratio,2.3183827791124227,2.1617599,2.5140226,2.5487986,True
Li2TeS3__Na2Sb4O7,log10_on_off_ratio,1.5330326452255574,1.4560951,1.6631655,1.713059,True
Li2TeS3__Na2Sb4O7,log10_on_off_ratio,1.1215057725610478,1.1043884,1.2545228,1.3718472,True
K2Sn2O3__Li2Ti6Zn3O16,log10_on_off_ratio,1.3078456265437368,1.2269782,1.3879453,1.5201681,True
K2Sn2O3__Li2Ti6Zn3O16,log10_on_off_ratio,1.5072316708296762,1.5087366,1.5668697,1.6954057,False
K2Sn2O3__Li2Ti6Zn3O16,log10_on_off_ratio,0.9553350307062932,0.9769561,1.0440826,1.2683185,False
K2Sn2O3__Li2Ti6Zn3O16,log10_on_off_ratio,0.7433701857993089,0.7228313,0.76558644,1.0919178,True
KZnSb__Na2CaTi2(GeO4)3,log10_on_off_ratio,2.30077574616284,2.0493064,2.3342037,2.342617,True
KZnSb__Na2CaTi2(GeO4)3,log10_on_off_ratio,0.7182684873430778,0.7178231,0.7817674,1.099737,True
KZnSb__Na2CaTi2(GeO4)3,log10_on_off_ratio,2.046800159655302,1.7911278,2.0700788,2.1693118,True
KZnSb__Na2CaTi2(GeO4)3,log10_on_off_ratio,0.676035860679867,0.70002866,0.7200712,1.0966216,False
Zn(SbO3)2__KSi5N7,log10_on_off_ratio,1.0057686067550002,0.86146826,0.97886384,1.2773118,True
Zn(SbO3)2__KSi5N7,log10_on_off_ratio,1.7267934792978243,1.4394349,1.6399276,1.8306125,True
Zn(SbO3)2__KSi5N7,log10_on_off_ratio,1.6702117471187043,1.4325584,1.6559241,1.8127666,True
Zn(SbO3)2__KSi5N7,log10_on_off_ratio,2.6304534536566413,2.0387704,2.3935812,2.583551,False
P7Pb__Na6S2O9,log10_on_off_ratio,0.92203346000231,0.8553865,0.948322,1.2052739,True
P7Pb__Na6S2O9,log10_on_off_ratio,0.943281520758277,0.9075907,1.0142248,1.2492516,True
P7Pb__Na6S2O9,log10_on_off_ratio,0.5989595023529892,0.67429394,0.68618464,1.0690428,False
P7Pb__Na6S2O9,log10_on_off_ratio,1.6450747809868456,1.4962069,1.6699268,1.8152978,True
Na6GaAs3__KSnPO5,log10_on_off_ratio,2.651859321862801,2.1851165,2.600777,2.6061385,False
Na6GaAs3__KSnPO5,log10_on_off_ratio,2.7575133927571045,2.1684873,2.6572075,2.704779,False
Na6GaAs3__KSnPO5,log10_on_off_ratio,0.9589677989536765,0.88102144,0.9761027,1.2309463,True
Na6GaAs3__KSnPO5,log10_on_off_ratio,2.155872886392739,1.8937131,2.1410997,2.2060537,True
IO2F__K2LiAlH6,log10_on_off_ratio,1.558809638840218,1.3954941,1.5504942,1.7269691,True
IO2F__K2LiAlH6,log10_on_off_ratio,2.772320417862126,2.3551466,2.7286668,2.7538664,False
IO2F__K2LiAlH6,log10_on_off_ratio,2.386446063301666,2.0313203,2.3920224,2.3944666,True
IO2F__K2LiAlH6,log10_on_off_ratio,1.8168693920578536,1.6274638,1.793782,1.9138243,True
BrNO3__Ca2As2O7,log10_on_off_ratio,2.486577632760492,2.1396184,2.467666,2.4720342,False
BrNO3__Ca2As2O7,log10_on_off_ratio,2.0495113615855063,1.7769215,2.0295,2.1220243,True
BrNO3__Ca2As2O7,log10_on_off_ratio,1.105064483056984,1.0566134,1.1187743,1.3380737,True
BrNO3__Ca2As2O7,log10_on_off_ratio,1.368056229548276,1.235698,1.4103562,1.615635,True
SbSI__Sb2IBr2F11,log10_on_off_ratio,2.0291593683258884,1.7527071,2.0003479,2.1261692,True
SbSI__Sb2IBr2F11,log10_on_off_ratio,0.591580879263007,0.59723794,0.63452023,0.9928023,False
SbSI__Sb2IBr2F11,log10_on_off_ratio,2.398704644575272,2.074635,2.3782165,2.414091,True
SbSI__Sb2IBr2F11,log10_on_off_ratio,0.96098923168191,0.9243292,1.0047225,1.3562931,True
Li3SbS4__K2SbCl5,log10_on_off_ratio,1.0152037432988457,0.9843308,1.0492562,1.2821403,True
Li3SbS4__K2SbCl5,log10_on_off_ratio,0.933389629784397,0.97689724,1.024625,1.2561239,False
Li3SbS4__K2SbCl5,log10_on_off_ratio,0.4085392257617822,0.47161356,0.4870917,0.8968103,False
Li3SbS4__K2SbCl5,log10_on_off_ratio,1.6046814622858252,1.5210812,1.7034119,1.797588,True
Na5SnP3__K2Li3GaO4,log10_on_off_ratio,1.7998083177260122,1.5806915,1.7832383,1.9433652,True
Na5SnP3__K2Li3GaO4,log10_on_off_ratio,0.4888410924390285,0.54114914,0.5543962,1.0273756,False
Na5SnP3__K2Li3GaO4,log10_on_off_ratio,2.5511057573760465,2.168642,2.5371175,2.544103,False
Na5SnP3__K2Li3GaO4,log10_on_off_ratio,2.330024194837056,2.0455618,2.2994041,2.3366315,True
SnO2__Al6Cd4SO12,log10_on_off_ratio,2.25227179911146,1.8323499,2.1504452,2.282821,True
SnO2__Al6Cd4SO12,log10_on_off_ratio,1.128998986876665,1.0147731,1.1480033,1.4176785,True
SnO2__Al6Cd4SO12,log10_on_off_ratio,0.7287708296720966,0.6776976,0.7506844,1.0436593,True
SnO2__Al6Cd4SO12,log10_on_off_ratio,1.042622500151793,0.8948138,1.0486658,1.3453877,True
Na4Ge2PbS6__SbCl5,log10_on_off_ratio,2.739927880342357,2.2968328,2.72164,2.7257845,False
Na4Ge2PbS6__SbCl5,log10_on_off_ratio,1.1128050791936313,1.0548083,1.1418854,1.4086072,True
Na4Ge2PbS6__SbCl5,log10_on_off_ratio,2.6028689584369675,2.2144403,2.6412015,2.645366,True
Na4Ge2PbS6__SbCl5,log10_on_off_ratio,2.479225097636438,2.127199,2.4724689,2.5213685,True
HI3__LiInI4,log10_on_off_ratio,0.8776873325613891,0.8550121,0.92648727,1.2659942,True
HI3__LiInI4,log10_on_off_ratio,0.6810913478285233,0.635243,0.64036644,1.0772634,True
HI3__LiInI4,log10_on_off_ratio,1.4343015575989388,1.2930714,1.4146602,1.6258026,True
HI3__LiInI4,log10_on_off_ratio,2.0634541303024743,1.7312354,2.0399709,2.0471852,False
KSbO3__K2Zn(GeO3)2,log10_on_off_ratio,0.9026707911911802,0.8847469,1.5882193,1.9668347,True
KSbO3__K2Zn(GeO3)2,log10_on_off_ratio,0.7203369167579821,0.6309188,1.3203455,1.5910996,True
KSbO3__K2Zn(GeO3)2,log10_on_off_ratio,0.6859786346555042,0.7640884,1.3723105,1.6213065,False
KSbO3__K2Zn(GeO3)2,log10_on_off_ratio,1.132218484527477,1.1061894,1.871109,2.4922712,True
Ca2Ge__P3HT,log10_on_off_ratio,1.4271759661748478,1.331413,1.445736,1.6603642,True
Ca2Ge__P3HT,log10_on_off_ratio,2.4943806385753446,2.2503395,2.5556393,2.5747426,True
Ca2Ge__P3HT,log10_on_off_ratio,0.9542871679947644,0.9326741,0.9821314,1.3247113,True
Ca2Ge__P3HT,log10_on_off_ratio,1.5100407781132603,1.3542714,1.4892067,1.6824024,True
K4Ti3S14__K2In2P3Se10,log10_on_off_ratio,0.8793314236917467,0.7933377,0.9001403,1.0710047,True
K4Ti3S14__K2In2P3Se10,log10_on_off_ratio,1.326091469357452,1.1409751,1.351896,1.4614218,True
K4Ti3S14__K2In2P3Se10,log10_on_off_ratio,1.8490998323025507,1.661972,1.9068865,1.9727279,True
K4Ti3S14__K2In2P3Se10,log10_on_off_ratio,2.1347792583706533,1.918237,2.1605775,2.2354414,True
TeS7Cl2__Na2LiAlH6,log10_on_off_ratio,1.0609632168010923,1.0173435,1.1046641,1.3375999,True
TeS7Cl2__Na2LiAlH6,log10_on_off_ratio,2.914695818155713,2.3449893,2.8527336,2.9225202,True
TeS7Cl2__Na2LiAlH6,log10_on_off_ratio,1.8986977802963756,1.6467731,1.9290406,1.9756832,True
TeS7Cl2__Na2LiAlH6,log10_on_off_ratio,2.5711803418450656,2.218026,2.5603135,2.573339,True
K2Sb4O11__Al2Te3,log10_on_off_ratio,1.5754060318651375,1.4138873,1.6944137,1.9212465,True
K2Sb4O11__Al2Te3,log10_on_off_ratio,1.973413847934341,1.6237766,1.9396799,2.4353535,True
K2Sb4O11__Al2Te3,log10_on_off_ratio,1.9861012026415932,1.6180861,1.9212879,2.413304,True
K2Sb4O11__Al2Te3,log10_on_off_ratio,0.5934254896991397,0.61250854,0.625822,0.9988468,False
K4PbO3__SICl7,log10_on_off_ratio,0.8721656496183604,0.8386184,0.92412907,1.2738383,True
K4PbO3__SICl7,log10_on_off_ratio,0.8784952081842362,0.83573717,0.91509,1.2257378,True
K4PbO3__SICl7,log10_on_off_ratio,1.149979761054721,1.0889279,1.2311773,1.4652238,True
K4PbO3__SICl7,log10_on_off_ratio,2.6516827346234826,2.210387,2.629627,2.6412408,False
Na2SnAs2__CaTeO3,log10_on_off_ratio,2.495087658004591,2.1387825,2.4635296,2.4706368,False
Na2SnAs2__CaTeO3,log10_on_off_ratio,0.6979907294138221,0.6985029,0.6991598,1.0640007,False
Na2SnAs2__CaTeO3,log10_on_off_ratio,0.9006851862002035,0.8677465,0.9145271,1.2349606,True
Na2SnAs2__CaTeO3,log10_on_off_ratio,1.7990697394692288,1.5586542,1.8253866,1.9380758,True
Sb2O5__K3Li3TeO6,log10_on_off_ratio,2.5333514527173318,2.0920987,2.4541311,2.5044956,False
Sb2O5__K3Li3TeO6,log10_on_off_ratio,1.3309938103252767,1.1844851,1.3520218,1.5662786,True
Sb2O5__K3Li3TeO6,log10_on_off_ratio,2.769212039889394,2.3255134,2.709392,2.716561,False
Sb2O5__K3Li3TeO6,log10_on_off_ratio,0.8273285637732326,0.80217737,0.8679545,1.2000612,True
K2Pb2O3__Ca2PN3,log10_on_off_ratio,1.103211871816833,0.97747654,1.047981,1.3416132,True
K2Pb2O3__Ca2PN3,log10_on_off_ratio,2.4219186120753053,1.8678697,2.2828948,2.471903,True
K2Pb2O3__Ca2PN3,log10_on_off_ratio,0.8180651164619661,0.76383036,0.8524974,1.177713,True
K2Pb2O3__Ca2PN3,log10_on_off_ratio,0.8581646421480194,0.8508571,0.8925615,1.1787864,True
SCl4__NaGa(SeO3)2,log10_on_off_ratio,2.0823823418087226,1.7712058,2.0456364,2.1612692,True
SCl4__NaGa(SeO3)2,log10_on_off_ratio,1.3409029714748877,1.1697824,1.311433,1.5485307,True
SCl4__NaGa(SeO3)2,log10_on_off_ratio,2.424525276333747,1.9840877,2.369063,2.3889282,False
SCl4__NaGa(SeO3)2,log10_on_off_ratio,2.815624991617487,2.28676,2.8034236,2.8085053,False
TeHO3__Cd(GaTe2)2,log10_on_off_ratio,0.7647974025004616,0.7578903,0.76024765,1.1132267,True
TeHO3__Cd(GaTe2)2,log10_on_off_ratio,0.7511014853705613,0.69895107,0.74777955,1.0294312,True
TeHO3__Cd(GaTe2)2,log10_on_off_ratio,1.2780045766616943,1.189367,1.27355,1.5347167,True
TeHO3__Cd(GaTe2)2,log10_on_off_ratio,1.426897365208106,1.2925742,1.4377823,1.6257964,True
K2GeSe3__CdPbF6,log10_on_off_ratio,2.124867495091184,1.8392752,2.133556,2.197118,True
K2GeSe3__CdPbF6,log10_on_off_ratio,1.0085306521885329,0.901827,1.015153,1.3675706,True
K2GeSe3__CdPbF6,log10_on_off_ratio,1.6264106845030444,1.440436,1.631289,1.7668316,True
K2GeSe3__CdPbF6,log10_on_off_ratio,2.5306905999166287,2.1103787,2.4691184,2.4773679,False
Pentacene__LiCaAlN2,log10_on_off_ratio,2.5726664900208083,2.238391,2.5685956,2.5698593,False
Pentacene__LiCaAlN2,log10_on_off_ratio,1.046395428159946,0.9567651,1.0536058,1.3311431,True
Pentacene__LiCaAlN2,log10_on_off_ratio,2.2780593519229235,1.9715388,2.2367582,2.2450657,False
Pentacene__LiCaAlN2,log10_on_off_ratio,0.7162813709895747,0.7556233,0.78525645,1.0601466,False
SbBr5F6__Na2In2GeS6,log10_on_off_ratio,1.4918892443575889,1.2948494,1.4638221,1.6774012,True
SbBr5F6__Na2In2GeS6,log10_on_off_ratio,0.874085780969905,0.84686714,0.9174153,1.3022767,True
SbBr5F6__Na2In2GeS6,log10_on_off_ratio,1.24191671465507,1.1603075,1.29367,1.4989778,True
SbBr5F6__Na2In2GeS6,log10_on_off_ratio,0.9283974390112129,0.8274722,0.8706739,1.2268555,True
Li3As7(H3N)13__Na2Se2O7,log10_on_off_ratio,1.113985389716,0.82415307,1.1013974,1.3350639,True
Li3As7(H3N)13__Na2Se2O7,log10_on_off_ratio,2.667244136739486,1.829525,2.3404467,2.601702,False
Li3As7(H3N)13__Na2Se2O7,log10_on_off_ratio,1.3360166669118152,1.014402,1.3214315,1.5336707,True
Li3As7(H3N)13__Na2Se2O7,log10_on_off_ratio,2.006021541857125,1.4687567,1.8560206,2.0001419,False
LiZnN__Ca(AlSe2)2,log10_on_off_ratio,0.7699014298257368,0.6217147,0.8198928,1.1620643,True
LiZnN__Ca(AlSe2)2,log10_on_off_ratio,2.743850068993823,1.7140896,2.3991992,2.7107744,False
LiZnN__Ca(AlSe2)2,log10_on_off_ratio,1.098819226490173,0.82140046,1.0849808,1.3635954,True
LiZnN__Ca(AlSe2)2,log10_on_off_ratio,2.037908903355314,1.4842474,1.9724469,2.0963151,True
Na5GeP3__K2Zn3O4,log10_on_off_ratio,1.121089946390767,0.9553781,1.3430879,1.6472098,True
Na5GeP3__K2Zn3O4,log10_on_off_ratio,1.130250281773871,1.0026847,1.3349217,1.597137,True
Na5GeP3__K2Zn3O4,log10_on_off_ratio,0.3269313190553554,0.27957687,0.36906663,0.78194237,True
Na5GeP3__K2Zn3O4,log10_on_off_ratio,1.5136367894643394,1.285141,1.6710968,2.231902,True
Ti(SeO3)2__Sb2S19F12,log10_on_off_ratio,2.205992238379477,1.9055165,2.2131665,2.282191,True
Ti(SeO3)2__Sb2S19F12,log10_on_off_ratio,0.6650983720697297,0.66469395,0.6857102,1.0902239,True
Ti(SeO3)2__Sb2S19F12,log10_on_off_ratio,0.8688453818333464,0.83169556,0.9560298,1.2396389,True
Ti(SeO3)2__Sb2S19F12,log10_on_off_ratio,2.262241109409588,1.9292411,2.2303567,2.3013525,True
Li10Sn(PSe6)2__NaInS2,log10_on_off_ratio,0.5253210032927107,0.52973044,0.5364141,0.89463055,False
Li10Sn(PSe6)2__NaInS2,log10_on_off_ratio,1.2873601925010678,1.0605743,1.2611843,1.422524,True
Li10Sn(PSe6)2__NaInS2,log10_on_off_ratio,1.5491270659002134,1.364,1.5452609,1.63848,True
Li10Sn(PSe6)2__NaInS2,log10_on_off_ratio,2.2840028934386782,1.915459,2.0503764,2.233071,False
K5In3(SiO3)7__SnTe3O8,log10_on_off_ratio,2.598441703445764,2.2141669,2.6287675,2.630209,True
K5In3(SiO3)7__SnTe3O8,log10_on_off_ratio,1.8587451017154373,1.6196856,1.8060648,1.9804662,True
K5In3(SiO3)7__SnTe3O8,log10_on_off_ratio,0.770405826804653,0.7787823,0.80555373,1.1635545,False
K5In3(SiO3)7__SnTe3O8,log10_on_off_ratio,1.4190098286880692,1.2765615,1.4539728,1.5938869,True
LiCa11Sb9__KPSe6,log10_on_off_ratio,1.3739279438827048,1.2275444,1.3899698,1.6290728,True
LiCa11Sb9__KPSe6,log10_on_off_ratio,1.531484254384178,1.3550177,1.5186608,1.7385702,True
LiCa11Sb9__KPSe6,log10_on_off_ratio,0.5405914450206256,0.5504773,0.56863356,1.0309354,False
LiCa11Sb9__KPSe6,log10_on_off_ratio,0.7978351383998715,0.7681877,0.8223167,1.1020247,True
PTCDA__TeBrO3F5,log10_on_off_ratio,1.097426430390399,1.0097569,1.1220373,1.4342355,True
PTCDA__TeBrO3F5,log10_on_off_ratio,2.515414123215874,2.121808,2.439868,2.4961236,False
PTCDA__TeBrO3F5,log10_on_off_ratio,2.066250233865811,1.7499751,2.0771508,2.14598,True
PTCDA__TeBrO3F5,log10_on_off_ratio,0.8345392295329015,0.7816772,0.84719783,1.2393132,True
In5S5Br__AlPI8,log10_on_off_ratio,0.47839484977516,0.45202348,0.5039214,0.86149013,True
In5S5Br__AlPI8,log10_on_off_ratio,1.2294266129129152,1.1150174,1.370311,1.6432271,True
In5S5Br__AlPI8,log10_on_off_ratio,1.6904882453026828,1.366508,1.7180196,2.0399425,True
In5S5Br__AlPI8,log10_on_off_ratio,0.521659582982372,0.49401495,0.5408853,0.8863532,True
LiSb3O8__TeSe,log10_on_off_ratio,0.885865048970963,0.800629,0.83787465,1.2138634,True
LiSb3O8__TeSe,log10_on_off_ratio,0.6387305380491641,0.682791,0.6953366,1.080065,False
LiSb3O8__TeSe,log10_on_off_ratio,0.6332873724021432,0.67012167,0.6754487,1.0919254,False
LiSb3O8__TeSe,log10_on_off_ratio,1.10064653625063,1.0172493,1.1214317,1.3800868,True
ZnSe2__NaH2N,log10_on_off_ratio,0.7498821123031219,0.7906375,0.844628,1.0720694,False
ZnSe2__NaH2N,log10_on_off_ratio,0.7306501488520839,0.77909845,0.7870259,1.0447892,False
ZnSe2__NaH2N,log10_on_off_ratio,1.8179831151233512,1.7577621,1.9214505,2.003596,True
ZnSe2__NaH2N,log10_on_off_ratio,1.7997688978184974,1.6748611,1.8138734,1.9197229,True
Na2SnAs2__SnPCl9,log10_on_off_ratio,0.4408044704129752,0.46324268,0.4778758,0.96210265,False
Na2SnAs2__SnPCl9,log10_on_off_ratio,2.039345150054295,1.7580185,2.0255098,2.1185164,True
Na2SnAs2__SnPCl9,log10_on_off_ratio,2.453496159065123,2.069291,2.4146607,2.4159405,False
Na2SnAs2__SnPCl9,log10_on_off_ratio,2.670474944059264,2.2156155,2.6106932,2.6149905,False
KGaI4__SbS8Cl3,log10_on_off_ratio,1.6691744980559695,1.507499,1.681542,1.7986096,True
KGaI4__SbS8Cl3,log10_on_off_ratio,2.2064586582337515,1.885854,2.2498834,2.2922895,True
KGaI4__SbS8Cl3,log10_on_off_ratio,2.138198247331157,1.8623189,2.126812,2.1846645,True
KGaI4__SbS8Cl3,log10_on_off_ratio,2.434724069837042,2.0284138,2.352795,2.407535,False
Si__ZnSe2O5,log10_on_off_ratio,1.384476489713964,1.1385716,1.3915193,1.5558511,True
Si__ZnSe2O5,log10_on_off_ratio,1.020527815692953,0.9525777,1.1163076,1.3157164,True
Si__ZnSe2O5,log10_on_off_ratio,2.3538609744614,1.9136794,2.2192724,2.3204877,False
Si__ZnSe2O5,log10_on_off_ratio,1.8298701755871103,1.4198227,1.7609451,1.9061346,True
IBr__K4Ge(PS3)4,log10_on_off_ratio,2.8402065901415074,2.298549,2.740339,2.7899072,False
IBr__K4Ge(PS3)4,log10_on_off_ratio,1.0680499861129682,0.97975117,1.0535617,1.3273172,True
IBr__K4Ge(PS3)4,log10_on_off_ratio,1.9858133890167395,1.7207011,1.9485453,2.0882201,True
IBr__K4Ge(PS3)4,log10_on_off_ratio,1.4541121055759283,1.2683588,1.4378129,1.6527978,True
Li2S__P2Pb3S8,log10_on_off_ratio,2.1823647985611228,1.7764037,2.022121,2.1924572,True
Li2S__P2Pb3S8,log10_on_off_ratio,0.760957460904479,0.7173818,0.78084457,1.1397458,True
Li2S__P2Pb3S8,log10_on_off_ratio,1.648445895081865,1.4086196,1.5956745,1.8149843,True
Li2S__P2Pb3S8,log10_on_off_ratio,1.7527549246499363,1.4912732,1.666052,1.8621678,True
K6Ti2S6O__PbBr2,log10_on_off_ratio,0.5341330104500096,0.5305727,0.57073283,1.0032737,True
K6Ti2S6O__PbBr2,log10_on_off_ratio,1.646152167496988,1.5178698,1.6551955,1.8784399,True
K6Ti2S6O__PbBr2,log10_on_off_ratio,2.0663611913943765,1.8074416,2.0996137,2.1856785,True
K6Ti2S6O__PbBr2,log10_on_off_ratio,1.9216786100327972,1.7297056,1.9639803,2.0707285,True
BrF5__K2ZnTe2,log10_on_off_ratio,0.8141818702670518,0.8691122,0.90249157,1.1775638,False
BrF5__K2ZnTe2,log10_on_off_ratio,2.476028353373989,2.136967,2.4391527,2.4839673,True
BrF5__K2ZnTe2,log10_on_off_ratio,0.628950405082058,0.674563,0.6859619,1.029004,False
BrF5__K2ZnTe2,log10_on_off_ratio,0.6520527349205496,0.74859864,0.75771356,1.0284905,False
Al2PbSe4__SbPO5,log10_on_off_ratio,1.391939651840559,1.2678826,1.4736166,1.6432441,True
Al2PbSe4__SbPO5,log10_on_off_ratio,0.677889120618625,0.69276965,0.6943812,1.091435,False
Al2PbSe4__SbPO5,log10_on_off_ratio,0.4549616350278042,0.5044432,0.5271272,1.0419838,False
Al2PbSe4__SbPO5,log10_on_off_ratio,1.2538201059248475,1.115961,1.2670184,1.5245521,True
Na7Al2Sb5__Na6ZnSe4,log10_on_off_ratio,2.749362893779145,1.9766645,2.4951723,2.7203858,False
Na7Al2Sb5__Na6ZnSe4,log10_on_off_ratio,2.735777032225901,1.8625252,2.4776013,2.6940207,False
Na7Al2Sb5__Na6ZnSe4,log10_on_off_ratio,2.37706116673264,1.7480617,2.1744986,2.3508053,False
Na7Al2Sb5__Na6ZnSe4,log10_on_off_ratio,1.0010390154295787,0.848716,0.9957912,1.2828034,True
K3LiGe4__P2H9(CBr)3,log10_on_off_ratio,1.1003612749149954,1.0203847,1.120161,1.3886809,True
K3LiGe4__P2H9(CBr)3,log10_on_off_ratio,2.499276758468393,2.1846023,2.5081813,2.5383925,True
K3LiGe4__P2H9(CBr)3,log10_on_off_ratio,0.6120486985193602,0.5754566,0.5948058,1.0407386,True
K3LiGe4__P2H9(CBr)3,log10_on_off_ratio,1.8953269813565703,1.6214659,1.8509341,1.9884249,True
SnSe__GeSe,log10_on_off_ratio,0.5574962762925033,0.4442541,0.5514254,0.8495664,True
SnSe__GeSe,log10_on_off_ratio,0.7099045998517075,0.7008305,0.8597263,1.1502174,True
SnSe__GeSe,log10_on_off_ratio,1.3452899503444116,1.1570257,1.4243085,1.9173856,True
SnSe__GeSe,log10_on_off_ratio,0.6577398848127523,0.56923234,0.6485879,0.88916355,True
Ca3GaN3__Na10Zn4O9,log10_on_off_ratio,0.468513881090066,0.4808473,0.50924397,1.0197275,False
Ca3GaN3__Na10Zn4O9,log10_on_off_ratio,1.4181210410881848,1.247167,1.3942598,1.6150514,True
Ca3GaN3__Na10Zn4O9,log10_on_off_ratio,1.4477571272614222,1.3349051,1.5087914,1.621813,True
Ca3GaN3__Na10Zn4O9,log10_on_off_ratio,0.6564244497379567,0.606124,0.65575725,1.0687001,True
GeS2__SbClF8,log10_on_off_ratio,0.9973750477681784,0.9125925,0.98424435,1.3037045,True
GeS2__SbClF8,log10_on_off_ratio,1.2004053446539356,1.0909926,1.2020401,1.4453882,True
GeS2__SbClF8,log10_on_off_ratio,0.6274453064696983,0.5939638,0.63055164,1.0516198,True
GeS2__SbClF8,log10_on_off_ratio,1.4456920972063318,1.2616277,1.4943255,1.6505744,True
TiSnP2SO12__KSiSbO5,log10_on_off_ratio,1.590821146004295,1.4431899,1.6009339,1.6830904,True
TiSnP2SO12__KSiSbO5,log10_on_off_ratio,1.8381303078306763,1.6377708,1.820667,1.9098145,True
TiSnP2SO12__KSiSbO5,log10_on_off_ratio,0.5118130490084246,0.5080411,0.5279394,0.92949504,True
TiSnP2SO12__KSiSbO5,log10_on_off_ratio,0.8479229462340292,0.8216532,0.8796916,1.1794186,True
Na3TiF8__Sn5O6,log10_on_off_ratio,1.2679924825291906,1.1634048,1.3132528,1.5418303,True
Na3TiF8__Sn5O6,log10_on_off_ratio,1.2997107817171654,1.1582575,1.3281654,1.5331551,True
Na3TiF8__Sn5O6,log10_on_off_ratio,1.8265739411523227,1.5697273,1.7848186,1.9252708,True
Na3TiF8__Sn5O6,log10_on_off_ratio,2.710726979788854,2.1827555,2.6684911,2.6907876,False
In2Si2Pb2O9__H4CSN2,log10_on_off_ratio,2.1569147012326737,1.8575705,2.148716,2.2197495,True
In2Si2Pb2O9__H4CSN2,log10_on_off_ratio,2.726721084087244,2.2210135,2.6940598,2.7576618,True
In2Si2Pb2O9__H4CSN2,log10_on_off_ratio,2.0493151494170085,1.7181834,2.0081353,2.0962248,True
In2Si2Pb2O9__H4CSN2,log10_on_off_ratio,2.7264626345791307,2.1925702,2.6887155,2.7094963,False
K4I2O9__SbBr(OF3)2,log10_on_off_ratio,1.0297283434652629,0.95011204,1.0314404,1.3749199,True
K4I2O9__SbBr(OF3)2,log10_on_off_ratio,1.1632497135760942,1.0665995,1.1896348,1.414283,True
K4I2O9__SbBr(OF3)2,log10_on_off_ratio,1.9425262493466136,1.6368092,1.8566118,1.9892032,True
K4I2O9__SbBr(OF3)2,log10_on_off_ratio,1.6366829673115422,1.4562047,1.64119,1.8139472,True
SnO__K2Ga2As3,log10_on_off_ratio,1.919753322958244,1.7055501,1.906948,2.0547578,True
SnO__K2Ga2As3,log10_on_off_ratio,0.8706969712634609,0.8430464,0.89391017,1.2332202,True
SnO__K2Ga2As3,log10_on_off_ratio,2.4173546564256627,2.0589721,2.4133604,2.4176655,True
SnO__K2Ga2As3,log10_on_off_ratio,1.4941582749421434,1.3320373,1.4622735,1.6720651,True
Li2TiO3__Sn(SO4)2,log10_on_off_ratio,2.661128861734685,2.1330044,2.6125119,2.634296,False
Li2TiO3__Sn(SO4)2,log10_on_off_ratio,2.3643938670994635,1.9606264,2.3315125,2.35022,False
Li2TiO3__Sn(SO4)2,log10_on_off_ratio,2.181883682937708,1.8462291,2.1348867,2.2402983,True
Li2TiO3__Sn(SO4)2,log10_on_off_ratio,0.6033307308618556,0.5896454,0.59974885,1.0505987,True
SbPS4__CdSiP2,log10_on_off_ratio,2.7185918472095283,2.2710521,2.6740768,2.7188673,True
SbPS4__CdSiP2,log10_on_off_ratio,2.774961178577033,2.3061996,2.7109802,2.7691596,False
SbPS4__CdSiP2,log10_on_off_ratio,0.5558786085251334,0.5443292,0.56188726,0.9830679,True
SbPS4__CdSiP2,log10_on_off_ratio,1.1056747555748616,1.0373607,1.1404158,1.4241917,True
Na3AsO4__Ca2SnO4,log10_on_off_ratio,2.338769482651115,2.0494227,2.366023,2.3884983,True
Na3AsO4__Ca2SnO4,log10_on_off_ratio,1.690679388317459,1.5497454,1.6829969,1.867704,True
Na3AsO4__Ca2SnO4,log10_on_off_ratio,0.3987221730765705,0.4147385,0.41651025,0.8930906,False
Na3AsO4__Ca2SnO4,log10_on_off_ratio,1.0542483606934112,0.9619827,1.0682857,1.3070612,True
K4Ti3S14__P4S9,log10_on_off_ratio,2.332391851623137,2.0008893,2.3016438,2.328109,False
K4Ti3S14__P4S9,log10_on_off_ratio,1.2220495083306906,1.1010367,1.2151769,1.5348837,True
K4Ti3S14__P4S9,log10_on_off_ratio,2.117354464463985,1.8856919,2.135105,2.2429452,True
K4Ti3S14__P4S9,log10_on_off_ratio,1.4497550755270456,1.295482,1.4454724,1.6576388,True
Li2CdGeO4__Rubrene,log10_on_off_ratio,0.7667466165253283,0.73731697,0.75860065,1.1562951,True
Li2CdGeO4__Rubrene,log10_on_off_ratio,1.8127376333854175,1.6301506,1.8465681,1.959103,True
Li2CdGeO4__Rubrene,log10_on_off_ratio,0.8490841034875264,0.8267834,0.8555149,1.2216182,True
Li2CdGeO4__Rubrene,log10_on_off_ratio,2.45156915611364,2.132154,2.4276512,2.4373446,False
Li2CdGeS4__CaSiN2,log10_on_off_ratio,1.2625085199769432,1.0720198,1.3377843,1.448173,True
Li2CdGeS4__CaSiN2,log10_on_off_ratio,0.8095573680914538,0.66381955,0.81376356,1.0235692,True
Li2CdGeS4__CaSiN2,log10_on_off_ratio,2.552133975548933,2.1028273,2.4797459,2.5677032,True
Li2CdGeS4__CaSiN2,log10_on_off_ratio,0.6876760268306914,0.6795104,0.7080356,0.9237175,True
SbCl(OF3)2__Na4Al3Ge3IO12,log10_on_off_ratio,2.2185889122117755,1.9064258,2.245003,2.2692964,True
SbCl(OF3)2__Na4Al3Ge3IO12,log10_on_off_ratio,1.5092578762281157,1.3402497,1.5227795,1.6890569,True
SbCl(OF3)2__Na4Al3Ge3IO12,log10_on_off_ratio,0.4277481501326003,0.45193383,0.4892485,0.9904432,False
SbCl(OF3)2__Na4Al3Ge3IO12,log10_on_off_ratio,2.008771942946532,1.7680515,2.0435202,2.1052306,True
K2Sn2Se5__CaSb10(S3O5)2,log10_on_off_ratio,2.413883513605052,2.0328176,2.2750356,2.439023,True
K2Sn2Se5__CaSb10(S3O5)2,log10_on_off_ratio,2.0438037973823517,1.6759489,1.9036573,2.1329114,True
K2Sn2Se5__CaSb10(S3O5)2,log10_on_off_ratio,2.335652408649235,1.9782656,2.1851916,2.3633626,True
K2Sn2Se5__CaSb10(S3O5)2,log10_on_off_ratio,2.13448918270907,1.7736694,1.941876,2.1732101,True
Ca3In2(GeO4)3__K2Zn(H2N)4,log10_on_off_ratio,0.6759476025164093,0.6436698,0.6770267,1.0307523,True
Ca3In2(GeO4)3__K2Zn(H2N)4,log10_on_off_ratio,2.5459819656596245,2.1220562,2.466954,2.5344672,False
Ca3In2(GeO4)3__K2Zn(H2N)4,log10_on_off_ratio,1.0830462125176932,0.96043587,1.0870097,1.2967268,True
Ca3In2(GeO4)3__K2Zn(H2N)4,log10_on_off_ratio,1.7647259157399044,1.4862914,1.6674867,1.8309617,True
Sn(SeO3)2__Zn(IO3)2,log10_on_off_ratio,0.745986572974611,0.7165111,0.7319311,1.0164149,True
Sn(SeO3)2__Zn(IO3)2,log10_on_off_ratio,0.4855263906240787,0.46864048,0.479294,0.84092504,True
Sn(SeO3)2__Zn(IO3)2,log10_on_off_ratio,1.7011386071576151,1.378559,1.6383466,1.790566,True
Sn(SeO3)2__Zn(IO3)2,log10_on_off_ratio,2.1849853301882662,1.7187947,2.101283,2.2480388,True
KSb(PO4)2__Li2Se,log10_on_off_ratio,2.3967268828220782,2.1709893,2.5515702,2.6620634,True
KSb(PO4)2__Li2Se,log10_on_off_ratio,1.287548900466764,1.3232445,1.4684312,1.6007712,False
KSb(PO4)2__Li2Se,log10_on_off_ratio,1.607976520907629,1.5657582,1.7939233,1.8859423,True
KSb(PO4)2__Li2Se,log10_on_off_ratio,1.156315221226728,1.1221715,1.3364205,1.4120518,True
Li3N__K2O,log10_on_off_ratio,0.9197362951382352,0.6576963,0.80766654,1.104976,True
Li3N__K2O,log10_on_off_ratio,1.2689056012711584,0.9818312,1.2489719,1.4706256,True
Li3N__K2O,log10_on_off_ratio,1.4665382598099572,1.0839741,1.355319,1.5951711,True
Li3N__K2O,log10_on_off_ratio,2.153006270270141,1.5531573,1.8113068,2.1680956,True
Sn2SI2__SnTe3O8,log10_on_off_ratio,1.5008398241074377,1.4029359,1.5568377,1.7023871,True
Sn2SI2__SnTe3O8,log10_on_off_ratio,1.1885322105155318,1.1788591,1.3163515,1.4245474,True
Sn2SI2__SnTe3O8,log10_on_off_ratio,2.2903815187542613,2.057677,2.2962482,2.380582,True
Sn2SI2__SnTe3O8,log10_on_off_ratio,0.5910586415387192,0.636385,0.6523818,0.9480402,False
GaSbO4__LiGa5O8,log10_on_off_ratio,1.3527482893862244,1.00365,1.3838698,1.5723419,True
GaSbO4__LiGa5O8,log10_on_off_ratio,2.6303616684043027,1.879581,2.3620594,2.6165628,False
GaSbO4__LiGa5O8,log10_on_off_ratio,2.185247627376932,1.6496413,2.1075747,2.244783,True
GaSbO4__LiGa5O8,log10_on_off_ratio,0.6691534460304881,0.70269656,0.7704775,1.0973167,False
SbBr5F6__I2O5,log10_on_off_ratio,1.1198493449478466,1.0021069,1.2330898,1.3807269,True
SbBr5F6__I2O5,log10_on_off_ratio,1.939349052907202,1.7000829,1.9168731,2.1280775,True
SbBr5F6__I2O5,log10_on_off_ratio,1.6783395620754709,1.3943337,1.7144321,1.8288147,True
SbBr5F6__I2O5,log10_on_off_ratio,1.178683173976635,1.0166875,1.3193731,1.4384392,True
K2GaAs2__K2NaGaP2,log10_on_off_ratio,1.2290407762341524,1.2769213,1.7571456,2.138749,False
K2GaAs2__K2NaGaP2,log10_on_off_ratio,1.049418770651375,1.1594821,1.550505,1.7527978,False
K2GaAs2__K2NaGaP2,log10_on_off_ratio,1.2435780000317511,1.2503948,1.6812482,2.0034986,False
K2GaAs2__K2NaGaP2,log10_on_off_ratio,0.4808028486922802,0.53230757,0.6174531,0.9675593,False
CdIn2O4__Cd2AsHO5,log10_on_off_ratio,1.5279806945671106,1.335947,1.4913056,1.7072603,True
CdIn2O4__Cd2AsHO5,log10_on_off_ratio,2.7923537671616927,2.2035537,2.7709947,2.772775,False
CdIn2O4__Cd2AsHO5,log10_on_off_ratio,1.424247793036041,1.3125296,1.4286253,1.6669872,True
CdIn2O4__Cd2AsHO5,log10_on_off_ratio,0.3959527338478023,0.44391772,0.4572,0.9899221,False
K2SnO2__SeO2,log10_on_off_ratio,1.99168325690618,1.7471315,2.015625,2.1045861,True
K2SnO2__SeO2,log10_on_off_ratio,1.4513640226402618,1.2967386,1.4685702,1.6609137,True
K2SnO2__SeO2,log10_on_off_ratio,1.1807101294227762,1.1273501,1.2187954,1.4703007,True
K2SnO2__SeO2,log10_on_off_ratio,2.4210801128284616,2.0609236,2.4756758,2.4859173,True
In2(SeO4)3__NaTi2(PO4)3,log10_on_off_ratio,2.8775698997908146,2.1653004,2.6765354,2.8346398,False
In2(SeO4)3__NaTi2(PO4)3,log10_on_off_ratio,0.9038095101451658,0.86252606,0.9194634,1.2697093,True
In2(SeO4)3__NaTi2(PO4)3,log10_on_off_ratio,1.585333240158752,1.4035822,1.5975858,1.786624,True
In2(SeO4)3__NaTi2(PO4)3,log10_on_off_ratio,1.7642937351880297,1.519268,1.7104264,1.9200411,True
Na2ZnO2__SnO,log10_on_off_ratio,1.261797518020014,1.1498052,1.2742333,1.4800594,True
Na2ZnO2__SnO,log10_on_off_ratio,2.390393858909809,2.0680978,2.3284729,2.383566,False
Na2ZnO2__SnO,log10_on_off_ratio,0.8385145462467575,0.7900603,0.83508235,1.1812477,True
Na2ZnO2__SnO,log10_on_off_ratio,1.8667285853988869,1.5995299,1.7627428,1.9369748,True
K4ZnAs2__Na2SnO3,log10_on_off_ratio,0.8660848244738528,0.8086137,0.948839,1.2223349,True
K4ZnAs2__Na2SnO3,log10_on_off_ratio,1.6795746764115498,1.4266306,1.6155803,1.793065,True
K4ZnAs2__Na2SnO3,log10_on_off_ratio,2.015560671030016,1.6938277,1.969868,2.0821052,True
K4ZnAs2__Na2SnO3,log10_on_off_ratio,1.4079619691900864,1.2578228,1.4106474,1.6534122,True
NaS__KSi5N7,log10_on_off_ratio,2.3015598702673983,2.0512137,2.3035607,2.3291283,True
NaS__KSi5N7,log10_on_off_ratio,1.8083494516806151,1.5894364,1.8380575,1.9399483,True
NaS__KSi5N7,log10_on_off_ratio,2.527020996395845,2.153389,2.4835184,2.4986076,False
NaS__KSi5N7,log10_on_off_ratio,1.0653616797495276,1.0236627,1.1308831,1.3570184,True
Ti4S24Cl6O__K5Na(Ti2Se9)3,log10_on_off_ratio,1.2026112958831772,1.1429976,1.226344,1.4304203,True
Ti4S24Cl6O__K5Na(Ti2Se9)3,log10_on_off_ratio,1.5346876264064473,1.3544583,1.512787,1.7154887,True
Ti4S24Cl6O__K5Na(Ti2Se9)3,log10_on_off_ratio,1.2808173130834482,1.1613237,1.2936488,1.4615594,True
Ti4S24Cl6O__K5Na(Ti2Se9)3,log10_on_off_ratio,1.6043368792949888,1.4224784,1.6415675,1.7985322,True
Na6ZnSe4__Ca3In2(GeO4)3,log10_on_off_ratio,2.328692094452212,1.8716981,2.1830664,2.3254426,False
Na6ZnSe4__Ca3In2(GeO4)3,log10_on_off_ratio,1.49204216871461,1.1216271,1.4337128,1.5691744,True
Na6ZnSe4__Ca3In2(GeO4)3,log10_on_off_ratio,1.233280094138174,0.9297112,1.2746043,1.4281199,True
Na6ZnSe4__Ca3In2(GeO4)3,log10_on_off_ratio,1.7360875455768732,1.4156266,1.612108,1.8115674,True
K9InSe7__GaAsO4,log10_on_off_ratio,1.558110115413369,1.3737254,1.5544006,1.7277848,True
K9InSe7__GaAsO4,log10_on_off_ratio,1.8548409113826136,1.6696428,1.8604951,2.013868,True
K9InSe7__GaAsO4,log10_on_off_ratio,1.4213585143817071,1.2825348,1.4458995,1.6618745,True
K9InSe7__GaAsO4,log10_on_off_ratio,2.5342408232278286,2.1255233,2.5164967,2.5213056,False
ZnGeP2__K2Ge(IO3)6,log10_on_off_ratio,1.3839769317254331,1.224453,1.4328542,1.6049597,True
ZnGeP2__K2Ge(IO3)6,log10_on_off_ratio,1.7763224048900892,1.6034471,1.8477112,1.9664791,True
ZnGeP2__K2Ge(IO3)6,log10_on_off_ratio,1.167372118850725,1.10246,1.2053038,1.4568728,True
ZnGeP2__K2Ge(IO3)6,log10_on_off_ratio,1.2049737578494726,1.1308368,1.2665734,1.5164185,True
KNa7Pb2O7__K3Na2InO4,log10_on_off_ratio,0.5664650491971074,0.5602051,0.58306736,0.89563006,True
KNa7Pb2O7__K3Na2InO4,log10_on_off_ratio,1.3832104736427957,1.2007124,1.4024638,1.5631592,True
KNa7Pb2O7__K3Na2InO4,log10_on_off_ratio,1.5589281380017486,1.2826133,1.4964836,1.6811393,True
KNa7Pb2O7__K3Na2InO4,log10_on_off_ratio,2.1011188136986565,1.6597754,1.9508115,2.1244066,True
Cd3(PO4)2__Al(IO3)3,log10_on_off_ratio,1.1842716017382515,0.9462803,1.2005774,1.3539228,True
Cd3(PO4)2__Al(IO3)3,log10_on_off_ratio,2.0603851421239257,1.7484179,2.0306864,2.1762774,True
Cd3(PO4)2__Al(IO3)3,log10_on_off_ratio,1.4967288495630346,1.2678792,1.4587177,1.6661271,True
Cd3(PO4)2__Al(IO3)3,log10_on_off_ratio,0.6675853058273942,0.6572654,0.66049755,0.943059,True
Ca4CN4__KSbO2,log10_on_off_ratio,1.4906951826353083,1.4011917,1.7414244,2.1005783,True
Ca4CN4__KSbO2,log10_on_off_ratio,1.6883425225637028,1.4093597,1.8888412,2.4231317,True
Ca4CN4__KSbO2,log10_on_off_ratio,0.4122212734305938,0.38098124,0.43759775,0.79702073,True
Ca4CN4__KSbO2,log10_on_off_ratio,0.4898335022874766,0.5274943,0.53933436,0.8926875,False
K4CdAs2__K5InO4,log10_on_off_ratio,2.082298728649311,1.8800709,2.090122,2.1940558,True
K4CdAs2__K5InO4,log10_on_off_ratio,2.222800511514412,1.9827201,2.270396,2.3063247,True
K4CdAs2__K5InO4,log10_on_off_ratio,1.045435939061818,0.9794077,1.0789764,1.3069686,True
K4CdAs2__K5InO4,log10_on_off_ratio,0.9033965313626235,0.8486035,0.9325933,1.1936408,True
KZnSb__In6Te10Pb,log10_on_off_ratio,0.9437064141191102,0.8688968,0.9418776,1.2158177,True
KZnSb__In6Te10Pb,log10_on_off_ratio,0.4283710346953457,0.44465226,0.44957373,0.85405695,False
KZnSb__In6Te10Pb,log10_on_off_ratio,1.7254992683529824,1.5223937,1.708285,1.8699676,True
KZnSb__In6Te10Pb,log10_on_off_ratio,1.0208892295197398,0.9585858,1.0439199,1.2957903,True
K2Sb4O11__GeBr4,log10_on_off_ratio,1.181463545180661,1.0128627,1.1719673,1.3820353,True
K2Sb4O11__GeBr4,log10_on_off_ratio,1.1566534205201524,1.0152502,1.1224561,1.3670532,True
K2Sb4O11__GeBr4,log10_on_off_ratio,2.315636542423221,1.9198031,2.26924,2.3140929,False
K2Sb4O11__GeBr4,log10_on_off_ratio,1.912780722466332,1.6776807,1.8898119,2.0191402,True
KLiS__AsS,log10_on_off_ratio,2.3605449882218363,1.9963181,2.3808923,2.3846126,True
KLiS__AsS,log10_on_off_ratio,1.725680294936546,1.5599178,1.7428727,1.8943547,True
KLiS__AsS,log10_on_off_ratio,0.5320545210846,0.55121374,0.6019003,1.0338995,False
KLiS__AsS,log10_on_off_ratio,2.0362577794723022,1.7416,1.9993436,2.1248703,True
KNaTe__KGaI4,log10_on_off_ratio,1.9630165234094976,1.5546929,1.9140863,2.0990112,True
KNaTe__KGaI4,log10_on_off_ratio,0.9216818666369556,0.8344728,0.91939014,1.2030803,True
KNaTe__KGaI4,log10_on_off_ratio,1.2413986400269248,1.0571753,1.2541918,1.4188098,True
KNaTe__KGaI4,log10_on_off_ratio,0.4930120424060735,0.45665503,0.48958924,0.9025485,True
LiInSiO4__AsN(OF3)2,log10_on_off_ratio,2.752104718039322,2.2688031,2.7711875,2.7851,True
LiInSiO4__AsN(OF3)2,log10_on_off_ratio,2.22498818091336,1.904803,2.1948912,2.2908604,True
LiInSiO4__AsN(OF3)2,log10_on_off_ratio,1.43045941038419,1.3031389,1.4219081,1.6365533,True
LiInSiO4__AsN(OF3)2,log10_on_off_ratio,1.457447124833984,1.3406874,1.4933009,1.7214248,True
K2Na3SiP3__CaSnN2,log10_on_off_ratio,0.6955766122935618,0.65345937,0.674814,0.8885358,True
K2Na3SiP3__CaSnN2,log10_on_off_ratio,0.7731069274003539,0.73225236,0.74881923,0.98512423,True
K2Na3SiP3__CaSnN2,log10_on_off_ratio,1.677483289141305,1.4389049,1.6539865,1.8257393,True
K2Na3SiP3__CaSnN2,log10_on_off_ratio,1.8062774592527653,1.5222496,1.7035782,1.8659371,True
AlI3__TeHO3,log10_on_off_ratio,1.073034120668474,0.9869024,1.142049,1.3849479,True
AlI3__TeHO3,log10_on_off_ratio,1.6269276722749928,1.3844492,1.594779,1.7515494,True
AlI3__TeHO3,log10_on_off_ratio,2.3613514675071383,1.9796231,2.352221,2.3674972,True
AlI3__TeHO3,log10_on_off_ratio,1.2467226873033586,1.1232419,1.272352,1.5096561,True
Ca3(GaP2)2__Al2Se3,log10_on_off_ratio,1.7646518636939474,1.5563086,1.7763277,1.9293382,True
Ca3(GaP2)2__Al2Se3,log10_on_off_ratio,2.182830656266019,1.8203008,2.1132896,2.2144582,True
Ca3(GaP2)2__Al2Se3,log10_on_off_ratio,0.8251654235945841,0.7859803,0.8562467,1.1915834,True
Ca3(GaP2)2__Al2Se3,log10_on_off_ratio,1.7592795387142484,1.4901593,1.7028661,1.8713009,True
Cd(InTe2)2__Ca4As3,log10_on_off_ratio,0.6020878419107388,0.5619344,0.58808863,0.9884807,True
Cd(InTe2)2__Ca4As3,log10_on_off_ratio,2.7540562884722086,2.3544753,2.7688982,2.8394604,True
Cd(InTe2)2__Ca4As3,log10_on_off_ratio,1.7038418292299666,1.5795532,1.768708,1.8776623,True
Cd(InTe2)2__Ca4As3,log10_on_off_ratio,2.3679897654289626,2.1061459,2.4304953,2.4311986,True
KNaSe__Al2Cd3(GeO4)3,log10_on_off_ratio,2.506851690365185,2.1260262,2.436969,2.4938643,False
KNaSe__Al2Cd3(GeO4)3,log10_on_off_ratio,1.416171369747197,1.279021,1.4338441,1.6657987,True
KNaSe__Al2Cd3(GeO4)3,log10_on_off_ratio,1.0172919934273528,0.9190339,0.99125314,1.3111285,True
KNaSe__Al2Cd3(GeO4)3,log10_on_off_ratio,1.5662018349371432,1.4083105,1.5763764,1.7564774,True
InSiTe3__SbBr3,log10_on_off_ratio,2.783550822590751,2.229078,2.5700238,2.6800797,False
InSiTe3__SbBr3,log10_on_off_ratio,2.3998312460234463,1.9906423,2.2150872,2.42306,True
InSiTe3__SbBr3,log10_on_off_ratio,1.0055348534361552,0.9532956,1.0682222,1.3012455,True
InSiTe3__SbBr3,log10_on_off_ratio,1.1351052730766509,1.0063815,1.1346664,1.3949245,True
KCdGeAs2__Cd3(PO4)2,log10_on_off_ratio,2.0581638543352727,1.8027191,2.0127463,2.121202,True
KCdGeAs2__Cd3(PO4)2,log10_on_off_ratio,0.7866605925707215,0.7566395,0.80555934,1.0872155,True
KCdGeAs2__Cd3(PO4)2,log10_on_off_ratio,1.8752795781158915,1.6360261,1.8433357,1.9751487,True
KCdGeAs2__Cd3(PO4)2,log10_on_off_ratio,2.645151184609529,2.2056804,2.6281772,2.6407974,False
K2Al2Sb3__In2Se3,log10_on_off_ratio,1.503658706325072,1.3342469,1.5591335,1.7292181,True
K2Al2Sb3__In2Se3,log10_on_off_ratio,1.0905727106153318,1.0208191,1.1150019,1.4031781,True
K2Al2Sb3__In2Se3,log10_on_off_ratio,1.2977665763761577,1.2321178,1.365578,1.5966606,True
K2Al2Sb3__In2Se3,log10_on_off_ratio,2.162053216546533,1.9813306,2.2376573,2.2557032,True
Li3AsH16(SO2)4__KBrF4,log10_on_off_ratio,0.4832776723988884,0.53112173,0.5446176,0.852037,False
Li3AsH16(SO2)4__KBrF4,log10_on_off_ratio,0.5092312739244518,0.534534,0.5397983,0.83127147,False
Li3AsH16(SO2)4__KBrF4,log10_on_off_ratio,0.8366275543266118,0.89382946,0.9017143,1.1269246,False
Li3AsH16(SO2)4__KBrF4,log10_on_off_ratio,1.3329113040792624,1.3390627,1.4500089,1.5341508,False
Ca2PI__K2TiCl6,log10_on_off_ratio,1.808856486567901,1.5265998,1.9258596,2.1590157,True
Ca2PI__K2TiCl6,log10_on_off_ratio,0.6065840762705536,0.6203373,0.63010687,0.9997682,False
Ca2PI__K2TiCl6,log10_on_off_ratio,1.0643901932711408,0.89392984,1.1742634,1.4024681,True
Ca2PI__K2TiCl6,log10_on_off_ratio,0.5781658684860469,0.55783767,0.5842738,0.8857645,True
Na6Ge2S7__PICl6,log10_on_off_ratio,0.5636268461875618,0.541956,0.57272327,1.0275093,True
Na6Ge2S7__PICl6,log10_on_off_ratio,2.365121744291899,2.0221403,2.3497472,2.3916535,True
Na6Ge2S7__PICl6,log10_on_off_ratio,2.2247658869534583,1.9228415,2.2150385,2.2729015,True
Na6Ge2S7__PICl6,log10_on_off_ratio,1.0287471146871248,0.97846305,1.0810685,1.3582673,True
Ca4Sb2O__LiInI4,log10_on_off_ratio,1.6001976411908043,1.2488232,1.5319549,1.674551,True
Ca4Sb2O__LiInI4,log10_on_off_ratio,1.1507147286843953,0.9221486,1.1738889,1.3308785,True
Ca4Sb2O__LiInI4,log10_on_off_ratio,2.741553233012848,1.9333196,2.4070375,2.6433065,False
Ca4Sb2O__LiInI4,log10_on_off_ratio,1.7771701468639354,1.4485193,1.7240069,1.8568139,True
K2CdSiO4__GaSeBr7,log10_on_off_ratio,2.185676474636369,1.8755547,2.1696308,2.1780405,False
K2CdSiO4__GaSeBr7,log10_on_off_ratio,1.5060199258422695,1.4009383,1.5857667,1.686628,True
K2CdSiO4__GaSeBr7,log10_on_off_ratio,1.0859889105217813,0.9820064,1.047539,1.3636098,True
K2CdSiO4__GaSeBr7,log10_on_off_ratio,1.6702657287125762,1.5111142,1.6592181,1.8501042,True
Na2GeSe3__K2Na(H2N)3,log10_on_off_ratio,0.7319590135107696,0.7280772,0.78473216,1.0999587,True
Na2GeSe3__K2Na(H2N)3,log10_on_off_ratio,1.2650207592320053,1.1359655,1.4681556,1.7448751,True
Na2GeSe3__K2Na(H2N)3,log10_on_off_ratio,0.6609882330180061,0.6184517,0.62941027,0.9419043,True
Na2GeSe3__K2Na(H2N)3,log10_on_off_ratio,0.3787631596295861,0.31186917,0.4050818,0.80124414,True
Na6P4Pb3S16__K2SnCl6,log10_on_off_ratio,1.133707165972563,1.2229829,1.772415,2.345935,False
Na6P4Pb3S16__K2SnCl6,log10_on_off_ratio,0.3274085795596518,0.36291617,0.40105456,0.80058134,False
Na6P4Pb3S16__K2SnCl6,log10_on_off_ratio,0.988378864202602,1.0657401,1.5767683,1.8721352,False
Na6P4Pb3S16__K2SnCl6,log10_on_off_ratio,1.203497656478399,1.3121537,1.7824404,2.2136605,False
Sb2S3__Na4GeO4,log10_on_off_ratio,0.7603400694608728,0.70679605,0.7978404,1.1915693,True
Sb2S3__Na4GeO4,log10_on_off_ratio,1.076688883711257,0.87074023,1.078487,1.3387072,True
Sb2S3__Na4GeO4,log10_on_off_ratio,0.56771069446875,0.5529558,0.5669838,1.0394733,True
Sb2S3__Na4GeO4,log10_on_off_ratio,2.200232365577888,1.5673095,2.0413432,2.201855,True
CaGaGeH__Sn2S3,log10_on_off_ratio,1.6843815502869703,1.56595,1.7232184,1.8586894,True
CaGaGeH__Sn2S3,log10_on_off_ratio,0.6896600773259124,0.799252,0.8130963,1.1013145,False
CaGaGeH__Sn2S3,log10_on_off_ratio,2.630796658189186,2.205662,2.5827825,2.6026666,False
CaGaGeH__Sn2S3,log10_on_off_ratio,2.2254147565837794,2.0071564,2.253909,2.2756379,True
NaP__CaTi2(HO3)2,log10_on_off_ratio,2.588514228849942,2.1620705,2.5634067,2.5734606,False
NaP__CaTi2(HO3)2,log10_on_off_ratio,0.8830886080432695,0.84377617,0.94522524,1.2478106,True
NaP__CaTi2(HO3)2,log10_on_off_ratio,2.0746077771357245,1.8274418,2.0595055,2.1006086,True
NaP__CaTi2(HO3)2,log10_on_off_ratio,1.8587771778201825,1.5675626,1.8229074,1.9005606,True
InBr3__Al2(SeO4)3,log10_on_off_ratio,1.379536422093743,1.1779387,1.4645048,1.5934763,True
InBr3__Al2(SeO4)3,log10_on_off_ratio,2.567127562521281,1.8650819,2.2773106,2.5767035,True
InBr3__Al2(SeO4)3,log10_on_off_ratio,1.3719730410037705,1.129632,1.4058435,1.5412422,True
InBr3__Al2(SeO4)3,log10_on_off_ratio,0.5384138330608266,0.5264413,0.5308873,0.86509913,True
Li2ZnGeS4__CBP,log10_on_off_ratio,2.8304186756458285,2.2485147,2.7775705,2.8010259,False
Li2ZnGeS4__CBP,log10_on_off_ratio,1.2033837558300124,1.085727,1.2440195,1.430072,True
Li2ZnGeS4__CBP,log10_on_off_ratio,0.9213037631808768,0.9331416,0.9817753,1.30627,False
Li2ZnGeS4__CBP,log10_on_off_ratio,1.1983201141617985,1.1393037,1.2545807,1.5021489,True
K3GeTe3__CaH3NO5,log10_on_off_ratio,1.1151425120864866,0.99332243,1.1183352,1.3718357,True
K3GeTe3__CaH3NO5,log10_on_off_ratio,2.654092736088518,2.1020262,2.3743289,2.6027548,False
K3GeTe3__CaH3NO5,log10_on_off_ratio,0.6012595506267291,0.58973736,0.62973076,1.0824751,True
K3GeTe3__CaH3NO5,log10_on_off_ratio,2.133839893956255,1.732161,1.944803,2.160928,True
Ca3(GeP2)2__SiH17S3N5,log10_on_off_ratio,0.6901795113758835,0.6715449,0.6792253,1.0834762,True
Ca3(GeP2)2__SiH17S3N5,log10_on_off_ratio,1.4506226296740814,1.2869271,1.4503661,1.6458635,True
Ca3(GeP2)2__SiH17S3N5,log10_on_off_ratio,1.44386659629729,1.2831498,1.4414449,1.6390606,True
Ca3(GeP2)2__SiH17S3N5,log10_on_off_ratio,1.8239444903481936,1.6084064,1.8037163,1.9368919,True
K4I2O9__Li2GeN2,log10_on_off_ratio,0.740668010537081,0.57105196,0.6882832,1.0337522,True
K4I2O9__Li2GeN2,log10_on_off_ratio,1.7414788646056432,1.3029466,1.6976771,1.8621242,True
K4I2O9__Li2GeN2,log10_on_off_ratio,0.7327627780455389,0.5595414,0.7003821,1.0276854,True
K4I2O9__Li2GeN2,log10_on_off_ratio,1.5302001193670842,1.108193,1.5618991,1.6409429,True
CdSO4__InPO4,log10_on_off_ratio,0.666867195768625,0.6948865,0.7018316,1.048965,False
CdSO4__InPO4,log10_on_off_ratio,0.8671168684273023,0.83503175,0.87467176,1.2256426,True
CdSO4__InPO4,log10_on_off_ratio,0.5621502210300535,0.6107044,0.62045527,1.0301247,False
CdSO4__InPO4,log10_on_off_ratio,2.1160890335887808,1.8977542,2.1389778,2.2149043,True
Br2O3__LiGaTe2,log10_on_off_ratio,0.6826110660352277,0.6752041,0.70440096,1.112963,True
Br2O3__LiGaTe2,log10_on_off_ratio,1.8977147310901537,1.6442373,1.863697,2.0040781,True
Br2O3__LiGaTe2,log10_on_off_ratio,0.9769545720257344,0.9281423,1.0210744,1.3273073,True
Br2O3__LiGaTe2,log10_on_off_ratio,0.9052118143460942,0.82018423,0.92176706,1.2111793,True
NOF__LiTiAsO5,log10_on_off_ratio,0.7942336951883016,0.7561362,0.81641984,1.1705501,True
NOF__LiTiAsO5,log10_on_off_ratio,0.995859978060554,0.9535837,0.9974289,1.2616209,True
NOF__LiTiAsO5,log10_on_off_ratio,2.5481954163827893,2.1368139,2.4535623,2.464177,False
NOF__LiTiAsO5,log10_on_off_ratio,2.211649281783867,1.9337204,2.2385366,2.2548995,True
Cd(GaSe2)2__K4SiO4,log10_on_off_ratio,2.555914359479887,2.2102916,2.622134,2.6592317,True
Cd(GaSe2)2__K4SiO4,log10_on_off_ratio,1.6471281034856473,1.4932576,1.7032236,1.8125908,True
Cd(GaSe2)2__K4SiO4,log10_on_off_ratio,0.9254761237940634,0.9546625,1.0328493,1.3066956,False
Cd(GaSe2)2__K4SiO4,log10_on_off_ratio,2.672592756405024,2.2510624,2.7200813,2.7663586,True
TiI4__Al2ZnSe4,log10_on_off_ratio,2.720846998418309,1.6860725,2.2887175,2.585305,False
TiI4__Al2ZnSe4,log10_on_off_ratio,1.6652465844764732,1.0476204,1.5205226,1.7104939,True
TiI4__Al2ZnSe4,log10_on_off_ratio,0.8257310378979371,0.57705915,0.73747885,1.0800295,True
TiI4__Al2ZnSe4,log10_on_off_ratio,1.1959729805349766,0.8612104,1.1809443,1.354079,True
K2Ti2O5__Zn(SbO3)2,log10_on_off_ratio,1.8586457643270868,1.4095957,1.7342136,1.9316806,True
K2Ti2O5__Zn(SbO3)2,log10_on_off_ratio,2.412284911888336,1.8232986,2.287635,2.4381897,True
K2Ti2O5__Zn(SbO3)2,log10_on_off_ratio,2.002468590006912,1.5726926,1.842258,2.039188,True
K2Ti2O5__Zn(SbO3)2,log10_on_off_ratio,2.76434394371639,1.9296087,2.4164526,2.6782029,False
TeI4__SbH36S4N11,log10_on_off_ratio,1.7323162461005472,1.3316389,1.792315,2.0493524,True
TeI4__SbH36S4N11,log10_on_off_ratio,1.9045906216804975,1.5613863,1.9794335,2.2706032,True
TeI4__SbH36S4N11,log10_on_off_ratio,0.590990031090253,0.57859397,0.5941348,0.8653669,True
TeI4__SbH36S4N11,log10_on_off_ratio,1.0635464566017778,0.94763654,1.3044267,1.3903675,True
ZnSb4H18S7N6__Te2O3F2,log10_on_off_ratio,1.5620968195301546,1.4000392,1.5782247,1.7604387,True
ZnSb4H18S7N6__Te2O3F2,log10_on_off_ratio,0.8722367051616069,0.8342972,0.9168285,1.224614,True
ZnSb4H18S7N6__Te2O3F2,log10_on_off_ratio,2.031936756690245,1.7764183,2.020433,2.128429,True
ZnSb4H18S7N6__Te2O3F2,log10_on_off_ratio,2.6072535241583967,2.240468,2.5906072,2.6007264,False
ICl3__GaP,log10_on_off_ratio,0.9806938587695306,0.9284905,1.0133293,1.3487781,True
ICl3__GaP,log10_on_off_ratio,1.852804568680983,1.6048151,1.8284572,1.9507045,True
ICl3__GaP,log10_on_off_ratio,0.5638561033315197,0.60385907,0.63870513,1.0811578,False
ICl3__GaP,log10_on_off_ratio,0.8402868802204908,0.7650402,0.8124124,1.1777613,True
SiH17S3N5__Na6GaP3,log10_on_off_ratio,1.2907136868264637,1.1538924,1.2641845,1.4918724,True
SiH17S3N5__Na6GaP3,log10_on_off_ratio,2.6768066558472725,2.284182,2.622611,2.6641555,False
SiH17S3N5__Na6GaP3,log10_on_off_ratio,0.7320308120302996,0.73663074,0.752181,1.1566731,False
SiH17S3N5__Na6GaP3,log10_on_off_ratio,0.7043429480192316,0.69546735,0.72246784,1.1486665,True
Na2PbO3__K3As11,log10_on_off_ratio,2.7219783888584232,2.2880926,2.6879082,2.7107234,False
Na2PbO3__K3As11,log10_on_off_ratio,0.8656106973497177,0.8603472,0.8756978,1.2060846,True
Na2PbO3__K3As11,log10_on_off_ratio,2.460508779389189,2.1973197,2.4557028,2.49655,True
Na2PbO3__K3As11,log10_on_off_ratio,0.5369030725413333,0.556286,0.57326806,0.9996233,False
TiSO5__Li4Zn(H2N)6,log10_on_off_ratio,1.400514710131688,1.5228125,1.7241174,2.0426342,False
TiSO5__Li4Zn(H2N)6,log10_on_off_ratio,1.18619889499555,1.3777742,1.4914372,1.7152523,False
TiSO5__Li4Zn(H2N)6,log10_on_off_ratio,0.4510654736785511,0.4579799,0.48169297,0.77550787,False
TiSO5__Li4Zn(H2N)6,log10_on_off_ratio,0.9620443043050404,0.9904386,1.283451,1.35014,False
Na3SiTe3__SbPO5,log10_on_off_ratio,0.7013587979902556,0.7240203,0.77486634,1.110565,False
Na3SiTe3__SbPO5,log10_on_off_ratio,2.7399978114787125,2.2714348,2.6875203,2.7178257,False
Na3SiTe3__SbPO5,log10_on_off_ratio,2.8862607338716684,2.2815757,2.817992,2.8884838,True
Na3SiTe3__SbPO5,log10_on_off_ratio,0.7557853189031537,0.7218834,0.798652,1.1656128,True
KSb(PO4)2__Ca3Ga2(GeO4)3,log10_on_off_ratio,0.4067660856703129,0.40950823,0.41227236,0.8728486,False
KSb(PO4)2__Ca3Ga2(GeO4)3,log10_on_off_ratio,2.506661977568617,2.2652884,2.5888162,2.609007,True
KSb(PO4)2__Ca3Ga2(GeO4)3,log10_on_off_ratio,1.728003156379074,1.5956577,1.7475202,1.901138,True
KSb(PO4)2__Ca3Ga2(GeO4)3,log10_on_off_ratio,1.7699513386320236,1.6513997,1.7740849,1.9183911,True
Ti(SO4)2__Sn2(SO4)3,log10_on_off_ratio,1.7327460499861775,1.5123006,1.6894352,1.8769807,True
Ti(SO4)2__Sn2(SO4)3,log10_on_off_ratio,1.8976140926758465,1.6494098,1.8311602,2.0377474,True
Ti(SO4)2__Sn2(SO4)3,log10_on_off_ratio,0.6801468040437239,0.68247914,0.7389358,0.9218373,False
Ti(SO4)2__Sn2(SO4)3,log10_on_off_ratio,1.0515985071773242,0.91954505,1.0951841,1.3223848,True
Li7SbN4__Ti5(PO5)4,log10_on_off_ratio,2.136404768607779,1.6701189,1.9439702,2.1445081,True
Li7SbN4__Ti5(PO5)4,log10_on_off_ratio,0.9777493353089968,0.8731025,0.957731,1.2652518,True
Li7SbN4__Ti5(PO5)4,log10_on_off_ratio,2.24545766874193,1.757965,2.038989,2.2832847,True
Li7SbN4__Ti5(PO5)4,log10_on_off_ratio,1.5018346173323662,1.2584095,1.452895,1.6346992,True
KSb(PSe3)2__KH(IO3)2,log10_on_off_ratio,1.6338364965366292,1.3506341,1.603532,1.772042,True
KSb(PSe3)2__KH(IO3)2,log10_on_off_ratio,2.158532984923545,1.63684,1.959799,2.1554167,False
KSb(PSe3)2__KH(IO3)2,log10_on_off_ratio,2.180192938236814,1.6741502,1.9470751,2.1915243,True
KSb(PSe3)2__KH(IO3)2,log10_on_off_ratio,0.743250124887938,0.6692572,0.7279181,1.0998329,True
Ca11InSb9__Ga2PbO4,log10_on_off_ratio,2.465815060306403,1.8068655,2.248473,2.4603584,False
Ca11InSb9__Ga2PbO4,log10_on_off_ratio,2.470451983301872,1.7044758,2.249027,2.4086168,False
Ca11InSb9__Ga2PbO4,log10_on_off_ratio,2.6597322555653005,1.8541676,2.3631794,2.6313124,False
Ca11InSb9__Ga2PbO4,log10_on_off_ratio,2.066948644382955,1.5223509,1.9138458,2.086071,True
K2Se5__K3AlSe3,log10_on_off_ratio,2.4938490212736637,1.9819198,2.3838356,2.3941984,False
K2Se5__K3AlSe3,log10_on_off_ratio,1.2037523071879082,1.0984896,1.2439566,1.3641839,True
K2Se5__K3AlSe3,log10_on_off_ratio,2.2451772724107366,1.9436135,2.2116213,2.265379,True
K2Se5__K3AlSe3,log10_on_off_ratio,1.649245953527764,1.4692352,1.5895925,1.69283,True
NaInS2__CaPS3,log10_on_off_ratio,0.8021972016081533,0.7512215,0.8472443,1.08708,True
NaInS2__CaPS3,log10_on_off_ratio,1.331909700037215,1.1457459,1.3676827,1.5398786,True
NaInS2__CaPS3,log10_on_off_ratio,1.7530103134083883,1.4114285,1.6841433,1.8354967,True
NaInS2__CaPS3,log10_on_off_ratio,2.199683592574498,1.7853746,2.1122756,2.2553623,True
K2GeTe4__Na3GeSe3,log10_on_off_ratio,1.435312810804094,1.2285007,1.4459429,1.6417297,True
K2GeTe4__Na3GeSe3,log10_on_off_ratio,0.9694184245429348,0.9176911,0.9611847,1.2198284,True
K2GeTe4__Na3GeSe3,log10_on_off_ratio,0.6140951561224134,0.5984042,0.6081455,0.962674,True
K2GeTe4__Na3GeSe3,log10_on_off_ratio,1.5107076468805103,1.2457522,1.4910209,1.6682,True
AlP__Zn(GaO2)2,log10_on_off_ratio,2.1721755886645857,1.7059797,1.9528232,2.2003403,True
AlP__Zn(GaO2)2,log10_on_off_ratio,0.7237152993670753,0.70012206,0.72350764,1.0250564,True
AlP__Zn(GaO2)2,log10_on_off_ratio,2.4558836276859712,1.9249432,2.1678689,2.5038562,True
AlP__Zn(GaO2)2,log10_on_off_ratio,1.719318518060709,1.461701,1.6469959,1.8114644,True
Na5InTe4__ICl,log10_on_off_ratio,0.9787649260888466,0.9019269,0.9853389,1.3060024,True
Na5InTe4__ICl,log10_on_off_ratio,0.6778701902090577,0.6429703,0.6766278,1.0644659,True
Na5InTe4__ICl,log10_on_off_ratio,1.1346149857569787,1.0574844,1.1447268,1.41963,True
Na5InTe4__ICl,log10_on_off_ratio,0.5379453474311193,0.54336154,0.5816831,1.0121083,False
Ga2PbSe4__Ca3CdO4,log10_on_off_ratio,0.5517536996491822,0.8282727,1.5295132,1.9096109,False
Ga2PbSe4__Ca3CdO4,log10_on_off_ratio,0.5810805652428296,0.808895,1.4938704,1.9373069,False
Ga2PbSe4__Ca3CdO4,log10_on_off_ratio,0.3377896398769735,0.5006387,0.6369613,1.0105597,False
Ga2PbSe4__Ca3CdO4,log10_on_off_ratio,0.705412208122755,1.0169253,1.647679,2.35093,False
KIO3__NaCdPO4,log10_on_off_ratio,1.1048906847828748,1.2124625,1.4909936,1.7245853,False
KIO3__NaCdPO4,log10_on_off_ratio,0.8911099941997979,0.9591301,1.2499943,1.4423488,False
KIO3__NaCdPO4,log10_on_off_ratio,0.325625069684623,0.33361053,0.3826255,0.7962854,False
KIO3__NaCdPO4,log10_on_off_ratio,1.138104305017339,1.2499965,1.5311526,1.8351474,False
LiCa3As2H__SiI3,log10_on_off_ratio,2.6239358415113414,2.1876059,2.6175432,2.6365397,True
LiCa3As2H__SiI3,log10_on_off_ratio,0.5822730658336233,0.5998944,0.62806094,1.031583,False
LiCa3As2H__SiI3,log10_on_off_ratio,2.683560808427776,2.3032126,2.6295538,2.6668088,False
LiCa3As2H__SiI3,log10_on_off_ratio,0.8800810300247957,0.83266044,0.887465,1.2851568,True
K2Sn2Se5__InSb3Pb4O13,log10_on_off_ratio,0.5578726661425303,0.5301502,0.5436663,0.9988136,True
K2Sn2Se5__InSb3Pb4O13,log10_on_off_ratio,1.8406499953813744,1.4935971,1.7087777,1.9151319,True
K2Sn2Se5__InSb3Pb4O13,log10_on_off_ratio,2.064671456832309,1.6989068,1.8957324,2.1098602,True
K2Sn2Se5__InSb3Pb4O13,log10_on_off_ratio,2.7663844776193542,2.120485,2.4981182,2.7027373,False
C__KH2(IO3)3,log10_on_off_ratio,1.1843973082218504,0.9202559,1.2017907,1.4767537,True
C__KH2(IO3)3,log10_on_off_ratio,2.3755463636797214,1.6498559,2.2190762,2.372977,False
C__KH2(IO3)3,log10_on_off_ratio,0.8391858920682187,0.70754766,0.8257837,1.1349629,True
C__KH2(IO3)3,log10_on_off_ratio,2.218238174948461,1.510401,2.119921,2.1844234,False
CaHN__AsI3,log10_on_off_ratio,2.6915889424546107,2.2748384,2.714362,2.7228005,True
CaHN__AsI3,log10_on_off_ratio,1.1936455238919417,1.1288471,1.2496563,1.4476848,True
CaHN__AsI3,log10_on_off_ratio,2.366174844559207,2.0943818,2.4221861,2.447409,True
CaHN__AsI3,log10_on_off_ratio,2.3590052427386428,2.093709,2.3591933,2.4090571,True
Ca3(GaP2)2__Zn(InSe2)2,log10_on_off_ratio,1.0996818674696076,1.0620247,1.1739491,1.3896408,True
Ca3(GaP2)2__Zn(InSe2)2,log10_on_off_ratio,0.7650484527033262,0.81074524,0.8234242,1.1017624,False
Ca3(GaP2)2__Zn(InSe2)2,log10_on_off_ratio,2.728147899308085,2.2660227,2.7686987,2.784286,True
Ca3(GaP2)2__Zn(InSe2)2,log10_on_off_ratio,0.6601889665769168,0.67657274,0.67901796,1.0832698,False
ICl3__Na2SnO2,log10_on_off_ratio,2.4872108399530304,2.1472802,2.4842463,2.4984567,True
ICl3__Na2SnO2,log10_on_off_ratio,2.4236246705924613,2.0352151,2.3273258,2.4154258,False
ICl3__Na2SnO2,log10_on_off_ratio,1.16439449419202,1.0650058,1.168276,1.4991342,True
ICl3__Na2SnO2,log10_on_off_ratio,1.1486750580153706,1.0700593,1.1613784,1.4383519,True
SiSe2__Ca4CN4,log10_on_off_ratio,0.6430424349677369,0.6755611,0.683706,1.0488414,False
SiSe2__Ca4CN4,log10_on_off_ratio,0.7897262152690362,0.81338525,0.84380627,1.1997578,False
SiSe2__Ca4CN4,log10_on_off_ratio,1.234365674510694,1.1614717,1.2502062,1.5020095,True
SiSe2__Ca4CN4,log10_on_off_ratio,1.6082455541141665,1.52793,1.6189312,1.8129913,True
CaSe__K2CdGeO4,log10_on_off_ratio,2.0697857393083567,1.8173825,2.1021698,2.1107938,True
CaSe__K2CdGeO4,log10_on_off_ratio,0.9123450237081784,0.8266569,0.9267257,1.1940529,True
CaSe__K2CdGeO4,log10_on_off_ratio,1.1235247192820117,0.98044425,1.1512244,1.3162858,True
CaSe__K2CdGeO4,log10_on_off_ratio,2.6295871239679323,2.1512835,2.6264348,2.7053776,True
K2Li(H2N)3__NaIn(GeO3)2,log10_on_off_ratio,1.3280703391223043,1.2549105,1.6461505,1.7860577,True
K2Li(H2N)3__NaIn(GeO3)2,log10_on_off_ratio,0.763385725711007,0.6944782,0.8671626,1.1323218,True
K2Li(H2N)3__NaIn(GeO3)2,log10_on_off_ratio,0.5590692220834514,0.5879237,0.59302735,0.96239585,False
K2Li(H2N)3__NaIn(GeO3)2,log10_on_off_ratio,0.9587796114629612,0.8597406,1.0637895,1.2621812,True
K2Ge(IO3)6__Si2H2S3,log10_on_off_ratio,0.5287154235564715,0.5914585,0.6069456,1.0541762,False
K2Ge(IO3)6__Si2H2S3,log10_on_off_ratio,1.811135983866061,1.5845137,1.7658821,1.8965397,True
K2Ge(IO3)6__Si2H2S3,log10_on_off_ratio,0.8303892732106138,0.80493784,0.84168226,1.1072489,True
K2Ge(IO3)6__Si2H2S3,log10_on_off_ratio,1.3655261497121751,1.2847015,1.4427783,1.6278996,True
LiZnP__ZnPbF6,log10_on_off_ratio,1.074171965177387,0.99950016,1.1645662,1.4113728,True
LiZnP__ZnPbF6,log10_on_off_ratio,1.5674311625269803,1.4094555,1.5994276,1.8070564,True
LiZnP__ZnPbF6,log10_on_off_ratio,0.841552255067062,0.79057455,0.83007956,1.194547,True
LiZnP__ZnPbF6,log10_on_off_ratio,1.0812030195388902,1.0188127,1.1200025,1.408269,True
LiCaP__Ca2Al2Sn2O9,log10_on_off_ratio,1.3605170350870095,1.0801746,1.339498,1.5773716,True
LiCaP__Ca2Al2Sn2O9,log10_on_off_ratio,1.911773979462903,1.4337094,1.822864,1.9885061,True
LiCaP__Ca2Al2Sn2O9,log10_on_off_ratio,1.127924330313112,0.94624686,1.1379277,1.3794659,True
LiCaP__Ca2Al2Sn2O9,log10_on_off_ratio,0.4427562373812053,0.43721,0.5071253,0.92773026,True
K4CdAs2__CaSn(SO4)3,log10_on_off_ratio,0.6636012138217333,0.66368175,0.6790544,1.129442,False
K4CdAs2__CaSn(SO4)3,log10_on_off_ratio,0.6140599560025123,0.57823294,0.6287278,1.0376849,True
K4CdAs2__CaSn(SO4)3,log10_on_off_ratio,0.6552553444562759,0.62871754,0.66049033,1.0662023,True
K4CdAs2__CaSn(SO4)3,log10_on_off_ratio,2.550950733657041,1.910914,2.2180693,2.522452,False
Na8Ga2O7__NClOF4,log10_on_off_ratio,0.7751826609993362,0.7293969,0.7985002,1.1024328,True
Na8Ga2O7__NClOF4,log10_on_off_ratio,0.9077718646964223,0.8602572,0.95321923,1.2692943,True
Na8Ga2O7__NClOF4,log10_on_off_ratio,2.180000268639389,1.8766179,2.1432405,2.2508335,True
Na8Ga2O7__NClOF4,log10_on_off_ratio,2.2624105488496244,2.0283005,2.2455745,2.2814217,True
KSnS4__Cd3SiO5,log10_on_off_ratio,1.9704677044093408,1.6853328,1.9093528,2.0430222,True
KSnS4__Cd3SiO5,log10_on_off_ratio,2.1486381978110822,1.8967001,2.155858,2.2496512,True
KSnS4__Cd3SiO5,log10_on_off_ratio,1.201132001379064,1.0893492,1.1985,1.4483246,True
KSnS4__Cd3SiO5,log10_on_off_ratio,0.7335531964784868,0.69177616,0.7770404,1.1869991,True
SCl__K3Si6H6N11,log10_on_off_ratio,2.1012206660903234,1.8791163,2.1149356,2.193974,True
SCl__K3Si6H6N11,log10_on_off_ratio,1.1238667099973507,1.0649445,1.1666958,1.4806147,True
SCl__K3Si6H6N11,log10_on_off_ratio,2.215516435644924,1.8933834,2.18039,2.2442887,True
SCl__K3Si6H6N11,log10_on_off_ratio,2.435462319438179,2.0554705,2.4084418,2.4280403,False
LiInSiO4__TiI2O7,log10_on_off_ratio,2.808162728179828,2.2099445,2.733386,2.7718625,False
LiInSiO4__TiI2O7,log10_on_off_ratio,0.7741288576196012,0.78477836,0.83209056,1.1482086,False
LiInSiO4__TiI2O7,log10_on_off_ratio,1.491458982186572,1.2984244,1.4737874,1.6749132,True
LiInSiO4__TiI2O7,log10_on_off_ratio,2.018456329722673,1.7438666,1.9908838,2.0807655,True
K3TiCl6__CaAlH5,log10_on_off_ratio,1.0311319957429852,0.96256065,1.0742369,1.32875,True
K3TiCl6__CaAlH5,log10_on_off_ratio,2.145525255314264,1.7535096,2.0658803,2.141573,False
K3TiCl6__CaAlH5,log10_on_off_ratio,2.585280889008875,2.162014,2.532446,2.5517042,False
K3TiCl6__CaAlH5,log10_on_off_ratio,2.4409300455280287,2.0708518,2.3673787,2.4227955,False
GeS__SnBr2,log10_on_off_ratio,1.5739311347313028,1.3816532,1.5616497,1.7228018,True
GeS__SnBr2,log10_on_off_ratio,0.8183876886510534,0.7663436,0.88240945,1.1535355,True
GeS__SnBr2,log10_on_off_ratio,1.962763810741553,1.7143528,1.9144487,2.046537,True
GeS__SnBr2,log10_on_off_ratio,1.2705092092996313,1.1354059,1.2811806,1.4915067,True
Na5InS4__Ca3Ga2Si(SnO6)2,log10_on_off_ratio,2.3794713307885647,1.9795806,2.3514276,2.4966471,True
Na5InS4__Ca3Ga2Si(SnO6)2,log10_on_off_ratio,0.8741566714847714,0.86488074,0.91818416,1.1807934,True
Na5InS4__Ca3Ga2Si(SnO6)2,log10_on_off_ratio,1.345885780622528,1.2111092,1.4175797,1.5830053,True
Na5InS4__Ca3Ga2Si(SnO6)2,log10_on_off_ratio,0.7249410382424112,0.71349335,0.7186651,1.0036248,True
CdP14Pb__Sb2Te2O9,log10_on_off_ratio,1.042455977031729,1.0110384,1.1014292,1.4079018,True
CdP14Pb__Sb2Te2O9,log10_on_off_ratio,0.8006903611766225,0.74453086,0.79838234,1.143391,True
CdP14Pb__Sb2Te2O9,log10_on_off_ratio,1.6726493748330298,1.4551446,1.6273633,1.8053937,True
CdP14Pb__Sb2Te2O9,log10_on_off_ratio,0.6263144109482508,0.6178069,0.68288225,1.0401132,True
Na2Si2Se5__K4GeS4,log10_on_off_ratio,1.3503766511361976,1.2626449,1.6268744,1.8500881,True
Na2Si2Se5__K4GeS4,log10_on_off_ratio,1.3071745484034922,1.2720124,1.5970697,1.8283741,True
Na2Si2Se5__K4GeS4,log10_on_off_ratio,0.4372670394257944,0.4819005,0.5065591,0.83192855,False
Na2Si2Se5__K4GeS4,log10_on_off_ratio,0.4575848859918491,0.39916605,0.46970695,0.80807966,True
Ca(GaSe2)2__KAlSe2,log10_on_off_ratio,0.5573562841897568,0.5602564,0.5881116,0.98360735,False
Ca(GaSe2)2__KAlSe2,log10_on_off_ratio,1.6534727644607947,1.5599037,1.745687,1.8662938,True
Ca(GaSe2)2__KAlSe2,log10_on_off_ratio,1.8518304808720816,1.7302138,1.9389075,2.0165768,True
Ca(GaSe2)2__KAlSe2,log10_on_off_ratio,2.2391940149293648,2.0732224,2.3261018,2.3282464,True
SiAs2__Na4SeO5,log10_on_off_ratio,1.315605612901747,1.6260921,2.0066843,2.3485603,False
SiAs2__Na4SeO5,log10_on_off_ratio,0.8121307622264061,0.96113604,1.2934252,1.4629911,False
SiAs2__Na4SeO5,log10_on_off_ratio,0.7089562470529929,0.805892,1.0440003,1.2162063,False
SiAs2__Na4SeO5,log10_on_off_ratio,0.9705260974895902,1.1453263,1.5065498,1.6385674,False
K2CdO2__Cd2Te2O7,log10_on_off_ratio,1.1879344225619883,1.082018,1.2142137,1.4360019,True
K2CdO2__Cd2Te2O7,log10_on_off_ratio,1.1676689442508892,1.075241,1.188697,1.45932,True
K2CdO2__Cd2Te2O7,log10_on_off_ratio,0.493924594883656,0.5110029,0.52350503,1.0534568,False
K2CdO2__Cd2Te2O7,log10_on_off_ratio,1.0369542042649111,1.0149105,1.1126758,1.3861439,True
As2Pb8O13__TiCl4,log10_on_off_ratio,0.3993257051898014,0.48770362,0.51221305,0.8081178,False
As2Pb8O13__TiCl4,log10_on_off_ratio,0.9156044088495288,0.9468867,1.0102351,1.1828431,False
As2Pb8O13__TiCl4,log10_on_off_ratio,1.9071130026511,1.831394,1.9915911,2.0053036,True
As2Pb8O13__TiCl4,log10_on_off_ratio,1.0316424588590047,1.0235248,1.1124805,1.2780735,True
Ca2BrN__Sn2(SO4)3,log10_on_off_ratio,0.7667196941483303,0.7790246,0.8231331,1.1196932,False
Ca2BrN__Sn2(SO4)3,log10_on_off_ratio,1.729391196236053,1.529404,1.7505888,1.9181863,True
Ca2BrN__Sn2(SO4)3,log10_on_off_ratio,0.4921390782304843,0.5166104,0.5544378,1.015479,False
Ca2BrN__Sn2(SO4)3,log10_on_off_ratio,2.4763209661139776,2.16912,2.5035772,2.5041513,True
Al(TeCl2)2__NaP3(PbO3)4,log10_on_off_ratio,0.6001502838611326,0.5833413,0.63461196,1.0021573,True
Al(TeCl2)2__NaP3(PbO3)4,log10_on_off_ratio,1.1122552255026592,0.9738124,1.1335688,1.3681108,True
Al(TeCl2)2__NaP3(PbO3)4,log10_on_off_ratio,0.6804477284492371,0.62881064,0.69106543,1.0965194,True
Al(TeCl2)2__NaP3(PbO3)4,log10_on_off_ratio,2.5386928977688137,1.971844,2.3183193,2.4999497,False
K3LiGe4__Li2GePbS4,log10_on_off_ratio,1.238184239069957,1.1827099,1.2440567,1.4875482,True
K3LiGe4__Li2GePbS4,log10_on_off_ratio,1.2883663778863383,1.1811745,1.2500117,1.4846283,True
K3LiGe4__Li2GePbS4,log10_on_off_ratio,1.5942024532485957,1.4171807,1.6042995,1.7471285,True
K3LiGe4__Li2GePbS4,log10_on_off_ratio,1.014514530784025,1.0017577,1.0529569,1.337027,True
K2Ti2O5__CaGeO3,log10_on_off_ratio,1.5092492941945732,1.2758865,1.450169,1.8674929,True
K2Ti2O5__CaGeO3,log10_on_off_ratio,1.8211631884409467,1.4699358,1.5931394,2.3149219,True
K2Ti2O5__CaGeO3,log10_on_off_ratio,1.4571544389599218,1.2625299,1.4208719,1.8484324,True
K2Ti2O5__CaGeO3,log10_on_off_ratio,1.6243087540973484,1.360984,1.4863336,2.0273876,True
CdSO4__TiSnP2SO12,log10_on_off_ratio,1.242974877219455,1.1920767,1.2738965,1.4909898,True
CdSO4__TiSnP2SO12,log10_on_off_ratio,1.652906410312078,1.5401422,1.6894655,1.8519484,True
CdSO4__TiSnP2SO12,log10_on_off_ratio,1.7163166848204066,1.651834,1.7707999,1.9319302,True
CdSO4__TiSnP2SO12,log10_on_off_ratio,2.439242099078004,2.229496,2.5463088,2.5670402,True
Te3As2__LiSb3O8,log10_on_off_ratio,1.6129722594125784,1.2714418,1.5027485,1.7178279,True
Te3As2__LiSb3O8,log10_on_off_ratio,2.2380981589837523,1.7781316,1.9074693,2.2250726,False
Te3As2__LiSb3O8,log10_on_off_ratio,1.3526749541388092,1.1165,1.3998119,1.496188,True
Te3As2__LiSb3O8,log10_on_off_ratio,0.5397607429360997,0.5041294,0.5559709,0.9020921,True
KZnP__Li10Zn4O9,log10_on_off_ratio,0.6503741974189653,0.64988446,0.6638247,1.0580919,True
KZnP__Li10Zn4O9,log10_on_off_ratio,1.6817027162681966,1.3451899,1.6362457,1.8249835,True
KZnP__Li10Zn4O9,log10_on_off_ratio,0.7716242761189916,0.73061323,0.84705275,1.1481535,True
KZnP__Li10Zn4O9,log10_on_off_ratio,0.9147679950859752,0.781737,0.8678062,1.1929098,True
K2ZnSe2__KH2(IO3)3,log10_on_off_ratio,1.8307498711960484,1.530118,1.7816747,1.9308025,True
K2ZnSe2__KH2(IO3)3,log10_on_off_ratio,0.8549288614319573,0.7987335,0.86185235,1.1573215,True
K2ZnSe2__KH2(IO3)3,log10_on_off_ratio,2.518204984356833,2.1579986,2.4725938,2.4975893,False
K2ZnSe2__KH2(IO3)3,log10_on_off_ratio,1.5815772927812777,1.413629,1.5829973,1.7573309,True
PbSe2O5__TeO2,log10_on_off_ratio,0.5952180431556048,0.5665837,0.5915337,1.0403074,True
PbSe2O5__TeO2,log10_on_off_ratio,2.1490527169645195,1.8963742,2.1743712,2.243348,True
PbSe2O5__TeO2,log10_on_off_ratio,1.1666715445581402,1.0559872,1.1698545,1.422628,True
PbSe2O5__TeO2,log10_on_off_ratio,1.3512417561083705,1.2240739,1.3425564,1.584398,True
BrF3__NaCa2IO6,log10_on_off_ratio,2.07351029344756,1.7748653,2.0133293,2.0685859,False
BrF3__NaCa2IO6,log10_on_off_ratio,1.77990527230048,1.5806254,1.7494872,1.8698366,True
BrF3__NaCa2IO6,log10_on_off_ratio,1.6708544614063086,1.4915868,1.6391479,1.8177015,True
BrF3__NaCa2IO6,log10_on_off_ratio,2.4542274106570274,2.1125038,2.380505,2.4003723,False
PbS__GaP,log10_on_off_ratio,1.9670115010776223,1.5101122,1.8483467,1.9999532,True
PbS__GaP,log10_on_off_ratio,2.514261038276393,1.7603021,2.1445224,2.468059,False
PbS__GaP,log10_on_off_ratio,2.5332082928122164,1.7365795,2.2757013,2.531174,False
PbS__GaP,log10_on_off_ratio,1.4156051435941028,1.167404,1.3785458,1.63974,True
GaN__TePb5O8,log10_on_off_ratio,1.5342959995757428,1.3625693,1.5663825,1.7260354,True
GaN__TePb5O8,log10_on_off_ratio,1.4313179786001269,1.2031431,1.4060656,1.6008033,True
GaN__TePb5O8,log10_on_off_ratio,0.7321707529056334,0.70182425,0.74882174,1.0703273,True
GaN__TePb5O8,log10_on_off_ratio,2.115568338676057,1.7840843,1.9593352,2.154788,True
K10In5Sb9__Na2In2SiS6,log10_on_off_ratio,0.677874737697732,0.6687674,0.7047269,1.1110561,True
K10In5Sb9__Na2In2SiS6,log10_on_off_ratio,2.6680111108487656,1.9571764,2.4949093,2.6506739,False
K10In5Sb9__Na2In2SiS6,log10_on_off_ratio,2.5668643530841715,1.9004779,2.4079442,2.598273,True
K10In5Sb9__Na2In2SiS6,log10_on_off_ratio,2.726217549126367,1.9409604,2.517401,2.708292,False
Li2ZnGeO4__CBP,log10_on_off_ratio,1.030401098899211,0.98118144,1.0686516,1.3568347,True
Li2ZnGeO4__CBP,log10_on_off_ratio,1.6009378758497537,1.4315639,1.5890751,1.7737312,True
Li2ZnGeO4__CBP,log10_on_off_ratio,1.4327418470804645,1.354104,1.477635,1.6934735,True
Li2ZnGeO4__CBP,log10_on_off_ratio,0.6102339628350931,0.6100056,0.6505899,1.0451726,True
SiAs__Ca(H2N)2,log10_on_off_ratio,0.7280702132881065,0.6951848,0.7762374,0.9806077,True
SiAs__Ca(H2N)2,log10_on_off_ratio,0.6887937132625478,0.67663115,0.7636488,0.95257676,True
SiAs__Ca(H2N)2,log10_on_off_ratio,2.0159483801255917,1.7177733,1.9471492,2.0076466,False
SiAs__Ca(H2N)2,log10_on_off_ratio,2.5239902978659288,2.1281433,2.5011015,2.5403538,True
K3P11__KF2,log10_on_off_ratio,1.212910423230812,1.1588644,1.2529049,1.4905812,True
K3P11__KF2,log10_on_off_ratio,0.7243338610790352,0.7017001,0.7279944,1.1547617,True
K3P11__KF2,log10_on_off_ratio,0.7269165628686789,0.7256717,0.7260174,1.0913528,True
K3P11__KF2,log10_on_off_ratio,2.5398996410737102,2.2121823,2.5134182,2.600007,True
K5Zn4Sn5H4S17N__Cd(InS2)2,log10_on_off_ratio,0.768185781607562,0.77505314,0.78538406,1.1405959,False
K5Zn4Sn5H4S17N__Cd(InS2)2,log10_on_off_ratio,1.3310455134326251,1.2677141,1.4074658,1.5683987,True
K5Zn4Sn5H4S17N__Cd(InS2)2,log10_on_off_ratio,0.7629805744813322,0.74749464,0.8028342,1.096867,True
K5Zn4Sn5H4S17N__Cd(InS2)2,log10_on_off_ratio,0.5522344695886418,0.57554036,0.6049286,0.98850656,False
KP15__K3Li3TeO6,log10_on_off_ratio,0.6461232366227305,0.57277733,0.65985054,1.0596772,True
KP15__K3Li3TeO6,log10_on_off_ratio,2.206818962882007,1.6749557,2.031908,2.2317603,True
KP15__K3Li3TeO6,log10_on_off_ratio,2.221263521841186,1.6638542,2.110585,2.2812567,True
KP15__K3Li3TeO6,log10_on_off_ratio,1.9738441532751905,1.4759183,1.7969129,2.0252125,True
Cd(InSe2)2__TePCl9,log10_on_off_ratio,0.982021722926005,0.89087486,0.99602675,1.285217,True
Cd(InSe2)2__TePCl9,log10_on_off_ratio,0.9992119433816836,0.94380325,1.0572529,1.3777218,True
Cd(InSe2)2__TePCl9,log10_on_off_ratio,1.5239558729099674,1.356674,1.4997082,1.7299746,True
Cd(InSe2)2__TePCl9,log10_on_off_ratio,0.9428948848829252,0.92815185,0.9995229,1.3035327,True
Na4TiP2O9__KGaI4,log10_on_off_ratio,1.9880691679525488,1.7878774,2.0008128,2.0720425,True
Na4TiP2O9__KGaI4,log10_on_off_ratio,0.8756821198565482,0.88535106,0.9477518,1.2656298,False
Na4TiP2O9__KGaI4,log10_on_off_ratio,2.2861955671224674,2.0399127,2.2578452,2.332931,True
Na4TiP2O9__KGaI4,log10_on_off_ratio,2.616681414467453,2.2409515,2.6272864,2.653284,True
Na2TeS3__LiIn(IO3)4,log10_on_off_ratio,0.620049239774437,0.71162516,0.7665062,1.0207275,False
Na2TeS3__LiIn(IO3)4,log10_on_off_ratio,0.8596200871741235,0.91647017,0.95632577,1.1634418,False
Na2TeS3__LiIn(IO3)4,log10_on_off_ratio,0.7890340372423995,0.7687463,0.8659283,1.0943657,True
Na2TeS3__LiIn(IO3)4,log10_on_off_ratio,1.5168821531919243,1.5155444,1.6007429,1.805877,True
LiZnP__TiSO5,log10_on_off_ratio,1.212764685191307,1.0806292,1.169839,1.4274174,True
LiZnP__TiSO5,log10_on_off_ratio,2.596480710224423,2.1159387,2.498069,2.5595763,False
LiZnP__TiSO5,log10_on_off_ratio,0.5500018367056986,0.53126806,0.5798493,1.0121137,True
LiZnP__TiSO5,log10_on_off_ratio,2.69968781677438,2.1875556,2.600074,2.6130736,False
Li3As__CdIn2O4,log10_on_off_ratio,1.319470417605268,1.2410003,1.3648387,1.5454139,True
Li3As__CdIn2O4,log10_on_off_ratio,1.6154026247287616,1.4835472,1.6238987,1.7878019,True
Li3As__CdIn2O4,log10_on_off_ratio,1.7409479220999104,1.5130337,1.6657208,1.8469106,True
Li3As__CdIn2O4,log10_on_off_ratio,2.060305457838969,1.810569,2.0415988,2.164692,True
K14In4O13__Sn3(PO4)2,log10_on_off_ratio,1.6666299795991713,1.4731874,1.6883688,1.8553567,True
K14In4O13__Sn3(PO4)2,log10_on_off_ratio,1.303989905623026,1.169882,1.370239,1.5588087,True
K14In4O13__Sn3(PO4)2,log10_on_off_ratio,2.526256595204968,2.164615,2.4881,2.5091667,False
K14In4O13__Sn3(PO4)2,log10_on_off_ratio,1.3807499654111588,1.1990947,1.3937371,1.5755272,True
InSb3F18__NPB,log10_on_off_ratio,1.6953936348683434,1.5145432,1.7306972,1.8572452,True
InSb3F18__NPB,log10_on_off_ratio,1.723947610093589,1.5857973,1.7431779,1.8131899,True
InSb3F18__NPB,log10_on_off_ratio,1.3359492096625485,1.1840097,1.372291,1.5542231,True
InSb3F18__NPB,log10_on_off_ratio,2.428617160888659,2.0731761,2.3761623,2.431201,True
NaCa2IO6__Na2Ti2Si2O9,log10_on_off_ratio,1.041916230417523,1.0469242,1.3245472,1.4437133,False
NaCa2IO6__Na2Ti2Si2O9,log10_on_off_ratio,1.540028375065141,1.450758,1.6618543,1.9240638,True
NaCa2IO6__Na2Ti2Si2O9,log10_on_off_ratio,0.9719501172547884,0.9937502,1.2066635,1.3500633,False
NaCa2IO6__Na2Ti2Si2O9,log10_on_off_ratio,1.2621213179783035,1.1380225,1.4642557,1.607754,True
K3Na2InO4__K3SbSe3,log10_on_off_ratio,1.9336538743893923,1.7067856,1.8812697,2.0458746,True
K3Na2InO4__K3SbSe3,log10_on_off_ratio,1.3572674816337826,1.2349266,1.3989892,1.5536019,True
K3Na2InO4__K3SbSe3,log10_on_off_ratio,1.1340761753616675,1.0645806,1.1628368,1.3781283,True
K3Na2InO4__K3SbSe3,log10_on_off_ratio,0.7014531172040743,0.69764495,0.7646328,1.0132041,True
Cd(GaSe2)2__Na4TiP2O9,log10_on_off_ratio,1.7932892688754594,1.6679797,1.7691746,1.941611,True
Cd(GaSe2)2__Na4TiP2O9,log10_on_off_ratio,2.5579801944903977,2.1685126,2.5529401,2.5812924,True
Cd(GaSe2)2__Na4TiP2O9,log10_on_off_ratio,1.9509878119516415,1.742664,1.9494789,2.0608454,True
Cd(GaSe2)2__Na4TiP2O9,log10_on_off_ratio,1.642609400409184,1.4428635,1.6192608,1.7621423,True
Na5GeP3__SnS,log10_on_off_ratio,0.6298780994019362,0.61746573,0.6713907,1.1099627,True
Na5GeP3__SnS,log10_on_off_ratio,1.0579701983713818,0.9339468,1.0403043,1.3021929,True
Na5GeP3__SnS,log10_on_off_ratio,2.6367801491484006,2.2923005,2.6814942,2.701037,True
Na5GeP3__SnS,log10_on_off_ratio,0.9734315317918788,0.9590891,1.0364305,1.3437282,True
K2PbO2__K4SiO4,log10_on_off_ratio,0.9210529070106838,0.8885594,0.9087938,1.1865226,True
K2PbO2__K4SiO4,log10_on_off_ratio,2.2240775394828973,1.9869078,2.2244442,2.309802,True
K2PbO2__K4SiO4,log10_on_off_ratio,2.1094210007359333,1.8871583,2.0918417,2.1733177,True
K2PbO2__K4SiO4,log10_on_off_ratio,0.6853739911481583,0.6382135,0.7018359,1.0391971,True
CdTe__Na2S5,log10_on_off_ratio,1.4749940138271984,1.1370326,1.4421781,1.6751258,True
CdTe__Na2S5,log10_on_off_ratio,1.4511879997047117,1.1324997,1.4062626,1.6301603,True
CdTe__Na2S5,log10_on_off_ratio,2.716165997989324,1.7953888,2.2942674,2.6630712,False
CdTe__Na2S5,log10_on_off_ratio,2.04864843833176,1.530669,1.8342935,2.0658367,True
KGe__K6Se2O9,log10_on_off_ratio,0.8326847508356586,0.83049846,0.861177,1.224931,True
KGe__K6Se2O9,log10_on_off_ratio,2.4824330484192965,2.1211762,2.448369,2.4845173,True
KGe__K6Se2O9,log10_on_off_ratio,2.509670450186273,2.1538408,2.490421,2.5086477,False
KGe__K6Se2O9,log10_on_off_ratio,1.917070409464543,1.6708614,1.8736836,1.9927666,True
In4SnS4__CaGeO3,log10_on_off_ratio,2.653371306587618,2.2065427,2.647219,2.652055,False
In4SnS4__CaGeO3,log10_on_off_ratio,2.1787327798805327,1.8436611,2.1214106,2.2053301,True
In4SnS4__CaGeO3,log10_on_off_ratio,0.409040840549814,0.4890861,0.49083304,1.0303882,False
In4SnS4__CaGeO3,log10_on_off_ratio,0.8423068147481565,0.82747394,0.91777164,1.2288673,True
K2NaInSb2__Na2Zn2O3,log10_on_off_ratio,1.968253557740646,1.7174662,1.965224,2.0644815,True
K2NaInSb2__Na2Zn2O3,log10_on_off_ratio,1.630756565198807,1.4864902,1.6530193,1.8339293,True
K2NaInSb2__Na2Zn2O3,log10_on_off_ratio,0.7501284274735799,0.7449954,0.7890128,1.1504345,True
K2NaInSb2__Na2Zn2O3,log10_on_off_ratio,2.084430446545911,1.8348746,2.081081,2.2086668,True
Na6GaAs3__Na2TiS2O,log10_on_off_ratio,1.4732248417927136,1.2168574,1.483597,1.6836607,True
Na6GaAs3__Na2TiS2O,log10_on_off_ratio,2.739630907629762,1.9437176,2.5063684,2.70513,False
Na6GaAs3__Na2TiS2O,log10_on_off_ratio,1.9823537219603529,1.5907447,1.9054573,2.0666976,True
Na6GaAs3__Na2TiS2O,log10_on_off_ratio,2.582222442605349,1.9816695,2.4226282,2.5543733,False
K2Ge2Se5__AlH3,log10_on_off_ratio,1.947520855112059,1.7186538,1.9713805,2.0541306,True
K2Ge2Se5__AlH3,log10_on_off_ratio,2.5221075371612205,2.176644,2.510234,2.5493286,True
K2Ge2Se5__AlH3,log10_on_off_ratio,1.450047375198224,1.3137027,1.4218804,1.6177845,True
K2Ge2Se5__AlH3,log10_on_off_ratio,2.395145273432405,2.0783656,2.3537562,2.4199202,True
P3NCl12__Ga2PbS4,log10_on_off_ratio,2.741053491265568,2.295045,2.6861527,2.7208064,False
P3NCl12__Ga2PbS4,log10_on_off_ratio,0.6543404597880741,0.62116677,0.6600185,1.0965645,True
P3NCl12__Ga2PbS4,log10_on_off_ratio,1.7301381599623928,1.5051981,1.7068726,1.8863629,True
P3NCl12__Ga2PbS4,log10_on_off_ratio,1.230467797891809,1.0918509,1.2517258,1.476375,True
InSiTe3__K(GeAs)3,log10_on_off_ratio,1.8610170444002971,1.6946107,1.8709859,2.05265,True
InSiTe3__K(GeAs)3,log10_on_off_ratio,0.7372192454765729,0.7577182,0.81958807,0.99539477,False
InSiTe3__K(GeAs)3,log10_on_off_ratio,2.345086608610108,1.9436747,2.2527916,2.567377,True
InSiTe3__K(GeAs)3,log10_on_off_ratio,1.892431242419113,1.8247541,1.9223965,2.1501043,True
Li2TeO4__Na4As2O7,log10_on_off_ratio,1.5117504928798746,1.2955866,1.5229307,1.6849717,True
Li2TeO4__Na4As2O7,log10_on_off_ratio,0.5346955564889795,0.52138233,0.5451346,0.88654065,True
Li2TeO4__Na4As2O7,log10_on_off_ratio,1.5135519257666066,1.3083432,1.5757345,1.7011558,True
Li2TeO4__Na4As2O7,log10_on_off_ratio,0.7788976516754865,0.6742905,0.73925894,1.0174514,True
K2GeTe4__Na2CaSn2(GeO4)3,log10_on_off_ratio,0.8844823521385391,0.9308902,0.97175366,1.137004,False
K2GeTe4__Na2CaSn2(GeO4)3,log10_on_off_ratio,2.372157626224023,2.1650922,2.481794,2.5363631,True
K2GeTe4__Na2CaSn2(GeO4)3,log10_on_off_ratio,1.742181535521273,1.7635236,1.9051292,1.9327674,False
K2GeTe4__Na2CaSn2(GeO4)3,log10_on_off_ratio,1.8588493680405167,1.8575016,2.031445,2.0484152,True
K6Si2S6O__Na3H5(SeO4)4,log10_on_off_ratio,1.9199847050939631,1.6871998,1.861509,2.0207765,True
K6Si2S6O__Na3H5(SeO4)4,log10_on_off_ratio,0.9900076220405972,0.9431466,1.0247103,1.2411236,True
K6Si2S6O__Na3H5(SeO4)4,log10_on_off_ratio,2.0620320051403667,1.7865821,2.0154998,2.1401186,True
K6Si2S6O__Na3H5(SeO4)4,log10_on_off_ratio,0.7756345745117946,0.75159204,0.77420765,0.9852476,True
Zn2(PS3)3__LiTi2(PO4)3,log10_on_off_ratio,2.08246488827143,1.7651682,2.0044162,2.085717,True
Zn2(PS3)3__LiTi2(PO4)3,log10_on_off_ratio,2.28662424173848,1.8809117,2.1552942,2.2785902,False
Zn2(PS3)3__LiTi2(PO4)3,log10_on_off_ratio,2.4117539770609326,2.0282104,2.2760038,2.3918858,False
Zn2(PS3)3__LiTi2(PO4)3,log10_on_off_ratio,0.6210477118498343,0.63773775,0.6504174,1.006105,False
SbCl5__Li2Te,log10_on_off_ratio,1.0369394734461932,0.98257804,1.0675335,1.2784153,True
SbCl5__Li2Te,log10_on_off_ratio,0.7389757918225439,0.7121647,0.7593213,1.1066635,True
SbCl5__Li2Te,log10_on_off_ratio,1.957529171434656,1.7056729,1.9573431,2.071304,True
SbCl5__Li2Te,log10_on_off_ratio,1.5959760021009244,1.4071244,1.5998641,1.766123,True
PICl6__K2SbCl5,log10_on_off_ratio,1.1236382451079931,1.0462157,1.0885355,1.3491094,True
PICl6__K2SbCl5,log10_on_off_ratio,1.9728618218259415,1.7140517,2.0193164,2.0796683,True
PICl6__K2SbCl5,log10_on_off_ratio,2.0017499246428865,1.7253171,1.9833014,2.0616045,True
PICl6__K2SbCl5,log10_on_off_ratio,1.492231562640778,1.359139,1.5227188,1.6885575,True
K3SbSe3__Te2O3F2,log10_on_off_ratio,0.6310611699229614,0.6184175,0.64523023,0.9761999,True
K3SbSe3__Te2O3F2,log10_on_off_ratio,1.2554045867825163,1.1353418,1.2457206,1.4977454,True
K3SbSe3__Te2O3F2,log10_on_off_ratio,2.222886130541844,1.90808,2.2343729,2.2723687,True
K3SbSe3__Te2O3F2,log10_on_off_ratio,1.2463276474656269,1.1151149,1.2395169,1.515219,True
K2LiGaAs2__Sb2O5,log10_on_off_ratio,1.4017069029681355,1.2251824,1.397157,1.5436506,True
K2LiGaAs2__Sb2O5,log10_on_off_ratio,0.6436957656818096,0.6258794,0.6358456,1.0740391,True
K2LiGaAs2__Sb2O5,log10_on_off_ratio,1.2012491302739998,1.0839161,1.2085336,1.4870309,True
K2LiGaAs2__Sb2O5,log10_on_off_ratio,1.3802177627116807,1.2328326,1.391609,1.5875565,True
AlI3__NaAlI4,log10_on_off_ratio,2.4151281198780645,2.1322205,2.3834805,2.4067469,False
AlI3__NaAlI4,log10_on_off_ratio,1.207250284015171,1.1256608,1.247135,1.4572717,True
AlI3__NaAlI4,log10_on_off_ratio,0.6424155578620907,0.6279533,0.63408965,0.9289203,True
AlI3__NaAlI4,log10_on_off_ratio,1.8727825065323005,1.7436678,1.8653448,1.9797013,True
GeS__NaHO,log10_on_off_ratio,2.529332581962665,2.1558402,2.5422785,2.54382,True
GeS__NaHO,log10_on_off_ratio,2.3584142731147684,2.0861804,2.3843877,2.4106016,True
GeS__NaHO,log10_on_off_ratio,1.875844810794289,1.7917498,1.9430618,2.0683613,True
GeS__NaHO,log10_on_off_ratio,0.5287677922770349,0.51900643,0.52773106,0.9687117,True
Na2CaTi2(GeO4)3__KCd6P7O24,log10_on_off_ratio,0.9827689448827264,0.9141745,0.9836842,1.2627578,True
Na2CaTi2(GeO4)3__KCd6P7O24,log10_on_off_ratio,2.435820901550983,2.074792,2.3722312,2.460625,True
Na2CaTi2(GeO4)3__KCd6P7O24,log10_on_off_ratio,1.8548574473189272,1.5717609,1.7684138,1.9361044,True
Na2CaTi2(GeO4)3__KCd6P7O24,log10_on_off_ratio,0.8862809075236314,0.8178522,0.8813898,1.1836946,True
Na3TiF8__HS2IO8,log10_on_off_ratio,0.515675961645778,0.562733,0.5795117,1.0647359,False
Na3TiF8__HS2IO8,log10_on_off_ratio,2.262232539429728,1.9801242,2.2728014,2.2853112,True
Na3TiF8__HS2IO8,log10_on_off_ratio,1.3118972738277106,1.264377,1.3947362,1.6096975,True
Na3TiF8__HS2IO8,log10_on_off_ratio,2.432379052458112,2.112918,2.3928623,2.414841,False
K(TeO3)2__Ge(PbS2)2,log10_on_off_ratio,1.2601565926041474,1.210153,1.4038802,1.4303205,True
K(TeO3)2__Ge(PbS2)2,log10_on_off_ratio,1.5462547812688234,1.4089046,1.5923654,1.6610326,True
K(TeO3)2__Ge(PbS2)2,log10_on_off_ratio,0.5122871320398966,0.5706003,0.59643847,0.8787398,False
K(TeO3)2__Ge(PbS2)2,log10_on_off_ratio,1.6167382841694065,1.5145332,1.6368589,1.7376356,True
Na2TeO4__PSe,log10_on_off_ratio,1.966814987849632,1.6595036,1.9191204,2.0163188,True
Na2TeO4__PSe,log10_on_off_ratio,1.1369171181413853,1.0474585,1.1159338,1.370253,True
Na2TeO4__PSe,log10_on_off_ratio,1.5061434243080083,1.3681145,1.5296701,1.7243749,True
Na2TeO4__PSe,log10_on_off_ratio,2.808445601480106,2.2497356,2.7087312,2.7654634,False
K2Zn(SnSe3)2__Al2PbS4,log10_on_off_ratio,0.8203123040933306,0.8536198,0.8798788,1.1530584,False
K2Zn(SnSe3)2__Al2PbS4,log10_on_off_ratio,0.684538042898784,0.6943422,0.7163097,1.0253235,False
K2Zn(SnSe3)2__Al2PbS4,log10_on_off_ratio,2.186517606783284,2.0212696,2.2566078,2.256861,True
K2Zn(SnSe3)2__Al2PbS4,log10_on_off_ratio,0.5542458466439542,0.51552355,0.51610386,0.885886,True
LiNO3__Ca5(IO6)2,log10_on_off_ratio,2.189340761865377,1.9754488,2.2226126,2.2898262,True
LiNO3__Ca5(IO6)2,log10_on_off_ratio,2.0238830434431536,1.8008658,2.0566418,2.0971372,True
LiNO3__Ca5(IO6)2,log10_on_off_ratio,0.9455703994747484,0.95314467,0.9833927,1.3099221,False
LiNO3__Ca5(IO6)2,log10_on_off_ratio,1.7985839879009438,1.6727494,1.8384551,1.9641695,True
Ca5(IO6)2__K3In(IO3)6,log10_on_off_ratio,1.462433469766392,1.0868868,1.5072185,1.5974714,True
Ca5(IO6)2__K3In(IO3)6,log10_on_off_ratio,2.03662144673661,1.415581,1.7660283,2.0722392,True
Ca5(IO6)2__K3In(IO3)6,log10_on_off_ratio,2.1278354327506577,1.5217565,1.8236679,2.181335,True
Ca5(IO6)2__K3In(IO3)6,log10_on_off_ratio,1.279024494135768,0.9921003,1.2760384,1.4750133,True
KAlTe2__PTCDA,log10_on_off_ratio,2.564447898144291,2.2286355,2.5977795,2.6066344,True
KAlTe2__PTCDA,log10_on_off_ratio,1.400327328783156,1.2000481,1.3725917,1.5541389,True
KAlTe2__PTCDA,log10_on_off_ratio,2.715539016214172,2.2815204,2.7071965,2.7083163,False
KAlTe2__PTCDA,log10_on_off_ratio,2.4539846076422056,2.1056907,2.4250195,2.5055442,True
K(TeO3)2__ClF5,log10_on_off_ratio,1.3795098333943392,1.2765973,1.4044913,1.5253296,True
K(TeO3)2__ClF5,log10_on_off_ratio,2.2604342790393064,1.9194387,2.2525127,2.312709,True
K(TeO3)2__ClF5,log10_on_off_ratio,0.6122080111668535,0.60169363,0.65552896,1.0699492,True
K(TeO3)2__ClF5,log10_on_off_ratio,1.4966836626559172,1.3913232,1.5039455,1.6837775,True
TiP2PbO8__Cd(NO3)2,log10_on_off_ratio,0.6762914833643763,0.6810669,0.68193465,1.0744593,False
TiP2PbO8__Cd(NO3)2,log10_on_off_ratio,2.133233231914037,1.8710935,2.1280477,2.2144272,True
TiP2PbO8__Cd(NO3)2,log10_on_off_ratio,0.4122132689416903,0.45598054,0.46259403,0.9203924,False
TiP2PbO8__Cd(NO3)2,log10_on_off_ratio,0.8361859883645953,0.7494673,0.82241595,1.1854815,True
K3SbO4__NOF,log10_on_off_ratio,2.142694640768454,1.8668407,2.1008666,2.216452,True
K3SbO4__NOF,log10_on_off_ratio,0.4214016124935012,0.45059466,0.47517404,0.9786645,False
K3SbO4__NOF,log10_on_off_ratio,1.6875428678214714,1.5045383,1.6751789,1.8285744,True
K3SbO4__NOF,log10_on_off_ratio,2.481287763653546,2.1366189,2.4525983,2.4781148,False
K14In4O13__ZnO,log10_on_off_ratio,1.8930425123597072,1.726416,1.916998,1.9377847,True
K14In4O13__ZnO,log10_on_off_ratio,0.64784031258461,0.66046524,0.7084166,1.0900812,False
K14In4O13__ZnO,log10_on_off_ratio,0.9167501407038066,0.81675315,0.93603253,1.2672833,True
K14In4O13__ZnO,log10_on_off_ratio,0.7899859176488369,0.78561145,0.8358332,1.1343874,True
LiCaP__NaTi2(AsO4)3,log10_on_off_ratio,1.4312304172171946,1.3381729,1.5098295,1.7095103,True
LiCaP__NaTi2(AsO4)3,log10_on_off_ratio,2.758080195446244,2.19898,2.706136,2.7288988,False
LiCaP__NaTi2(AsO4)3,log10_on_off_ratio,1.170039622705511,1.0999446,1.1928564,1.4802349,True
LiCaP__NaTi2(AsO4)3,log10_on_off_ratio,0.949915747689909,0.9157503,1.0036284,1.3419671,True
Na4Si2PbSe6__S3(NO7)2,log10_on_off_ratio,1.9211006006396885,1.6537565,1.8824338,2.0103257,True
Na4Si2PbSe6__S3(NO7)2,log10_on_off_ratio,0.6047895555712958,0.608227,0.6398097,1.0748835,False
Na4Si2PbSe6__S3(NO7)2,log10_on_off_ratio,1.1398103182606678,1.0666498,1.1569749,1.4312866,True
Na4Si2PbSe6__S3(NO7)2,log10_on_off_ratio,2.050283579293057,1.7641267,2.0562036,2.1518688,True
Li7PSe6__CdI2,log10_on_off_ratio,2.4775891459880803,1.9437685,2.1542437,2.436029,False
Li7PSe6__CdI2,log10_on_off_ratio,1.0534779140694204,0.92649424,1.0338659,1.3746151,True
Li7PSe6__CdI2,log10_on_off_ratio,0.8403711336673421,0.7891774,0.90142924,1.2458355,True
Li7PSe6__CdI2,log10_on_off_ratio,1.2422697451352247,1.0661807,1.2417331,1.5146867,True
K2CdGeO4__Na3In(PO4)2,log10_on_off_ratio,1.4797882699577274,1.4495604,1.6470679,1.717904,True
K2CdGeO4__Na3In(PO4)2,log10_on_off_ratio,1.1783219387216235,1.232244,1.3972737,1.4593649,False
K2CdGeO4__Na3In(PO4)2,log10_on_off_ratio,1.8165031882011895,1.8954737,2.0624068,2.1152508,False
K2CdGeO4__Na3In(PO4)2,log10_on_off_ratio,1.8192357636956464,1.8019296,2.1015556,2.1238523,True
Al(IO3)3__NPB,log10_on_off_ratio,2.400096743418009,2.0047283,2.3728294,2.3756516,False
Al(IO3)3__NPB,log10_on_off_ratio,1.6118743785341294,1.4952149,1.6311327,1.7601618,True
Al(IO3)3__NPB,log10_on_off_ratio,1.3831784790302497,1.2763746,1.3969895,1.5129136,True
Al(IO3)3__NPB,log10_on_off_ratio,2.579649641930405,2.1295521,2.5430655,2.6175704,True
As(BrF2)3__KSn2Cl5,log10_on_off_ratio,1.35736569306155,1.2044158,1.3230177,1.5126582,True
As(BrF2)3__KSn2Cl5,log10_on_off_ratio,0.6429795097324386,0.62571263,0.671889,1.0131465,True
As(BrF2)3__KSn2Cl5,log10_on_off_ratio,2.1480025431863985,1.8556294,2.161633,2.2202587,True
As(BrF2)3__KSn2Cl5,log10_on_off_ratio,0.4815349894123114,0.43749604,0.4723558,0.92880315,True
Ca3PN__Ca3AlN3,log10_on_off_ratio,1.4618463298114963,1.1090696,1.461746,1.6559159,True
Ca3PN__Ca3AlN3,log10_on_off_ratio,1.214350393929328,0.9526367,1.2525419,1.4680103,True
Ca3PN__Ca3AlN3,log10_on_off_ratio,1.860278724094083,1.321509,1.7654881,1.9445338,True
Ca3PN__Ca3AlN3,log10_on_off_ratio,1.911065233239468,1.4300079,1.9013928,1.9718124,True
K2CdSiO4__KGaO2,log10_on_off_ratio,1.3318776987976828,1.064652,1.3723407,1.4711865,True
K2CdSiO4__KGaO2,log10_on_off_ratio,0.7723414301897442,0.673256,0.68229365,1.0281397,True
K2CdSiO4__KGaO2,log10_on_off_ratio,1.5171025353488194,1.2658643,1.5166732,1.6447566,True
K2CdSiO4__KGaO2,log10_on_off_ratio,2.477707589959851,1.9035759,2.1300597,2.5248559,True
CdP14Pb__K4Ti3S14,log10_on_off_ratio,2.1878228712256305,2.0297384,2.2662282,2.3190444,True
CdP14Pb__K4Ti3S14,log10_on_off_ratio,1.347123724866284,1.2403008,1.3360426,1.5519516,True
CdP14Pb__K4Ti3S14,log10_on_off_ratio,1.3491166822264358,1.2514714,1.3870457,1.5989102,True
CdP14Pb__K4Ti3S14,log10_on_off_ratio,2.2465326623454724,2.0822423,2.3446412,2.3574479,True
K2NaInAs2__NaSi,log10_on_off_ratio,1.0726637011233284,0.95567423,1.0887326,1.3711104,True
K2NaInAs2__NaSi,log10_on_off_ratio,2.3516029678589536,1.7950141,2.098684,2.3869562,True
K2NaInAs2__NaSi,log10_on_off_ratio,1.3914081409801993,1.190053,1.4356996,1.5967122,True
K2NaInAs2__NaSi,log10_on_off_ratio,1.9508334293860152,1.6679952,1.8800322,2.0943232,True
GeSe2__NaAsS2,log10_on_off_ratio,1.1304425148850707,1.1147484,1.234149,1.4137881,True
GeSe2__NaAsS2,log10_on_off_ratio,1.9603452922528284,1.8780676,2.020893,2.1212811,True
GeSe2__NaAsS2,log10_on_off_ratio,1.25485067729882,1.2600597,1.3843781,1.5117388,False
GeSe2__NaAsS2,log10_on_off_ratio,2.0971206791775168,1.9540766,2.1695368,2.2228403,True
Te3As2__Ca3AsCl3,log10_on_off_ratio,1.6674855242094546,1.2546942,1.6044927,1.8077186,True
Te3As2__Ca3AsCl3,log10_on_off_ratio,2.4806080788619984,1.7211534,2.1880941,2.460953,False
Te3As2__Ca3AsCl3,log10_on_off_ratio,1.8015527709012336,1.346571,1.6843375,1.9112395,True
Te3As2__Ca3AsCl3,log10_on_off_ratio,2.450884365252611,1.7101115,2.1826842,2.4271903,False
Ca2ZnN2__K6Ge2O7,log10_on_off_ratio,2.757964473128588,2.2500148,2.7673416,2.7681537,True
Ca2ZnN2__K6Ge2O7,log10_on_off_ratio,2.869920012076144,2.2388725,2.7873735,2.8565032,False
Ca2ZnN2__K6Ge2O7,log10_on_off_ratio,1.908999912582889,1.7083352,1.9429799,2.0261185,True
Ca2ZnN2__K6Ge2O7,log10_on_off_ratio,2.8157591298848312,2.2047923,2.7660348,2.7917562,False
K2Se5__Na2SnO2,log10_on_off_ratio,2.7780319664693747,2.0439875,2.3881428,2.705122,False
K2Se5__Na2SnO2,log10_on_off_ratio,2.2402153480666445,1.7925986,1.9813772,2.27304,True
K2Se5__Na2SnO2,log10_on_off_ratio,2.320922570107476,1.7964005,2.086501,2.3398125,True
K2Se5__Na2SnO2,log10_on_off_ratio,0.5246565611321851,0.4769902,0.5459514,0.98880863,True
NaAs__PbBr2,log10_on_off_ratio,0.6343906081554032,0.671648,0.6763555,1.0496268,False
NaAs__PbBr2,log10_on_off_ratio,0.9276114033611472,0.8639747,0.9384465,1.2173337,True
NaAs__PbBr2,log10_on_off_ratio,2.500504921879093,2.023622,2.36656,2.425961,False
NaAs__PbBr2,log10_on_off_ratio,2.145985186947343,1.77629,2.0249743,2.1529639,True
Ca(ZnP)2__SbI3Cl8,log10_on_off_ratio,1.1949259194207171,1.1592544,1.2712098,1.5062412,True
Ca(ZnP)2__SbI3Cl8,log10_on_off_ratio,2.05238297250644,1.7615952,2.0164032,2.1205108,True
Ca(ZnP)2__SbI3Cl8,log10_on_off_ratio,2.2481841625848182,1.858619,2.2198365,2.255483,True
Ca(ZnP)2__SbI3Cl8,log10_on_off_ratio,2.6831701278217857,2.2625103,2.6540809,2.718045,True
Li2ZnGeS4__Li2P7(H3N)9,log10_on_off_ratio,0.752723509109629,0.7155675,0.7975627,1.1903247,True
Li2ZnGeS4__Li2P7(H3N)9,log10_on_off_ratio,1.3282080881173604,1.2097393,1.3569522,1.5619125,True
Li2ZnGeS4__Li2P7(H3N)9,log10_on_off_ratio,2.3442743444616183,2.0056944,2.2933092,2.3263602,False
Li2ZnGeS4__Li2P7(H3N)9,log10_on_off_ratio,0.931109167593195,0.8918476,0.9671772,1.3110675,True
AsClF8__Ca3(SiAs2)2,log10_on_off_ratio,1.8283833976091597,1.6224296,1.8130354,1.8734074,True
AsClF8__Ca3(SiAs2)2,log10_on_off_ratio,1.4236370167168666,1.2998254,1.4741102,1.6465809,True
AsClF8__Ca3(SiAs2)2,log10_on_off_ratio,0.8020560146899809,0.81583667,0.8502347,1.1934565,False
AsClF8__Ca3(SiAs2)2,log10_on_off_ratio,2.7281383888220727,2.3093114,2.7300892,2.760392,True
LiCaGaN2__In3SnI5,log10_on_off_ratio,1.0291865830465872,0.9891881,1.0789967,1.3814992,True
LiCaGaN2__In3SnI5,log10_on_off_ratio,2.28887222701508,2.053023,2.3452318,2.383144,True
LiCaGaN2__In3SnI5,log10_on_off_ratio,2.4336271265928917,2.0974188,2.428568,2.4408042,True
LiCaGaN2__In3SnI5,log10_on_off_ratio,2.6728165268381274,2.1848173,2.684249,2.7108886,True
K2PS3__NaCdF3,log10_on_off_ratio,0.6304300209663186,0.63403976,0.6416995,0.987864,False
K2PS3__NaCdF3,log10_on_off_ratio,1.1600371644558811,1.0621635,1.1698853,1.3614366,True
K2PS3__NaCdF3,log10_on_off_ratio,0.863429610946875,0.78993803,0.8181567,1.1046162,True
K2PS3__NaCdF3,log10_on_off_ratio,2.062177498179377,1.7668545,1.9531764,2.1189492,True
Ga2Te2Cl7__KSb(PSe3)2,log10_on_off_ratio,2.0917344118994587,1.7804213,2.0167532,2.1776228,True
Ga2Te2Cl7__KSb(PSe3)2,log10_on_off_ratio,1.3698872313846098,1.1747735,1.3462768,1.517445,True
Ga2Te2Cl7__KSb(PSe3)2,log10_on_off_ratio,0.4464769701003178,0.46967945,0.4779377,0.9704219,False
Ga2Te2Cl7__KSb(PSe3)2,log10_on_off_ratio,2.4267488272340905,2.0330694,2.2710009,2.3939972,False
K4Ge(PSe3)4__Ge(PbS2)2,log10_on_off_ratio,2.573289189744038,1.8892428,2.3593276,2.6267576,True
K4Ge(PSe3)4__Ge(PbS2)2,log10_on_off_ratio,2.322385153699728,1.8139277,2.1289523,2.4352696,True
K4Ge(PSe3)4__Ge(PbS2)2,log10_on_off_ratio,0.9844385132281082,0.921275,0.9990437,1.2361164,True
K4Ge(PSe3)4__Ge(PbS2)2,log10_on_off_ratio,2.497089532457851,1.8379524,2.2673833,2.550118,True
Cd3(PO4)2__CdH3NO5,log10_on_off_ratio,1.3212314990829666,1.1507143,1.3316934,1.5701214,True
Cd3(PO4)2__CdH3NO5,log10_on_off_ratio,2.7315216525058323,2.0689592,2.4464025,2.7274933,False
Cd3(PO4)2__CdH3NO5,log10_on_off_ratio,1.6676088497796568,1.4231845,1.6255718,1.8016766,True
Cd3(PO4)2__CdH3NO5,log10_on_off_ratio,0.5041960303944746,0.51450914,0.5161357,1.0191994,False
AsClOF8__PbBr2,log10_on_off_ratio,1.4791371138620402,1.2961907,1.4636453,1.64893,True
AsClOF8__PbBr2,log10_on_off_ratio,2.2560274798002986,1.9143338,2.2026093,2.2864375,True
AsClOF8__PbBr2,log10_on_off_ratio,2.745072694389827,2.2759562,2.76253,2.7681684,True
AsClOF8__PbBr2,log10_on_off_ratio,2.046510083903074,1.7897015,2.0136597,2.1441414,True
CdPS3__K8Ti5P2(O4F11)2,log10_on_off_ratio,1.8278555126328404,1.5896615,1.7797011,1.8791995,True
CdPS3__K8Ti5P2(O4F11)2,log10_on_off_ratio,0.8185800079370932,0.7761564,0.8228029,1.1180965,True
CdPS3__K8Ti5P2(O4F11)2,log10_on_off_ratio,2.581346462249761,2.1345804,2.5721233,2.5769043,False
CdPS3__K8Ti5P2(O4F11)2,log10_on_off_ratio,1.2915200970436918,1.2050813,1.3356218,1.5139107,True
CdSe2__Si,log10_on_off_ratio,1.1954628037502508,1.4539754,1.5552454,1.8986794,False
CdSe2__Si,log10_on_off_ratio,1.0539194649761503,1.3238006,1.4392332,1.7350519,False
CdSe2__Si,log10_on_off_ratio,0.6835441417630002,0.8382432,0.980788,1.2049187,False
CdSe2__Si,log10_on_off_ratio,0.9464845619991856,1.0170275,1.329753,1.3990978,False
TiZn(SO4)3__ZnCN2,log10_on_off_ratio,1.8820234579200448,1.4218217,1.7886947,1.9964709,True
TiZn(SO4)3__ZnCN2,log10_on_off_ratio,2.554296385435238,1.8573529,2.212895,2.5711474,True
TiZn(SO4)3__ZnCN2,log10_on_off_ratio,0.6987554264702064,0.6985763,0.76170564,1.0943309,True
TiZn(SO4)3__ZnCN2,log10_on_off_ratio,1.7128361079786258,1.30267,1.6542004,1.8421885,True
Zn(GaS2)2__SeCl4,log10_on_off_ratio,0.6338459750457599,0.5941821,0.65521955,1.0651808,True
Zn(GaS2)2__SeCl4,log10_on_off_ratio,0.6524520753521983,0.5990568,0.68967694,1.0057977,True
Zn(GaS2)2__SeCl4,log10_on_off_ratio,1.056680127856637,0.9977467,1.112858,1.3565277,True
Zn(GaS2)2__SeCl4,log10_on_off_ratio,2.8373232819326586,2.2543528,2.8124568,2.8571317,True
KBrF4__ClF5,log10_on_off_ratio,1.9552733719780595,1.7160176,1.9776946,2.0340526,True
KBrF4__ClF5,log10_on_off_ratio,1.050333684817094,0.9660129,1.0800996,1.3551809,True
KBrF4__ClF5,log10_on_off_ratio,1.989536994274545,1.7746534,2.0342765,2.1282196,True
KBrF4__ClF5,log10_on_off_ratio,2.9424494642350028,2.257117,2.8125978,2.8536217,False
Al2CdTe4__Li4GeS4,log10_on_off_ratio,2.539794817251273,2.235149,2.6598446,2.6706855,True
Al2CdTe4__Li4GeS4,log10_on_off_ratio,1.7866517672654434,1.7421607,1.9105772,2.0049477,True
Al2CdTe4__Li4GeS4,log10_on_off_ratio,2.08111941758129,1.9068742,2.1439757,2.2005882,True
Al2CdTe4__Li4GeS4,log10_on_off_ratio,1.1287684858832518,1.0632526,1.1487942,1.3812504,True
NaAlSe2__Li2TiTeO6,log10_on_off_ratio,1.3286061656736678,1.2862769,1.410258,1.592804,True
NaAlSe2__Li2TiTeO6,log10_on_off_ratio,1.700027000094938,1.5802974,1.7360094,1.8747107,True
NaAlSe2__Li2TiTeO6,log10_on_off_ratio,2.1085755923309755,1.8714479,2.1414666,2.1800144,True
NaAlSe2__Li2TiTeO6,log10_on_off_ratio,2.444275527728644,2.1825612,2.5295618,2.5437093,True
K3GaO3__PbSe2O5,log10_on_off_ratio,0.985672016271763,0.9702609,1.0358032,1.3254726,True
K3GaO3__PbSe2O5,log10_on_off_ratio,1.122279605023396,1.0252962,1.1285619,1.4343964,True
K3GaO3__PbSe2O5,log10_on_off_ratio,0.9042530985535044,0.82925534,0.96044564,1.2229384,True
K3GaO3__PbSe2O5,log10_on_off_ratio,2.4879947498670347,2.0902493,2.4266684,2.4536855,False
KGe__AlSCl7,log10_on_off_ratio,2.197157568108832,1.850279,2.136414,2.2227733,True
KGe__AlSCl7,log10_on_off_ratio,2.537567807157424,2.1700962,2.4984515,2.5154777,False
KGe__AlSCl7,log10_on_off_ratio,0.4983109043902437,0.46094763,0.49044397,1.0485656,True
KGe__AlSCl7,log10_on_off_ratio,1.7672476559102164,1.5067254,1.7308773,1.8715531,True
K11Cd2Sb5__K4Sb2O5,log10_on_off_ratio,2.786322734598266,1.9656998,2.4795089,2.7045562,False
K11Cd2Sb5__K4Sb2O5,log10_on_off_ratio,1.5312308657755138,1.222048,1.5033852,1.6806296,True
K11Cd2Sb5__K4Sb2O5,log10_on_off_ratio,1.5747193088226616,1.2046847,1.5213201,1.7547293,True
K11Cd2Sb5__K4Sb2O5,log10_on_off_ratio,2.4818546514265063,1.7788143,2.1858175,2.4337957,False
Ca3N2__PbO,log10_on_off_ratio,0.6388082567957512,0.6914435,0.7205004,1.0611941,False
Ca3N2__PbO,log10_on_off_ratio,1.2422133207568644,1.1371126,1.225123,1.5164018,True
Ca3N2__PbO,log10_on_off_ratio,1.5708341185634358,1.4233893,1.5491964,1.7630754,True
Ca3N2__PbO,log10_on_off_ratio,2.197247427302422,1.8976452,2.1900663,2.255478,True
NaCl7__InI2,log10_on_off_ratio,2.4750806360066906,1.9411063,2.2624736,2.3593464,False
NaCl7__InI2,log10_on_off_ratio,2.583204742029583,2.010381,2.3327777,2.5113611,False
NaCl7__InI2,log10_on_off_ratio,0.9196821978443798,0.81334233,0.93153083,1.1397916,True
NaCl7__InI2,log10_on_off_ratio,2.011660062434214,1.6611302,1.9249035,2.0131643,True
Cd3(PO4)2__K2LiAlH6,log10_on_off_ratio,2.194019581298708,1.8806527,2.1819305,2.238611,True
Cd3(PO4)2__K2LiAlH6,log10_on_off_ratio,1.2929893256452134,1.234436,1.3499951,1.583928,True
Cd3(PO4)2__K2LiAlH6,log10_on_off_ratio,2.158570679880586,1.8251022,2.0894554,2.1966064,True
Cd3(PO4)2__K2LiAlH6,log10_on_off_ratio,2.6686210264483217,2.1929004,2.6311944,2.632639,False
KAlTe2__Li3SbO4,log10_on_off_ratio,1.9555255708090291,1.7053895,1.962784,2.0165308,True
KAlTe2__Li3SbO4,log10_on_off_ratio,2.194548336252138,1.9053226,2.209553,2.2673824,True
KAlTe2__Li3SbO4,log10_on_off_ratio,2.603555478440792,2.1584067,2.519414,2.5464308,False
KAlTe2__Li3SbO4,log10_on_off_ratio,1.186432847732706,1.0806314,1.1619179,1.4125912,True
K2TiO3__Al(IO3)3,log10_on_off_ratio,0.4770319451057754,0.48008034,0.5305263,0.97156197,False
K2TiO3__Al(IO3)3,log10_on_off_ratio,1.9041186968878991,1.6773865,1.9113057,2.0262911,True
K2TiO3__Al(IO3)3,log10_on_off_ratio,0.8274584243208155,0.7431936,0.8379815,1.1957947,True
K2TiO3__Al(IO3)3,log10_on_off_ratio,1.0722338137987812,1.0050324,1.1134789,1.3859594,True
NaP7__CdF2,log10_on_off_ratio,2.3734531578242746,2.0404644,2.311312,2.3150413,False
NaP7__CdF2,log10_on_off_ratio,1.7822996306944368,1.5962673,1.8106934,1.9474295,True
NaP7__CdF2,log10_on_off_ratio,1.152132933978465,1.0669379,1.1556653,1.4687814,True
NaP7__CdF2,log10_on_off_ratio,2.744869895081213,2.2814589,2.7542393,2.76387,True
K2SiP2__GaSbO4,log10_on_off_ratio,2.36270230769354,2.1091707,2.3579152,2.3582325,False
K2SiP2__GaSbO4,log10_on_off_ratio,1.817767254549919,1.6718879,1.8641926,1.9903513,True
K2SiP2__GaSbO4,log10_on_off_ratio,1.0193475541708,0.988778,1.0367898,1.3035412,True
K2SiP2__GaSbO4,log10_on_off_ratio,2.799243290390804,2.2740548,2.6747408,2.7257595,False
AlSb__GaS,log10_on_off_ratio,0.8913268843331464,0.80174255,0.9023704,1.1715862,True
AlSb__GaS,log10_on_off_ratio,1.040834567245246,0.905342,1.0056964,1.3128331,True
AlSb__GaS,log10_on_off_ratio,0.6490148063928969,0.63170755,0.6469469,1.0105814,True
AlSb__GaS,log10_on_off_ratio,1.2229966560253849,0.973576,1.1688516,1.4424726,True
Ca3PCl3__K4SnSe4,log10_on_off_ratio,1.3897461311129349,1.3367938,1.4434913,1.6599356,True
Ca3PCl3__K4SnSe4,log10_on_off_ratio,2.527134616169469,2.2330916,2.6012304,2.619646,True
Ca3PCl3__K4SnSe4,log10_on_off_ratio,0.6328880940248409,0.6382757,0.6551211,1.0497216,False
Ca3PCl3__K4SnSe4,log10_on_off_ratio,1.4704863201632723,1.3692734,1.5139127,1.7055128,True
KSnS4__CdHOF,log10_on_off_ratio,0.6554788369512554,0.67300415,0.7109336,1.1036812,False
KSnS4__CdHOF,log10_on_off_ratio,2.5151778391925013,2.141727,2.4775329,2.5038168,False
KSnS4__CdHOF,log10_on_off_ratio,2.3522062695435477,2.0720203,2.3879087,2.4375312,True
KSnS4__CdHOF,log10_on_off_ratio,2.239219299605448,1.9060746,2.2065656,2.2974298,True
Ca2HN__CaSb10(S3O5)2,log10_on_off_ratio,0.6582813065110082,0.73541135,0.8895465,1.1354547,False
Ca2HN__CaSb10(S3O5)2,log10_on_off_ratio,0.7805742960095308,0.81573623,1.2688739,1.534736,False
Ca2HN__CaSb10(S3O5)2,log10_on_off_ratio,1.3171989675433848,1.3177317,1.766353,2.4030762,False
Ca2HN__CaSb10(S3O5)2,log10_on_off_ratio,0.344399219534687,0.3780645,0.44144815,0.7317516,False
Na2SnGe2(HO4)2__SbI3,log10_on_off_ratio,0.6662009949410647,0.6666171,0.6867347,1.0077649,False
Na2SnGe2(HO4)2__SbI3,log10_on_off_ratio,1.5695965300074517,1.3872313,1.53511,1.6900612,True
Na2SnGe2(HO4)2__SbI3,log10_on_off_ratio,1.818806501261128,1.6473697,1.855631,1.9956806,True
Na2SnGe2(HO4)2__SbI3,log10_on_off_ratio,0.5466341754613564,0.5406001,0.58483434,0.987092,True
K4Sb2O5__Ga3Sb7(S4Cl7)2,log10_on_off_ratio,0.768265546321954,0.77038085,0.8201479,1.1962088,False
K4Sb2O5__Ga3Sb7(S4Cl7)2,log10_on_off_ratio,1.2816330568860193,1.1932656,1.3498659,1.5566093,True
K4Sb2O5__Ga3Sb7(S4Cl7)2,log10_on_off_ratio,2.337642785542257,2.0925083,2.3906906,2.4237127,True
K4Sb2O5__Ga3Sb7(S4Cl7)2,log10_on_off_ratio,0.3834592740642406,0.41768143,0.45913592,0.92985344,False
Na3SiTe3__Ca3Ga2(GeO4)3,log10_on_off_ratio,2.350219757994638,1.8375267,2.0777729,2.3863382,True
Na3SiTe3__Ca3Ga2(GeO4)3,log10_on_off_ratio,1.6320662700258075,1.251955,1.5183681,1.695453,True
Na3SiTe3__Ca3Ga2(GeO4)3,log10_on_off_ratio,0.9056517954908876,0.7900046,0.90841633,1.1213655,True
Na3SiTe3__Ca3Ga2(GeO4)3,log10_on_off_ratio,1.2732152182377534,0.98873717,1.3292435,1.4697856,True
NaCdIn2(PO4)3__Ca3Si2SnO9,log10_on_off_ratio,0.8210169816192084,0.88279915,1.2105042,1.3874139,False
NaCdIn2(PO4)3__Ca3Si2SnO9,log10_on_off_ratio,1.676984933723579,1.5316875,2.0653002,2.4570546,True
NaCdIn2(PO4)3__Ca3Si2SnO9,log10_on_off_ratio,1.364786875304173,1.3387679,1.811111,1.9766142,True
NaCdIn2(PO4)3__Ca3Si2SnO9,log10_on_off_ratio,0.3619659062164016,0.36687946,0.40506208,0.7159025,False
AsSe6IF6__Ca5(IO6)2,log10_on_off_ratio,0.7866145850366127,0.7468917,0.7903642,1.1140486,True
AsSe6IF6__Ca5(IO6)2,log10_on_off_ratio,1.950020488850492,1.6818743,1.9350955,2.0337436,True
AsSe6IF6__Ca5(IO6)2,log10_on_off_ratio,1.8163492359629327,1.5796114,1.8316255,1.9751029,True
AsSe6IF6__Ca5(IO6)2,log10_on_off_ratio,0.6693764590088945,0.58714205,0.6182481,1.0458931,True
KGaGeO4__NO3,log10_on_off_ratio,1.352353145221055,1.1848675,1.3970575,1.5960522,True
KGaGeO4__NO3,log10_on_off_ratio,2.6838520814873377,2.1989815,2.6491263,2.6822567,False
KGaGeO4__NO3,log10_on_off_ratio,0.9740668764789144,0.9285412,1.0198501,1.3361272,True
KGaGeO4__NO3,log10_on_off_ratio,1.422881192334885,1.2958544,1.4243002,1.634146,True
K3SnTe3__CaC2,log10_on_off_ratio,1.6746264696079272,1.4985135,1.7664305,1.9282148,True
K3SnTe3__CaC2,log10_on_off_ratio,1.0680651953508178,0.87090284,1.149397,1.3432857,True
K3SnTe3__CaC2,log10_on_off_ratio,0.9956544514440266,0.83053315,1.0349841,1.3327425,True
K3SnTe3__CaC2,log10_on_off_ratio,1.286979055056726,1.0988533,1.3723027,1.5075788,True
Ga2Se3__SbAsPCl13,log10_on_off_ratio,0.829614407591773,0.76837796,0.8355062,1.1636679,True
Ga2Se3__SbAsPCl13,log10_on_off_ratio,2.351513041380616,1.9537352,2.306723,2.355164,True
Ga2Se3__SbAsPCl13,log10_on_off_ratio,1.0932485740879356,1.0303605,1.1549553,1.4251935,True
Ga2Se3__SbAsPCl13,log10_on_off_ratio,2.8264587228869056,2.286891,2.8063023,2.845259,True
Ca3InP3__Pb2SeN2O9,log10_on_off_ratio,2.6726289420053053,2.1916537,2.6317365,2.673039,True
Ca3InP3__Pb2SeN2O9,log10_on_off_ratio,1.7087672422475173,1.5002733,1.693761,1.8818856,True
Ca3InP3__Pb2SeN2O9,log10_on_off_ratio,2.561746918239912,2.173656,2.5629349,2.5629811,True
Ca3InP3__Pb2SeN2O9,log10_on_off_ratio,0.8232538602056938,0.80228496,0.8589782,1.2041109,True
Na3PSe4__KTiPS5,log10_on_off_ratio,0.5004670765542675,0.5442725,0.54977584,0.8803267,False
Na3PSe4__KTiPS5,log10_on_off_ratio,1.3627443720854049,1.2661488,1.5243382,1.6181793,True
Na3PSe4__KTiPS5,log10_on_off_ratio,0.6456651719405254,0.65466547,0.70561975,0.939961,False
Na3PSe4__KTiPS5,log10_on_off_ratio,0.7240633509397811,0.75448245,0.7988841,1.0271544,False
K6Sn3As5__AsClOF8,log10_on_off_ratio,0.9625719920976002,0.8866313,0.9539719,1.2768283,True
K6Sn3As5__AsClOF8,log10_on_off_ratio,0.5512940330862874,0.56193,0.57405484,1.0379876,False
K6Sn3As5__AsClOF8,log10_on_off_ratio,1.6937682497000832,1.4735601,1.6591157,1.8505359,True
K6Sn3As5__AsClOF8,log10_on_off_ratio,1.412232426754952,1.268793,1.4398773,1.630953,True
TeS7Br2__CdBr2,log10_on_off_ratio,2.4484438708491223,1.9789299,2.1125472,2.4112127,False
TeS7Br2__CdBr2,log10_on_off_ratio,1.3096485860375495,1.138425,1.2991742,1.4537716,True
TeS7Br2__CdBr2,log10_on_off_ratio,2.0037772687754725,1.6676192,1.8097044,2.0037415,False
TeS7Br2__CdBr2,log10_on_off_ratio,1.696175841144962,1.3862766,1.6351395,1.7337384,True
P2Pb3O8__ZnH2N2O7,log10_on_off_ratio,2.031178502672393,1.7706529,2.05795,2.1378622,True
P2Pb3O8__ZnH2N2O7,log10_on_off_ratio,1.6618378565987135,1.4599527,1.6395807,1.8532442,True
P2Pb3O8__ZnH2N2O7,log10_on_off_ratio,0.5780913448617244,0.59993595,0.6112853,1.0565131,False
P2Pb3O8__ZnH2N2O7,log10_on_off_ratio,1.2766687936478351,1.1582757,1.2824209,1.5114965,True
K14In4O13__Zn3S2O9,log10_on_off_ratio,1.0497443082642912,0.9710756,1.0902448,1.3613011,True
K14In4O13__Zn3S2O9,log10_on_off_ratio,1.0940709042118593,1.0139922,1.1193862,1.4019797,True
K14In4O13__Zn3S2O9,log10_on_off_ratio,1.8652097529057967,1.6118611,1.8730022,2.0065224,True
K14In4O13__Zn3S2O9,log10_on_off_ratio,2.605103055923239,2.1984906,2.5830617,2.608512,True
Zn(GaSe2)2__K3AsS3,log10_on_off_ratio,1.2354389071348846,1.208804,1.3890034,1.4702421,True
Zn(GaSe2)2__K3AsS3,log10_on_off_ratio,2.241300917465693,1.9976584,2.2584705,2.305729,True
Zn(GaSe2)2__K3AsS3,log10_on_off_ratio,2.4650811362497262,2.0921285,2.5602274,2.5659504,True
Zn(GaSe2)2__K3AsS3,log10_on_off_ratio,0.7220181558774145,0.75308836,0.816515,0.96863,False
P3NCl12__K3P11,log10_on_off_ratio,2.411664168640512,1.9703921,2.3606238,2.4186256,True
P3NCl12__K3P11,log10_on_off_ratio,0.8226645910478069,0.804733,0.81910366,1.1565608,True
P3NCl12__K3P11,log10_on_off_ratio,0.9994393344661224,0.95408434,1.0487897,1.3293734,True
P3NCl12__K3P11,log10_on_off_ratio,0.6178706971596202,0.5666156,0.60800934,1.0571774,True
NaZnAs__LiCa3Si2N5,log10_on_off_ratio,1.1191672195634186,1.0637997,1.135414,1.4502805,True
NaZnAs__LiCa3Si2N5,log10_on_off_ratio,0.4546362645963324,0.50747406,0.55112123,0.96098036,False
NaZnAs__LiCa3Si2N5,log10_on_off_ratio,1.461531836387238,1.328052,1.4482474,1.6748828,True
NaZnAs__LiCa3Si2N5,log10_on_off_ratio,0.821543363439745,0.751071,0.86056435,1.1636649,True
GaSeBr7__ClO2,log10_on_off_ratio,1.147521382281142,1.0590712,1.108741,1.4150465,True
GaSeBr7__ClO2,log10_on_off_ratio,2.828055101210484,2.2455697,2.7791357,2.7976973,False
GaSeBr7__ClO2,log10_on_off_ratio,1.813483214292212,1.5324085,1.7537129,1.8941549,True
GaSeBr7__ClO2,log10_on_off_ratio,0.4464595669812829,0.47243786,0.49777636,1.0196737,False
LiAl(PS3)2__K2Ti(SiO3)3,log10_on_off_ratio,0.8450238500970887,0.76212794,1.023141,1.2143499,True
LiAl(PS3)2__K2Ti(SiO3)3,log10_on_off_ratio,0.9617107720962494,0.8200001,1.1014123,1.3007011,True
LiAl(PS3)2__K2Ti(SiO3)3,log10_on_off_ratio,1.5599383767611477,1.3634558,1.8347951,1.9283861,True
LiAl(PS3)2__K2Ti(SiO3)3,log10_on_off_ratio,2.1098900136377585,1.7759511,2.2688525,2.5742924,True
Na5SnP3__K3In3(PO4)4,log10_on_off_ratio,1.6099320400826165,1.4442959,1.6536779,1.8180757,True
Na5SnP3__K3In3(PO4)4,log10_on_off_ratio,1.4855374429840915,1.3191901,1.4896953,1.7051092,True
Na5SnP3__K3In3(PO4)4,log10_on_off_ratio,0.4355929534513163,0.47160262,0.5124823,0.95714146,False
Na5SnP3__K3In3(PO4)4,log10_on_off_ratio,0.5444272708704934,0.5415988,0.59456825,1.0074766,True
NaLiSe__K2Pb3C3O9F2,log10_on_off_ratio,2.021838679074051,1.7445532,1.941094,2.027088,True
NaLiSe__K2Pb3C3O9F2,log10_on_off_ratio,0.6422656548833228,0.64183015,0.65813696,1.0610533,True
NaLiSe__K2Pb3C3O9F2,log10_on_off_ratio,2.0793353520510447,1.7994314,2.1142364,2.167448,True
NaLiSe__K2Pb3C3O9F2,log10_on_off_ratio,2.639822071980122,2.2568069,2.6299303,2.669526,True
K3GaO3__KGaO2,log10_on_off_ratio,1.2649933537103786,1.5614939,1.8586065,2.3434796,False
K3GaO3__KGaO2,log10_on_off_ratio,0.7680728018813084,0.9437666,1.286963,1.426464,False
K3GaO3__KGaO2,log10_on_off_ratio,1.003997672204988,1.2229273,1.6088412,1.8254282,False
K3GaO3__KGaO2,log10_on_off_ratio,0.4502274274195634,0.63114595,0.64292246,0.96616,False
K2Al2Sb3__Na2TeSe3,log10_on_off_ratio,1.9206037371858056,1.7007911,1.9481635,2.070272,True
K2Al2Sb3__Na2TeSe3,log10_on_off_ratio,2.0052604342130738,1.7765232,1.9591081,2.1100607,True
K2Al2Sb3__Na2TeSe3,log10_on_off_ratio,1.2014513906857012,1.0668443,1.2303468,1.4298134,True
K2Al2Sb3__Na2TeSe3,log10_on_off_ratio,1.972044203842104,1.7451643,1.9903024,2.106984,True
Ca21(Zn2As9)2__K3As11,log10_on_off_ratio,0.6067271386327646,0.5949395,0.7333689,1.0127314,True
Ca21(Zn2As9)2__K3As11,log10_on_off_ratio,0.7260477698477222,0.6651732,0.87703276,1.1294621,True
Ca21(Zn2As9)2__K3As11,log10_on_off_ratio,0.6125260191237806,0.5891702,0.71919227,1.0257558,True
Ca21(Zn2As9)2__K3As11,log10_on_off_ratio,0.7121350664064016,0.6484679,0.8909995,1.1261088,True
K2GeAs2__Cd4As2Br3,log10_on_off_ratio,2.353082214992193,2.045502,2.3338168,2.3631277,True
K2GeAs2__Cd4As2Br3,log10_on_off_ratio,0.9286439661391724,0.8516821,0.9581036,1.2828543,True
K2GeAs2__Cd4As2Br3,log10_on_off_ratio,1.8313306474076003,1.6342472,1.8602902,2.0062163,True
K2GeAs2__Cd4As2Br3,log10_on_off_ratio,1.8698959611096848,1.654311,1.88254,2.0155053,True
Zn3(PO4)2__K3H(SeO4)2,log10_on_off_ratio,0.6596222788030656,0.72900397,0.72982955,0.9297545,False
Zn3(PO4)2__K3H(SeO4)2,log10_on_off_ratio,1.28564555340231,1.2949909,1.4674997,1.590273,False
Zn3(PO4)2__K3H(SeO4)2,log10_on_off_ratio,1.0795815622373053,1.0714691,1.2335918,1.3993031,True
Zn3(PO4)2__K3H(SeO4)2,log10_on_off_ratio,1.4655175733891972,1.4796641,1.62305,1.7800153,False
NaS2__Li3PS4,log10_on_off_ratio,1.8498909659616092,1.4057152,1.6912616,1.9126575,True
NaS2__Li3PS4,log10_on_off_ratio,1.6337014692009435,1.3106753,1.5516036,1.7316127,True
NaS2__Li3PS4,log10_on_off_ratio,2.4590859244974905,1.8350128,2.1718574,2.4832258,True
NaS2__Li3PS4,log10_on_off_ratio,1.9342926974667969,1.4465435,1.7547616,2.003049,True
CdS__LiH2BrO5,log10_on_off_ratio,2.407863131918608,2.0265665,2.3119116,2.3764088,False
CdS__LiH2BrO5,log10_on_off_ratio,1.3488115944059855,1.1958591,1.3714482,1.5826981,True
CdS__LiH2BrO5,log10_on_off_ratio,1.2778815579470852,1.1106967,1.2550098,1.4756073,True
CdS__LiH2BrO5,log10_on_off_ratio,1.6903106069249965,1.4837335,1.6148055,1.805484,True
Ca3PCl3__Na2Zn2Si2O7,log10_on_off_ratio,0.9373887289318203,0.92643726,0.95568514,1.2666287,True
Ca3PCl3__Na2Zn2Si2O7,log10_on_off_ratio,1.400728725765358,1.3236083,1.4438405,1.6263083,True
Ca3PCl3__Na2Zn2Si2O7,log10_on_off_ratio,0.79263430715117,0.7760882,0.8518025,1.1065311,True
Ca3PCl3__Na2Zn2Si2O7,log10_on_off_ratio,1.300350235680965,1.257807,1.3853344,1.5739516,True
Sb4H2SO10__K3InP2,log10_on_off_ratio,0.5158111323113894,0.52855384,0.53032273,1.0201448,False
Sb4H2SO10__K3InP2,log10_on_off_ratio,0.6822289788951366,0.6673875,0.6934855,1.0972056,True
Sb4H2SO10__K3InP2,log10_on_off_ratio,2.193009197222111,1.8793291,2.169406,2.2108407,True
Sb4H2SO10__K3InP2,log10_on_off_ratio,0.6496584594836056,0.60495585,0.62688285,1.0570319,True
NClOF4__As2S3,log10_on_off_ratio,1.6604117230739952,1.3753885,1.612809,1.7078321,True
NClOF4__As2S3,log10_on_off_ratio,2.3948391310612887,2.1505368,2.4204412,2.4377449,True
NClOF4__As2S3,log10_on_off_ratio,2.750931676652169,2.230889,2.7588253,2.760082,True
NClOF4__As2S3,log10_on_off_ratio,1.7433718765792725,1.5168895,1.7548637,1.8801273,True
KAs2HO6__Al2CdS4,log10_on_off_ratio,0.9655678049610492,0.94315934,0.987855,1.2722093,True
KAs2HO6__Al2CdS4,log10_on_off_ratio,2.2177554396570307,2.0325208,2.2975287,2.3005672,True
KAs2HO6__Al2CdS4,log10_on_off_ratio,1.8500074357595089,1.7801261,1.9214369,1.9935714,True
KAs2HO6__Al2CdS4,log10_on_off_ratio,0.5378807100905467,0.61572146,0.6199166,1.0023792,False
K6CdO4__NaNO3,log10_on_off_ratio,0.5326814679929937,0.5716352,0.5745629,1.0420736,False
K6CdO4__NaNO3,log10_on_off_ratio,1.5877673439948785,1.4059168,1.584558,1.7510557,True
K6CdO4__NaNO3,log10_on_off_ratio,2.194731542352235,1.7332009,2.0367982,2.1984746,True
K6CdO4__NaNO3,log10_on_off_ratio,1.7691524187990288,1.5025007,1.7257922,1.930606,True
Cd(GaSe2)2__KP15,log10_on_off_ratio,0.7553982726957206,0.712196,0.7933261,1.0048081,True
Cd(GaSe2)2__KP15,log10_on_off_ratio,0.7131815599359173,0.6565856,0.7476804,1.0178032,True
Cd(GaSe2)2__KP15,log10_on_off_ratio,1.7131762119260243,1.4878236,1.6315855,1.7762675,True
Cd(GaSe2)2__KP15,log10_on_off_ratio,1.3072900338068834,1.0947409,1.3702483,1.4427179,True
GaSb3Pb4O13__Li2GePbS4,log10_on_off_ratio,0.9265389633625956,0.66274506,0.8558192,1.1598715,True
GaSb3Pb4O13__Li2GePbS4,log10_on_off_ratio,1.7910881411869464,1.2552209,1.7336277,1.8489052,True
GaSb3Pb4O13__Li2GePbS4,log10_on_off_ratio,1.7649273079801882,1.1362667,1.6229925,1.7736374,True
GaSb3Pb4O13__Li2GePbS4,log10_on_off_ratio,0.7848757316119833,0.5174044,0.69961286,1.0796819,True
Ca2Ge__Zn2AsHO5,log10_on_off_ratio,2.018569144299057,1.7396978,2.015748,2.1215396,True
Ca2Ge__Zn2AsHO5,log10_on_off_ratio,1.3725452332029389,1.2238231,1.4137142,1.6000173,True
Ca2Ge__Zn2AsHO5,log10_on_off_ratio,0.5961940635698381,0.562085,0.595933,1.0611571,True
Ca2Ge__Zn2AsHO5,log10_on_off_ratio,1.9918588875199088,1.7215886,1.9779097,2.1235235,True
Na2In2GeSe6__ZnP2,log10_on_off_ratio,0.5902980390135266,0.57264465,0.6157334,1.0378366,True
Na2In2GeSe6__ZnP2,log10_on_off_ratio,1.0571534889217864,0.99418116,1.0862383,1.3756334,True
Na2In2GeSe6__ZnP2,log10_on_off_ratio,1.3716757213725586,1.2899553,1.4326608,1.6536843,True
Na2In2GeSe6__ZnP2,log10_on_off_ratio,0.4818354068518062,0.49745813,0.52954066,1.0383806,False
Na5SiP3__LiS4,log10_on_off_ratio,0.634730612351702,0.74712795,0.7640095,0.982552,False
Na5SiP3__LiS4,log10_on_off_ratio,0.819353120286908,0.8811845,0.9923296,1.1651711,False
Na5SiP3__LiS4,log10_on_off_ratio,1.791701940341237,1.7969663,2.0553992,2.0810425,False
Na5SiP3__LiS4,log10_on_off_ratio,1.88846383012638,1.8535746,2.0835016,2.1159992,True
Te(HO)6__K4TiO4,log10_on_off_ratio,1.779814542399378,1.5298468,1.778906,1.9485866,True
Te(HO)6__K4TiO4,log10_on_off_ratio,0.6418465603218851,0.6287804,0.63169193,1.0883709,True
Te(HO)6__K4TiO4,log10_on_off_ratio,0.5745981471908793,0.5861885,0.59710693,1.0630215,False
Te(HO)6__K4TiO4,log10_on_off_ratio,1.83692499466584,1.5740436,1.7926326,1.91889,True
KSb5S8__KGaTe2,log10_on_off_ratio,2.365866953512537,2.1115124,2.4154522,2.4648232,True
KSb5S8__KGaTe2,log10_on_off_ratio,2.015810824743228,1.8083696,2.0735624,2.1568222,True
KSb5S8__KGaTe2,log10_on_off_ratio,1.5361100358697857,1.4271282,1.5441881,1.7308222,True
KSb5S8__KGaTe2,log10_on_off_ratio,2.541645266849587,2.2856872,2.6146648,2.6444857,True
K5SnAs3__Na3P11,log10_on_off_ratio,0.5002333641335549,0.5136518,0.5152801,0.9595824,False
K5SnAs3__Na3P11,log10_on_off_ratio,1.7671122874975618,1.6724967,1.7624978,1.9213879,True
K5SnAs3__Na3P11,log10_on_off_ratio,0.9454960999719748,0.9058275,0.96482474,1.2571222,True
K5SnAs3__Na3P11,log10_on_off_ratio,1.119085935988452,1.0859919,1.1865308,1.4488288,True
Na2Cd(GeS3)2__Na2Zn2S3,log10_on_off_ratio,1.462805041619215,1.6797718,1.9123675,2.117008,False
Na2Cd(GeS3)2__Na2Zn2S3,log10_on_off_ratio,0.844817781438969,0.8425116,1.0302778,1.1833341,True
Na2Cd(GeS3)2__Na2Zn2S3,log10_on_off_ratio,0.9864892070156216,1.1081151,1.3556898,1.4739627,False
Na2Cd(GeS3)2__Na2Zn2S3,log10_on_off_ratio,1.4379884026841985,1.5349865,1.8049599,1.9770914,False
NaTe3__NO2,log10_on_off_ratio,2.631243624946618,2.2168865,2.6193156,2.6483727,True
NaTe3__NO2,log10_on_off_ratio,2.0156136739712256,1.6869931,1.9881366,2.0852401,True
NaTe3__NO2,log10_on_off_ratio,0.4882179151541881,0.5349077,0.5550212,1.0379807,False
NaTe3__NO2,log10_on_off_ratio,0.5940165643297469,0.56169355,0.5681039,1.0452224,True
Zn(NO3)2__KTe,log10_on_off_ratio,1.8865751234814716,1.6420782,1.8717588,1.956297,True
Zn(NO3)2__KTe,log10_on_off_ratio,2.6910889284737545,2.3355665,2.7147648,2.7420278,True
Zn(NO3)2__KTe,log10_on_off_ratio,2.60318050714459,2.1745281,2.5511925,2.5606117,False
Zn(NO3)2__KTe,log10_on_off_ratio,0.4581625696172579,0.5043056,0.5153942,1.0319837,False
K4I2O9__Zn4SiTePbO10,log10_on_off_ratio,0.724894652003132,0.76678854,0.8522553,1.1235569,False
K4I2O9__Zn4SiTePbO10,log10_on_off_ratio,0.5582089973279777,0.56939155,0.6247745,0.99759007,False
K4I2O9__Zn4SiTePbO10,log10_on_off_ratio,1.2177963082644896,1.0435364,1.4929535,1.8144894,True
K4I2O9__Zn4SiTePbO10,log10_on_off_ratio,0.9036202065788826,0.73811865,1.1354941,1.367793,True
IF7__Ca2PbO4,log10_on_off_ratio,0.4996019288268308,0.47281754,0.5089916,0.9805189,True
IF7__Ca2PbO4,log10_on_off_ratio,1.1591366879058738,1.0916086,1.2101282,1.465467,True
IF7__Ca2PbO4,log10_on_off_ratio,1.4470557111634748,1.3573222,1.4991891,1.676789,True
IF7__Ca2PbO4,log10_on_off_ratio,1.5326306324774377,1.3660475,1.4962826,1.6922082,True
SiSe2__Na2GeO3,log10_on_off_ratio,2.368552816791095,1.8179797,2.0692592,2.3325565,False
SiSe2__Na2GeO3,log10_on_off_ratio,2.001504860035977,1.6671641,1.8724374,2.0052865,True
SiSe2__Na2GeO3,log10_on_off_ratio,0.8745819701715121,0.7968572,0.8934481,1.1556323,True
SiSe2__Na2GeO3,log10_on_off_ratio,2.695856942040085,1.9741589,2.3623443,2.632936,False
CaS__K5In3(SiO3)7,log10_on_off_ratio,1.8032085925492147,1.4720478,1.707659,1.885296,True
CaS__K5In3(SiO3)7,log10_on_off_ratio,2.191604435701419,1.8657644,2.0962303,2.218506,True
CaS__K5In3(SiO3)7,log10_on_off_ratio,1.737627656338692,1.5421382,1.7229923,1.8828409,True
CaS__K5In3(SiO3)7,log10_on_off_ratio,1.7053291121180223,1.4573672,1.646916,1.8122605,True
K2TiSi3(HO5)2__As2Pb3O8,log10_on_off_ratio,2.5907664341752064,2.251447,2.6307857,2.6898189,True
K2TiSi3(HO5)2__As2Pb3O8,log10_on_off_ratio,0.8526120675087757,0.8590673,0.9124237,1.2445548,False
K2TiSi3(HO5)2__As2Pb3O8,log10_on_off_ratio,2.29243499838327,2.0820227,2.3647165,2.4007385,True
K2TiSi3(HO5)2__As2Pb3O8,log10_on_off_ratio,0.4528468696706058,0.5082443,0.544877,0.98053706,False
Ga2TeSe2__Li2CdSiO4,log10_on_off_ratio,1.07581509269393,0.9984786,1.1144415,1.2829182,True
Ga2TeSe2__Li2CdSiO4,log10_on_off_ratio,1.5741548697823855,1.4084684,1.6175872,1.7318671,True
Ga2TeSe2__Li2CdSiO4,log10_on_off_ratio,2.01218029396816,1.8926384,2.1378384,2.1467726,True
Ga2TeSe2__Li2CdSiO4,log10_on_off_ratio,2.2631343688303858,2.1108575,2.4136412,2.425298,True
Na2Ti3O7__As3Pb5ClO12,log10_on_off_ratio,2.6797916731574003,2.230435,2.6638272,2.6702502,False
Na2Ti3O7__As3Pb5ClO12,log10_on_off_ratio,0.5214207525088549,0.59967035,0.60436976,1.0516914,False
Na2Ti3O7__As3Pb5ClO12,log10_on_off_ratio,1.4931069544238154,1.3685551,1.4917265,1.6858851,True
Na2Ti3O7__As3Pb5ClO12,log10_on_off_ratio,2.3967208046641773,2.0174286,2.345128,2.369936,False
K2In2P3Se10__Ti6CCl14,log10_on_off_ratio,2.2533547650135093,1.9655288,2.246924,2.2974467,True
K2In2P3Se10__Ti6CCl14,log10_on_off_ratio,0.6140503548573871,0.60002077,0.60643774,1.0615873,True
K2In2P3Se10__Ti6CCl14,log10_on_off_ratio,0.8088963473102599,0.85218245,0.8548503,1.2095721,False
K2In2P3Se10__Ti6CCl14,log10_on_off_ratio,2.688622968100087,2.2405849,2.6828475,2.7156236,True
NaH2N__SO2,log10_on_off_ratio,2.708515801034451,2.1976106,2.6927993,2.7301497,True
NaH2N__SO2,log10_on_off_ratio,2.759293139338923,2.287404,2.7407029,2.7649076,True
NaH2N__SO2,log10_on_off_ratio,1.7265799201288667,1.4593236,1.6909584,1.8323491,True
NaH2N__SO2,log10_on_off_ratio,1.2773801958554551,1.1138849,1.2631811,1.5509157,True
InTeO3F__Ca(Ga3Te5)2,log10_on_off_ratio,2.3337763917641534,2.038388,2.273424,2.3283837,False
InTeO3F__Ca(Ga3Te5)2,log10_on_off_ratio,1.7479650766260129,1.5409298,1.7079785,1.9118465,True
InTeO3F__Ca(Ga3Te5)2,log10_on_off_ratio,2.324987715543995,2.0459733,2.3380396,2.3682878,True
InTeO3F__Ca(Ga3Te5)2,log10_on_off_ratio,1.7450085666061357,1.5488071,1.7376486,1.8768377,True
Al2Cd3(GeO4)3__SCl,log10_on_off_ratio,0.757395188215045,0.7956708,0.80794996,1.1295358,False
Al2Cd3(GeO4)3__SCl,log10_on_off_ratio,1.958131785155249,1.7344189,1.9566119,2.0615056,True
Al2Cd3(GeO4)3__SCl,log10_on_off_ratio,1.4769305978819385,1.3266151,1.4362245,1.6602222,True
Al2Cd3(GeO4)3__SCl,log10_on_off_ratio,2.115195651963824,1.8513062,2.1286495,2.215744,True
Ti6In2Si2P12O49__Cd2AsHO5,log10_on_off_ratio,1.172018974874856,1.0717052,1.1770743,1.4904644,True
Ti6In2Si2P12O49__Cd2AsHO5,log10_on_off_ratio,1.700300647857074,1.5079451,1.7015476,1.8772092,True
Ti6In2Si2P12O49__Cd2AsHO5,log10_on_off_ratio,2.50869135099024,2.1617885,2.515951,2.5426013,True
Ti6In2Si2P12O49__Cd2AsHO5,log10_on_off_ratio,2.295884323910738,1.966948,2.259744,2.3435233,True
Na5AlO4__Li2CdSiO4,log10_on_off_ratio,2.049871083715217,1.7475617,1.9284633,2.1018028,True
Na5AlO4__Li2CdSiO4,log10_on_off_ratio,0.8045171557117456,0.78692317,0.8822857,1.1452147,True
Na5AlO4__Li2CdSiO4,log10_on_off_ratio,1.893584303394817,1.6308732,1.7577145,1.9825511,True
Na5AlO4__Li2CdSiO4,log10_on_off_ratio,0.945525551944396,0.9226399,1.0045307,1.2655978,True
Na4Ge2Te5__K3P11,log10_on_off_ratio,2.6232515026922543,1.6099616,2.0430422,2.5516245,False
Na4Ge2Te5__K3P11,log10_on_off_ratio,2.115958433598611,1.3916441,1.7265481,2.0676599,False
Na4Ge2Te5__K3P11,log10_on_off_ratio,0.823758271914479,0.6499643,0.8168034,1.0773426,True
Na4Ge2Te5__K3P11,log10_on_off_ratio,1.9900466989192345,1.4039378,1.7681779,1.9858716,False
ZnSiPbO4__Ca(SbO3)2,log10_on_off_ratio,2.577683757279776,2.310016,2.625037,2.6487825,True
ZnSiPbO4__Ca(SbO3)2,log10_on_off_ratio,0.7400467944897624,0.7582915,0.8119336,1.1183356,False
ZnSiPbO4__Ca(SbO3)2,log10_on_off_ratio,2.050709214261508,1.8006063,2.064266,2.134745,True
ZnSiPbO4__Ca(SbO3)2,log10_on_off_ratio,2.117950496872333,1.8854362,2.113244,2.1893282,True
K11Cd2Sb5__K2In2P3Se10,log10_on_off_ratio,1.192599442562786,1.1693529,1.2536062,1.4661982,True
K11Cd2Sb5__K2In2P3Se10,log10_on_off_ratio,2.281056304395638,2.012807,2.306286,2.343967,True
K11Cd2Sb5__K2In2P3Se10,log10_on_off_ratio,2.391817643866041,2.0840855,2.435525,2.441622,True
K11Cd2Sb5__K2In2P3Se10,log10_on_off_ratio,1.4276889266210604,1.3596443,1.4554164,1.6017157,True
Na3AlAs2__SbSBr,log10_on_off_ratio,1.524017684644056,1.3797846,1.5091709,1.7463008,True
Na3AlAs2__SbSBr,log10_on_off_ratio,1.232297551984591,1.1793443,1.2299784,1.4483786,True
Na3AlAs2__SbSBr,log10_on_off_ratio,2.841587534823578,2.2589207,2.7860706,2.8313498,False
Na3AlAs2__SbSBr,log10_on_off_ratio,1.983179425740298,1.7330327,2.0131204,2.1038013,True
CaH3NO5__ZnF2,log10_on_off_ratio,1.0038067074729238,0.93731284,1.025409,1.3264722,True
CaH3NO5__ZnF2,log10_on_off_ratio,1.259182991392599,1.1322671,1.316024,1.542396,True
CaH3NO5__ZnF2,log10_on_off_ratio,1.4234652412208908,1.2478042,1.415577,1.645003,True
CaH3NO5__ZnF2,log10_on_off_ratio,1.8146896737865563,1.5870249,1.795739,1.9450339,True
NO3__Sb2IBr2F11,log10_on_off_ratio,0.7193707094452481,0.68085366,0.779105,1.1277032,True
NO3__Sb2IBr2F11,log10_on_off_ratio,0.6815841006070426,0.6846976,0.75969553,1.027322,False
NO3__Sb2IBr2F11,log10_on_off_ratio,1.7472217355188353,1.5571926,1.8628613,2.2574127,True
NO3__Sb2IBr2F11,log10_on_off_ratio,1.4865112970653267,1.3786819,1.7029692,1.906206,True
K2GaAs2__Li2Te2O5,log10_on_off_ratio,1.7107243539938184,1.4029317,1.6730735,1.8300178,True
K2GaAs2__Li2Te2O5,log10_on_off_ratio,1.890580785574904,1.5711851,1.8067764,1.9971813,True
K2GaAs2__Li2Te2O5,log10_on_off_ratio,1.8276359051231823,1.4819328,1.7712461,1.9137839,True
K2GaAs2__Li2Te2O5,log10_on_off_ratio,2.519098099954735,2.0597,2.2560215,2.5309665,True
K3GeTe3__Li2SnSe3,log10_on_off_ratio,1.7741282055390806,1.4469378,1.7183901,2.0182042,True
K3GeTe3__Li2SnSe3,log10_on_off_ratio,2.1638673183114907,1.7069424,2.0014946,2.3200622,True
K3GeTe3__Li2SnSe3,log10_on_off_ratio,0.8731522461134783,0.7981582,0.9127873,1.100349,True
K3GeTe3__Li2SnSe3,log10_on_off_ratio,0.9020498988811464,0.82678425,0.9526107,1.085505,True
GaSbO4__Zn3Te2P2(PbO7)2,log10_on_off_ratio,2.7723379582430745,2.209223,2.709744,2.7261698,False
GaSbO4__Zn3Te2P2(PbO7)2,log10_on_off_ratio,1.5306143361107365,1.396766,1.585858,1.7422802,True
GaSbO4__Zn3Te2P2(PbO7)2,log10_on_off_ratio,0.6575543380285616,0.68154037,0.7198209,1.0673063,False
GaSbO4__Zn3Te2P2(PbO7)2,log10_on_off_ratio,1.204677109756613,1.0821024,1.2261378,1.4229652,True
K6Na3AlSb4__Na4CdP2,log10_on_off_ratio,1.098870387320002,1.0761048,1.1370621,1.4682997,True
K6Na3AlSb4__Na4CdP2,log10_on_off_ratio,0.9165237944003438,0.8695276,0.9579938,1.2374121,True
K6Na3AlSb4__Na4CdP2,log10_on_off_ratio,2.333029611815336,2.0690982,2.375614,2.388534,True
K6Na3AlSb4__Na4CdP2,log10_on_off_ratio,0.5721151215736173,0.5638089,0.6454454,1.0385522,True
Ga10GePb3O20__K3In3(PO4)4,log10_on_off_ratio,1.6255791619677746,1.4826658,1.7356523,2.0050354,True
Ga10GePb3O20__K3In3(PO4)4,log10_on_off_ratio,1.2938317606012848,1.2011484,1.4877682,1.6368283,True
Ga10GePb3O20__K3In3(PO4)4,log10_on_off_ratio,1.7422909472883223,1.5995106,1.8229685,2.1658728,True
Ga10GePb3O20__K3In3(PO4)4,log10_on_off_ratio,0.5553743001921799,0.5651693,0.58100826,0.96014756,False
Na5GaO4__Ca2GeS4,log10_on_off_ratio,0.8876637707044583,0.8429887,1.1516007,1.2872119,True
Na5GaO4__Ca2GeS4,log10_on_off_ratio,0.6052718125870155,0.6080426,0.6253631,0.85313016,False
Na5GaO4__Ca2GeS4,log10_on_off_ratio,0.3834828494695086,0.4054115,0.4244154,0.7930606,False
Na5GaO4__Ca2GeS4,log10_on_off_ratio,0.6120928755808015,0.6007959,0.81970465,1.0909481,True
Na5GeAs3__K6ZnSe4,log10_on_off_ratio,0.8734698216542529,0.78020835,0.8848195,1.1247951,True
Na5GeAs3__K6ZnSe4,log10_on_off_ratio,0.8610799554017361,0.7586224,0.8540651,1.0732412,True
Na5GeAs3__K6ZnSe4,log10_on_off_ratio,1.8000300715763933,1.5688113,1.8492008,1.8781438,True
Na5GeAs3__K6ZnSe4,log10_on_off_ratio,1.2978793609860435,1.2417221,1.4654505,1.4957436,True
ClO3__Ti(SO4)2,log10_on_off_ratio,2.1040766148373176,1.8212761,2.0658169,2.167735,True
ClO3__Ti(SO4)2,log10_on_off_ratio,1.2717299094132648,1.153828,1.3022357,1.519735,True
ClO3__Ti(SO4)2,log10_on_off_ratio,1.1546126311497076,1.07474,1.213169,1.4602,True
ClO3__Ti(SO4)2,log10_on_off_ratio,1.8964444886278484,1.6660706,1.8852787,2.0133765,True
SCl__LiZnAs,log10_on_off_ratio,1.7525425746142067,1.6028811,1.7540146,1.9002154,True
SCl__LiZnAs,log10_on_off_ratio,0.6873030710090515,0.7129418,0.72077304,1.1049161,False
SCl__LiZnAs,log10_on_off_ratio,1.046146522946087,1.0208727,1.0770332,1.3510864,True
SCl__LiZnAs,log10_on_off_ratio,0.5575282263223789,0.53668725,0.55537087,0.99373895,True
InTeO3F__ZnCN2,log10_on_off_ratio,1.5837191367789882,1.473852,1.814277,2.3949437,True
InTeO3F__ZnCN2,log10_on_off_ratio,0.8079959594482554,0.72186077,1.0014415,1.2094177,True
InTeO3F__ZnCN2,log10_on_off_ratio,0.9950025921834807,0.97201574,1.339621,1.5321759,True
InTeO3F__ZnCN2,log10_on_off_ratio,0.7165477725446177,0.7164572,0.825408,1.0012434,True
K3Ga3As4__KSn2(PO4)3,log10_on_off_ratio,0.5585880413179699,0.5290011,0.5497951,0.9917198,True
K3Ga3As4__KSn2(PO4)3,log10_on_off_ratio,0.8471644891599401,0.7786117,0.8712781,1.1621538,True
K3Ga3As4__KSn2(PO4)3,log10_on_off_ratio,1.360676537185529,1.0714245,1.3808608,1.5240756,True
K3Ga3As4__KSn2(PO4)3,log10_on_off_ratio,2.831929760957025,2.103699,2.5876064,2.715094,False
As3Pb5ClO12__H2SeO4,log10_on_off_ratio,2.6611129008101058,2.1799028,2.6319318,2.703477,True
As3Pb5ClO12__H2SeO4,log10_on_off_ratio,0.9698441318685482,0.91457313,0.97865707,1.2239552,True
As3Pb5ClO12__H2SeO4,log10_on_off_ratio,2.4101795510547777,2.0968666,2.4054697,2.418014,True
As3Pb5ClO12__H2SeO4,log10_on_off_ratio,1.9542805591137669,1.7763774,1.9869729,2.005822,True
Li3Sb__AsS(IF3)2,log10_on_off_ratio,2.2927873768358618,1.9530776,2.2601655,2.30237,True
Li3Sb__AsS(IF3)2,log10_on_off_ratio,1.6032594763807249,1.4544092,1.6341,1.7680675,True
Li3Sb__AsS(IF3)2,log10_on_off_ratio,1.4020055597711594,1.2254179,1.4064147,1.5993937,True
Li3Sb__AsS(IF3)2,log10_on_off_ratio,0.953513387688502,0.8829745,0.9885041,1.2806683,True
Cd(GaO2)2__Ga10GePb3O20,log10_on_off_ratio,2.6338522692345308,2.169232,2.571654,2.5781763,False
Cd(GaO2)2__Ga10GePb3O20,log10_on_off_ratio,1.9594049778852665,1.7211396,1.9170107,1.9851295,True
Cd(GaO2)2__Ga10GePb3O20,log10_on_off_ratio,2.685816887770523,2.2133667,2.6075425,2.682713,False
Cd(GaO2)2__Ga10GePb3O20,log10_on_off_ratio,2.0845060311107693,1.8042889,2.0405755,2.0722423,False
In7Cl9__Li2GeTeO6,log10_on_off_ratio,0.7253130418570866,0.64875436,0.6695484,0.98219126,True
In7Cl9__Li2GeTeO6,log10_on_off_ratio,1.840567311278934,1.557921,1.8450896,2.0154545,True
In7Cl9__Li2GeTeO6,log10_on_off_ratio,1.6671948652074144,1.4362121,1.7206123,1.8663553,True
In7Cl9__Li2GeTeO6,log10_on_off_ratio,2.1078695885047893,1.7969856,2.00877,2.2926672,True
SbN(OF3)2__NF2,log10_on_off_ratio,1.0094909720898655,0.88943535,0.98386544,1.3065995,True
SbN(OF3)2__NF2,log10_on_off_ratio,0.6303356688722473,0.6785005,0.6811492,1.0864426,False
SbN(OF3)2__NF2,log10_on_off_ratio,1.9384960279443424,1.6687917,1.9411721,2.0502896,True
SbN(OF3)2__NF2,log10_on_off_ratio,2.213942206243317,1.9561783,2.2208772,2.2869787,True
Na2SnGe2(HO4)2__SbOF,log10_on_off_ratio,1.7051562767313246,1.5600609,1.7267929,1.9020054,True
Na2SnGe2(HO4)2__SbOF,log10_on_off_ratio,2.305920271142813,1.9541311,2.293888,2.3146918,True
Na2SnGe2(HO4)2__SbOF,log10_on_off_ratio,1.003083815845787,0.92371833,1.0355223,1.3406757,True
Na2SnGe2(HO4)2__SbOF,log10_on_off_ratio,1.630165584076884,1.4252096,1.5849726,1.7701312,True
K3SnTe3__K6Na3AlSb4,log10_on_off_ratio,0.4551983351974326,0.48979113,0.50982314,0.9695129,False
K3SnTe3__K6Na3AlSb4,log10_on_off_ratio,1.7582621599255703,1.6247338,1.8151312,1.8727019,True
K3SnTe3__K6Na3AlSb4,log10_on_off_ratio,1.3568092998670291,1.325602,1.4070889,1.5728914,True
K3SnTe3__K6Na3AlSb4,log10_on_off_ratio,1.2275137024635516,1.1262575,1.2250394,1.4876747,True
Sb9S4F39__K3As(PSe3)3,log10_on_off_ratio,0.5265879583530113,0.52278763,0.5298146,1.0378839,True
Sb9S4F39__K3As(PSe3)3,log10_on_off_ratio,0.960227029519497,0.91023916,0.9883947,1.3116612,True
Sb9S4F39__K3As(PSe3)3,log10_on_off_ratio,1.8473530215601417,1.6458229,1.8604908,1.9932879,True
Sb9S4F39__K3As(PSe3)3,log10_on_off_ratio,1.8907142651395976,1.6299726,1.8995298,2.0263472,True
K4SnSe4__CdSe,log10_on_off_ratio,0.7817054890669793,0.73949116,0.7665567,1.1665353,True
K4SnSe4__CdSe,log10_on_off_ratio,1.670107859978945,1.4525461,1.6268238,1.8092927,True
K4SnSe4__CdSe,log10_on_off_ratio,0.8665949491194526,0.8013747,0.84716517,1.1902142,True
K4SnSe4__CdSe,log10_on_off_ratio,2.523299446536193,2.0707111,2.4055216,2.4932106,False
SnO__Cd4P6SN12,log10_on_off_ratio,2.206550450528052,1.9261138,2.2225835,2.2233317,True
SnO__Cd4P6SN12,log10_on_off_ratio,0.66628400084615,0.65308315,0.6844015,1.0719504,True
SnO__Cd4P6SN12,log10_on_off_ratio,1.3363024566837047,1.2132254,1.3368934,1.5574232,True
SnO__Cd4P6SN12,log10_on_off_ratio,1.352683968622011,1.2107661,1.4218493,1.5343431,True
Na4SnO4__Ti6In2Si2P12O49,log10_on_off_ratio,1.064248995766956,0.89400005,1.1060505,1.3432935,True
Na4SnO4__Ti6In2Si2P12O49,log10_on_off_ratio,0.882696875399811,0.77346987,0.968335,1.1838615,True
Na4SnO4__Ti6In2Si2P12O49,log10_on_off_ratio,0.4797426050425385,0.4456659,0.5107225,0.8192035,True
Na4SnO4__Ti6In2Si2P12O49,log10_on_off_ratio,1.1479816111531445,1.0816532,1.3199633,1.505772,True
LiCaP__KPS3,log10_on_off_ratio,2.47715681231462,2.1501343,2.490331,2.5343533,True
LiCaP__KPS3,log10_on_off_ratio,1.6073119141068737,1.4406135,1.6321405,1.8364059,True
LiCaP__KPS3,log10_on_off_ratio,2.0837002872852395,1.810913,2.1152058,2.1891356,True
LiCaP__KPS3,log10_on_off_ratio,2.0553184538995697,1.8638288,2.1092389,2.1635299,True
Li10Si(PSe6)2__KSnI3,log10_on_off_ratio,1.9273071049271857,1.35388,1.7037598,1.9374645,True
Li10Si(PSe6)2__KSnI3,log10_on_off_ratio,0.8064632759653446,0.6516996,0.7370614,1.119219,True
Li10Si(PSe6)2__KSnI3,log10_on_off_ratio,2.550375668539295,1.6579621,2.0886066,2.4373293,False
Li10Si(PSe6)2__KSnI3,log10_on_off_ratio,1.8186614350893795,1.2160455,1.5965241,1.7988691,False
Ca3CdO4__KNO2,log10_on_off_ratio,0.8985690092089117,0.8883636,0.9556225,1.2492698,True
Ca3CdO4__KNO2,log10_on_off_ratio,1.509077151309992,1.4182538,1.5447507,1.7165242,True
Ca3CdO4__KNO2,log10_on_off_ratio,1.931240732909049,1.732647,1.9560606,2.0795214,True
Ca3CdO4__KNO2,log10_on_off_ratio,1.3802124207329205,1.236263,1.4182001,1.5798284,True
KSi__KInP2S7,log10_on_off_ratio,0.4506229234090728,0.4764902,0.5438236,0.9841242,False
KSi__KInP2S7,log10_on_off_ratio,0.5469757756033058,0.5618335,0.57810134,1.0082941,False
KSi__KInP2S7,log10_on_off_ratio,1.335295506513095,1.1245657,1.3667423,1.5575297,True
KSi__KInP2S7,log10_on_off_ratio,2.5612670145849314,1.9874034,2.3103766,2.5190418,False
TeO3__K4SnO4,log10_on_off_ratio,2.0975196590130505,1.8080078,2.068112,2.146984,True
TeO3__K4SnO4,log10_on_off_ratio,2.529104763268039,2.1813087,2.5080063,2.5086849,False
TeO3__K4SnO4,log10_on_off_ratio,2.062582464360836,1.7785544,2.0656774,2.1374917,True
TeO3__K4SnO4,log10_on_off_ratio,1.940636412264627,1.6758391,1.9413631,2.024952,True
LiTiAsO5__AsSe6IF6,log10_on_off_ratio,2.827282133803344,2.2300718,2.735411,2.765093,False
LiTiAsO5__AsSe6IF6,log10_on_off_ratio,2.0970655862782137,1.758066,2.032695,2.1006854,True
LiTiAsO5__AsSe6IF6,log10_on_off_ratio,2.3375490992099457,1.9457788,2.3241627,2.339997,True
LiTiAsO5__AsSe6IF6,log10_on_off_ratio,2.682436726093416,2.2241468,2.6854014,2.695702,True
AlAs__KH2N,log10_on_off_ratio,0.6480333556553101,0.61276233,0.6865117,1.0589416,True
AlAs__KH2N,log10_on_off_ratio,1.9312004276486,1.6534599,1.870969,1.9895376,True
AlAs__KH2N,log10_on_off_ratio,2.0343691757314506,1.7222712,1.9841993,2.0956666,True
AlAs__KH2N,log10_on_off_ratio,1.3106564675845356,1.1442004,1.3044535,1.5225953,True
KNaTe__SnBr4,log10_on_off_ratio,0.7427197683240959,0.76342505,0.7717432,1.084178,False
KNaTe__SnBr4,log10_on_off_ratio,2.06105921263724,1.7541342,2.0303376,2.145803,True
KNaTe__SnBr4,log10_on_off_ratio,2.60526684484564,2.2203531,2.5832431,2.6020422,False
KNaTe__SnBr4,log10_on_off_ratio,2.082588223131279,1.7820575,2.0186372,2.138986,True
Na4SnTe4__Ca(Ga3Te5)2,log10_on_off_ratio,1.6599536949074354,1.5877155,1.7367008,1.8062031,True
Na4SnTe4__Ca(Ga3Te5)2,log10_on_off_ratio,1.1170814459989848,1.0488589,1.1650472,1.3188101,True
Na4SnTe4__Ca(Ga3Te5)2,log10_on_off_ratio,1.9358295009851825,1.8153542,1.9307009,2.047464,True
Na4SnTe4__Ca(Ga3Te5)2,log10_on_off_ratio,0.9841802445440636,0.9346796,1.0462828,1.2326568,True
Na4TiP2O9__Na2Sb4O7,log10_on_off_ratio,0.9179351652131196,0.86562103,1.1892426,1.4801396,True
Na4TiP2O9__Na2Sb4O7,log10_on_off_ratio,0.7630068012409791,0.6708741,0.7987234,1.1851693,True
Na4TiP2O9__Na2Sb4O7,log10_on_off_ratio,0.683642721465741,0.6411792,0.74269485,1.1234276,True
Na4TiP2O9__Na2Sb4O7,log10_on_off_ratio,1.5077983548896807,1.2699069,1.5478668,2.3136237,True
ClO2__SbCl(OF3)2,log10_on_off_ratio,1.2579483011901191,0.81284696,1.2476499,1.4494524,True
ClO2__SbCl(OF3)2,log10_on_off_ratio,1.9102322167719712,1.3752673,1.87165,1.9583894,True
ClO2__SbCl(OF3)2,log10_on_off_ratio,0.4932066242062936,0.47859067,0.48794112,0.9004541,True
ClO2__SbCl(OF3)2,log10_on_off_ratio,2.0446857857731167,1.3802922,1.8950319,2.097304,True
NaInTe2__Na2Ga2GeS6,log10_on_off_ratio,0.7118297104551626,0.72324175,0.8023633,1.09351,False
NaInTe2__Na2Ga2GeS6,log10_on_off_ratio,1.2355334152764097,1.1627842,1.2910148,1.4686487,True
NaInTe2__Na2Ga2GeS6,log10_on_off_ratio,0.6155024844130831,0.61539406,0.6233069,1.0156753,True
NaInTe2__Na2Ga2GeS6,log10_on_off_ratio,2.716649723621996,2.2190554,2.6676943,2.6998672,False
K6CdO4__Na2TiGeO5,log10_on_off_ratio,0.9813116451124596,1.0218146,1.0772605,1.3285875,False
K6CdO4__Na2TiGeO5,log10_on_off_ratio,1.6889250449783464,1.5115668,1.7146008,1.8453147,True
K6CdO4__Na2TiGeO5,log10_on_off_ratio,0.7679638270655319,0.72592455,0.7839964,1.099671,True
K6CdO4__Na2TiGeO5,log10_on_off_ratio,0.5346756222811193,0.53180593,0.56078845,0.9817389,True
Ti(NO3)4__Zn(NO3)2,log10_on_off_ratio,2.639987609997133,1.9678631,2.363946,2.7020173,True
Ti(NO3)4__Zn(NO3)2,log10_on_off_ratio,2.574850354435435,1.938689,2.2795415,2.5518076,False
Ti(NO3)4__Zn(NO3)2,log10_on_off_ratio,0.9808441094443096,0.85265666,0.9255855,1.2260202,True
Ti(NO3)4__Zn(NO3)2,log10_on_off_ratio,2.3289586607614923,1.8759165,2.1271677,2.4033613,True
Na4CdP2__K2ZnSe2,log10_on_off_ratio,2.6061240420311607,2.1852534,2.5537229,2.6177504,True
Na4CdP2__K2ZnSe2,log10_on_off_ratio,0.5147574844465589,0.5776785,0.609247,0.9465014,False
Na4CdP2__K2ZnSe2,log10_on_off_ratio,0.9589250709421764,0.93250036,0.97169584,1.2588269,True
Na4CdP2__K2ZnSe2,log10_on_off_ratio,1.9977412195937352,1.8385117,2.057713,2.0937338,True
LiIn(CN2)2__K4TiO4,log10_on_off_ratio,1.0462588294921884,0.95417523,1.0586647,1.2667205,True
LiIn(CN2)2__K4TiO4,log10_on_off_ratio,2.4987573577544238,2.0715547,2.2879987,2.5455153,True
LiIn(CN2)2__K4TiO4,log10_on_off_ratio,1.2413241837976194,1.1331534,1.3213512,1.4150531,True
LiIn(CN2)2__K4TiO4,log10_on_off_ratio,1.08756396042655,1.0016434,1.1518824,1.3475287,True
Na2CdH4(SeO5)2__PI2,log10_on_off_ratio,2.4009060364299586,2.034667,2.3404212,2.4276743,True
Na2CdH4(SeO5)2__PI2,log10_on_off_ratio,1.7717500158716737,1.5437455,1.7314291,1.9151316,True
Na2CdH4(SeO5)2__PI2,log10_on_off_ratio,0.893369129704756,0.8251766,0.8760924,1.2644035,True
Na2CdH4(SeO5)2__PI2,log10_on_off_ratio,1.254581385753391,1.0958614,1.2453159,1.4823292,True
KNa4GeAs3__KGaGeO4,log10_on_off_ratio,0.6600823449226569,0.6844142,0.6849572,1.0618082,False
KNa4GeAs3__KGaGeO4,log10_on_off_ratio,0.7980380071813507,0.7374944,0.7998602,1.1359866,True
KNa4GeAs3__KGaGeO4,log10_on_off_ratio,2.3364569563915327,1.9970465,2.3295922,2.3385098,True
KNa4GeAs3__KGaGeO4,log10_on_off_ratio,2.182747836830821,1.9330572,2.1454723,2.1494145,False
K3Al2As3__Na2Cd(GeS3)2,log10_on_off_ratio,1.6522879674561002,1.4148796,1.6170391,1.7704132,True
K3Al2As3__Na2Cd(GeS3)2,log10_on_off_ratio,2.225443344610805,1.8073822,2.028515,2.2222035,False
K3Al2As3__Na2Cd(GeS3)2,log10_on_off_ratio,2.580135996737462,2.0596437,2.3374815,2.4887078,False
K3Al2As3__Na2Cd(GeS3)2,log10_on_off_ratio,0.8842137609792702,0.81436086,0.91625017,1.2339869,True
P2Pb4O9__Cd(NO3)2,log10_on_off_ratio,0.4849386837123488,0.5088728,0.53441244,0.96388906,False
P2Pb4O9__Cd(NO3)2,log10_on_off_ratio,2.530744154957812,2.1921787,2.5524557,2.5738544,True
P2Pb4O9__Cd(NO3)2,log10_on_off_ratio,1.4744246333757385,1.3171501,1.4392953,1.615512,True
P2Pb4O9__Cd(NO3)2,log10_on_off_ratio,1.5923227701825773,1.4374288,1.5787731,1.7546546,True
K3Na2SnAs3__K2Al2Sb3,log10_on_off_ratio,0.7891721573337951,0.70671415,0.94214296,1.1393394,True
K3Na2SnAs3__K2Al2Sb3,log10_on_off_ratio,1.2267842866661451,0.99507725,1.4393854,1.6095619,True
K3Na2SnAs3__K2Al2Sb3,log10_on_off_ratio,1.7312461055846675,1.5107021,1.954347,2.298649,True
K3Na2SnAs3__K2Al2Sb3,log10_on_off_ratio,1.5896915960763238,1.3499035,1.8626007,2.0483692,True
CdTe__SiP2,log10_on_off_ratio,2.2989846234340416,1.950769,2.2430036,2.3861585,True
CdTe__SiP2,log10_on_off_ratio,1.7411822512753732,1.5795685,1.7390332,1.9177647,True
CdTe__SiP2,log10_on_off_ratio,2.214852763640254,1.8594718,2.2075276,2.3272748,True
CdTe__SiP2,log10_on_off_ratio,0.749032081213051,0.6787124,0.7348563,1.0517983,True
SICl7__CdH3NO5,log10_on_off_ratio,1.7994040819786283,1.3481996,1.7091827,1.9208612,True
SICl7__CdH3NO5,log10_on_off_ratio,0.6755626261250682,0.64848304,0.7152859,1.0676204,True
SICl7__CdH3NO5,log10_on_off_ratio,2.500594186360489,1.7915441,2.295172,2.4292746,False
SICl7__CdH3NO5,log10_on_off_ratio,2.283578685274757,1.6457908,2.2351263,2.300855,True
NaCaAs__K2TeSe3,log10_on_off_ratio,1.6323102527704114,1.4513859,1.6446161,1.8097353,True
NaCaAs__K2TeSe3,log10_on_off_ratio,0.908620887117479,0.86514574,0.93539757,1.2459407,True
NaCaAs__K2TeSe3,log10_on_off_ratio,1.7971278473280388,1.6445224,1.8564888,1.9879701,True
NaCaAs__K2TeSe3,log10_on_off_ratio,2.2715330370392555,1.962559,2.2704659,2.3246894,True
P2Pb4O9__CaZnAsHO5,log10_on_off_ratio,1.8899639553640708,1.7274387,1.8457335,2.0150158,True
P2Pb4O9__CaZnAsHO5,log10_on_off_ratio,1.2611232529391272,1.2126253,1.286165,1.5332978,True
P2Pb4O9__CaZnAsHO5,log10_on_off_ratio,2.4198522109148604,2.1260905,2.4288354,2.484145,True
P2Pb4O9__CaZnAsHO5,log10_on_off_ratio,1.983591543974299,1.7462631,1.9746476,2.0871198,True
In2(PS3)3__K2H6PbO6,log10_on_off_ratio,0.4864746550014077,0.54864633,0.54895943,0.85684115,False
In2(PS3)3__K2H6PbO6,log10_on_off_ratio,0.5882058659841967,0.69323295,0.7271175,0.9133685,False
In2(PS3)3__K2H6PbO6,log10_on_off_ratio,1.746408926455865,1.7790941,2.1191778,2.3434875,False
In2(PS3)3__K2H6PbO6,log10_on_off_ratio,1.651043265540424,1.7302107,2.044523,2.261236,False
Na4Ge2Se5__Li2TiO3,log10_on_off_ratio,1.5044447826576577,1.4426535,1.6088662,1.7433015,True
Na4Ge2Se5__Li2TiO3,log10_on_off_ratio,1.6952724401610877,1.6502608,1.7649395,1.9137821,True
Na4Ge2Se5__Li2TiO3,log10_on_off_ratio,2.4658285341467328,2.1723773,2.6272168,2.643293,True
Na4Ge2Se5__Li2TiO3,log10_on_off_ratio,0.4872269641701629,0.5221971,0.52610964,0.8937373,False
LiAsSe2__NaAs3H2O9,log10_on_off_ratio,1.6686112473422017,1.3585801,1.6341132,1.8125694,True
LiAsSe2__NaAs3H2O9,log10_on_off_ratio,0.8926343112894645,0.8244244,0.9170167,1.2180867,True
LiAsSe2__NaAs3H2O9,log10_on_off_ratio,2.4483642835955446,1.9405795,2.3380926,2.4266102,False
LiAsSe2__NaAs3H2O9,log10_on_off_ratio,1.1395191767441106,0.98394537,1.1124347,1.4237503,True
K2SiAs2__K2TiAl(PO4)3,log10_on_off_ratio,2.453078813231859,2.1274877,2.4732888,2.4752018,True
K2SiAs2__K2TiAl(PO4)3,log10_on_off_ratio,0.869426502572844,0.8024069,0.9234558,1.1776928,True
K2SiAs2__K2TiAl(PO4)3,log10_on_off_ratio,2.071287321292946,1.8404557,2.0427468,2.1418564,True
K2SiAs2__K2TiAl(PO4)3,log10_on_off_ratio,0.880825517375758,0.9004435,0.95059174,1.2383941,False
CdS__CdI2,log10_on_off_ratio,1.8705375474460464,1.7674344,1.9183848,2.0224829,True
CdS__CdI2,log10_on_off_ratio,1.130863434220902,1.0880523,1.154837,1.4037006,True
CdS__CdI2,log10_on_off_ratio,2.7143149770244515,2.2144835,2.7343698,2.7800238,True
CdS__CdI2,log10_on_off_ratio,0.5921318554410474,0.55451465,0.57144195,0.9629936,True
Te(HO)6__NaCaAs,log10_on_off_ratio,2.103141106501146,1.7915521,2.0869176,2.1636174,True
Te(HO)6__NaCaAs,log10_on_off_ratio,2.900994470270613,2.337743,2.7869482,2.8690526,False
Te(HO)6__NaCaAs,log10_on_off_ratio,2.890684911195317,2.3609471,2.8690531,2.9226542,True
Te(HO)6__NaCaAs,log10_on_off_ratio,2.0810030089761016,1.8133874,2.0815067,2.1719115,True
SbI3__K2ZnH4(I2O7)2,log10_on_off_ratio,2.263721862108735,1.4746348,1.9315215,2.1926687,False
SbI3__K2ZnH4(I2O7)2,log10_on_off_ratio,1.2223753675751472,0.8382037,1.1558453,1.3944049,True
SbI3__K2ZnH4(I2O7)2,log10_on_off_ratio,1.508660924996508,1.0344659,1.384308,1.6035625,True
SbI3__K2ZnH4(I2O7)2,log10_on_off_ratio,2.6380928624394677,1.6370121,2.1739528,2.58646,False
Li2P7(H3N)9__NaHS,log10_on_off_ratio,1.806434395027597,1.3154541,1.7218112,1.9031045,True
Li2P7(H3N)9__NaHS,log10_on_off_ratio,0.6281931340307991,0.53574836,0.5677331,0.98925537,True
Li2P7(H3N)9__NaHS,log10_on_off_ratio,0.5187988588018354,0.49763668,0.50531423,0.92786044,True
Li2P7(H3N)9__NaHS,log10_on_off_ratio,1.849255506605218,1.3167305,1.6873077,1.8788157,True
Na14Cd2O9__Rubrene,log10_on_off_ratio,2.6655622641048256,2.2441335,2.6724236,2.6783273,True
Na14Cd2O9__Rubrene,log10_on_off_ratio,1.633730876683981,1.4748142,1.6477857,1.7854587,True
Na14Cd2O9__Rubrene,log10_on_off_ratio,1.0765480168521535,0.9700631,1.0791386,1.3502283,True
Na14Cd2O9__Rubrene,log10_on_off_ratio,0.6392714707262593,0.63639075,0.66786945,1.0530717,True
K6Sn2S7__Sn2OF5,log10_on_off_ratio,1.5936785071522346,1.4217538,1.5854316,1.7900784,True
K6Sn2S7__Sn2OF5,log10_on_off_ratio,2.7987397999669072,2.2483988,2.7478044,2.782291,False
K6Sn2S7__Sn2OF5,log10_on_off_ratio,0.8597630950856624,0.82212436,0.8782061,1.2261155,True
K6Sn2S7__Sn2OF5,log10_on_off_ratio,2.5525014265048145,2.1481812,2.5495944,2.6034658,True
KSb(PSe3)2__NaTi2(PO4)3,log10_on_off_ratio,0.655244597247393,0.6504431,0.7386525,0.9576633,True
KSb(PSe3)2__NaTi2(PO4)3,log10_on_off_ratio,0.9129791323309038,1.0241572,1.1723129,1.334003,False
KSb(PSe3)2__NaTi2(PO4)3,log10_on_off_ratio,1.207968892056217,1.2298949,1.4997345,1.6089251,False
KSb(PSe3)2__NaTi2(PO4)3,log10_on_off_ratio,1.5263588456997998,1.5147202,1.7676414,1.9794213,True
Na4SeO5__Al6Cd4TeO12,log10_on_off_ratio,1.573475934556856,1.4537232,1.6685948,1.7078369,True
Na4SeO5__Al6Cd4TeO12,log10_on_off_ratio,0.7871627322780593,0.7255346,0.8202863,1.0393462,True
Na4SeO5__Al6Cd4TeO12,log10_on_off_ratio,1.4087459199701386,1.3075831,1.4626976,1.5228244,True
Na4SeO5__Al6Cd4TeO12,log10_on_off_ratio,1.0475265824669358,0.9242069,1.1109343,1.2516991,True
KAs__Li4SnS4,log10_on_off_ratio,0.8805466691777925,0.8469434,0.87992966,1.2463865,True
KAs__Li4SnS4,log10_on_off_ratio,1.7632440522866222,1.5626833,1.759558,1.9083242,True
KAs__Li4SnS4,log10_on_off_ratio,0.8978845066719738,0.84145457,0.91197073,1.1927539,True
KAs__Li4SnS4,log10_on_off_ratio,0.7382510951072186,0.7010987,0.768623,1.0848615,True
Na4SiSe4__Ge4Se9,log10_on_off_ratio,1.4932180011705911,1.3324873,1.4930366,1.6691687,True
Na4SiSe4__Ge4Se9,log10_on_off_ratio,1.1627599254569927,1.0031477,1.1256832,1.4471079,True
Na4SiSe4__Ge4Se9,log10_on_off_ratio,1.3158041358474182,1.1232324,1.3150789,1.4832674,True
Na4SiSe4__Ge4Se9,log10_on_off_ratio,1.2199489269078725,1.0613757,1.2242848,1.5250899,True
Ca11Sn3C8__Sb6S2O15,log10_on_off_ratio,1.5713584668412457,1.4189242,1.5629516,1.71695,True
Ca11Sn3C8__Sb6S2O15,log10_on_off_ratio,1.058951014045438,1.0640211,1.1252173,1.4224044,False
Ca11Sn3C8__Sb6S2O15,log10_on_off_ratio,2.3514818786959406,1.9874884,2.3023655,2.3453846,False
Ca11Sn3C8__Sb6S2O15,log10_on_off_ratio,1.3247592606161744,1.291134,1.3453729,1.6096082,True
NaInTe2__PCBM,log10_on_off_ratio,1.597332362039826,1.4192859,1.6169435,1.7641267,True
NaInTe2__PCBM,log10_on_off_ratio,1.1441628949339973,1.0857728,1.1769339,1.5042512,True
NaInTe2__PCBM,log10_on_off_ratio,1.0882012502554208,1.0268186,1.127991,1.3638844,True
NaInTe2__PCBM,log10_on_off_ratio,1.6985415987256427,1.524042,1.6878003,1.8554614,True
Na2Zn2S3__SeCl4,log10_on_off_ratio,2.541750825321268,2.0754447,2.465951,2.4864986,False
Na2Zn2S3__SeCl4,log10_on_off_ratio,0.804422761614385,0.75446904,0.85950994,1.1801739,True
Na2Zn2S3__SeCl4,log10_on_off_ratio,0.8089489764363212,0.7446124,0.8088225,1.1666591,True
Na2Zn2S3__SeCl4,log10_on_off_ratio,1.805955010653844,1.5545136,1.8596284,1.9458942,True
Ca6GaN5__Sn2OF5,log10_on_off_ratio,1.2578085394425464,1.1434046,1.299813,1.5270252,True
Ca6GaN5__Sn2OF5,log10_on_off_ratio,0.9183726707544374,0.88011897,0.9427526,1.28589,True
Ca6GaN5__Sn2OF5,log10_on_off_ratio,2.4398390224874604,2.0855439,2.421037,2.426689,False
Ca6GaN5__Sn2OF5,log10_on_off_ratio,1.985491787165913,1.7378565,1.9897203,2.0718937,True
CaHN__K3SbS3,log10_on_off_ratio,1.4879073659860158,1.304532,1.4634928,1.5389985,True
CaHN__K3SbS3,log10_on_off_ratio,1.5069601313478072,1.3557872,1.4647019,1.5899059,True
CaHN__K3SbS3,log10_on_off_ratio,2.15035229293961,1.7587616,1.922999,2.1604707,True
CaHN__K3SbS3,log10_on_off_ratio,1.0219601757944412,0.92445576,1.0341405,1.2388064,True
Pb5SO8__LiPH21S3N7,log10_on_off_ratio,1.288276625764006,1.2405357,1.5750617,1.7294384,True
Pb5SO8__LiPH21S3N7,log10_on_off_ratio,0.9979484292954232,0.8780643,1.2419705,1.3419763,True
Pb5SO8__LiPH21S3N7,log10_on_off_ratio,0.8957243212178383,0.84034485,1.0789297,1.2555152,True
Pb5SO8__LiPH21S3N7,log10_on_off_ratio,1.428303363785158,1.5023522,1.8107907,1.9517394,False
Na2CdH4(SeO5)2__TiCdO3,log10_on_off_ratio,1.0302287098755525,0.9819478,1.1907016,1.3991683,True
Na2CdH4(SeO5)2__TiCdO3,log10_on_off_ratio,0.8803131700471164,0.89002866,1.0289034,1.2090693,False
Na2CdH4(SeO5)2__TiCdO3,log10_on_off_ratio,0.9827107199962044,1.0074584,1.1656418,1.3350335,False
Na2CdH4(SeO5)2__TiCdO3,log10_on_off_ratio,1.751373209069983,1.751256,1.9358605,2.1192338,True
PCBM__Li3AsH16(SO2)4,log10_on_off_ratio,2.382003618909541,2.0233831,2.3024013,2.3378582,False
PCBM__Li3AsH16(SO2)4,log10_on_off_ratio,2.107378078928784,1.8745563,2.1060898,2.1812162,True
PCBM__Li3AsH16(SO2)4,log10_on_off_ratio,1.5685343594810617,1.4123235,1.5474298,1.653985,True
PCBM__Li3AsH16(SO2)4,log10_on_off_ratio,0.7243326857873803,0.6975294,0.73040164,1.1525257,True
NaAs__Ca(AlSe2)2,log10_on_off_ratio,2.65816692562846,2.147414,2.5543664,2.611452,False
NaAs__Ca(AlSe2)2,log10_on_off_ratio,0.6726299047594829,0.681721,0.7062721,1.0715791,False
NaAs__Ca(AlSe2)2,log10_on_off_ratio,1.6957795112290976,1.528071,1.6914502,1.847217,True
NaAs__Ca(AlSe2)2,log10_on_off_ratio,1.89415749693824,1.6201189,1.8640616,2.0089383,True
Na2CdO2__TiPbO3,log10_on_off_ratio,1.94781129950386,1.6922011,2.035284,2.3693871,True
Na2CdO2__TiPbO3,log10_on_off_ratio,0.7143036172438205,0.69926286,0.8432079,1.0518053,True
Na2CdO2__TiPbO3,log10_on_off_ratio,2.118811344440246,1.7866372,2.1565726,2.4538713,True
Na2CdO2__TiPbO3,log10_on_off_ratio,0.8844460630903688,0.8282358,0.9875369,1.1478959,True
Ca(CdP)2__SBr,log10_on_off_ratio,2.571470390147569,2.1651542,2.5219383,2.5390213,False
Ca(CdP)2__SBr,log10_on_off_ratio,0.643414432766661,0.6708743,0.6894205,1.0203695,False
Ca(CdP)2__SBr,log10_on_off_ratio,1.3129316295602314,1.2206407,1.3874749,1.5601435,True
Ca(CdP)2__SBr,log10_on_off_ratio,0.9293795386110508,0.8909663,0.9997303,1.308121,True
Na2ZnH4(SeO5)2__ClF3,log10_on_off_ratio,2.611429071581056,2.1722374,2.6026297,2.6081836,False
Na2ZnH4(SeO5)2__ClF3,log10_on_off_ratio,1.3591411806920186,1.254782,1.3294375,1.511946,True
Na2ZnH4(SeO5)2__ClF3,log10_on_off_ratio,1.2004688767823692,1.1507041,1.2656466,1.5473201,True
Na2ZnH4(SeO5)2__ClF3,log10_on_off_ratio,1.357721541548917,1.2617097,1.3261161,1.5803657,True
Na7Al2Sb5__CdH3NO5,log10_on_off_ratio,0.981201587755725,0.91923255,1.0784874,1.3509864,True
Na7Al2Sb5__CdH3NO5,log10_on_off_ratio,0.5565005752014269,0.56077236,0.59247464,1.0203938,False
Na7Al2Sb5__CdH3NO5,log10_on_off_ratio,2.2166610147274755,1.8631042,2.180604,2.2681224,True
Na7Al2Sb5__CdH3NO5,log10_on_off_ratio,2.2062136934811325,1.9296389,2.1988947,2.2510016,True
GeAs__PI2,log10_on_off_ratio,2.6880534113247294,2.2381096,2.5902925,2.6115544,False
GeAs__PI2,log10_on_off_ratio,2.75482817523921,2.1973748,2.5791678,2.6602883,False
GeAs__PI2,log10_on_off_ratio,1.4379283939989436,1.3100474,1.403202,1.6032532,True
GeAs__PI2,log10_on_off_ratio,1.6186621639937948,1.4048133,1.5959283,1.7610186,True
NaInSe2__CaTe2O5,log10_on_off_ratio,1.4355126906787234,1.3054186,1.4667228,1.6375036,True
NaInSe2__CaTe2O5,log10_on_off_ratio,2.546044575452561,2.1256323,2.5075445,2.511003,False
NaInSe2__CaTe2O5,log10_on_off_ratio,2.289401286936807,1.9529479,2.2322273,2.279325,False
NaInSe2__CaTe2O5,log10_on_off_ratio,0.6903923742506177,0.7263586,0.72778296,1.0897472,False
Rubrene__PPbS3,log10_on_off_ratio,2.330436295930429,2.0566823,2.3904386,2.3953512,True
Rubrene__PPbS3,log10_on_off_ratio,1.859858430081393,1.6304413,1.8181673,1.9027195,True
Rubrene__PPbS3,log10_on_off_ratio,2.1359249724205016,1.8381938,2.1255505,2.2086196,True
Rubrene__PPbS3,log10_on_off_ratio,1.5026131032304273,1.3051891,1.472688,1.6627263,True
K2Sn(S2O7)3__Zn2NCl,log10_on_off_ratio,2.353834039661689,1.9961632,2.3512924,2.353644,False
K2Sn(S2O7)3__Zn2NCl,log10_on_off_ratio,2.616622696608344,2.2227745,2.6286683,2.6919026,True
K2Sn(S2O7)3__Zn2NCl,log10_on_off_ratio,0.908058316019487,0.8366202,0.94970065,1.2703259,True
K2Sn(S2O7)3__Zn2NCl,log10_on_off_ratio,2.548166416304644,2.185071,2.5423,2.580974,True
Li3P__InBr2,log10_on_off_ratio,1.1757205585975337,0.96578234,1.1524396,1.3664591,True
Li3P__InBr2,log10_on_off_ratio,2.5364449093413133,1.9713314,2.356882,2.514372,False
Li3P__InBr2,log10_on_off_ratio,1.0931911464224646,0.96668077,1.1262746,1.3997389,True
Li3P__InBr2,log10_on_off_ratio,1.808252842928125,1.503205,1.7752154,1.9351166,True
Al2CdS4__K5As3O10,log10_on_off_ratio,0.9830586977286192,0.8203775,1.0600716,1.3278635,True
Al2CdS4__K5As3O10,log10_on_off_ratio,0.8533664825634802,0.7893235,0.88076526,1.1983759,True
Al2CdS4__K5As3O10,log10_on_off_ratio,1.3317450722666992,1.1291918,1.4627613,2.0107796,True
Al2CdS4__K5As3O10,log10_on_off_ratio,0.5063715890353945,0.3967904,0.53237206,0.81058633,True
Na3SiTe3__In2PO5,log10_on_off_ratio,1.3776265480252252,1.2101487,1.4047037,1.5773045,True
Na3SiTe3__In2PO5,log10_on_off_ratio,0.5025346274202225,0.49327797,0.55122393,0.98210263,True
Na3SiTe3__In2PO5,log10_on_off_ratio,0.843384731106841,0.85634226,0.9106165,1.2246656,False
Na3SiTe3__In2PO5,log10_on_off_ratio,2.0039477316371506,1.753936,1.9868824,2.0765078,True
LiSbO3__NaLi3(H2N)4,log10_on_off_ratio,1.5381240916732009,1.3175739,1.8622969,1.9149673,True
LiSbO3__NaLi3(H2N)4,log10_on_off_ratio,1.00718784594465,0.89972717,1.2048727,1.4430526,True
LiSbO3__NaLi3(H2N)4,log10_on_off_ratio,1.9950213171983724,1.5455667,2.155011,2.5462797,True
LiSbO3__NaLi3(H2N)4,log10_on_off_ratio,1.869782127046386,1.5675273,2.0618186,2.4752648,True
LiAlTe2__K3As(PSe3)3,log10_on_off_ratio,2.574316507361972,2.1235266,2.5596914,2.569806,False
LiAlTe2__K3As(PSe3)3,log10_on_off_ratio,0.5447614978983788,0.55461925,0.6018197,1.0360551,False
LiAlTe2__K3As(PSe3)3,log10_on_off_ratio,0.9918049730129836,0.943898,1.0122924,1.3105865,True
LiAlTe2__K3As(PSe3)3,log10_on_off_ratio,2.814102912102414,2.2628074,2.7635508,2.7873247,False
Sb2ClO2F11__GaP2I9,log10_on_off_ratio,1.0019577910123358,0.9642541,1.0526848,1.3562086,True
Sb2ClO2F11__GaP2I9,log10_on_off_ratio,0.6620105513507156,0.6119322,0.6645391,1.110332,True
Sb2ClO2F11__GaP2I9,log10_on_off_ratio,1.1715397111523975,1.0646484,1.18657,1.4595193,True
Sb2ClO2F11__GaP2I9,log10_on_off_ratio,2.422780620988744,2.1095254,2.419807,2.463806,True
K2TiS3__TCTA,log10_on_off_ratio,0.6008217547731541,0.590715,0.63660574,0.9417048,True
K2TiS3__TCTA,log10_on_off_ratio,1.8773470003782255,1.6472843,1.8596708,1.9710578,True
K2TiS3__TCTA,log10_on_off_ratio,1.4174849917948602,1.3421012,1.4734887,1.6684128,True
K2TiS3__TCTA,log10_on_off_ratio,0.7014377880926473,0.74996305,0.7758815,1.1308918,False
GaHO2__GaBr2,log10_on_off_ratio,2.395180933555545,2.1915944,2.3518364,2.4633405,True
GaHO2__GaBr2,log10_on_off_ratio,2.5798073219951685,2.2733033,2.6450129,2.6532125,True
GaHO2__GaBr2,log10_on_off_ratio,0.5620100069977799,0.5643103,0.5832205,0.9550557,False
GaHO2__GaBr2,log10_on_off_ratio,1.6046602313278555,1.5259362,1.6772865,1.7745264,True
K2Se5__NaAs3(PbO3)4,log10_on_off_ratio,2.736418353278756,2.2073843,2.7031512,2.7396274,True
K2Se5__NaAs3(PbO3)4,log10_on_off_ratio,1.5868752235223311,1.3964437,1.5471853,1.7312595,True
K2Se5__NaAs3(PbO3)4,log10_on_off_ratio,0.8077710080143581,0.77749276,0.91265756,1.2033083,True
K2Se5__NaAs3(PbO3)4,log10_on_off_ratio,2.27110685258511,1.9452177,2.2642672,2.2945428,True
Cd2AsO4F__K2ZnSiO4,log10_on_off_ratio,2.7245382478968105,2.26483,2.6342409,2.647554,False
Cd2AsO4F__K2ZnSiO4,log10_on_off_ratio,2.2510656228501573,1.880112,2.198963,2.238256,False
Cd2AsO4F__K2ZnSiO4,log10_on_off_ratio,2.563514065130006,2.1555026,2.506767,2.5453155,False
Cd2AsO4F__K2ZnSiO4,log10_on_off_ratio,2.0308554984801983,1.7212411,1.984139,2.1007802,True
CdGeN2__Ga2I3,log10_on_off_ratio,2.4578763836311803,1.5782392,1.9283077,2.3888133,False
CdGeN2__Ga2I3,log10_on_off_ratio,1.43336748822659,1.0758605,1.3471798,1.6221037,True
CdGeN2__Ga2I3,log10_on_off_ratio,2.329442329587484,1.5522674,1.8607391,2.2052789,False
CdGeN2__Ga2I3,log10_on_off_ratio,2.464336293782284,1.5969598,1.9768887,2.3644142,False
KTiPSe5__Na2LiGaAs2,log10_on_off_ratio,1.0921011441938957,1.0682591,1.1691844,1.3410953,True
KTiPSe5__Na2LiGaAs2,log10_on_off_ratio,0.6864174700662241,0.7524419,0.8290917,1.0319058,False
KTiPSe5__Na2LiGaAs2,log10_on_off_ratio,1.2404022890718809,1.1964555,1.3317374,1.4670937,True
KTiPSe5__Na2LiGaAs2,log10_on_off_ratio,0.7682444456997568,0.7445891,0.79872006,1.0792505,True
Ca2Al2Sn2O9__IO2F,log10_on_off_ratio,1.6004709090099634,1.4656371,1.6297722,1.8007956,True
Ca2Al2Sn2O9__IO2F,log10_on_off_ratio,0.5982995485426793,0.607735,0.7003128,1.0543084,False
Ca2Al2Sn2O9__IO2F,log10_on_off_ratio,1.4201692452316548,1.3221643,1.4623057,1.6307067,True
Ca2Al2Sn2O9__IO2F,log10_on_off_ratio,1.0795911754725869,0.99687856,1.0985141,1.3789058,True
TPD__Na5SnAs3,log10_on_off_ratio,1.7156389838455175,1.5361154,1.7725639,1.8589656,True
TPD__Na5SnAs3,log10_on_off_ratio,0.9303470643081452,0.8659011,1.0399958,1.2235553,True
TPD__Na5SnAs3,log10_on_off_ratio,2.1585912754772005,1.893072,2.1462152,2.1995337,True
TPD__Na5SnAs3,log10_on_off_ratio,0.9723034333059888,0.97678924,1.0859048,1.3216777,False
Zn3P2__Ca3AsN,log10_on_off_ratio,2.4248768182727694,1.8513689,2.089067,2.3338065,False
Zn3P2__Ca3AsN,log10_on_off_ratio,2.7006965324300056,1.8841223,2.2087128,2.610033,False
Zn3P2__Ca3AsN,log10_on_off_ratio,0.8872589380519585,0.73475343,0.8589402,1.1500744,True
Zn3P2__Ca3AsN,log10_on_off_ratio,1.033562123653828,0.86907524,0.98633426,1.2599548,True
CaP__Ga2Te2Br7,log10_on_off_ratio,1.9110932397666864,1.6134223,1.8108808,1.9776794,True
CaP__Ga2Te2Br7,log10_on_off_ratio,2.782747445056817,2.2791076,2.7864401,2.7909708,True
CaP__Ga2Te2Br7,log10_on_off_ratio,1.4922968519725115,1.3189154,1.4812168,1.6533018,True
CaP__Ga2Te2Br7,log10_on_off_ratio,1.6219696637645291,1.4046781,1.6259708,1.7741082,True
K3SbSe4__KGe,log10_on_off_ratio,1.214623044637962,1.1382412,1.2312655,1.4689025,True
K3SbSe4__KGe,log10_on_off_ratio,1.311386356520872,1.2618079,1.3232504,1.5766201,True
K3SbSe4__KGe,log10_on_off_ratio,2.40578654234164,2.105229,2.4354198,2.4597409,True
K3SbSe4__KGe,log10_on_off_ratio,2.578127975903611,2.228969,2.5273056,2.6023269,True
GaN5O14__SnS2,log10_on_off_ratio,0.774043468178512,0.7281769,0.8254401,1.0978382,True
GaN5O14__SnS2,log10_on_off_ratio,0.4793313076129821,0.3921867,0.45144865,0.8693203,True
GaN5O14__SnS2,log10_on_off_ratio,1.3499830592893178,1.2020406,1.41878,1.5393058,True
GaN5O14__SnS2,log10_on_off_ratio,2.35388357348886,1.7985047,2.051261,2.52238,True
Li2P7(H3N)9__P2Pb4O9,log10_on_off_ratio,0.8680427378689621,0.884123,0.9619434,1.1553267,False
Li2P7(H3N)9__P2Pb4O9,log10_on_off_ratio,2.052826178456368,2.0480323,2.2585335,2.263668,True
Li2P7(H3N)9__P2Pb4O9,log10_on_off_ratio,0.5283166404973683,0.53140706,0.53184104,0.8786891,False
Li2P7(H3N)9__P2Pb4O9,log10_on_off_ratio,0.7938983934247245,0.81323874,0.945849,1.1303272,False
Na2GeTeO6__InCl2,log10_on_off_ratio,0.8452308808680299,0.78698957,0.85928476,1.0775418,True
Na2GeTeO6__InCl2,log10_on_off_ratio,1.2956838418979522,1.0518878,1.4029268,1.5396794,True
Na2GeTeO6__InCl2,log10_on_off_ratio,0.8429967837864732,0.76206356,0.93347454,1.1189791,True
Na2GeTeO6__InCl2,log10_on_off_ratio,2.003472868007958,1.6741345,2.001043,2.292306,True
LiInO2__InPS4,log10_on_off_ratio,0.9124047285877755,0.83541507,0.8895722,1.1643317,True
LiInO2__InPS4,log10_on_off_ratio,2.1237463092523847,1.7701882,1.9674686,2.133233,True
LiInO2__InPS4,log10_on_off_ratio,2.6120292483374463,2.1131103,2.397156,2.5384798,False
LiInO2__InPS4,log10_on_off_ratio,1.3561570734716104,1.2212144,1.3682467,1.5335319,True
Ca2SnO4__Cd3(AsO4)2,log10_on_off_ratio,0.9229123205507692,0.87865794,0.94292,1.3039236,True
Ca2SnO4__Cd3(AsO4)2,log10_on_off_ratio,1.0610092233310815,0.92143816,1.038871,1.2852426,True
Ca2SnO4__Cd3(AsO4)2,log10_on_off_ratio,2.2051961047336825,1.9702454,2.2043383,2.3130054,True
Ca2SnO4__Cd3(AsO4)2,log10_on_off_ratio,0.8823609555923088,0.86394095,0.93025607,1.2591062,True
NaSe2__Na2In2SiS6,log10_on_off_ratio,1.49217182116165,1.3668231,1.536576,1.6739637,True
NaSe2__Na2In2SiS6,log10_on_off_ratio,1.5427855725407484,1.4772407,1.6827457,1.762577,True
NaSe2__Na2In2SiS6,log10_on_off_ratio,2.060822735456936,1.9385556,2.1712906,2.246156,True
NaSe2__Na2In2SiS6,log10_on_off_ratio,0.8826145344906483,0.77257645,0.893179,1.1179583,True
K3Li3TeO6__TeBrO3F5,log10_on_off_ratio,2.5512283956275774,2.1872044,2.5605347,2.5742447,True
K3Li3TeO6__TeBrO3F5,log10_on_off_ratio,2.1377277078424823,1.8992522,2.1894805,2.2487457,True
K3Li3TeO6__TeBrO3F5,log10_on_off_ratio,0.6080406817504942,0.5937845,0.5982186,1.0388925,True
K3Li3TeO6__TeBrO3F5,log10_on_off_ratio,0.6630950145993956,0.6719322,0.7033945,1.0836974,False
In2(PS3)3__Sb7Se8F35,log10_on_off_ratio,2.0077572656821885,1.7303941,1.9907438,2.1012652,True
In2(PS3)3__Sb7Se8F35,log10_on_off_ratio,0.5181655782330051,0.52196914,0.55058146,1.0546699,False
In2(PS3)3__Sb7Se8F35,log10_on_off_ratio,0.628531081540468,0.6807452,0.6851519,1.110654,False
In2(PS3)3__Sb7Se8F35,log10_on_off_ratio,1.938026932468492,1.6720945,1.9230844,2.071761,True
Ca2As2O7__GeBr2,log10_on_off_ratio,0.7228549961049051,0.6819527,0.71038085,1.1631185,True
Ca2As2O7__GeBr2,log10_on_off_ratio,2.319713403934312,1.9604647,2.3044538,2.3597012,True
Ca2As2O7__GeBr2,log10_on_off_ratio,1.5220710619353537,1.3298695,1.5161011,1.7467155,True
Ca2As2O7__GeBr2,log10_on_off_ratio,2.6470993088391204,2.151583,2.6172194,2.6284122,False
KTeP2__AsSe6IF6,log10_on_off_ratio,0.4703009183117134,0.49692473,0.5076828,1.0491974,False
KTeP2__AsSe6IF6,log10_on_off_ratio,1.838206975937244,1.6242682,1.8807838,1.9765903,True
KTeP2__AsSe6IF6,log10_on_off_ratio,1.7139248518520478,1.5165926,1.723678,1.8749889,True
KTeP2__AsSe6IF6,log10_on_off_ratio,1.0581081330059272,0.98359114,1.0862676,1.3282697,True
Ca3CdO4__NO2,log10_on_off_ratio,2.072791235784928,1.839203,2.1108801,2.1512754,True
Ca3CdO4__NO2,log10_on_off_ratio,0.6356406849406423,0.6799187,0.6863224,1.0836633,False
Ca3CdO4__NO2,log10_on_off_ratio,1.4708143473804869,1.2668363,1.460985,1.6039159,True
Ca3CdO4__NO2,log10_on_off_ratio,2.4204281733666657,2.0782876,2.3850021,2.4085462,False
LiInSe2__CaHN,log10_on_off_ratio,2.7774062627245044,2.1935103,2.7093215,2.7328045,False
LiInSe2__CaHN,log10_on_off_ratio,1.870824585353669,1.5905831,1.7904598,1.9372847,True
LiInSe2__CaHN,log10_on_off_ratio,1.1397211185463436,1.0785506,1.2196554,1.3988442,True
LiInSe2__CaHN,log10_on_off_ratio,2.6576121291870134,2.2432952,2.5961444,2.5967577,False
Ca3PN__Na5SiAs3,log10_on_off_ratio,0.4472011842594889,0.516754,0.567652,0.8365538,False
Ca3PN__Na5SiAs3,log10_on_off_ratio,1.2140001237470677,1.2980195,1.5253634,1.6471958,False
Ca3PN__Na5SiAs3,log10_on_off_ratio,1.5283314066060725,1.7259765,1.8546793,2.1457558,False
Ca3PN__Na5SiAs3,log10_on_off_ratio,1.7256332302602833,1.7179128,2.0084474,2.3562043,True
C__Si2H2S3,log10_on_off_ratio,2.129417473519234,1.8987813,2.112632,2.193225,True
C__Si2H2S3,log10_on_off_ratio,0.6087259781247608,0.64146227,0.6487639,1.0613675,False
C__Si2H2S3,log10_on_off_ratio,1.6874550385760456,1.5667803,1.713054,1.8821552,True
C__Si2H2S3,log10_on_off_ratio,0.9026996955606824,0.8498471,0.9275197,1.2385287,True
CdSiP2__KZn4(SbO4)3,log10_on_off_ratio,1.070483060339552,0.9229051,1.1382723,1.3418511,True
CdSiP2__KZn4(SbO4)3,log10_on_off_ratio,1.2151860925445717,1.0293332,1.3297999,1.4287965,True
CdSiP2__KZn4(SbO4)3,log10_on_off_ratio,0.9803140437855696,0.93804395,1.0872381,1.3211893,True
CdSiP2__KZn4(SbO4)3,log10_on_off_ratio,0.6462567781086846,0.6683847,0.6710417,1.0046887,False
ZnSe__NaAlAsO4F,log10_on_off_ratio,1.066873147828105,0.9926603,1.1165792,1.3389008,True
ZnSe__NaAlAsO4F,log10_on_off_ratio,2.0455316163568003,1.7878968,2.0291908,2.1203687,True
ZnSe__NaAlAsO4F,log10_on_off_ratio,0.3723929748710147,0.46157417,0.46561608,0.9264268,False
ZnSe__NaAlAsO4F,log10_on_off_ratio,2.279724447625718,1.9810271,2.2558453,2.2702477,False
Na2ZnSe2__KSb3O5,log10_on_off_ratio,0.966812594687588,0.9642501,0.99478114,1.2489773,True
Na2ZnSe2__KSb3O5,log10_on_off_ratio,1.239974029284915,1.1918046,1.3178643,1.4917741,True
Na2ZnSe2__KSb3O5,log10_on_off_ratio,2.4619713586503216,2.1531763,2.552299,2.5900154,True
Na2ZnSe2__KSb3O5,log10_on_off_ratio,2.0257743310385483,1.8558345,2.1251767,2.134296,True
KSb3O5__LiC,log10_on_off_ratio,1.0969485929692435,1.201316,1.6101354,2.3113413,False
KSb3O5__LiC,log10_on_off_ratio,1.0398512955884525,1.1202891,1.5418391,2.07272,False
KSb3O5__LiC,log10_on_off_ratio,0.4398809109710859,0.40475446,0.4291856,0.79617494,True
KSb3O5__LiC,log10_on_off_ratio,1.0731895426273108,1.1399816,1.5925535,2.2060792,False
SbClF8__K3Na2SnAs3,log10_on_off_ratio,0.6194865069850781,0.661329,0.671531,1.0891799,False
SbClF8__K3Na2SnAs3,log10_on_off_ratio,2.3436856185595705,2.091561,2.3764646,2.3769822,True
SbClF8__K3Na2SnAs3,log10_on_off_ratio,0.7884563960183328,0.86999285,0.87494,1.194533,False
SbClF8__K3Na2SnAs3,log10_on_off_ratio,1.7075156301958423,1.5622989,1.7861229,1.864243,True
S3(NO7)2__NaSe2,log10_on_off_ratio,0.9127669485267084,0.86403275,0.92422247,1.1741649,True
S3(NO7)2__NaSe2,log10_on_off_ratio,2.661767874431821,2.2529309,2.622025,2.6468253,False
S3(NO7)2__NaSe2,log10_on_off_ratio,2.684761387518201,2.2720404,2.63946,2.6417713,False
S3(NO7)2__NaSe2,log10_on_off_ratio,1.0433853653465972,0.94015694,1.0082538,1.3302798,True
KAsSe2__Zn(NO3)2,log10_on_off_ratio,0.5766515644103877,0.5854601,0.6377938,1.0660815,False
KAsSe2__Zn(NO3)2,log10_on_off_ratio,1.7026403731097477,1.5104328,1.6905279,1.8489281,True
KAsSe2__Zn(NO3)2,log10_on_off_ratio,2.469519106965057,2.1140604,2.4466515,2.4717066,True
KAsSe2__Zn(NO3)2,log10_on_off_ratio,0.639628582731976,0.6061489,0.64599633,1.0478724,True
Al2PbSe4__Na5Al3H14,log10_on_off_ratio,1.4490268776031272,1.3733555,1.7403345,1.8367013,True
Al2PbSe4__Na5Al3H14,log10_on_off_ratio,0.5624870441002399,0.50191706,0.5577904,0.89992315,True
Al2PbSe4__Na5Al3H14,log10_on_off_ratio,0.9805944013399508,0.80830073,1.1118805,1.3818017,True
Al2PbSe4__Na5Al3H14,log10_on_off_ratio,0.5825969738831097,0.5902594,0.63963884,0.94032454,False
PICl8__TeBrO3F5,log10_on_off_ratio,1.6793676890596827,1.3507956,1.6089774,1.8013903,True
PICl8__TeBrO3F5,log10_on_off_ratio,2.5341877708905463,1.8879013,2.209377,2.460853,False
PICl8__TeBrO3F5,log10_on_off_ratio,2.129180384642898,1.6908442,1.9620405,2.2071078,True
PICl8__TeBrO3F5,log10_on_off_ratio,0.9677727545956571,0.8215085,0.9642383,1.275313,True
Cd2GeO4__ZnSe,log10_on_off_ratio,1.189574751437995,1.3228444,1.6413082,2.137269,False
Cd2GeO4__ZnSe,log10_on_off_ratio,0.4005953876844493,0.4354856,0.47886404,0.8113681,False
Cd2GeO4__ZnSe,log10_on_off_ratio,0.4860102454152832,0.5853967,0.6257287,0.94552547,False
Cd2GeO4__ZnSe,log10_on_off_ratio,1.2073975163017547,1.2942269,1.6342274,1.9474474,False
Na2Ti2Se9__KIn(TeO3)2,log10_on_off_ratio,2.157700739466073,1.9245069,2.1517608,2.2045133,True
Na2Ti2Se9__KIn(TeO3)2,log10_on_off_ratio,2.184291052431719,1.9291764,2.1703353,2.2588017,True
Na2Ti2Se9__KIn(TeO3)2,log10_on_off_ratio,1.452356603860659,1.3825104,1.5213213,1.682837,True
Na2Ti2Se9__KIn(TeO3)2,log10_on_off_ratio,1.4590905892976207,1.3541821,1.4807516,1.6889621,True
Ca21(Zn2Sb9)2__ZnSeO4,log10_on_off_ratio,0.78485334092057,0.74741334,0.8208633,1.2092266,True
Ca21(Zn2Sb9)2__ZnSeO4,log10_on_off_ratio,2.6824019284954974,2.2018504,2.6577442,2.714021,True
Ca21(Zn2Sb9)2__ZnSeO4,log10_on_off_ratio,0.6756657925103298,0.7005351,0.7030485,1.0972488,False
Ca21(Zn2Sb9)2__ZnSeO4,log10_on_off_ratio,2.2013457790387787,1.8481058,2.1458528,2.2355118,True
Ge2S3Br2__Ca3Al3N5,log10_on_off_ratio,1.2507498494925366,1.0959873,1.2468126,1.4815695,True
Ge2S3Br2__Ca3Al3N5,log10_on_off_ratio,2.876290244812344,2.2670457,2.8098838,2.8203692,False
Ge2S3Br2__Ca3Al3N5,log10_on_off_ratio,1.1513231229261311,1.0363575,1.153541,1.4130244,True
Ge2S3Br2__Ca3Al3N5,log10_on_off_ratio,0.7709845191384033,0.7593506,0.813808,1.1219614,True
LiZnSb__Si(PbS2)2,log10_on_off_ratio,1.2157259661954036,0.9870721,1.1991107,1.5109932,True
LiZnSb__Si(PbS2)2,log10_on_off_ratio,0.5343161814305908,0.48555693,0.52237535,1.0039932,True
LiZnSb__Si(PbS2)2,log10_on_off_ratio,2.414988666295763,1.7879432,2.2204425,2.3931813,False
LiZnSb__Si(PbS2)2,log10_on_off_ratio,2.0845000130876703,1.5205038,1.9208516,2.0909376,True
LiTi2(PO4)3__ZnI2,log10_on_off_ratio,2.0121371485159694,1.7856308,2.0269458,2.1261017,True
LiTi2(PO4)3__ZnI2,log10_on_off_ratio,1.62716465452847,1.3774283,1.5834874,1.7827927,True
LiTi2(PO4)3__ZnI2,log10_on_off_ratio,1.7921279457548702,1.5186762,1.7144344,1.9072275,True
LiTi2(PO4)3__ZnI2,log10_on_off_ratio,1.2656151122501609,1.1318436,1.2761773,1.4935136,True
KInSnSe4__SiS2,log10_on_off_ratio,1.0198722008701846,0.98598045,1.0983552,1.3439243,True
KInSnSe4__SiS2,log10_on_off_ratio,2.794440661186879,2.2910137,2.7173598,2.7609127,False
KInSnSe4__SiS2,log10_on_off_ratio,1.3634496675555,1.2081056,1.3866851,1.5816488,True
KInSnSe4__SiS2,log10_on_off_ratio,0.8237875137818711,0.8389367,0.9170307,1.2560117,False
GeTe__LiPH21S3N7,log10_on_off_ratio,1.823391535719443,1.5000367,1.763309,1.8857083,True
GeTe__LiPH21S3N7,log10_on_off_ratio,0.949237354147534,0.91706735,0.9877164,1.240451,True
GeTe__LiPH21S3N7,log10_on_off_ratio,1.244343888137547,1.1198909,1.2280761,1.4944549,True
GeTe__LiPH21S3N7,log10_on_off_ratio,0.8538663216386086,0.8626703,0.88849556,1.2511812,False
KCO3__Ge19(PBr)4,log10_on_off_ratio,1.9546531171511528,1.6819853,1.9293215,2.0322943,True
KCO3__Ge19(PBr)4,log10_on_off_ratio,0.8949840486931095,0.8201877,0.89814985,1.2100482,True
KCO3__Ge19(PBr)4,log10_on_off_ratio,1.1700148076084596,1.0776048,1.1825385,1.4736832,True
KCO3__Ge19(PBr)4,log10_on_off_ratio,0.5584601482409863,0.545041,0.56504554,1.0125364,True
LiP__KP,log10_on_off_ratio,0.8831255432381173,0.82951814,0.93417174,1.1474267,True
LiP__KP,log10_on_off_ratio,2.116976022532662,1.7422602,1.9300983,2.3313508,True
LiP__KP,log10_on_off_ratio,2.3020503912859653,1.9154571,2.2054677,2.557831,True
LiP__KP,log10_on_off_ratio,2.187266129948568,1.8889631,2.117641,2.5064833,True
KIn(TeO3)2__BrF5,log10_on_off_ratio,2.4162066391736365,2.05692,2.4099188,2.422587,True
KIn(TeO3)2__BrF5,log10_on_off_ratio,1.2896768471523163,1.2874844,1.3041298,1.5149074,True
KIn(TeO3)2__BrF5,log10_on_off_ratio,2.7273594858665176,2.232858,2.6840189,2.6927235,False
KIn(TeO3)2__BrF5,log10_on_off_ratio,1.523248883880066,1.4360305,1.4817439,1.7100157,True
NaCO3__AlTeI7,log10_on_off_ratio,1.4648155129479636,1.2839645,1.4528414,1.590968,True
NaCO3__AlTeI7,log10_on_off_ratio,0.5053719826296563,0.5000247,0.50566465,0.8795503,True
NaCO3__AlTeI7,log10_on_off_ratio,1.4963152810237683,1.2716827,1.4497656,1.6006794,True
NaCO3__AlTeI7,log10_on_off_ratio,1.7045167518005384,1.4658396,1.6836672,1.7972925,True
K4Na2TeO6__TiP2O7,log10_on_off_ratio,1.013733483912159,0.9362,1.0298854,1.3267022,True
K4Na2TeO6__TiP2O7,log10_on_off_ratio,0.8317803534577577,0.78645533,0.8863414,1.2612656,True
K4Na2TeO6__TiP2O7,log10_on_off_ratio,0.966694395637536,0.93130463,1.0197575,1.2949579,True
K4Na2TeO6__TiP2O7,log10_on_off_ratio,2.063912654920834,1.7545726,2.0503943,2.1373239,True
SbSBr__AsSe6IF6,log10_on_off_ratio,1.4482956046592022,1.3927674,1.514533,1.6802099,True
SbSBr__AsSe6IF6,log10_on_off_ratio,0.8066041079796131,0.75587314,0.82360286,1.0760225,True
SbSBr__AsSe6IF6,log10_on_off_ratio,1.9956266685599435,1.844374,2.0600166,2.1483471,True
SbSBr__AsSe6IF6,log10_on_off_ratio,2.057321053225895,1.8158739,2.0695949,2.1382554,True
Li2P7(H3N)9__In3SnI5,log10_on_off_ratio,1.300004900443376,1.2176249,1.3709288,1.6330677,True
Li2P7(H3N)9__In3SnI5,log10_on_off_ratio,1.031885408745303,0.9894128,1.1104102,1.3587639,True
Li2P7(H3N)9__In3SnI5,log10_on_off_ratio,1.5926025805478825,1.454048,1.606644,1.7868103,True
Li2P7(H3N)9__In3SnI5,log10_on_off_ratio,1.5059123301784745,1.3454292,1.5004696,1.7057153,True
P__IO2F,log10_on_off_ratio,1.4676643020424414,1.3192898,1.4653604,1.6781584,True
P__IO2F,log10_on_off_ratio,2.442470594686858,2.0592763,2.4486456,2.469917,True
P__IO2F,log10_on_off_ratio,1.9555373003378969,1.7466818,2.018193,2.0852392,True
P__IO2F,log10_on_off_ratio,1.2390467747097549,1.1463678,1.2812802,1.5191866,True
NaZnAsO4__GeO2,log10_on_off_ratio,0.7934726061132205,0.7521665,0.80270684,1.1946698,True
NaZnAsO4__GeO2,log10_on_off_ratio,2.032304477378817,1.6348106,1.8911016,2.0641482,True
NaZnAsO4__GeO2,log10_on_off_ratio,2.551002416906263,2.0168285,2.3655655,2.5242946,False
NaZnAsO4__GeO2,log10_on_off_ratio,1.776726758255912,1.5132507,1.6746812,1.851299,True
K2Sn(AsS3)2__Zn(HO)2,log10_on_off_ratio,1.0378214125922212,0.9229635,1.0245456,1.305423,True
K2Sn(AsS3)2__Zn(HO)2,log10_on_off_ratio,0.9568609264431897,0.8775262,0.99984306,1.3425729,True
K2Sn(AsS3)2__Zn(HO)2,log10_on_off_ratio,1.0580466235906285,1.0359246,1.1518224,1.3674579,True
K2Sn(AsS3)2__Zn(HO)2,log10_on_off_ratio,1.855801710338783,1.575342,1.8155721,1.9220848,True
Ca(GaSe2)2__Na2Li3GaO4,log10_on_off_ratio,2.5144380979331893,2.1091037,2.455078,2.5371878,True
Ca(GaSe2)2__Na2Li3GaO4,log10_on_off_ratio,0.7470088752882897,0.7309385,0.82853496,1.1048167,True
Ca(GaSe2)2__Na2Li3GaO4,log10_on_off_ratio,1.017838594430224,0.98996407,1.0596628,1.3700805,True
Ca(GaSe2)2__Na2Li3GaO4,log10_on_off_ratio,0.9167729276828672,0.826045,0.9372084,1.2338225,True
InAsH2O5__Zn3TeAs2Pb3O14,log10_on_off_ratio,0.939318737568582,0.7708658,0.9834402,1.1559434,True
InAsH2O5__Zn3TeAs2Pb3O14,log10_on_off_ratio,1.618421427380758,1.2810401,1.6304632,1.8049245,True
InAsH2O5__Zn3TeAs2Pb3O14,log10_on_off_ratio,0.8844032751790384,0.6797939,0.86974454,1.1498046,True
InAsH2O5__Zn3TeAs2Pb3O14,log10_on_off_ratio,1.683251208549336,1.3655912,1.646392,1.822575,True
Na3As4H5O14__TePCl9,log10_on_off_ratio,2.4560981863977847,1.9210873,2.2752929,2.4565299,True
Na3As4H5O14__TePCl9,log10_on_off_ratio,1.113773840787403,0.9774115,1.0989445,1.4164547,True
Na3As4H5O14__TePCl9,log10_on_off_ratio,0.932579283261812,0.84238386,0.92387456,1.2879175,True
Na3As4H5O14__TePCl9,log10_on_off_ratio,1.204720721557611,1.0534848,1.2404798,1.4884704,True
K2Al2Sb3__GaN5O14,log10_on_off_ratio,2.592077553953694,2.1562636,2.5320137,2.5742726,False
K2Al2Sb3__GaN5O14,log10_on_off_ratio,2.8810519286227634,2.2870717,2.790512,2.8553739,False
K2Al2Sb3__GaN5O14,log10_on_off_ratio,2.658307370081055,2.2064953,2.628612,2.6556883,False
K2Al2Sb3__GaN5O14,log10_on_off_ratio,2.158992938943721,1.8687876,2.1298423,2.2407517,True
CdSiP2__Ca7SiN6,log10_on_off_ratio,1.3435894981203833,1.2152977,1.396781,1.5529747,True
CdSiP2__Ca7SiN6,log10_on_off_ratio,1.388259775662548,1.2093838,1.398838,1.5019394,True
CdSiP2__Ca7SiN6,log10_on_off_ratio,1.9439245208020448,1.6665517,1.7997358,2.0342548,True
CdSiP2__Ca7SiN6,log10_on_off_ratio,0.6428436452180112,0.6370885,0.655947,1.002135,True
K3AsS3__Ca2Al2Sn2O9,log10_on_off_ratio,2.188591558691406,1.7791556,2.0229685,2.4963567,True
K3AsS3__Ca2Al2Sn2O9,log10_on_off_ratio,1.6714083472325485,1.5392281,1.7558479,1.9270176,True
K3AsS3__Ca2Al2Sn2O9,log10_on_off_ratio,1.4883135471022748,1.321156,1.5818546,1.7283276,True
K3AsS3__Ca2Al2Sn2O9,log10_on_off_ratio,0.6289922657058303,0.613883,0.6658487,0.9200472,True
AlTeCl7__CaPbF6,log10_on_off_ratio,2.016644446579537,1.874152,2.1012108,2.1087863,True
AlTeCl7__CaPbF6,log10_on_off_ratio,1.099506331060072,1.0363817,1.1940571,1.3581332,True
AlTeCl7__CaPbF6,log10_on_off_ratio,2.633014264368539,2.253341,2.5990682,2.6078432,False
AlTeCl7__CaPbF6,log10_on_off_ratio,1.4394439588131207,1.3015352,1.4902041,1.5627946,True
Na6Ge2Se7__LiAsO3,log10_on_off_ratio,1.3986283887520683,1.215554,1.408841,1.6077373,True
Na6Ge2Se7__LiAsO3,log10_on_off_ratio,1.7013411163214662,1.4362648,1.6075431,1.8279516,True
Na6Ge2Se7__LiAsO3,log10_on_off_ratio,1.6278760861007209,1.4037122,1.5855795,1.8011777,True
Na6Ge2Se7__LiAsO3,log10_on_off_ratio,2.0188105745398666,1.7359102,2.014772,2.1571572,True
K4As2Se5__SiP,log10_on_off_ratio,1.0133797411854233,0.92120624,1.0036566,1.2598482,True
K4As2Se5__SiP,log10_on_off_ratio,1.2455437623815466,1.1533303,1.267794,1.4815035,True
K4As2Se5__SiP,log10_on_off_ratio,2.446953388220602,2.1168022,2.4235096,2.4620044,True
K4As2Se5__SiP,log10_on_off_ratio,1.8492754673476384,1.6879643,1.84853,1.9961128,True
K2GeTe4__Na2In2GeSe6,log10_on_off_ratio,0.6738951554515317,0.713641,1.1964799,1.3740106,False
K2GeTe4__Na2In2GeSe6,log10_on_off_ratio,1.024406009779773,1.2491025,1.7926068,2.404312,False
K2GeTe4__Na2In2GeSe6,log10_on_off_ratio,0.8584850308097097,1.1617191,1.6977439,2.1546621,False
K2GeTe4__Na2In2GeSe6,log10_on_off_ratio,0.424680694426564,0.5178524,0.5210338,0.83055425,False
K4GeSe4__K7NaGe8,log10_on_off_ratio,1.0293495898240972,1.0165836,1.0883669,1.3568858,True
K4GeSe4__K7NaGe8,log10_on_off_ratio,1.8168169655273203,1.66334,1.8484893,2.006115,True
K4GeSe4__K7NaGe8,log10_on_off_ratio,2.82429667080021,2.3096502,2.8108623,2.8115869,False
K4GeSe4__K7NaGe8,log10_on_off_ratio,0.6332433682408504,0.63278365,0.6635589,1.0793082,True
Na4Cd3Se5__K2SnCl6,log10_on_off_ratio,1.6482934449599942,1.4629197,1.5578662,1.7317971,True
Na4Cd3Se5__K2SnCl6,log10_on_off_ratio,1.6207922473162046,1.6171252,1.6407536,1.8564112,True
Na4Cd3Se5__K2SnCl6,log10_on_off_ratio,1.208329355716985,1.1724968,1.2720628,1.4315716,True
Na4Cd3Se5__K2SnCl6,log10_on_off_ratio,2.035054813483969,1.9071695,2.1393483,2.1494792,True
Ca11Sn3C8__Cd7(P2Cl3)2,log10_on_off_ratio,1.6619817577125349,1.4711,1.6627513,1.8526833,True
Ca11Sn3C8__Cd7(P2Cl3)2,log10_on_off_ratio,1.076823044278488,0.98075163,1.1029812,1.3551257,True
Ca11Sn3C8__Cd7(P2Cl3)2,log10_on_off_ratio,0.6551558910575379,0.6259669,0.66659945,1.105329,True
Ca11Sn3C8__Cd7(P2Cl3)2,log10_on_off_ratio,0.633928577182221,0.5989616,0.63877565,1.0755998,True
NaSb5O13__In6Te10Pb,log10_on_off_ratio,2.673529938085437,1.9649802,2.30168,2.5947344,False
NaSb5O13__In6Te10Pb,log10_on_off_ratio,2.347471697988563,1.8403064,1.9292098,2.2504604,False
NaSb5O13__In6Te10Pb,log10_on_off_ratio,1.4452821916484098,1.1810306,1.393838,1.5340861,True
NaSb5O13__In6Te10Pb,log10_on_off_ratio,1.0036073373079288,0.8218915,0.95259947,1.2049112,True
P__Sb2IBr2F11,log10_on_off_ratio,0.95657767684608,0.9109319,1.005602,1.2854432,True
P__Sb2IBr2F11,log10_on_off_ratio,1.011898455989855,0.95570767,1.0763612,1.3370723,True
P__Sb2IBr2F11,log10_on_off_ratio,0.8378201328699111,0.76756954,0.83599806,1.1861252,True
P__Sb2IBr2F11,log10_on_off_ratio,1.508987104890389,1.326992,1.4938692,1.7099465,True
Na2PbO3__SbCl5,log10_on_off_ratio,1.4234528552428003,1.2391602,1.4194812,1.6178197,True
Na2PbO3__SbCl5,log10_on_off_ratio,1.7505484233709272,1.5321193,1.740897,1.9237683,True
Na2PbO3__SbCl5,log10_on_off_ratio,1.6480816484556726,1.4638196,1.6083924,1.8269966,True
Na2PbO3__SbCl5,log10_on_off_ratio,1.1333488274879242,1.0019666,1.1241645,1.3401982,True
Ga7Te10__K2GeTe4,log10_on_off_ratio,1.9269734690718665,1.6002679,2.1326787,2.5313919,True
Ga7Te10__K2GeTe4,log10_on_off_ratio,1.5380782862278066,1.3962753,1.8357877,1.981023,True
Ga7Te10__K2GeTe4,log10_on_off_ratio,0.843913301400417,0.7881662,1.0850047,1.2211986,True
Ga7Te10__K2GeTe4,log10_on_off_ratio,1.006303727733136,0.9667574,1.3183047,1.5548645,True
NaCdIn2(PO4)3__GaSeBr7,log10_on_off_ratio,0.8917937442551228,0.8012514,0.9432241,1.204909,True
NaCdIn2(PO4)3__GaSeBr7,log10_on_off_ratio,1.93098682424609,1.6362494,1.8458606,2.0110912,True
NaCdIn2(PO4)3__GaSeBr7,log10_on_off_ratio,2.540141901319329,2.079964,2.422211,2.5292058,False
NaCdIn2(PO4)3__GaSeBr7,log10_on_off_ratio,1.4649903129560908,1.3095914,1.4777969,1.6708806,True
Na2Si2Se5__Te(HO)6,log10_on_off_ratio,0.6198764569599862,0.62622,0.6428425,1.0863643,False
Na2Si2Se5__Te(HO)6,log10_on_off_ratio,1.735383753190242,1.5358386,1.7742783,1.9218476,True
Na2Si2Se5__Te(HO)6,log10_on_off_ratio,0.8623107680703489,0.8284042,0.8928497,1.2418174,True
Na2Si2Se5__Te(HO)6,log10_on_off_ratio,1.2359305077920857,1.1459724,1.2655071,1.4718837,True
Ca4GeN4__K2CdGeO4,log10_on_off_ratio,1.7637527196631135,1.6409229,1.7812101,1.8998126,True
Ca4GeN4__K2CdGeO4,log10_on_off_ratio,1.2040407956720047,1.1643436,1.3048214,1.3877633,True
Ca4GeN4__K2CdGeO4,log10_on_off_ratio,0.7318518835735347,0.76075673,0.81614995,0.9920208,False
Ca4GeN4__K2CdGeO4,log10_on_off_ratio,0.5998839862586307,0.6232206,0.644089,0.90032154,False
K2SiAs2__Li2ZnSnS4,log10_on_off_ratio,1.862618121131271,1.5709468,1.8180228,1.9715444,True
K2SiAs2__Li2ZnSnS4,log10_on_off_ratio,1.4155403103735271,1.179551,1.3803174,1.5920688,True
K2SiAs2__Li2ZnSnS4,log10_on_off_ratio,2.527792480487353,2.0034735,2.4284093,2.517102,False
K2SiAs2__Li2ZnSnS4,log10_on_off_ratio,1.6226732975644682,1.3280885,1.5780576,1.7801769,True
K6Zn4Sn5S17__LiTi2(PO4)3,log10_on_off_ratio,2.3364760276834677,1.7398225,2.1931024,2.3603134,True
K6Zn4Sn5S17__LiTi2(PO4)3,log10_on_off_ratio,1.4004544140061943,1.1775872,1.4188981,1.6189034,True
K6Zn4Sn5S17__LiTi2(PO4)3,log10_on_off_ratio,1.022838393860749,0.9475427,1.064096,1.3754388,True
K6Zn4Sn5S17__LiTi2(PO4)3,log10_on_off_ratio,1.5529420390590725,1.2009919,1.4569675,1.6729393,True
Cd(SbO3)2__Na14Cd2O9,log10_on_off_ratio,1.5272540163780088,1.4081805,1.5667082,1.709719,True
Cd(SbO3)2__Na14Cd2O9,log10_on_off_ratio,2.539313889399321,2.1851761,2.5641916,2.6383028,True
Cd(SbO3)2__Na14Cd2O9,log10_on_off_ratio,1.5268037299920445,1.4095408,1.5845702,1.7548014,True
Cd(SbO3)2__Na14Cd2O9,log10_on_off_ratio,1.6577920955346797,1.5110714,1.6980027,1.8238884,True
NF2__Na3AlH6,log10_on_off_ratio,1.1873172537392962,1.1019604,1.1995494,1.423463,True
NF2__Na3AlH6,log10_on_off_ratio,2.7092241750689405,2.3088577,2.7013857,2.70923,True
NF2__Na3AlH6,log10_on_off_ratio,2.216311995119306,1.9459761,2.2497325,2.287161,True
NF2__Na3AlH6,log10_on_off_ratio,2.437672696414311,2.1281571,2.4385386,2.4662771,True
Pentacene__Ge2S3Br2,log10_on_off_ratio,1.5574631468727582,1.3636571,1.5397543,1.750327,True
Pentacene__Ge2S3Br2,log10_on_off_ratio,1.5968960873023224,1.4538851,1.5892402,1.7704442,True
Pentacene__Ge2S3Br2,log10_on_off_ratio,2.632055503048273,2.2220843,2.5933459,2.6009011,False
Pentacene__Ge2S3Br2,log10_on_off_ratio,2.580858193078184,2.1567447,2.5151975,2.5498953,False
K2PbO2__K6Sn2S7,log10_on_off_ratio,0.5878334307499833,0.66159075,0.82429594,1.1175675,False
K2PbO2__K6Sn2S7,log10_on_off_ratio,0.7258100857824509,0.7079324,0.95048946,1.1778445,True
K2PbO2__K6Sn2S7,log10_on_off_ratio,0.4459552753565423,0.57203656,0.60975784,0.9472437,False
K2PbO2__K6Sn2S7,log10_on_off_ratio,1.3435941833562628,1.4590328,1.8517706,2.2627313,False
S3(NO7)2__Na8Ga2O7,log10_on_off_ratio,0.7223422581306003,0.6910001,0.69528306,1.094249,True
S3(NO7)2__Na8Ga2O7,log10_on_off_ratio,2.5140406528488715,2.137677,2.4454172,2.4684772,False
S3(NO7)2__Na8Ga2O7,log10_on_off_ratio,2.2452228657133344,1.9069458,2.2127512,2.2294133,False
S3(NO7)2__Na8Ga2O7,log10_on_off_ratio,0.7235392120890715,0.73319435,0.7525604,1.086515,False
Sb2Se3__PbSeO4,log10_on_off_ratio,1.1493470930328888,1.0848045,1.1772076,1.4485232,True
Sb2Se3__PbSeO4,log10_on_off_ratio,2.854422081413828,2.2455573,2.7789905,2.8162174,False
Sb2Se3__PbSeO4,log10_on_off_ratio,1.6514298693568104,1.4317043,1.6591783,1.787547,True
Sb2Se3__PbSeO4,log10_on_off_ratio,2.6510176951782274,2.1731508,2.5613053,2.617355,False
Ca7SiN6__Ca2Al2Sn2O9,log10_on_off_ratio,1.5214326255415265,1.0774344,1.4642334,1.636953,True
Ca7SiN6__Ca2Al2Sn2O9,log10_on_off_ratio,2.391041600859345,1.6680659,2.1255674,2.4145563,True
Ca7SiN6__Ca2Al2Sn2O9,log10_on_off_ratio,0.9474809721277244,0.7269332,0.87362504,1.2301488,True
Ca7SiN6__Ca2Al2Sn2O9,log10_on_off_ratio,2.2303834721314626,1.5615453,2.0420003,2.218909,False
K4CdAs2__KSn2(PO4)3,log10_on_off_ratio,0.651958161279871,0.6669665,0.70480037,1.0563146,False
K4CdAs2__KSn2(PO4)3,log10_on_off_ratio,2.043740790038842,1.8096967,2.003371,2.056103,True
K4CdAs2__KSn2(PO4)3,log10_on_off_ratio,2.935196680710908,2.3057356,2.8651865,2.889547,False
K4CdAs2__KSn2(PO4)3,log10_on_off_ratio,1.7646246854555705,1.4861779,1.7659633,1.8737403,True
KSn__TeO3,log10_on_off_ratio,0.7811478124278534,0.82007533,0.87209404,1.1541834,False
KSn__TeO3,log10_on_off_ratio,1.1991447953651877,1.1057299,1.2789422,1.5046464,True
KSn__TeO3,log10_on_off_ratio,1.4242753305780556,1.292015,1.423617,1.6116797,True
KSn__TeO3,log10_on_off_ratio,1.8590892361498244,1.6600378,1.8530765,1.9963934,True
K4TiSn3(PO5)4__GaSeBr7,log10_on_off_ratio,2.6155271559976208,2.0044935,2.3526585,2.5952094,False
K4TiSn3(PO5)4__GaSeBr7,log10_on_off_ratio,0.5768769159566068,0.5626522,0.60212773,1.027338,True
K4TiSn3(PO5)4__GaSeBr7,log10_on_off_ratio,1.8971609200953667,1.563436,1.8322965,1.9669079,True
K4TiSn3(PO5)4__GaSeBr7,log10_on_off_ratio,2.741582711518756,2.0209804,2.455477,2.6717644,False
K2Zn3O4__NaInSe2,log10_on_off_ratio,1.415834101947942,1.3508552,1.503903,1.6658689,True
K2Zn3O4__NaInSe2,log10_on_off_ratio,0.9117361712495192,0.91535705,1.0182467,1.239694,False
K2Zn3O4__NaInSe2,log10_on_off_ratio,0.93521757983637,0.90537626,0.9700015,1.2594111,True
K2Zn3O4__NaInSe2,log10_on_off_ratio,1.396843929660492,1.3052661,1.442118,1.6277031,True
K3Na2SnAs3__Na2LiAlP2,log10_on_off_ratio,1.505060132220186,1.4548846,1.6001897,1.6735502,True
K3Na2SnAs3__Na2LiAlP2,log10_on_off_ratio,0.7012333810147895,0.7452464,0.78474927,1.0585103,False
K3Na2SnAs3__Na2LiAlP2,log10_on_off_ratio,1.86318184406468,1.7663348,1.945289,1.9952279,True
K3Na2SnAs3__Na2LiAlP2,log10_on_off_ratio,1.1566268162614393,1.141007,1.2267894,1.3698168,True
K2H6PbO6__K4Ge9O20,log10_on_off_ratio,1.5613423581966346,1.0896742,1.5786028,1.6826519,True
K2H6PbO6__K4Ge9O20,log10_on_off_ratio,2.237375864621518,1.4841832,1.9915115,2.2354515,False
K2H6PbO6__K4Ge9O20,log10_on_off_ratio,2.23062138504768,1.4600004,1.9346135,2.2307615,True
K2H6PbO6__K4Ge9O20,log10_on_off_ratio,0.4630621933389653,0.3812354,0.41015643,0.86265916,True
In2(Se2O5)3__SnPO4F,log10_on_off_ratio,0.6274882842664851,0.6551923,0.6821289,1.0602719,False
In2(Se2O5)3__SnPO4F,log10_on_off_ratio,2.0701352264133086,1.770179,2.0631301,2.1800404,True
In2(Se2O5)3__SnPO4F,log10_on_off_ratio,2.5882493323674405,2.167152,2.577517,2.623457,True
In2(Se2O5)3__SnPO4F,log10_on_off_ratio,1.5579276645800375,1.4068247,1.5838739,1.7996804,True
KNaGeO3__Sb9S4F39,log10_on_off_ratio,2.3759331421632486,2.0586045,2.3570783,2.3638728,False
KNaGeO3__Sb9S4F39,log10_on_off_ratio,2.8166873748682515,2.2426026,2.8157904,2.8394957,True
KNaGeO3__Sb9S4F39,log10_on_off_ratio,0.9723863195118048,0.9094135,0.9965698,1.3101599,True
KNaGeO3__Sb9S4F39,log10_on_off_ratio,0.5798885131715352,0.5974331,0.62237394,1.0675555,False
K2Ti2O5__Rubrene,log10_on_off_ratio,2.7510809419564985,2.243609,2.7244515,2.7389512,False
K2Ti2O5__Rubrene,log10_on_off_ratio,2.042310863893983,1.8407087,2.059645,2.129517,True
K2Ti2O5__Rubrene,log10_on_off_ratio,0.4153849603667143,0.49887154,0.5319891,1.0413152,False
K2Ti2O5__Rubrene,log10_on_off_ratio,1.624534575287775,1.5148989,1.6770215,1.7763911,True
P4S7__Ge3Pb5O11,log10_on_off_ratio,0.5538569546539293,0.5337696,0.57557195,0.9860042,True
P4S7__Ge3Pb5O11,log10_on_off_ratio,1.3485673517378745,1.2527635,1.3950837,1.6090897,True
P4S7__Ge3Pb5O11,log10_on_off_ratio,1.960162924137396,1.7732041,1.9858335,2.0759077,True
P4S7__Ge3Pb5O11,log10_on_off_ratio,1.7370001178058785,1.5804311,1.7515091,1.9245666,True
K2SnTe3__In2(SeO4)3,log10_on_off_ratio,2.282228941909738,1.7978947,2.0911725,2.290284,True
K2SnTe3__In2(SeO4)3,log10_on_off_ratio,1.7836174620170666,1.4161639,1.6841142,1.8623528,True
K2SnTe3__In2(SeO4)3,log10_on_off_ratio,1.967061583472837,1.5422055,1.7832952,2.0108852,True
K2SnTe3__In2(SeO4)3,log10_on_off_ratio,2.0629628193798517,1.6037962,1.9357715,2.1085353,True
Na2In2SiS6__LiC,log10_on_off_ratio,0.625455356606171,0.60547316,0.6299156,0.982572,True
Na2In2SiS6__LiC,log10_on_off_ratio,2.106341369692978,1.8070459,2.0503352,2.1652253,True
Na2In2SiS6__LiC,log10_on_off_ratio,1.7500351542916457,1.4853222,1.6384641,1.8497747,True
Na2In2SiS6__LiC,log10_on_off_ratio,0.7061519318310533,0.6634548,0.6755787,1.0070177,True
K2Sn(AsS3)2__Na2In2SiS6,log10_on_off_ratio,1.0638288240306353,0.8621201,1.0826097,1.2717191,True
K2Sn(AsS3)2__Na2In2SiS6,log10_on_off_ratio,0.4920794453001601,0.4878571,0.5074368,0.88732874,True
K2Sn(AsS3)2__Na2In2SiS6,log10_on_off_ratio,0.4919381152263065,0.5126976,0.51363295,0.9173787,False
K2Sn(AsS3)2__Na2In2SiS6,log10_on_off_ratio,2.6825130295166897,1.9204537,2.3704815,2.5938418,False
TeI__SnPS3,log10_on_off_ratio,1.7266305666210406,1.2753623,1.6134462,1.8589468,True
TeI__SnPS3,log10_on_off_ratio,0.829158110382098,0.6885675,0.8526295,1.1173322,True
TeI__SnPS3,log10_on_off_ratio,1.3382695782066152,1.0402433,1.3588704,1.6046636,True
TeI__SnPS3,log10_on_off_ratio,2.0386714517797717,1.5498399,1.888789,2.1185012,True
Li7SbN4__Na2GeTeO6,log10_on_off_ratio,0.6761146573963581,0.6070325,0.69616127,0.9349022,True
Li7SbN4__Na2GeTeO6,log10_on_off_ratio,1.5672705554741295,1.5577595,1.8267533,2.3984966,True
Li7SbN4__Na2GeTeO6,log10_on_off_ratio,0.9022881301773046,0.83849853,1.0876348,1.3388342,True
Li7SbN4__Na2GeTeO6,log10_on_off_ratio,0.7337461652594945,0.70023894,0.96805465,1.2880993,True
K5GaSe4__CdSnP14,log10_on_off_ratio,2.075765386004107,1.7545563,2.030795,2.162258,True
K5GaSe4__CdSnP14,log10_on_off_ratio,0.8906870537639877,0.79442364,0.85276943,1.2251223,True
K5GaSe4__CdSnP14,log10_on_off_ratio,2.316677899688064,1.9383999,2.2849088,2.349403,True
K5GaSe4__CdSnP14,log10_on_off_ratio,2.5257855109537477,2.1708207,2.5203543,2.5287,True
Li10Zn4O9__SbAs2Cl13,log10_on_off_ratio,2.6284268487080977,2.1916065,2.5327046,2.614452,False
Li10Zn4O9__SbAs2Cl13,log10_on_off_ratio,1.998421994637892,1.7492865,1.9490287,2.0906296,True
Li10Zn4O9__SbAs2Cl13,log10_on_off_ratio,0.9919288151042028,0.9463103,0.96599054,1.297943,True
Li10Zn4O9__SbAs2Cl13,log10_on_off_ratio,0.5313481660152681,0.5385013,0.558215,1.0183537,False
ZnSe__Li2ZnSn3O8,log10_on_off_ratio,2.381583062912924,1.6260623,2.0222328,2.3203416,False
ZnSe__Li2ZnSn3O8,log10_on_off_ratio,0.9472030413204856,0.70165193,0.8329677,1.1916504,True
ZnSe__Li2ZnSn3O8,log10_on_off_ratio,1.187433593942807,0.81063265,1.1083544,1.4113356,True
ZnSe__Li2ZnSn3O8,log10_on_off_ratio,2.1947312886826675,1.4444702,1.8578159,2.1639428,False
ZnF2__K2LiInAs2,log10_on_off_ratio,0.8213107225520406,0.81452346,0.87976044,1.184196,True
ZnF2__K2LiInAs2,log10_on_off_ratio,1.0186313537411025,0.95055217,1.0140377,1.3025807,True
ZnF2__K2LiInAs2,log10_on_off_ratio,0.8571034070037539,0.8312774,0.87897956,1.2269329,True
ZnF2__K2LiInAs2,log10_on_off_ratio,2.017742948334309,1.8298657,2.029491,2.1401775,True
Sn2Sb2Pb4O13__InSb(P2O7)2,log10_on_off_ratio,1.4859739356151356,1.3981599,1.5197194,1.6912518,True
Sn2Sb2Pb4O13__InSb(P2O7)2,log10_on_off_ratio,0.9069220037141928,0.7865847,0.9709532,1.2113036,True
Sn2Sb2Pb4O13__InSb(P2O7)2,log10_on_off_ratio,0.7350330914893133,0.7137833,0.7453209,1.0906146,True
Sn2Sb2Pb4O13__InSb(P2O7)2,log10_on_off_ratio,1.2152831250300538,1.2420921,1.3253784,1.5256174,False
P3NCl12__AlInI4,log10_on_off_ratio,0.7331012817936223,0.7053257,0.74930775,1.1354649,True
P3NCl12__AlInI4,log10_on_off_ratio,1.7896527655505017,1.5638877,1.7726327,1.9201446,True
P3NCl12__AlInI4,log10_on_off_ratio,1.8266176244205536,1.5969874,1.8234656,1.9394727,True
P3NCl12__AlInI4,log10_on_off_ratio,1.4979885947700422,1.3335955,1.4698536,1.673415,True
KSnAsS5__LiPH21S3N7,log10_on_off_ratio,1.455436052453894,1.3086662,1.4589282,1.6251959,True
KSnAsS5__LiPH21S3N7,log10_on_off_ratio,2.441843968672747,1.9939617,2.33451,2.3838544,False
KSnAsS5__LiPH21S3N7,log10_on_off_ratio,1.9862904810437088,1.655643,1.9373145,2.0227838,True
KSnAsS5__LiPH21S3N7,log10_on_off_ratio,0.6532081346907417,0.6280727,0.7097188,1.0764385,True
GeClO2F5__K6Zn4Sn5S17,log10_on_off_ratio,1.3527272437772435,1.2023947,1.35788,1.5694017,True
GeClO2F5__K6Zn4Sn5S17,log10_on_off_ratio,1.4973161220306022,1.351043,1.4783914,1.7222506,True
GeClO2F5__K6Zn4Sn5S17,log10_on_off_ratio,2.6855861735297224,2.2108011,2.581996,2.5861588,False
GeClO2F5__K6Zn4Sn5S17,log10_on_off_ratio,1.1695149856609777,1.0995378,1.168778,1.4821479,True
Na3AlH6__K6Te3(H8O7)4,log10_on_off_ratio,2.154993161225981,1.8263726,2.1247158,2.2159548,True
Na3AlH6__K6Te3(H8O7)4,log10_on_off_ratio,2.613543761417357,2.2430103,2.5991669,2.622952,True
Na3AlH6__K6Te3(H8O7)4,log10_on_off_ratio,2.864691247415273,2.22448,2.8355534,2.8506598,False
Na3AlH6__K6Te3(H8O7)4,log10_on_off_ratio,1.212512289700031,1.1283711,1.2486403,1.5531058,True
K3AsSe4__Ca2Al2Sn2O9,log10_on_off_ratio,1.4475646727214424,1.1436357,1.3913056,1.6140426,True
K3AsSe4__Ca2Al2Sn2O9,log10_on_off_ratio,2.23558946864388,1.7496448,2.0288582,2.2494771,True
K3AsSe4__Ca2Al2Sn2O9,log10_on_off_ratio,1.0058102532981783,0.8706681,1.104023,1.2738967,True
K3AsSe4__Ca2Al2Sn2O9,log10_on_off_ratio,1.1149712385228083,0.84052706,1.1054119,1.3499589,True
KAs2HO6__P2Pb4O9,log10_on_off_ratio,1.8936237359516268,1.5867325,1.7820634,2.0386608,True
KAs2HO6__P2Pb4O9,log10_on_off_ratio,1.1067914733315185,0.98954284,1.1142583,1.2955272,True
KAs2HO6__P2Pb4O9,log10_on_off_ratio,2.423200645253636,1.8267986,2.2106009,2.547367,True
KAs2HO6__P2Pb4O9,log10_on_off_ratio,0.5888889205516411,0.62250733,0.62290186,0.96283376,False
LiGaO2__SnPCl9,log10_on_off_ratio,1.145061949874555,1.0628871,1.1521648,1.4740225,True
LiGaO2__SnPCl9,log10_on_off_ratio,1.0707410960170631,0.9683687,1.0752691,1.3645759,True
LiGaO2__SnPCl9,log10_on_off_ratio,0.8824694765945701,0.83497214,0.8865697,1.240629,True
LiGaO2__SnPCl9,log10_on_off_ratio,2.364001129895715,2.0443063,2.3574188,2.381602,True
P7Pb__Na2Ti2Si2O9,log10_on_off_ratio,2.645367055606446,2.198082,2.6011946,2.6272292,False
P7Pb__Na2Ti2Si2O9,log10_on_off_ratio,0.4898768406909184,0.5234709,0.5414841,1.0255002,False
P7Pb__Na2Ti2Si2O9,log10_on_off_ratio,2.561128843323774,2.1758366,2.5865512,2.601998,True
P7Pb__Na2Ti2Si2O9,log10_on_off_ratio,0.5133441471285987,0.5236702,0.54102093,1.0134246,False
Ga2O3__LiIn(IO3)4,log10_on_off_ratio,1.489311983197312,1.1719525,1.4866501,1.6159039,True
Ga2O3__LiIn(IO3)4,log10_on_off_ratio,1.0731263053329558,0.8555441,1.061155,1.206249,True
Ga2O3__LiIn(IO3)4,log10_on_off_ratio,2.0296559713195745,1.6138557,1.8730655,2.0823886,True
Ga2O3__LiIn(IO3)4,log10_on_off_ratio,2.009843202727304,1.5880615,1.7949822,2.0052676,False
Zn(InSe2)2__TiZn(SO4)3,log10_on_off_ratio,1.894556000233952,1.4627703,1.7994342,1.9699165,True
Zn(InSe2)2__TiZn(SO4)3,log10_on_off_ratio,0.8262818508415568,0.7799379,0.84521174,1.2142861,True
Zn(InSe2)2__TiZn(SO4)3,log10_on_off_ratio,0.8066190189925454,0.78159434,0.8221729,1.1270658,True
Zn(InSe2)2__TiZn(SO4)3,log10_on_off_ratio,1.893333182184339,1.4627984,1.7626098,1.9684925,True
TeO2__KInO2,log10_on_off_ratio,2.2872014013069237,1.9718463,2.2661715,2.327308,True
TeO2__KInO2,log10_on_off_ratio,1.579255154611423,1.4133354,1.5593408,1.7589566,True
TeO2__KInO2,log10_on_off_ratio,0.5694865203522907,0.5771355,0.61246175,1.0562525,False
TeO2__KInO2,log10_on_off_ratio,2.573349338805277,2.1560166,2.5363166,2.5629857,False
NaLi2Sb__K2Ti2O5,log10_on_off_ratio,2.4628363398801123,2.0938423,2.4397073,2.4560828,False
NaLi2Sb__K2Ti2O5,log10_on_off_ratio,2.584772342590413,2.135142,2.5161889,2.5352952,False
NaLi2Sb__K2Ti2O5,log10_on_off_ratio,0.9534564854107996,0.96871984,1.0626168,1.3110536,False
NaLi2Sb__K2Ti2O5,log10_on_off_ratio,1.261755927793684,1.1504549,1.2577063,1.5009522,True
Na6GaP3__AsI5F6,log10_on_off_ratio,1.60271969039623,1.3660083,1.539506,1.7434121,True
Na6GaP3__AsI5F6,log10_on_off_ratio,2.3494295852870377,1.9362442,2.2677433,2.3113375,False
Na6GaP3__AsI5F6,log10_on_off_ratio,1.1738408991101716,1.0798932,1.1565849,1.4809058,True
Na6GaP3__AsI5F6,log10_on_off_ratio,0.8356853200622402,0.7978783,0.8425547,1.1969594,True
K2O__K6Pb2O5,log10_on_off_ratio,1.10514900680341,0.9897969,1.391817,1.5642376,True
K2O__K6Pb2O5,log10_on_off_ratio,1.436929626067939,1.2735115,1.8570268,1.9004868,True
K2O__K6Pb2O5,log10_on_off_ratio,1.0407675719604388,0.9951671,1.4005197,1.5389491,True
K2O__K6Pb2O5,log10_on_off_ratio,0.80476195249244,0.75451195,1.0362079,1.1728897,True
Li2SnSe3__Na2PS3,log10_on_off_ratio,2.317629776200841,1.9026291,2.1782417,2.3348157,True
Li2SnSe3__Na2PS3,log10_on_off_ratio,2.522659185427906,1.9433063,2.3116426,2.4872906,False
Li2SnSe3__Na2PS3,log10_on_off_ratio,0.8713636857338635,0.8118437,0.90021074,1.1902585,True
Li2SnSe3__Na2PS3,log10_on_off_ratio,2.145179239276655,1.8116605,2.1013882,2.176561,True
In2(CN2)3__LiTi2(PO4)3,log10_on_off_ratio,1.0309461460863516,0.96246153,1.0879195,1.3307453,True
In2(CN2)3__LiTi2(PO4)3,log10_on_off_ratio,1.5828190422007506,1.383588,1.5197666,1.6999888,True
In2(CN2)3__LiTi2(PO4)3,log10_on_off_ratio,2.506216355123858,2.0293427,2.3449178,2.5192704,True
In2(CN2)3__LiTi2(PO4)3,log10_on_off_ratio,1.3921197958594524,1.2323548,1.3983921,1.5063827,True
KTe__PCl5,log10_on_off_ratio,2.389881256224191,2.0749226,2.4200404,2.4226873,True
KTe__PCl5,log10_on_off_ratio,1.4929312665454773,1.322569,1.4551723,1.6859894,True
KTe__PCl5,log10_on_off_ratio,1.698219787305518,1.4442441,1.6461027,1.7656522,True
KTe__PCl5,log10_on_off_ratio,2.156101277788113,1.8425837,2.1398704,2.1871564,True
AsI5F6__Ca3In2(GeO4)3,log10_on_off_ratio,2.418922873516852,2.1249697,2.4437582,2.4533758,True
AsI5F6__Ca3In2(GeO4)3,log10_on_off_ratio,2.3943366241257538,2.0497665,2.3488023,2.3939016,False
AsI5F6__Ca3In2(GeO4)3,log10_on_off_ratio,2.0068700656130343,1.75044,1.9569037,2.095556,True
AsI5F6__Ca3In2(GeO4)3,log10_on_off_ratio,1.737222309757712,1.4738258,1.6730547,1.7724502,True
SbP2O7__KIn7S8,log10_on_off_ratio,2.6152627675815974,2.1732686,2.5540972,2.6008546,False
SbP2O7__KIn7S8,log10_on_off_ratio,2.450086286310365,2.0994775,2.393624,2.4362283,False
SbP2O7__KIn7S8,log10_on_off_ratio,2.0527518721864726,1.8231219,2.073291,2.1384346,True
SbP2O7__KIn7S8,log10_on_off_ratio,0.9209961445485856,0.8720851,0.95948863,1.2447389,True
Na(GeP)3__LiInSiO4,log10_on_off_ratio,0.6505050161939048,0.6296218,0.67932224,1.0318421,True
Na(GeP)3__LiInSiO4,log10_on_off_ratio,2.2525001693887576,2.0251312,2.298309,2.3052878,True
Na(GeP)3__LiInSiO4,log10_on_off_ratio,1.356163471260318,1.2028594,1.3722025,1.5843531,True
Na(GeP)3__LiInSiO4,log10_on_off_ratio,1.5246464897581822,1.4022217,1.6030056,1.7361127,True
Ca2Si__CdI2,log10_on_off_ratio,1.1425159752621168,1.0023848,1.1094245,1.3653926,True
Ca2Si__CdI2,log10_on_off_ratio,0.5253098068986073,0.53412324,0.5435164,1.0377408,False
Ca2Si__CdI2,log10_on_off_ratio,0.8972231767922992,0.8396135,0.90969354,1.2292519,True
Ca2Si__CdI2,log10_on_off_ratio,1.6080950032877417,1.4055148,1.5542587,1.7368277,True
Li4PbO4__TeS7Cl2,log10_on_off_ratio,1.3190911543118455,1.1972101,1.3510927,1.5566362,True
Li4PbO4__TeS7Cl2,log10_on_off_ratio,1.3318914260209316,1.2692341,1.3621277,1.5651457,True
Li4PbO4__TeS7Cl2,log10_on_off_ratio,1.4076568096745634,1.2880499,1.4445851,1.5909824,True
Li4PbO4__TeS7Cl2,log10_on_off_ratio,0.6171100981852948,0.63617194,0.65236104,0.96891254,False
LiSbO3__Ti(NO3)4,log10_on_off_ratio,1.4639357814072758,1.3087355,1.456609,1.6423903,True
LiSbO3__Ti(NO3)4,log10_on_off_ratio,0.7645056639895154,0.6991921,0.7733164,1.1586833,True
LiSbO3__Ti(NO3)4,log10_on_off_ratio,2.794783268978453,2.1627662,2.7038488,2.7195747,False
LiSbO3__Ti(NO3)4,log10_on_off_ratio,1.6171587525842666,1.3607138,1.5698107,1.7918279,True
Li2Ca(SiN2)2__AlAs3S5Cl4,log10_on_off_ratio,0.92802666593926,0.8955916,0.9599033,1.2985668,True
Li2Ca(SiN2)2__AlAs3S5Cl4,log10_on_off_ratio,2.3749241434084216,2.0002751,2.335085,2.3878343,True
Li2Ca(SiN2)2__AlAs3S5Cl4,log10_on_off_ratio,2.3297936973350937,2.0200644,2.2831788,2.332205,True
Li2Ca(SiN2)2__AlAs3S5Cl4,log10_on_off_ratio,2.408687202316889,2.0087676,2.3230538,2.4023209,False
KSnAsO5__TiSnP2SO12,log10_on_off_ratio,1.789156259716841,1.5801541,1.7092843,1.9004644,True
KSnAsO5__TiSnP2SO12,log10_on_off_ratio,0.7694003053776763,0.7003442,0.7410101,1.0682793,True
KSnAsO5__TiSnP2SO12,log10_on_off_ratio,2.360334577964632,2.0582774,2.315959,2.3753872,True
KSnAsO5__TiSnP2SO12,log10_on_off_ratio,0.7018253516554129,0.69077533,0.7475254,1.0161695,True
KSbS2__Al2ZnS4,log10_on_off_ratio,0.6416996898933345,0.5783196,0.62094426,0.9483316,True
KSbS2__Al2ZnS4,log10_on_off_ratio,2.460601242964919,1.9654624,2.3035939,2.5106473,True
KSbS2__Al2ZnS4,log10_on_off_ratio,0.9045028179775194,0.851574,0.9009319,1.1536301,True
KSbS2__Al2ZnS4,log10_on_off_ratio,1.57826172904193,1.3922287,1.5881048,1.7530272,True
GePbS3__Zn3PBr3,log10_on_off_ratio,0.4480996455399093,0.5211933,0.537788,1.0283649,False
GePbS3__Zn3PBr3,log10_on_off_ratio,1.141595432672184,1.0313183,1.1728227,1.4053001,True
GePbS3__Zn3PBr3,log10_on_off_ratio,0.3911646234873543,0.42936513,0.47852093,1.0310612,False
GePbS3__Zn3PBr3,log10_on_off_ratio,1.3153125712352571,1.2454486,1.4011334,1.5472397,True
Ca11AlSb9__Sb9S4F39,log10_on_off_ratio,2.309294054490407,1.9473033,2.2641633,2.3422709,True
Ca11AlSb9__Sb9S4F39,log10_on_off_ratio,1.1340381504377337,1.0786431,1.1660125,1.4708059,True
Ca11AlSb9__Sb9S4F39,log10_on_off_ratio,0.5683662399981474,0.5996737,0.62929994,1.0272433,False
Ca11AlSb9__Sb9S4F39,log10_on_off_ratio,0.6031782110712016,0.554215,0.5747938,1.0288558,True
Ca(Ga3Te5)2__LiZnN,log10_on_off_ratio,2.218141238758982,1.9953387,2.234748,2.2769976,True
Ca(Ga3Te5)2__LiZnN,log10_on_off_ratio,2.4526853907108093,2.058462,2.3989313,2.4319115,False
Ca(Ga3Te5)2__LiZnN,log10_on_off_ratio,1.3988365078212333,1.2882254,1.4194715,1.651324,True
Ca(Ga3Te5)2__LiZnN,log10_on_off_ratio,0.7756353708781307,0.71168137,0.763509,1.1849499,True
TiBr4__LiZnPS4,log10_on_off_ratio,0.7232950795758001,0.7554052,0.7972331,0.9581168,False
TiBr4__LiZnPS4,log10_on_off_ratio,0.4272737910968154,0.45140982,0.45779794,0.7689836,False
TiBr4__LiZnPS4,log10_on_off_ratio,0.9471779665921972,0.97006917,1.0783151,1.2342033,False
TiBr4__LiZnPS4,log10_on_off_ratio,0.6383477227063162,0.6887396,0.7031352,0.93576956,False
Na2In2GeSe6__Li5SiN3,log10_on_off_ratio,2.5628946482810844,1.9978517,2.3861213,2.5734582,True
Na2In2GeSe6__Li5SiN3,log10_on_off_ratio,0.7994614008467538,0.79796624,0.8569926,1.2550626,True
Na2In2GeSe6__Li5SiN3,log10_on_off_ratio,0.6340504777110746,0.66232485,0.66423523,1.0875202,False
Na2In2GeSe6__Li5SiN3,log10_on_off_ratio,1.6513113183607897,1.370627,1.5651759,1.7371707,True
CdSe2__Sb8(PbS5)3,log10_on_off_ratio,1.045389776233548,0.85484046,1.0589788,1.2605902,True
CdSe2__Sb8(PbS5)3,log10_on_off_ratio,1.262811431922005,1.0393337,1.3889688,1.49719,True
CdSe2__Sb8(PbS5)3,log10_on_off_ratio,1.5516322811008765,1.3127376,1.6036196,1.6897048,True
CdSe2__Sb8(PbS5)3,log10_on_off_ratio,1.488011350899935,1.2731699,1.5080737,1.6528342,True
KTi2(PO4)3__KICl4,log10_on_off_ratio,1.971897056525344,1.771924,1.9801087,2.0405557,True
KTi2(PO4)3__KICl4,log10_on_off_ratio,2.280954628318372,2.0364912,2.292042,2.3292778,True
KTi2(PO4)3__KICl4,log10_on_off_ratio,1.5341999224588547,1.3705024,1.525303,1.6608952,True
KTi2(PO4)3__KICl4,log10_on_off_ratio,0.6625479768031856,0.695678,0.7073101,1.1035947,False
TeSe2__Zn3Cd3(TeO6)2,log10_on_off_ratio,0.6676758178975675,0.64596516,0.68537915,1.0230099,True
TeSe2__Zn3Cd3(TeO6)2,log10_on_off_ratio,1.6498940420421129,1.4513941,1.6559775,1.9304111,True
TeSe2__Zn3Cd3(TeO6)2,log10_on_off_ratio,0.6908417715927294,0.6609642,0.7256594,1.0557065,True
TeSe2__Zn3Cd3(TeO6)2,log10_on_off_ratio,1.9037490474400052,1.5888869,1.8639319,2.193525,True
K3AlSe3__Ge19(AsBr)4,log10_on_off_ratio,1.5041272631560172,1.3085335,1.4669605,1.6787549,True
K3AlSe3__Ge19(AsBr)4,log10_on_off_ratio,2.782883569999977,2.1990707,2.713972,2.7454405,False
K3AlSe3__Ge19(AsBr)4,log10_on_off_ratio,0.7700781758106511,0.73536605,0.7868094,1.1311505,True
K3AlSe3__Ge19(AsBr)4,log10_on_off_ratio,1.3422943081091463,1.1728426,1.3380221,1.5607423,True
KSnS4__Na6Ge2S7,log10_on_off_ratio,2.3918531130330614,1.7889222,2.2701352,2.4715083,True
KSnS4__Na6Ge2S7,log10_on_off_ratio,0.5257177802899288,0.5126201,0.5523166,0.8385455,True
KSnS4__Na6Ge2S7,log10_on_off_ratio,1.1489545712906044,0.98163974,1.1794285,1.3430196,True
KSnS4__Na6Ge2S7,log10_on_off_ratio,1.1692042025995395,1.0355732,1.2716881,1.4158984,True
CaGaGeH__In4GeS4,log10_on_off_ratio,2.045250697950887,1.7427243,1.8652941,2.113067,True
CaGaGeH__In4GeS4,log10_on_off_ratio,1.7533104722126998,1.5182831,1.6653571,1.8426299,True
CaGaGeH__In4GeS4,log10_on_off_ratio,2.0003216521476594,1.6919092,1.8776923,2.0996192,True
CaGaGeH__In4GeS4,log10_on_off_ratio,2.0933148745153227,1.7276037,1.8908747,2.1595647,True
Ca3AlN3__Na3Sb3(AsO7)2,log10_on_off_ratio,0.9542363734004384,0.90544033,0.9663156,1.2880874,True
Ca3AlN3__Na3Sb3(AsO7)2,log10_on_off_ratio,2.126067694792873,1.8531436,2.1043324,2.1862643,True
Ca3AlN3__Na3Sb3(AsO7)2,log10_on_off_ratio,0.6149273147950751,0.60654086,0.6371588,1.0654873,True
Ca3AlN3__Na3Sb3(AsO7)2,log10_on_off_ratio,0.548462003224747,0.5719914,0.6002198,1.0331359,False
Na2PS3__ZnSiN2,log10_on_off_ratio,1.7280736180520275,1.5077008,1.6499498,1.869045,True
Na2PS3__ZnSiN2,log10_on_off_ratio,0.5354608986778491,0.55773884,0.55929637,1.0202808,False
Na2PS3__ZnSiN2,log10_on_off_ratio,2.55232063188392,2.066271,2.4690778,2.6082656,True
Na2PS3__ZnSiN2,log10_on_off_ratio,1.06943896408224,0.970767,1.051664,1.3470725,True
KAlTe2__Ca3(AlN2)2,log10_on_off_ratio,1.066292858036996,1.036231,1.270169,1.4592711,True
KAlTe2__Ca3(AlN2)2,log10_on_off_ratio,1.0800225493667628,1.003897,1.2547181,1.4456229,True
KAlTe2__Ca3(AlN2)2,log10_on_off_ratio,1.5094453156696492,1.3032291,1.6228174,2.0734265,True
KAlTe2__Ca3(AlN2)2,log10_on_off_ratio,1.7524051859149865,1.4074198,1.7706325,2.3702185,True
K4I2O9__KInAs3H7O13,log10_on_off_ratio,0.8155904391719921,0.73812366,0.84112406,1.1301003,True
K4I2O9__KInAs3H7O13,log10_on_off_ratio,1.5841285946954753,1.2138819,1.5145895,1.687171,True
K4I2O9__KInAs3H7O13,log10_on_off_ratio,2.020259724200241,1.5275052,1.9119025,2.024262,True
K4I2O9__KInAs3H7O13,log10_on_off_ratio,1.986818137876103,1.5225911,1.8182704,1.993014,True
KSeO2F__K2SbH5O6,log10_on_off_ratio,2.024038099418604,1.8522375,2.0661438,2.1523507,True
KSeO2F__K2SbH5O6,log10_on_off_ratio,1.381901856122968,1.2940617,1.4298538,1.6349705,True
KSeO2F__K2SbH5O6,log10_on_off_ratio,2.751500032674584,2.3276174,2.7741456,2.7983854,True
KSeO2F__K2SbH5O6,log10_on_off_ratio,2.376322882480314,2.1034486,2.3705149,2.447978,True
Na5Ti2Si2PO13__KSnPO5,log10_on_off_ratio,1.1096771177071083,1.195757,1.5143163,1.7105049,False
Na5Ti2Si2PO13__KSnPO5,log10_on_off_ratio,0.9157739635586554,1.0833657,1.3584622,1.541042,False
Na5Ti2Si2PO13__KSnPO5,log10_on_off_ratio,0.7785585595393673,0.9580909,1.2145413,1.4012988,False
Na5Ti2Si2PO13__KSnPO5,log10_on_off_ratio,0.7670828138957638,0.97575414,1.235996,1.4100468,False
Ca3(GaN2)2__NaLiTe,log10_retention_tau_s,-2.3208450590662406,-2.016537,-1.174538,4.72484,False
Ca3(GaN2)2__NaLiTe,log10_retention_tau_s,-1.8812353547263239,-1.9472404,-0.9660617,5.1899085,True
Ca3(GaN2)2__NaLiTe,log10_retention_tau_s,-1.1623857868842395,-1.6145352,-0.7165828,5.631576,True
Ca3(GaN2)2__NaLiTe,log10_retention_tau_s,-5.989964998371649,-4.377064,-3.5618412,4.22773,False
K5Na(Ti2Se9)3__SbF4,log10_retention_tau_s,10.013173976396796,9.04779,9.989074,10.019806,True
K5Na(Ti2Se9)3__SbF4,log10_retention_tau_s,9.981717126741382,9.085812,9.990646,10.0205345,True
K5Na(Ti2Se9)3__SbF4,log10_retention_tau_s,9.985302731767565,9.076733,9.988108,10.018694,True
K5Na(Ti2Se9)3__SbF4,log10_retention_tau_s,10.018522184553337,9.10727,9.988753,10.018604,True
KTiPSe5__ZnCN2,log10_retention_tau_s,9.992043953579515,7.350074,9.962121,10.025584,True
KTiPSe5__ZnCN2,log10_retention_tau_s,9.989685537761126,8.224566,9.979941,10.016612,True
KTiPSe5__ZnCN2,log10_retention_tau_s,10.014213507306923,8.063619,9.969163,9.996591,False
KTiPSe5__ZnCN2,log10_retention_tau_s,9.961721568537596,7.574193,9.980592,10.036717,True
Na6P4Pb3S16__NaH2N,log10_retention_tau_s,10.00859536526041,8.482756,9.822783,10.006036,False
Na6P4Pb3S16__NaH2N,log10_retention_tau_s,9.779092820720479,8.055028,9.739139,9.990984,True
Na6P4Pb3S16__NaH2N,log10_retention_tau_s,7.452490407797327,7.8647227,9.654438,9.967855,False
Na6P4Pb3S16__NaH2N,log10_retention_tau_s,10.009332397205378,8.324973,9.812511,9.998425,False
KPbO2__K2ZnS2,log10_retention_tau_s,3.76930465340272,2.9597917,6.55334,8.322157,True
KPbO2__K2ZnS2,log10_retention_tau_s,-0.7278143951159801,1.1244572,5.2882686,6.652183,False
KPbO2__K2ZnS2,log10_retention_tau_s,3.1997673964839866,2.9348307,6.5254498,8.341392,True
KPbO2__K2ZnS2,log10_retention_tau_s,1.4046933014200391,2.1181412,5.519684,7.87181,False
NaSb5O13__Na2PS3,log10_retention_tau_s,5.383538086782495,7.027909,9.700693,9.969578,False
NaSb5O13__Na2PS3,log10_retention_tau_s,8.114291915633366,7.2882137,9.846889,9.9944,True
NaSb5O13__Na2PS3,log10_retention_tau_s,10.001962585093331,7.0659504,9.899169,10.02798,True
NaSb5O13__Na2PS3,log10_retention_tau_s,7.674414467354753,7.4085326,9.828802,10.006435,True
Li2Te2O5__K6Ti2O7,log10_retention_tau_s,10.051489675014064,8.594794,9.981109,10.024069,False
Li2Te2O5__K6Ti2O7,log10_retention_tau_s,7.833043061976462,7.5373435,8.983698,9.915269,True
Li2Te2O5__K6Ti2O7,log10_retention_tau_s,5.928304536637952,6.6223383,8.667806,9.844157,False
Li2Te2O5__K6Ti2O7,log10_retention_tau_s,8.260188809936688,8.158855,9.274948,9.970507,True
Ca3(Si4P7)2__Li2ZnSnS4,log10_retention_tau_s,8.352030025582867,5.7989726,9.594342,9.934357,True
Ca3(Si4P7)2__Li2ZnSnS4,log10_retention_tau_s,4.284780209350814,5.243308,9.187461,9.880061,False
Ca3(Si4P7)2__Li2ZnSnS4,log10_retention_tau_s,6.831676223238803,5.574421,9.488566,9.905017,True
Ca3(Si4P7)2__Li2ZnSnS4,log10_retention_tau_s,9.038139437706839,5.831608,9.603584,9.980342,True
Cd3SiO5__NaGaGeO4,log10_retention_tau_s,10.024716445249116,4.778689,9.868959,9.992596,False
Cd3SiO5__NaGaGeO4,log10_retention_tau_s,9.9644472592067,5.3559694,9.887478,10.009227,True
Cd3SiO5__NaGaGeO4,log10_retention_tau_s,10.031635216516133,4.777929,9.939485,10.002441,False
Cd3SiO5__NaGaGeO4,log10_retention_tau_s,10.00071127133711,5.8747687,9.959897,10.009279,True
Na4Al3Ge3IO12__K2TeH6SO10,log10_retention_tau_s,3.6723717704276577,6.3463264,8.301184,8.905609,False
Na4Al3Ge3IO12__K2TeH6SO10,log10_retention_tau_s,6.492441779375511,6.956118,8.53455,9.005084,False
Na4Al3Ge3IO12__K2TeH6SO10,log10_retention_tau_s,2.0768467333037486,5.4554806,8.057677,8.888261,False
Na4Al3Ge3IO12__K2TeH6SO10,log10_retention_tau_s,2.24212543134121,5.6297565,8.044214,8.893331,False
Ca11InSb9__Zn3PBr3,log10_retention_tau_s,10.022603034539408,9.0629015,9.9942465,10.021003,False
Ca11InSb9__Zn3PBr3,log10_retention_tau_s,9.980836025708218,9.07229,9.998294,10.030708,True
Ca11InSb9__Zn3PBr3,log10_retention_tau_s,10.021185664359631,9.064011,9.99634,10.022904,True
Ca11InSb9__Zn3PBr3,log10_retention_tau_s,9.983545368476824,9.076733,9.998055,10.022226,True
NaGe__Ga(IO3)3,log10_retention_tau_s,10.01746175309578,8.217559,9.982071,10.027278,True
NaGe__Ga(IO3)3,log10_retention_tau_s,9.997440074396694,7.7058,9.962358,10.021478,True
NaGe__Ga(IO3)3,log10_retention_tau_s,9.966559736031135,7.0442886,9.960827,10.014591,True
NaGe__Ga(IO3)3,log10_retention_tau_s,9.993769339596758,7.236258,9.891078,10.022965,True
KPS3__AsClF8,log10_retention_tau_s,10.019703894057608,9.07229,9.992527,10.017968,False
KPS3__AsClF8,log10_retention_tau_s,9.985554828505126,9.0672655,9.989887,10.01471,True
KPS3__AsClF8,log10_retention_tau_s,10.00778877069062,9.10727,9.989225,10.0186405,True
KPS3__AsClF8,log10_retention_tau_s,10.022577284667744,9.122395,9.985765,10.013293,False
Li2TeS3__Cd(NO3)2,log10_retention_tau_s,9.997143007971657,8.475005,9.9801,9.9978,True
Li2TeS3__Cd(NO3)2,log10_retention_tau_s,10.00150398500782,8.458079,10.000925,10.02526,True
Li2TeS3__Cd(NO3)2,log10_retention_tau_s,10.007172968079944,8.126603,9.9837265,10.0279255,True
Li2TeS3__Cd(NO3)2,log10_retention_tau_s,9.964033995613685,7.940048,9.970798,10.020829,True
Na8TiAs4__Na3Ga3(TeO6)2,log10_retention_tau_s,8.617861862215866,5.9735794,8.980951,9.552888,True
Na8TiAs4__Na3Ga3(TeO6)2,log10_retention_tau_s,7.789965929237268,5.7541738,8.963221,9.543761,True
Na8TiAs4__Na3Ga3(TeO6)2,log10_retention_tau_s,7.595330752040352,5.725884,8.983925,9.553805,True
Na8TiAs4__Na3Ga3(TeO6)2,log10_retention_tau_s,8.84390804655478,6.3888445,9.039862,9.558572,True
TePb__NaAlAsO4F,log10_retention_tau_s,10.001982802209955,8.921661,9.933146,10.020486,True
TePb__NaAlAsO4F,log10_retention_tau_s,9.98273508325747,8.979337,9.968275,10.024678,True
TePb__NaAlAsO4F,log10_retention_tau_s,10.022949521168941,8.997807,9.993138,10.025048,True
TePb__NaAlAsO4F,log10_retention_tau_s,9.993244987372888,9.022727,9.958646,10.023942,True
K2Zn3O4__Zn2Te3O8,log10_retention_tau_s,9.954464136203217,7.357927,9.983874,10.023343,True
K2Zn3O4__Zn2Te3O8,log10_retention_tau_s,9.984088741826774,6.8621073,9.976506,10.028486,True
K2Zn3O4__Zn2Te3O8,log10_retention_tau_s,10.049613651661023,7.342011,9.9506035,10.040412,False
K2Zn3O4__Zn2Te3O8,log10_retention_tau_s,9.964708349565939,7.686872,9.992074,10.036774,True
Ca2Ge__KH3(SeO4)2,log10_retention_tau_s,10.004394213921657,8.020481,9.94296,10.024457,True
Ca2Ge__KH3(SeO4)2,log10_retention_tau_s,10.008281528370423,7.9492793,9.873336,10.024729,True
Ca2Ge__KH3(SeO4)2,log10_retention_tau_s,9.998104644242582,8.919868,9.996136,10.026439,True
Ca2Ge__KH3(SeO4)2,log10_retention_tau_s,9.972099304041091,8.631819,9.977041,10.026293,True
Na3In2(AsO4)3__KInAs3H7O13,log10_retention_tau_s,1.0116023115780437,5.229458,9.451215,9.822158,False
Na3In2(AsO4)3__KInAs3H7O13,log10_retention_tau_s,5.660147275882528,6.2360773,9.677019,9.864211,False
Na3In2(AsO4)3__KInAs3H7O13,log10_retention_tau_s,5.686753643605214,6.320582,9.671549,9.870874,False
Na3In2(AsO4)3__KInAs3H7O13,log10_retention_tau_s,1.739375198208169,5.041178,9.46858,9.840586,False
K2PbO2__GeAsSe,log10_retention_tau_s,9.976938696555823,9.027739,10.006763,10.032809,True
K2PbO2__GeAsSe,log10_retention_tau_s,9.982121943439077,8.504418,10.002268,10.029136,True
K2PbO2__GeAsSe,log10_retention_tau_s,9.986458732443333,8.703363,10.004776,10.03962,True
K2PbO2__GeAsSe,log10_retention_tau_s,10.005800472499903,8.596688,9.99971,10.030218,True
Cd2SnO4__S3(NO7)2,log10_retention_tau_s,10.025562245317774,9.11841,10.00964,10.039629,True
Cd2SnO4__S3(NO7)2,log10_retention_tau_s,9.979948271926428,9.147318,10.007543,10.035993,True
Cd2SnO4__S3(NO7)2,log10_retention_tau_s,9.963418086827364,9.152511,10.007737,10.03748,True
Cd2SnO4__S3(NO7)2,log10_retention_tau_s,10.01671677437168,9.100867,10.00234,10.032547,True
SnF2__K11Cd2Sb5,log10_retention_tau_s,10.037130925771343,8.873719,10.004428,10.029759,False
SnF2__K11Cd2Sb5,log10_retention_tau_s,10.013671836353113,9.089597,9.992815,10.024438,True
SnF2__K11Cd2Sb5,log10_retention_tau_s,10.015779054496385,9.059597,9.995466,10.02282,True
SnF2__K11Cd2Sb5,log10_retention_tau_s,10.001812023175448,9.067815,9.9863615,10.028215,True
HI3__Na3CdPCO7,log10_retention_tau_s,10.036009651135322,8.14587,9.979336,10.020162,False
HI3__Na3CdPCO7,log10_retention_tau_s,10.000261652655487,9.001145,10.003458,10.022501,True
HI3__Na3CdPCO7,log10_retention_tau_s,10.001309288203514,8.974783,10.005378,10.028064,True
HI3__Na3CdPCO7,log10_retention_tau_s,10.037377909357167,8.139295,9.978685,10.005851,False
NaS2__Na2TiZn2GeO7,log10_retention_tau_s,-0.3449480281573138,3.605783,7.813304,7.851603,False
NaS2__Na2TiZn2GeO7,log10_retention_tau_s,1.5604588631353185,4.5408926,7.8128757,7.8175054,False
NaS2__Na2TiZn2GeO7,log10_retention_tau_s,-0.23065569083747073,3.8379862,7.7479224,7.792942,False
NaS2__Na2TiZn2GeO7,log10_retention_tau_s,-0.6442597980456055,4.14019,7.74752,7.793397,False
Na2Te__KHS,log10_retention_tau_s,9.968089521594505,6.2689238,9.839117,10.022655,True
Na2Te__KHS,log10_retention_tau_s,10.004954760512776,6.4595876,9.968381,10.025211,True
Na2Te__KHS,log10_retention_tau_s,9.968383257234168,7.480065,9.9980755,10.031176,True
Na2Te__KHS,log10_retention_tau_s,10.018504015207567,7.183826,9.994321,10.028359,True
SbBrF8__Li3SbS4,log10_retention_tau_s,9.997610591516754,9.087795,9.998457,10.023353,True
SbBrF8__Li3SbS4,log10_retention_tau_s,10.002830265876124,9.05709,9.991257,10.01965,True
SbBrF8__Li3SbS4,log10_retention_tau_s,9.99090526474997,8.874575,9.99005,10.021278,True
SbBrF8__Li3SbS4,log10_retention_tau_s,10.014312145906954,9.0896,9.989263,10.021771,True
Ca2PI__NaIn(GeO3)2,log10_retention_tau_s,0.8288701268988429,-0.91074,5.529488,6.761172,True
Ca2PI__NaIn(GeO3)2,log10_retention_tau_s,-1.0611559647134334,-1.3278611,5.32926,5.661644,True
Ca2PI__NaIn(GeO3)2,log10_retention_tau_s,1.6431754120849547,-0.4213089,5.660219,7.053497,True
Ca2PI__NaIn(GeO3)2,log10_retention_tau_s,-1.4098761594739047,-1.65951,5.3339844,5.561661,True
NaZnAs__K2Ge2PbS6,log10_retention_tau_s,3.905397516715749,7.362818,9.852523,10.001415,False
NaZnAs__K2Ge2PbS6,log10_retention_tau_s,7.013924932061254,7.871612,9.935919,10.017099,False
NaZnAs__K2Ge2PbS6,log10_retention_tau_s,3.8550568872765645,7.1523643,9.841705,9.998442,False
NaZnAs__K2Ge2PbS6,log10_retention_tau_s,4.071272753554067,7.118099,9.881687,10.002239,False
TPD__SbBr3,log10_retention_tau_s,10.01489454376505,9.059291,9.995392,10.027245,True
TPD__SbBr3,log10_retention_tau_s,9.943225542800322,8.760489,9.99922,10.02941,True
TPD__SbBr3,log10_retention_tau_s,9.994435760692705,8.96677,10.000458,10.028567,True
TPD__SbBr3,log10_retention_tau_s,10.05032994474082,9.080655,9.996911,10.028374,False
Pb3SeO5__Ca(AlSe2)2,log10_retention_tau_s,9.993078998655802,9.011981,9.990602,10.023637,True
Pb3SeO5__Ca(AlSe2)2,log10_retention_tau_s,10.032049915741377,9.10374,10.004078,10.027985,False
Pb3SeO5__Ca(AlSe2)2,log10_retention_tau_s,10.040083754445288,8.712078,9.994501,10.028829,False
Pb3SeO5__Ca(AlSe2)2,log10_retention_tau_s,10.031103720720381,8.94317,9.995144,10.027262,False
K5Zn4Sn5H4S17N__Na2Ti6O13,log10_retention_tau_s,10.007043502354627,4.835545,9.909614,10.0086565,True
K5Zn4Sn5H4S17N__Na2Ti6O13,log10_retention_tau_s,10.013220556791174,6.2044864,9.975132,10.023486,True
K5Zn4Sn5H4S17N__Na2Ti6O13,log10_retention_tau_s,10.035101115330253,5.1155195,9.952491,10.013256,False
K5Zn4Sn5H4S17N__Na2Ti6O13,log10_retention_tau_s,9.99095678773167,5.2993603,9.944454,10.015969,True
K2NaAlP2__Cd4As2Cl3,log10_retention_tau_s,9.957176399628857,9.112734,9.997708,10.022253,True
K2NaAlP2__Cd4As2Cl3,log10_retention_tau_s,10.00885495936491,9.053014,10.001086,10.029231,True
K2NaAlP2__Cd4As2Cl3,log10_retention_tau_s,10.055201395404834,9.104108,9.995377,10.023,False
K2NaAlP2__Cd4As2Cl3,log10_retention_tau_s,10.009429457384591,9.104797,9.997732,10.021807,True
K2SbCl5__AlInS3,log10_retention_tau_s,9.847410990137163,6.7980804,9.166684,9.855698,True
K2SbCl5__AlInS3,log10_retention_tau_s,7.373171360763338,5.51727,7.1727004,9.527046,True
K2SbCl5__AlInS3,log10_retention_tau_s,6.191843872463024,5.3679676,6.5617895,9.420563,True
K2SbCl5__AlInS3,log10_retention_tau_s,9.990996903330808,7.9783406,9.742045,9.927698,False
NaLi2Sb__Na5AlO4,log10_retention_tau_s,10.006278408260135,8.121763,9.948277,10.005321,False
NaLi2Sb__Na5AlO4,log10_retention_tau_s,9.993051620235839,7.734152,9.772195,9.9920845,False
NaLi2Sb__Na5AlO4,log10_retention_tau_s,10.026303550093795,7.5359225,9.89874,9.991427,False
NaLi2Sb__Na5AlO4,log10_retention_tau_s,9.98515889807463,7.5695467,9.918554,10.002453,True
KP__K6ZnSe4,log10_retention_tau_s,2.3735524216015405,-0.96972656,3.441267,5.5931034,True
KP__K6ZnSe4,log10_retention_tau_s,3.347606799366913,-0.62447435,4.2230425,5.805132,True
KP__K6ZnSe4,log10_retention_tau_s,3.247183438055855,-0.71263975,4.0954533,5.7940392,True
KP__K6ZnSe4,log10_retention_tau_s,1.537787534037404,-0.9023685,2.9621892,5.499024,True
Zn(InSe2)2__Ca3(AlAs2)2,log10_retention_tau_s,8.886262520374164,8.050222,9.44293,9.938386,True
Zn(InSe2)2__Ca3(AlAs2)2,log10_retention_tau_s,6.803072667330967,6.780413,8.881586,9.846259,True
Zn(InSe2)2__Ca3(AlAs2)2,log10_retention_tau_s,7.612156101784351,7.3999796,9.057511,9.903678,True
Zn(InSe2)2__Ca3(AlAs2)2,log10_retention_tau_s,6.5761512919629395,6.7839875,8.82201,9.843208,False
K2Sn2O3__Ca5P8,log10_retention_tau_s,8.43096933304227,7.9030614,9.150204,9.646526,True
K2Sn2O3__Ca5P8,log10_retention_tau_s,5.743919329231815,7.0964813,8.33737,8.744958,False
K2Sn2O3__Ca5P8,log10_retention_tau_s,5.190782901723385,6.8592787,8.301769,8.48172,False
K2Sn2O3__Ca5P8,log10_retention_tau_s,8.614156616251629,7.9198904,9.166841,9.638922,True
KCdGeAs2__InCl,log10_retention_tau_s,10.006103663578493,6.438859,9.76412,9.96014,False
KCdGeAs2__InCl,log10_retention_tau_s,10.000179802164652,7.793293,9.975226,9.9945135,False
KCdGeAs2__InCl,log10_retention_tau_s,9.944134409718357,6.609892,9.949725,10.017356,True
KCdGeAs2__InCl,log10_retention_tau_s,9.99740454143033,7.7401814,9.986446,10.01869,True
InBr__NaPS3,log10_retention_tau_s,-2.4083276854980658,-1.9811107,3.8924387,5.220521,False
InBr__NaPS3,log10_retention_tau_s,4.007571390545305,-0.041199163,6.5376806,7.335538,True
InBr__NaPS3,log10_retention_tau_s,2.237065583195051,-0.36152026,5.542865,6.940532,True
InBr__NaPS3,log10_retention_tau_s,3.0344975114762884,-0.12613656,6.1242747,7.272005,True
Na6S2O9__InOF,log10_retention_tau_s,9.977433586017662,6.0252156,9.877697,9.930845,False
Na6S2O9__InOF,log10_retention_tau_s,10.01296983622285,8.009401,10.004161,10.02807,True
Na6S2O9__InOF,log10_retention_tau_s,9.985365807656613,6.1341233,9.926882,9.945037,False
Na6S2O9__InOF,log10_retention_tau_s,9.979080819165645,6.3120456,9.964941,9.966198,False
Li2TeS3__CdI2,log10_retention_tau_s,9.12444759201531,6.9665747,8.190603,9.528109,True
Li2TeS3__CdI2,log10_retention_tau_s,9.693235504912574,7.216226,8.23219,9.525848,False
Li2TeS3__CdI2,log10_retention_tau_s,10.01238713064438,7.3528595,8.384287,9.553825,False
Li2TeS3__CdI2,log10_retention_tau_s,9.019451655935585,6.7693977,8.197163,9.528983,True
KGaTe2__SbCl5,log10_retention_tau_s,10.018678742374286,9.082826,9.996598,10.02486,True
KGaTe2__SbCl5,log10_retention_tau_s,10.000709388113355,9.078011,9.994836,10.021801,True
KGaTe2__SbCl5,log10_retention_tau_s,9.985840748743355,9.09706,9.993726,10.025523,True
KGaTe2__SbCl5,log10_retention_tau_s,10.01019663119185,9.064339,9.994225,10.021352,True
AlGaAs2__NaGaO2,log10_retention_tau_s,10.008459149422139,8.729071,9.997017,10.02563,True
AlGaAs2__NaGaO2,log10_retention_tau_s,10.029637645398212,8.855523,9.833396,9.998854,False
AlGaAs2__NaGaO2,log10_retention_tau_s,9.995437035308024,8.852941,9.893046,10.012982,True
AlGaAs2__NaGaO2,log10_retention_tau_s,10.018532704756314,8.905893,9.850292,10.005197,False
Na2TiS2O__K5LiGe2O7,log10_retention_tau_s,7.309742198003443,3.4657733,7.580957,8.672625,True
Na2TiS2O__K5LiGe2O7,log10_retention_tau_s,4.332329185723309,2.7213135,5.487665,8.42082,True
Na2TiS2O__K5LiGe2O7,log10_retention_tau_s,8.548900400150336,3.6269543,8.460277,8.73438,True
Na2TiS2O__K5LiGe2O7,log10_retention_tau_s,6.41342354285357,3.2154994,7.04265,8.601447,True
K2In(PSe4)2__Na2Cd3(P2O7)2,log10_retention_tau_s,10.000702339589333,7.645555,9.980312,10.014808,True
K2In(PSe4)2__Na2Cd3(P2O7)2,log10_retention_tau_s,9.982713593231345,8.355404,10.02087,10.0251465,True
K2In(PSe4)2__Na2Cd3(P2O7)2,log10_retention_tau_s,10.025107226473423,8.403764,10.011388,10.023523,False
K2In(PSe4)2__Na2Cd3(P2O7)2,log10_retention_tau_s,9.993054970333178,7.769383,9.992778,10.023073,True
Ca3AlAs3__Na2SeO4,log10_retention_tau_s,9.98503839573956,7.4122396,9.985295,10.027974,True
Ca3AlAs3__Na2SeO4,log10_retention_tau_s,9.972482503625999,7.170827,9.981373,10.031666,True
Ca3AlAs3__Na2SeO4,log10_retention_tau_s,9.983351984634885,8.510521,10.006143,10.026526,True
Ca3AlAs3__Na2SeO4,log10_retention_tau_s,10.001223237308354,6.9063816,9.869892,10.023759,True
NaTiSe4__CdCN2,log10_retention_tau_s,9.974196682405235,9.134822,10.004108,10.0325985,True
NaTiSe4__CdCN2,log10_retention_tau_s,9.997925950807044,9.09345,10.003841,10.029683,True
NaTiSe4__CdCN2,log10_retention_tau_s,10.004216097783893,9.091645,10.00003,10.028088,True
NaTiSe4__CdCN2,log10_retention_tau_s,10.002049208569861,9.096399,10.00004,10.028961,True
K7LiSi8__K2SnO2,log10_retention_tau_s,10.002122887586628,9.010013,10.005456,10.011307,True
K7LiSi8__K2SnO2,log10_retention_tau_s,9.982298245657962,9.070559,10.009737,10.010261,True
K7LiSi8__K2SnO2,log10_retention_tau_s,10.006874361621884,9.263448,10.012045,10.017502,True
K7LiSi8__K2SnO2,log10_retention_tau_s,7.292551513386146,8.556397,9.975354,10.005417,False
LiZnAs__LiGa5O8,log10_retention_tau_s,6.655011896504029,8.267696,9.891057,9.993757,False
LiZnAs__LiGa5O8,log10_retention_tau_s,5.005001273414337,7.7263017,9.837599,9.984292,False
LiZnAs__LiGa5O8,log10_retention_tau_s,8.509428608546362,8.71899,9.983128,10.012563,False
LiZnAs__LiGa5O8,log10_retention_tau_s,10.014467715468193,8.51951,10.013607,10.028414,True
K2CdGeO4__AlInS3,log10_retention_tau_s,-3.2749231349876387,-0.66929185,5.2455926,5.2991757,False
K2CdGeO4__AlInS3,log10_retention_tau_s,-1.8725084074504428,-0.0631346,5.375705,5.9594846,False
K2CdGeO4__AlInS3,log10_retention_tau_s,-1.9028064146133934,-0.026819043,5.3591514,6.011467,False
K2CdGeO4__AlInS3,log10_retention_tau_s,-4.595342089503634,-1.0627718,4.194802,5.2012863,False
K4PbO4__KLiS,log10_retention_tau_s,10.003740646565271,5.9724116,9.9770155,10.0180435,True
K4PbO4__KLiS,log10_retention_tau_s,9.995302784633516,6.6003194,9.998628,10.029874,True
K4PbO4__KLiS,log10_retention_tau_s,10.001967235206788,6.45036,9.984804,10.023229,True
K4PbO4__KLiS,log10_retention_tau_s,9.989979987395644,5.9174037,9.964815,10.021003,True
Ca(ZnP)2__Ca2Si,log10_retention_tau_s,5.378416543506575,5.3197236,6.6561584,7.548614,True
Ca(ZnP)2__Ca2Si,log10_retention_tau_s,2.7708968524198423,4.0545816,5.2938843,5.9007797,False
Ca(ZnP)2__Ca2Si,log10_retention_tau_s,0.4085885670328249,2.9922984,4.3153715,5.793026,False
Ca(ZnP)2__Ca2Si,log10_retention_tau_s,0.8076177908778306,3.0073156,4.127812,5.8144617,False
InSb2S4Br__KNO3,log10_retention_tau_s,1.6519018819635092,3.2609322,6.7730002,6.7790446,False
InSb2S4Br__KNO3,log10_retention_tau_s,0.9380780261400802,3.1455922,6.7523417,6.849297,False
InSb2S4Br__KNO3,log10_retention_tau_s,2.970478486331403,3.795375,6.784349,6.8951387,False
InSb2S4Br__KNO3,log10_retention_tau_s,4.477218550267694,4.3624363,6.9558244,7.1542645,True
Li2SnN2__KIO4,log10_retention_tau_s,2.5660120006177363,3.8769455,8.880971,9.747694,False
Li2SnN2__KIO4,log10_retention_tau_s,2.3057143957131787,3.8610926,8.867393,9.746918,False
Li2SnN2__KIO4,log10_retention_tau_s,2.9100139660652538,3.9001539,8.889243,9.753746,False
Li2SnN2__KIO4,log10_retention_tau_s,5.901079196613329,4.808652,9.044759,9.827262,True
P4S9__InCl3,log10_retention_tau_s,9.267687277108763,6.017474,9.091604,9.441958,True
P4S9__InCl3,log10_retention_tau_s,4.929221675172985,4.378291,7.203979,8.853244,True
P4S9__InCl3,log10_retention_tau_s,6.809583115675514,5.2804265,8.273801,8.938271,True
P4S9__InCl3,log10_retention_tau_s,5.50601218821891,4.4774785,7.8203917,8.90919,True
K(SiAs)3__AlICl6,log10_retention_tau_s,9.963579913169871,8.79725,10.013126,10.040473,True
K(SiAs)3__AlICl6,log10_retention_tau_s,9.955186180149681,9.063078,10.012308,10.040176,True
K(SiAs)3__AlICl6,log10_retention_tau_s,9.980288324768168,9.165864,10.016619,10.036413,True
K(SiAs)3__AlICl6,log10_retention_tau_s,9.985780945191483,9.023966,10.019167,10.038467,True
Li2SnO3__CaTe2O5,log10_retention_tau_s,-6.005300621870878,-4.132636,-3.9716158,4.243946,False
Li2SnO3__CaTe2O5,log10_retention_tau_s,-5.978902960498711,-3.9840083,-3.918761,4.244705,False
Li2SnO3__CaTe2O5,log10_retention_tau_s,-5.8914194244949645,-3.9186108,-3.1859126,4.263011,False
Li2SnO3__CaTe2O5,log10_retention_tau_s,-6.008244766290418,-4.6763096,-4.5008826,4.184714,False
K2LiGaAs2__Ca3Zn3(TeO6)2,log10_retention_tau_s,9.990327578508088,8.290715,9.920439,9.999479,True
K2LiGaAs2__Ca3Zn3(TeO6)2,log10_retention_tau_s,9.989871753089382,7.3449645,9.890019,10.004647,True
K2LiGaAs2__Ca3Zn3(TeO6)2,log10_retention_tau_s,9.979830130707258,8.026398,9.92115,10.00895,True
K2LiGaAs2__Ca3Zn3(TeO6)2,log10_retention_tau_s,10.016242312838525,6.768451,9.790051,10.005358,False
ICl3__Na2Ti2Se9,log10_retention_tau_s,10.00267870222468,9.049527,9.986934,10.0169735,True
ICl3__Na2Ti2Se9,log10_retention_tau_s,10.01189255781074,9.051843,9.99048,10.020494,True
ICl3__Na2Ti2Se9,log10_retention_tau_s,9.995332467852542,9.046562,9.986355,10.017888,True
ICl3__Na2Ti2Se9,log10_retention_tau_s,9.998477022830121,9.075294,9.988226,10.014255,True
Na5SnP3__Na5InS4,log10_retention_tau_s,4.902403431103608,0.511058,6.4293327,6.4362006,True
Na5SnP3__Na5InS4,log10_retention_tau_s,7.79365316330306,1.9178088,7.249779,7.5931544,False
Na5SnP3__Na5InS4,log10_retention_tau_s,2.0807376386827747,-0.33264136,4.452651,6.2707725,True
Na5SnP3__Na5InS4,log10_retention_tau_s,2.171088618547428,-0.13125525,4.6094413,6.281002,True
Li2TeS3__K2ZnSe2,log10_retention_tau_s,3.7245901633116167,0.2796052,6.2341623,7.1697044,True
Li2TeS3__K2ZnSe2,log10_retention_tau_s,9.345725619067753,3.4747689,7.227989,9.287945,False
Li2TeS3__K2ZnSe2,log10_retention_tau_s,8.2869367048017,2.794459,6.6431437,9.239206,True
Li2TeS3__K2ZnSe2,log10_retention_tau_s,6.91370394993588,2.0110679,6.446428,8.527603,True
Zn2AsHO5__K2LiSn4,log10_retention_tau_s,9.97128752266015,9.0473995,9.988882,10.023937,True
Zn2AsHO5__K2LiSn4,log10_retention_tau_s,10.02936625094539,9.07383,9.993164,10.025167,False
Zn2AsHO5__K2LiSn4,log10_retention_tau_s,10.008456016933295,9.077264,9.991853,10.029212,True
Zn2AsHO5__K2LiSn4,log10_retention_tau_s,10.017771367295392,9.04589,9.990375,10.020303,True
Alq3__Ti6CCl14,log10_retention_tau_s,10.020521324379326,9.039766,9.994029,10.023683,True
Alq3__Ti6CCl14,log10_retention_tau_s,9.990614877883568,9.082489,9.986824,10.021111,True
Alq3__Ti6CCl14,log10_retention_tau_s,10.009992295396987,9.070569,9.9934025,10.026399,True
Alq3__Ti6CCl14,log10_retention_tau_s,10.01074685977807,8.986404,9.992355,10.024731,True
K2Ga2As3__K6CdO4,log10_retention_tau_s,8.44949093843997,7.0254545,9.218197,9.56656,True
K2Ga2As3__K6CdO4,log10_retention_tau_s,10.014436083702678,7.652441,9.379062,9.565291,False
K2Ga2As3__K6CdO4,log10_retention_tau_s,9.74217814177206,7.5965877,9.360946,9.568546,False
K2Ga2As3__K6CdO4,log10_retention_tau_s,9.97965703212488,7.6488857,9.38399,9.590026,False
Zn3Cd3(TeO6)2__TPD,log10_retention_tau_s,10.010581219529643,9.089401,9.999737,10.022985,True
Zn3Cd3(TeO6)2__TPD,log10_retention_tau_s,10.025230870992724,9.118459,9.996341,10.019359,False
Zn3Cd3(TeO6)2__TPD,log10_retention_tau_s,10.012423730627292,9.096622,9.9952545,10.022996,True
Zn3Cd3(TeO6)2__TPD,log10_retention_tau_s,9.98749371603374,9.089606,9.997492,10.022099,True
Ca3(GeAs2)2__NaAsO3,log10_retention_tau_s,10.010938601965318,7.280762,9.923685,10.02081,True
Ca3(GeAs2)2__NaAsO3,log10_retention_tau_s,9.958001004120122,7.6520166,9.985646,10.013322,True
Ca3(GeAs2)2__NaAsO3,log10_retention_tau_s,10.00253279353663,7.6428294,9.982564,10.02273,True
Ca3(GeAs2)2__NaAsO3,log10_retention_tau_s,9.9815629857489,7.2444787,9.933998,10.019553,True
Sb2Se3__Sn2SI2,log10_retention_tau_s,0.6383216404005129,3.368836,8.921093,9.010941,False
Sb2Se3__Sn2SI2,log10_retention_tau_s,6.10161660212181,4.654121,9.119344,9.223595,True
Sb2Se3__Sn2SI2,log10_retention_tau_s,1.9495610056806267,3.4892142,8.927922,9.003881,False
Sb2Se3__Sn2SI2,log10_retention_tau_s,6.3861134096010606,4.7090635,9.115537,9.242229,True
K2SbPO6__Na2Ti6O13,log10_retention_tau_s,5.153146439627067,0.2710515,5.661869,8.183375,True
K2SbPO6__Na2Ti6O13,log10_retention_tau_s,0.17411247628573312,-2.201412,5.2606597,5.339464,True
K2SbPO6__Na2Ti6O13,log10_retention_tau_s,0.6785810987594159,-2.0134754,5.291129,6.103442,True
K2SbPO6__Na2Ti6O13,log10_retention_tau_s,1.3127612749612234,-2.0681734,5.295206,6.3359456,True
K4CdAs2__K3Al2As3,log10_retention_tau_s,3.5125058107185834,-1.2381119,5.5210633,6.9991293,True
K4CdAs2__K3Al2As3,log10_retention_tau_s,2.992220451356144,-1.7139306,5.471624,6.8742747,True
K4CdAs2__K3Al2As3,log10_retention_tau_s,2.6489769533254783,-1.8436271,5.4717646,6.7758083,True
K4CdAs2__K3Al2As3,log10_retention_tau_s,5.377589562018589,-0.7881876,6.5836053,7.345164,True
Sn(SO4)2__Ca3AlAs3,log10_retention_tau_s,9.98932974260837,9.062739,10.000827,10.027049,True
Sn(SO4)2__Ca3AlAs3,log10_retention_tau_s,10.017439206006854,9.080752,9.997075,10.026559,True
Sn(SO4)2__Ca3AlAs3,log10_retention_tau_s,10.040723503857699,9.062399,10.001515,10.029258,False
Sn(SO4)2__Ca3AlAs3,log10_retention_tau_s,9.954877016171977,9.084605,9.996488,10.028618,True
K3AsO4__InAs(H2O3)2,log10_retention_tau_s,8.172551007028103,6.5998974,9.967602,9.994272,True
K3AsO4__InAs(H2O3)2,log10_retention_tau_s,9.695525164517937,7.0263686,9.977554,10.013362,True
K3AsO4__InAs(H2O3)2,log10_retention_tau_s,9.167252305946677,6.6257377,9.956882,9.9995,True
K3AsO4__InAs(H2O3)2,log10_retention_tau_s,8.932791764904614,6.655231,9.953631,9.992061,True
Ca11InSb9__S(IO3)2,log10_retention_tau_s,10.026086898783365,9.056089,9.991608,10.019992,False
Ca11InSb9__S(IO3)2,log10_retention_tau_s,10.037948320774913,9.041316,9.9855385,10.011597,False
Ca11InSb9__S(IO3)2,log10_retention_tau_s,10.041654100202974,9.059896,9.990902,10.018819,False
Ca11InSb9__S(IO3)2,log10_retention_tau_s,10.016640233617387,9.08625,9.988776,10.016943,True
NaAs__CdP4,log10_retention_tau_s,10.01468121656454,9.215308,9.98667,10.020347,True
NaAs__CdP4,log10_retention_tau_s,9.999072157910023,9.184099,9.973139,10.013768,True
NaAs__CdP4,log10_retention_tau_s,8.941861829928047,9.170125,9.967189,10.01291,False
NaAs__CdP4,log10_retention_tau_s,8.56977599570301,9.206515,9.945682,10.0140295,False
Na4TiP2O9__SeO2,log10_retention_tau_s,9.986587237918958,8.9374075,10.007598,10.034926,True
Na4TiP2O9__SeO2,log10_retention_tau_s,9.967150344106374,8.940119,10.0091095,10.0323,True
Na4TiP2O9__SeO2,log10_retention_tau_s,10.011883186258553,8.918412,10.010146,10.036392,True
Na4TiP2O9__SeO2,log10_retention_tau_s,9.98054738896366,9.055136,10.006861,10.031603,True
MEH-PPV__NaP3(PbO3)4,log10_retention_tau_s,9.993299481626568,9.080986,9.993972,10.018784,True
MEH-PPV__NaP3(PbO3)4,log10_retention_tau_s,10.010293394048539,9.090455,9.9918,10.017123,True
MEH-PPV__NaP3(PbO3)4,log10_retention_tau_s,10.000893857877891,9.076078,9.991016,10.017546,True
MEH-PPV__NaP3(PbO3)4,log10_retention_tau_s,10.021540254292704,9.086012,9.992105,10.019109,False
K2NaAlH6__Zn3Te2P2(PbO7)2,log10_retention_tau_s,10.045989423795005,9.036883,10.009896,10.036187,False
K2NaAlH6__Zn3Te2P2(PbO7)2,log10_retention_tau_s,9.962333697439114,8.857318,10.01092,10.040077,True
K2NaAlH6__Zn3Te2P2(PbO7)2,log10_retention_tau_s,9.979671810640603,9.151617,10.00673,10.03915,True
K2NaAlH6__Zn3Te2P2(PbO7)2,log10_retention_tau_s,9.990141698514305,9.0999775,10.011,10.038126,True
K5SnAs3__CaTi4(PO4)6,log10_retention_tau_s,10.024267579899544,8.994493,10.005386,10.0219345,False
K5SnAs3__CaTi4(PO4)6,log10_retention_tau_s,9.991882104483649,8.969023,9.992626,10.021152,True
K5SnAs3__CaTi4(PO4)6,log10_retention_tau_s,9.980535912354513,8.815951,10.013082,10.036515,True
K5SnAs3__CaTi4(PO4)6,log10_retention_tau_s,10.007118481130274,8.9264555,9.995828,10.021688,True
InSbS3__CaPSe3,log10_retention_tau_s,-0.385934460794268,-2.8441367,3.9806428,5.262551,True
InSbS3__CaPSe3,log10_retention_tau_s,-0.05594345787518138,-2.8325937,5.1287947,5.271505,True
InSbS3__CaPSe3,log10_retention_tau_s,3.2949290695029845,-1.9907283,5.469062,6.801273,True
InSbS3__CaPSe3,log10_retention_tau_s,2.177981479370421,-1.9605371,5.3885117,5.9937077,True
AlAs3S5Cl4__Na3As4H5O14,log10_retention_tau_s,1.0640215185182418,0.8785955,5.5285974,7.0883765,True
AlAs3S5Cl4__Na3As4H5O14,log10_retention_tau_s,0.9319204948475958,0.6749821,5.507106,7.092982,True
AlAs3S5Cl4__Na3As4H5O14,log10_retention_tau_s,-0.5175377563375984,0.4015625,5.3710356,6.138358,False
AlAs3S5Cl4__Na3As4H5O14,log10_retention_tau_s,3.3521579680968236,1.5417358,6.5860677,7.5421867,True
TeSe2__Na3SbO3,log10_retention_tau_s,10.00465466296604,7.9392004,9.980548,10.021722,True
TeSe2__Na3SbO3,log10_retention_tau_s,10.000651095399313,8.584765,9.996316,10.025095,True
TeSe2__Na3SbO3,log10_retention_tau_s,9.994423531337308,8.935188,10.000995,10.029884,True
TeSe2__Na3SbO3,log10_retention_tau_s,9.999820167377528,7.5053453,9.922313,10.016972,True
K4P21I__Ga2Sn2S5,log10_retention_tau_s,-4.430957168534684,-4.810852,-2.5424137,4.3972344,True
K4P21I__Ga2Sn2S5,log10_retention_tau_s,-4.393172254722359,-4.8286443,-2.441554,4.397993,True
K4P21I__Ga2Sn2S5,log10_retention_tau_s,-6.0157663753447865,-4.531123,-3.7877018,4.2397437,False
K4P21I__Ga2Sn2S5,log10_retention_tau_s,-5.9848569876003905,-4.9956717,-4.0332265,4.2414045,False
AlPI8__Na4SnO4,log10_retention_tau_s,7.4949711778045,-0.50885135,6.5584044,7.2967563,False
AlPI8__Na4SnO4,log10_retention_tau_s,6.657567540053863,-0.4857047,6.4737062,7.359919,True
AlPI8__Na4SnO4,log10_retention_tau_s,2.182891941062205,-2.658532,5.123669,5.202663,True
AlPI8__Na4SnO4,log10_retention_tau_s,4.3246748336450285,-1.8127714,5.4498,6.3553376,True
Ca2Sb2O7__K3P11,log10_retention_tau_s,5.570850627378032,3.0505474,6.400427,9.3594055,True
Ca2Sb2O7__K3P11,log10_retention_tau_s,2.0667863072546937,0.9346511,5.2978764,7.793402,True
Ca2Sb2O7__K3P11,log10_retention_tau_s,3.813176670548685,1.9513043,5.458166,8.982477,True
Ca2Sb2O7__K3P11,log10_retention_tau_s,3.4118361065092015,1.8184611,5.440797,8.4875765,True
Zn3TeO6__K2GaSb2,log10_retention_tau_s,9.993165688928007,8.987429,9.997796,10.027501,True
Zn3TeO6__K2GaSb2,log10_retention_tau_s,10.00827482540924,9.064643,9.992639,10.02655,True
Zn3TeO6__K2GaSb2,log10_retention_tau_s,10.032642661158327,9.091952,9.981165,10.020881,False
Zn3TeO6__K2GaSb2,log10_retention_tau_s,10.01011437608283,9.067597,9.992044,10.021824,True
Zn(InTe2)2__TePbO3,log10_retention_tau_s,9.968727500672083,6.8461194,9.995061,10.027691,True
Zn(InTe2)2__TePbO3,log10_retention_tau_s,9.962658678748971,6.932174,9.988294,10.027328,True
Zn(InTe2)2__TePbO3,log10_retention_tau_s,10.01378726207209,7.3635235,10.009888,10.023439,True
Zn(InTe2)2__TePbO3,log10_retention_tau_s,9.957781356335394,6.052655,9.969983,10.02893,True
LiH__Li3AlN2,log10_retention_tau_s,-2.639283914992518,-0.29498047,5.227506,6.4175754,False
LiH__Li3AlN2,log10_retention_tau_s,-0.3663208555967515,1.5087297,5.300277,7.340252,False
LiH__Li3AlN2,log10_retention_tau_s,-0.4081203504631264,1.3235594,5.1637006,7.2213054,False
LiH__Li3AlN2,log10_retention_tau_s,-0.581030605003676,1.0367671,5.247636,7.2354693,False
Na5GaO4__CaTe2O5,log10_retention_tau_s,5.07934537402927,6.6076083,9.5152855,9.96449,False
Na5GaO4__CaTe2O5,log10_retention_tau_s,9.972833940112212,7.4262996,9.739693,10.01359,True
Na5GaO4__CaTe2O5,log10_retention_tau_s,10.015325125476203,7.5687475,9.748609,10.014895,False
Na5GaO4__CaTe2O5,log10_retention_tau_s,5.11327366315996,6.3465676,9.518888,9.954856,False
NaAsS2__K4Sb2O5,log10_retention_tau_s,1.926691190360476,2.1786504,5.53893,7.901223,False
NaAsS2__K4Sb2O5,log10_retention_tau_s,3.4059748919947004,3.0206456,6.4792128,8.353401,True
NaAsS2__K4Sb2O5,log10_retention_tau_s,-1.558353074666439,0.8479602,5.2867045,6.1689887,False
NaAsS2__K4Sb2O5,log10_retention_tau_s,-0.7675320286748513,1.1401633,5.290016,6.583105,False
CdS__Ti2PCl13,log10_retention_tau_s,2.7233203586159185,5.9803343,9.621697,9.98673,False
CdS__Ti2PCl13,log10_retention_tau_s,8.427968117532567,7.574774,9.730598,10.029497,True
CdS__Ti2PCl13,log10_retention_tau_s,7.660732882932908,7.383272,9.725062,10.024585,True
CdS__Ti2PCl13,log10_retention_tau_s,5.903975865424233,6.890774,9.687436,10.003545,False
Na6ZnO4__P3BrCl14,log10_retention_tau_s,10.006531251760116,9.098339,9.995619,10.021469,True
Na6ZnO4__P3BrCl14,log10_retention_tau_s,10.019629227841364,9.12791,9.993494,10.02059,True
Na6ZnO4__P3BrCl14,log10_retention_tau_s,9.990350766341685,9.1266985,10.000003,10.026369,True
Na6ZnO4__P3BrCl14,log10_retention_tau_s,10.02305630341421,9.122989,9.992122,10.022465,False
K5LiGe2O7__KH,log10_retention_tau_s,-0.4637560115881304,-2.2292235,-0.34094784,5.5010133,True
K5LiGe2O7__KH,log10_retention_tau_s,-1.0375304349681769,-2.8365724,-0.45647678,5.4085627,True
K5LiGe2O7__KH,log10_retention_tau_s,-3.8932544774365145,-4.4376645,-2.597767,4.071522,True
K5LiGe2O7__KH,log10_retention_tau_s,-1.324528966373291,-3.0303738,-0.6124892,5.019576,True
Na2TiSiO5__Ca4Al6TeO12,log10_retention_tau_s,-5.879541628880168,-4.7788916,-3.7426066,4.1509886,False
Na2TiSiO5__Ca4Al6TeO12,log10_retention_tau_s,-1.819227393374651,-2.3482976,-0.93138295,5.101856,True
Na2TiSiO5__Ca4Al6TeO12,log10_retention_tau_s,-4.052740810445108,-3.7932055,-2.8875623,4.2975883,False
Na2TiSiO5__Ca4Al6TeO12,log10_retention_tau_s,-4.062150175698106,-3.9798372,-2.7996092,4.3010817,False
In2(SeO4)3__NaZnSiHO4,log10_retention_tau_s,-6.00895506234422,-5.0311213,-3.7023635,4.1348696,False
In2(SeO4)3__NaZnSiHO4,log10_retention_tau_s,-5.668635767390942,-4.53749,-2.6160755,4.285046,False
In2(SeO4)3__NaZnSiHO4,log10_retention_tau_s,-3.521721913472154,-2.9451954,-0.7752612,5.0842657,False
In2(SeO4)3__NaZnSiHO4,log10_retention_tau_s,-4.140214300173513,-3.3343017,-1.0165755,4.5900164,False
KGaSb2__GePbS3,log10_retention_tau_s,9.971305775798616,9.106862,10.00461,10.036355,True
KGaSb2__GePbS3,log10_retention_tau_s,9.970769276657837,9.113518,10.003809,10.034886,True
KGaSb2__GePbS3,log10_retention_tau_s,10.00697318373787,9.064324,10.002657,10.033088,True
KGaSb2__GePbS3,log10_retention_tau_s,9.978155692528107,9.049847,9.997842,10.029151,True
Ti2Sb2Pb4O13__SbSCl9,log10_retention_tau_s,9.97539453962794,9.199942,10.016331,10.042574,True
Ti2Sb2Pb4O13__SbSCl9,log10_retention_tau_s,10.016826071861777,9.309527,10.016881,10.0426855,True
Ti2Sb2Pb4O13__SbSCl9,log10_retention_tau_s,9.976435604805179,9.24418,10.019796,10.040703,True
Ti2Sb2Pb4O13__SbSCl9,log10_retention_tau_s,10.00852537336945,9.039885,10.015528,10.046332,True
NaCdPO4__LiInSiO4,log10_retention_tau_s,1.2871783502438605,1.0288718,5.479707,8.465968,True
NaCdPO4__LiInSiO4,log10_retention_tau_s,-2.4617673079825284,-0.7569266,5.2728515,6.685467,False
NaCdPO4__LiInSiO4,log10_retention_tau_s,0.9430639911273476,0.700559,5.4754434,8.435132,True
NaCdPO4__LiInSiO4,log10_retention_tau_s,3.886795716874537,2.2992492,6.611583,8.869952,True
Li10Si(PSe6)2__In2(CN2)3,log10_retention_tau_s,4.354925867808693,4.376952,7.8278446,9.453113,False
Li10Si(PSe6)2__In2(CN2)3,log10_retention_tau_s,7.647451170652965,5.417558,8.061195,9.508407,True
Li10Si(PSe6)2__In2(CN2)3,log10_retention_tau_s,8.604143368421685,5.7548957,8.105212,9.529561,True
Li10Si(PSe6)2__In2(CN2)3,log10_retention_tau_s,6.9538274659221,5.0662727,8.053071,9.483743,True
PCBM__NaAlSe2,log10_retention_tau_s,10.001687355114605,9.070815,9.986501,10.01591,True
PCBM__NaAlSe2,log10_retention_tau_s,9.981857777070086,9.0691185,9.987324,10.014892,True
PCBM__NaAlSe2,log10_retention_tau_s,10.04681771575644,9.055044,9.993715,10.020403,False
PCBM__NaAlSe2,log10_retention_tau_s,10.011823142484777,9.083609,9.98286,10.015264,True
KInAs3H7O13__LiGaS2,log10_retention_tau_s,3.676907398978148,5.5137954,7.533513,7.9116063,False
KInAs3H7O13__LiGaS2,log10_retention_tau_s,7.659816342633933,7.2559156,8.633644,9.5013485,True
KInAs3H7O13__LiGaS2,log10_retention_tau_s,3.4817905971796184,5.3896527,7.531988,7.8085136,False
KInAs3H7O13__LiGaS2,log10_retention_tau_s,4.320681820738568,5.716793,7.530736,8.137247,False
K2TeSe3__CaTiO3,log10_retention_tau_s,5.626484016206582,-0.5117478,6.536121,7.1858864,True
K2TeSe3__CaTiO3,log10_retention_tau_s,2.0729873075614704,-2.035144,5.414226,5.8178835,True
K2TeSe3__CaTiO3,log10_retention_tau_s,3.7051125053059155,-1.6183243,5.511388,6.731844,True
K2TeSe3__CaTiO3,log10_retention_tau_s,5.279023708534487,-0.71306205,6.4718847,7.1840863,True
Te3(PbO4)2__TeO2,log10_retention_tau_s,10.008541283675106,8.85212,9.864968,10.017376,True
Te3(PbO4)2__TeO2,log10_retention_tau_s,7.01589796219707,8.491708,9.733756,10.008817,False
Te3(PbO4)2__TeO2,log10_retention_tau_s,10.025906188644932,8.797481,9.852733,10.00854,False
Te3(PbO4)2__TeO2,log10_retention_tau_s,8.33966240360479,8.727968,9.817237,10.009692,False
KCa(H2N)3__Ca5(IO6)2,log10_retention_tau_s,4.720988647605666,5.3095136,7.8954177,9.483698,False
KCa(H2N)3__Ca5(IO6)2,log10_retention_tau_s,10.001620729405758,7.391664,8.380483,9.523295,False
KCa(H2N)3__Ca5(IO6)2,log10_retention_tau_s,7.869873114772027,6.5199385,8.147796,9.479742,True
KCa(H2N)3__Ca5(IO6)2,log10_retention_tau_s,5.616112388373472,5.792616,7.876336,9.466647,False
Na4GeSe4__BrNO3,log10_retention_tau_s,9.966243598040188,9.1037855,9.986515,10.016135,True
Na4GeSe4__BrNO3,log10_retention_tau_s,10.022120268891166,9.102948,9.988465,10.014428,False
Na4GeSe4__BrNO3,log10_retention_tau_s,10.038160893567145,9.001267,9.988391,10.017586,False
Na4GeSe4__BrNO3,log10_retention_tau_s,10.012359084645986,9.101834,9.986821,10.013898,True
Ga10GePb3O20__CdH2SeO5,log10_retention_tau_s,10.000630128926854,9.083372,10.015388,10.040172,True
Ga10GePb3O20__CdH2SeO5,log10_retention_tau_s,9.998235199601266,9.042825,10.016379,10.040546,True
Ga10GePb3O20__CdH2SeO5,log10_retention_tau_s,9.980145316333601,8.82177,10.0155,10.040716,True
Ga10GePb3O20__CdH2SeO5,log10_retention_tau_s,9.995643270103827,8.833502,10.013978,10.041775,True
S(IO3)2__BrCl,log10_retention_tau_s,9.97710073263071,9.123629,10.011009,10.036122,True
S(IO3)2__BrCl,log10_retention_tau_s,9.990164160187254,9.262652,10.019874,10.037213,True
S(IO3)2__BrCl,log10_retention_tau_s,9.991896924604077,9.136228,10.015708,10.033393,True
S(IO3)2__BrCl,log10_retention_tau_s,10.009627418596134,9.382108,10.015668,10.03359,True
P2S5__K3LiGe4,log10_retention_tau_s,9.984851068482714,8.95222,9.998397,10.022753,True
P2S5__K3LiGe4,log10_retention_tau_s,9.988263407167436,9.046598,9.995316,10.024078,True
P2S5__K3LiGe4,log10_retention_tau_s,10.02995849864426,9.086778,9.999117,10.029134,False
P2S5__K3LiGe4,log10_retention_tau_s,9.996405616454282,9.05637,9.994914,10.022244,True
ZnSe__KSb2PO8,log10_retention_tau_s,4.376471106518871,-1.5410761,5.3661065,6.2948165,True
ZnSe__KSb2PO8,log10_retention_tau_s,5.528517475835421,-1.464492,5.94313,6.311529,True
ZnSe__KSb2PO8,log10_retention_tau_s,6.532034801827858,-1.0513932,6.4438443,6.5172877,False
ZnSe__KSb2PO8,log10_retention_tau_s,8.914627206614508,-0.39464808,7.1797905,7.4925337,False
Li2GePbS4__AsClF8,log10_retention_tau_s,10.009260786460334,9.069585,9.991741,10.019617,True
Li2GePbS4__AsClF8,log10_retention_tau_s,10.035304960480675,9.0481205,9.991008,10.023281,False
Li2GePbS4__AsClF8,log10_retention_tau_s,10.036619859497025,9.0511,9.986037,10.012452,False
Li2GePbS4__AsClF8,log10_retention_tau_s,10.006967759336439,9.064806,9.98534,10.016141,True
KNaS__CdS,log10_retention_tau_s,10.005189553505165,9.168297,9.995877,10.029595,True
KNaS__CdS,log10_retention_tau_s,9.970633515983414,9.052735,9.993352,10.033879,True
KNaS__CdS,log10_retention_tau_s,10.015978698127345,9.073968,9.993572,10.031165,True
KNaS__CdS,log10_retention_tau_s,9.994264828897483,9.136662,10.007075,10.033007,True
Sn2OF2__H3C3N5,log10_retention_tau_s,-2.0954747500947026,0.6827945,4.493914,5.203901,False
Sn2OF2__H3C3N5,log10_retention_tau_s,-0.38853905094596575,1.6336472,5.4635086,5.69074,False
Sn2OF2__H3C3N5,log10_retention_tau_s,-2.003752519710791,0.67524725,4.5149846,5.1997843,False
Sn2OF2__H3C3N5,log10_retention_tau_s,-0.45053369220408906,1.6456912,5.2768936,5.4537196,False
GeBr4__In2(Se2O5)3,log10_retention_tau_s,4.636263917889903,2.5282228,6.595987,8.508914,True
GeBr4__In2(Se2O5)3,log10_retention_tau_s,9.99983219352242,5.384816,9.020174,9.421523,False
GeBr4__In2(Se2O5)3,log10_retention_tau_s,8.7924165521332,4.5075865,8.724947,9.284246,True
GeBr4__In2(Se2O5)3,log10_retention_tau_s,9.957779682231267,5.6857166,9.029073,9.416085,False
Na2O__Li5SbS3I2,log10_retention_tau_s,4.93667288513839,2.1030045,7.0944858,7.705575,True
Na2O__Li5SbS3I2,log10_retention_tau_s,5.187274322440184,2.54227,7.2425327,7.7558804,True
Na2O__Li5SbS3I2,log10_retention_tau_s,5.162932829914322,2.4862034,7.2776794,7.770028,True
Na2O__Li5SbS3I2,log10_retention_tau_s,0.634396843880869,-0.2016492,6.4864225,7.2214665,True
TeS7Cl2__KTi2(PO4)3,log10_retention_tau_s,10.002114056974733,8.943846,9.994047,10.023178,True
TeS7Cl2__KTi2(PO4)3,log10_retention_tau_s,9.987871368859388,9.092375,9.995571,10.022988,True
TeS7Cl2__KTi2(PO4)3,log10_retention_tau_s,10.055594062296427,9.00062,9.996102,10.017332,False
TeS7Cl2__KTi2(PO4)3,log10_retention_tau_s,10.00146229271694,9.07548,9.995973,10.024449,True
Ca3(SiP2)2__S5(IO9)2,log10_retention_tau_s,10.018719705855093,9.107971,9.986794,10.020468,True
Ca3(SiP2)2__S5(IO9)2,log10_retention_tau_s,9.998721671429175,9.137347,9.994902,10.021944,True
Ca3(SiP2)2__S5(IO9)2,log10_retention_tau_s,9.978987437369906,9.121195,9.992423,10.021136,True
Ca3(SiP2)2__S5(IO9)2,log10_retention_tau_s,10.003147905248126,9.14179,9.989813,10.022584,True
K3SbTe3__TePbO3,log10_retention_tau_s,10.005940990520974,8.755338,10.015266,10.042205,True
K3SbTe3__TePbO3,log10_retention_tau_s,9.979102863734985,8.817943,10.018521,10.039942,True
K3SbTe3__TePbO3,log10_retention_tau_s,9.986251406906122,8.865977,10.01893,10.032759,True
K3SbTe3__TePbO3,log10_retention_tau_s,9.97120281517765,8.197116,10.002827,10.036516,True
SIO3F__Sb2PbO6,log10_retention_tau_s,10.009072245718308,9.089841,9.985167,10.019374,True
SIO3F__Sb2PbO6,log10_retention_tau_s,10.009162844698169,9.071994,9.990784,10.021174,True
SIO3F__Sb2PbO6,log10_retention_tau_s,9.987140428528274,9.10297,9.997328,10.023954,True
SIO3F__Sb2PbO6,log10_retention_tau_s,10.006195983514319,9.067997,9.990502,10.021963,True
HS2IO8__ZnH2SeO5,log10_retention_tau_s,4.621724844210253,5.862604,6.999325,8.560619,False
HS2IO8__ZnH2SeO5,log10_retention_tau_s,2.9827028838067613,4.7340817,6.822777,7.9155083,False
HS2IO8__ZnH2SeO5,log10_retention_tau_s,5.067824561849046,5.9124985,7.0150404,9.041426,False
HS2IO8__ZnH2SeO5,log10_retention_tau_s,2.892088822560258,4.7301636,6.825585,7.942673,False
LiAs__NaS,log10_retention_tau_s,3.9342991945400536,5.9493084,9.041264,9.105464,False
LiAs__NaS,log10_retention_tau_s,3.3977367929270113,5.669017,9.056134,9.097408,False
LiAs__NaS,log10_retention_tau_s,0.9557400306056028,5.2191715,8.959555,9.0267935,False
LiAs__NaS,log10_retention_tau_s,2.7482843210856784,5.4968843,9.040307,9.050242,False
NClO3__NaPS3,log10_retention_tau_s,9.999688629453841,9.050837,9.988827,10.016559,True
NClO3__NaPS3,log10_retention_tau_s,10.04093792575714,9.0481205,9.988516,10.019366,False
NClO3__NaPS3,log10_retention_tau_s,10.001456374606082,9.04589,9.992538,10.016108,True
NClO3__NaPS3,log10_retention_tau_s,10.003779658479607,9.0473995,9.989608,10.013815,True
PbI2__Li2GeN2,log10_retention_tau_s,-1.8905805237475237,-1.7745899,5.2583795,5.459489,False
PbI2__Li2GeN2,log10_retention_tau_s,0.5268392352647269,-1.1370988,5.312097,6.928592,True
PbI2__Li2GeN2,log10_retention_tau_s,3.8581109943558625,1.173621,6.478341,8.3773985,True
PbI2__Li2GeN2,log10_retention_tau_s,0.5272467040032898,-0.99374074,5.3123927,6.976645,True
K2NaH10IO10__KSiSbO5,log10_retention_tau_s,-1.9028090019141675,-2.0864954,1.1244055,5.229763,True
K2NaH10IO10__KSiSbO5,log10_retention_tau_s,-1.1451369029112464,-1.9510292,1.7962161,5.3168616,True
K2NaH10IO10__KSiSbO5,log10_retention_tau_s,1.1696799814515033,-0.79335266,3.0506146,6.3974466,True
K2NaH10IO10__KSiSbO5,log10_retention_tau_s,0.4732946208771503,-1.1810995,3.051252,6.2815914,True
Zn2Te3O8__SbClF8,log10_retention_tau_s,9.980016099191293,9.019047,10.027786,10.043848,True
Zn2Te3O8__SbClF8,log10_retention_tau_s,9.973415903755653,9.064235,10.011792,10.037066,True
Zn2Te3O8__SbClF8,log10_retention_tau_s,9.9767826102182,8.903637,10.010042,10.040905,True
Zn2Te3O8__SbClF8,log10_retention_tau_s,10.011210750619604,9.093688,10.009054,10.033696,True
NaSbS2__K3GaSe3,log10_retention_tau_s,10.006640903392958,5.255646,9.752705,10.004465,False
NaSbS2__K3GaSe3,log10_retention_tau_s,10.000559232435084,4.8185787,9.714212,9.973359,False
NaSbS2__K3GaSe3,log10_retention_tau_s,10.0167213060395,5.305415,9.759283,10.011122,False
NaSbS2__K3GaSe3,log10_retention_tau_s,9.982827155744035,4.6968913,9.714169,9.962276,False
Cd3SiO5__K4P21I,log10_retention_tau_s,8.907781647516652,6.6526504,9.619259,9.978103,True
Cd3SiO5__K4P21I,log10_retention_tau_s,6.719806528641743,5.633257,9.263743,9.898384,True
Cd3SiO5__K4P21I,log10_retention_tau_s,10.008386376949325,7.1952777,9.96981,10.015364,True
Cd3SiO5__K4P21I,log10_retention_tau_s,6.974370862378874,5.784725,9.378785,9.917462,True
LiInTe2__GePbS3,log10_retention_tau_s,10.009211751014174,8.7685795,10.017478,10.032429,True
LiInTe2__GePbS3,log10_retention_tau_s,9.91105660841838,7.9498734,10.008877,10.020166,True
LiInTe2__GePbS3,log10_retention_tau_s,9.984602466507653,8.961774,10.037652,10.079255,True
LiInTe2__GePbS3,log10_retention_tau_s,9.962569955274539,8.749743,10.010667,10.026033,True
KSb2PO8__K2Zn(SnSe3)2,log10_retention_tau_s,8.332530869130744,8.033157,8.635865,9.752307,True
KSb2PO8__K2Zn(SnSe3)2,log10_retention_tau_s,10.024523971786133,8.490879,9.4770975,9.930889,False
KSb2PO8__K2Zn(SnSe3)2,log10_retention_tau_s,10.021476600131807,8.289353,9.465389,9.931541,False
KSb2PO8__K2Zn(SnSe3)2,log10_retention_tau_s,4.916651427165154,6.0449476,6.7043653,9.445403,False
Na6S2O9__K2PS3,log10_retention_tau_s,4.651497941398955,5.8336387,6.881496,9.08738,False
Na6S2O9__K2PS3,log10_retention_tau_s,1.7277855065191017,3.7827644,6.6583204,7.2787857,False
Na6S2O9__K2PS3,log10_retention_tau_s,3.606492221936434,5.0239406,6.8174753,8.258248,False
Na6S2O9__K2PS3,log10_retention_tau_s,4.843968549530841,5.9311757,6.897521,9.181213,False
CdSe__Na3H5(SeO4)4,log10_retention_tau_s,10.026100999689723,8.989788,9.999778,10.032437,True
CdSe__Na3H5(SeO4)4,log10_retention_tau_s,10.018031311851285,8.983465,9.95871,10.027136,True
CdSe__Na3H5(SeO4)4,log10_retention_tau_s,10.002159803902254,8.751673,9.909089,10.01557,True
CdSe__Na3H5(SeO4)4,log10_retention_tau_s,9.978275532156706,9.082609,10.011123,10.034908,True
GeTe__K2CdSiO4,log10_retention_tau_s,10.006565929170407,8.908277,9.994921,10.024288,True
GeTe__K2CdSiO4,log10_retention_tau_s,10.010919740657222,8.875849,9.927142,9.996542,False
GeTe__K2CdSiO4,log10_retention_tau_s,9.978931939710296,9.04899,10.006595,10.028957,True
GeTe__K2CdSiO4,log10_retention_tau_s,10.022064354073386,8.877971,9.981966,10.019803,False
Na2ZnH4(SeO5)2__Te4P2O13,log10_retention_tau_s,4.930683240671946,7.592469,8.953666,9.71608,False
Na2ZnH4(SeO5)2__Te4P2O13,log10_retention_tau_s,4.410045343938125,7.7989283,8.965998,9.7176,False
Na2ZnH4(SeO5)2__Te4P2O13,log10_retention_tau_s,3.303139585300212,7.4170074,8.96508,9.688322,False
Na2ZnH4(SeO5)2__Te4P2O13,log10_retention_tau_s,6.209192299993167,8.329256,9.089001,9.690847,False
SbBr5F6__KInTe2,log10_retention_tau_s,9.987189743353888,9.046725,9.986036,10.017805,True
SbBr5F6__KInTe2,log10_retention_tau_s,9.989345191000753,9.071628,9.986169,10.029351,True
SbBr5F6__KInTe2,log10_retention_tau_s,10.033127312977731,9.038122,9.995988,10.018074,False
SbBr5F6__KInTe2,log10_retention_tau_s,10.033970926138988,9.089005,9.994823,10.022317,False
NaInSn2__K2Pb2O3,log10_retention_tau_s,10.014131397786096,7.3267665,9.985558,10.024227,True
NaInSn2__K2Pb2O3,log10_retention_tau_s,9.98623141679323,6.381686,9.9683275,10.016592,True
NaInSn2__K2Pb2O3,log10_retention_tau_s,10.033750996784724,6.4894295,9.968949,10.016791,False
NaInSn2__K2Pb2O3,log10_retention_tau_s,9.715962928377275,6.294633,9.9675,10.017183,True
Zn(InTe2)2__Sb7Se8F35,log10_retention_tau_s,10.013185105796437,9.139508,10.005182,10.028927,True
Zn(InTe2)2__Sb7Se8F35,log10_retention_tau_s,10.002306184349429,9.139508,10.004387,10.026632,True
Zn(InTe2)2__Sb7Se8F35,log10_retention_tau_s,10.029639568775801,9.123537,10.00444,10.029382,False
Zn(InTe2)2__Sb7Se8F35,log10_retention_tau_s,9.986771616184893,9.105711,10.003682,10.023476,True
KNa4GaO4__Na2SnO2,log10_retention_tau_s,6.233075785449882,8.147881,9.978901,10.007946,False
KNa4GaO4__Na2SnO2,log10_retention_tau_s,9.9668532647424,8.887744,10.01251,10.022848,True
KNa4GaO4__Na2SnO2,log10_retention_tau_s,6.4909131844186225,8.077324,9.946553,10.007967,False
KNa4GaO4__Na2SnO2,log10_retention_tau_s,7.735223205447775,8.224918,9.973569,10.008738,False
Ga2Te5__P3BrCl14,log10_retention_tau_s,10.018787592988877,9.122295,9.990524,10.018314,False
Ga2Te5__P3BrCl14,log10_retention_tau_s,10.028445898085721,9.103808,9.991623,10.017213,False
Ga2Te5__P3BrCl14,log10_retention_tau_s,10.001061091754625,9.116025,9.994939,10.018235,True
Ga2Te5__P3BrCl14,log10_retention_tau_s,10.018448253834613,9.0733,9.992663,10.017592,False
Na10Zn4O9__Na5IO6,log10_retention_tau_s,6.246219679786972,6.1689873,8.099015,9.457201,True
Na10Zn4O9__Na5IO6,log10_retention_tau_s,3.0686607607474397,5.0331426,7.932205,9.466372,False
Na10Zn4O9__Na5IO6,log10_retention_tau_s,5.428090116594551,6.0369554,7.946417,9.452529,False
Na10Zn4O9__Na5IO6,log10_retention_tau_s,4.906129123481892,5.678897,7.9311123,9.450941,False
LiAsS2__Ca2Si5N8,log10_retention_tau_s,10.016557370279667,9.1278715,9.988518,10.028801,True
LiAsS2__Ca2Si5N8,log10_retention_tau_s,10.02858958350728,8.789202,9.986066,10.015758,False
LiAsS2__Ca2Si5N8,log10_retention_tau_s,9.994345172199585,9.042119,9.968682,10.043636,True
LiAsS2__Ca2Si5N8,log10_retention_tau_s,9.996109776237084,9.120678,10.005632,10.030127,True
KTeP2__Ti6CCl14,log10_retention_tau_s,9.984874077401708,8.962887,10.006753,10.037626,True
KTeP2__Ti6CCl14,log10_retention_tau_s,9.965966073231023,8.93041,10.014629,10.038987,True
KTeP2__Ti6CCl14,log10_retention_tau_s,9.979126062807245,8.896014,10.016828,10.039259,True
KTeP2__Ti6CCl14,log10_retention_tau_s,10.006962044041321,8.921589,10.015739,10.033602,True
Cd7(P2Cl3)2__P2H9(CBr)3,log10_retention_tau_s,10.005806307813371,8.252934,9.177851,9.591891,False
Cd7(P2Cl3)2__P2H9(CBr)3,log10_retention_tau_s,10.018839626897472,7.4225426,9.145878,9.586794,False
Cd7(P2Cl3)2__P2H9(CBr)3,log10_retention_tau_s,8.162451531987703,6.3469357,8.96273,9.561079,True
Cd7(P2Cl3)2__P2H9(CBr)3,log10_retention_tau_s,9.017349894616041,6.5718846,8.985487,9.565232,True
K3SnSe3__LiGaO2,log10_retention_tau_s,7.826552488187342,8.528799,9.710965,9.988818,False
K3SnSe3__LiGaO2,log10_retention_tau_s,8.392613362628664,8.637005,9.80234,10.000173,False
K3SnSe3__LiGaO2,log10_retention_tau_s,7.995896887868747,8.491484,9.737707,9.990423,False
K3SnSe3__LiGaO2,log10_retention_tau_s,4.989531104270703,7.7253385,9.485917,9.944978,False
K6Zn4Sn5S17__NaSbCl6,log10_retention_tau_s,5.93128666573196,5.941989,7.93705,9.499028,False
K6Zn4Sn5S17__NaSbCl6,log10_retention_tau_s,9.525531721359515,7.053872,8.161034,9.54024,True
K6Zn4Sn5S17__NaSbCl6,log10_retention_tau_s,9.991064145126549,7.460599,8.329239,9.561394,False
K6Zn4Sn5S17__NaSbCl6,log10_retention_tau_s,8.343858547224864,6.728945,8.1883955,9.534691,True
Ca3(GaP2)2__In2S3,log10_retention_tau_s,7.672609614006412,8.719143,9.742734,9.955864,False
Ca3(GaP2)2__In2S3,log10_retention_tau_s,6.223651901375858,8.715389,9.753374,9.96128,False
Ca3(GaP2)2__In2S3,log10_retention_tau_s,7.173851534907958,8.714856,9.73454,9.965213,False
Ca3(GaP2)2__In2S3,log10_retention_tau_s,10.028187122860887,8.7732935,9.838912,9.993497,False
Na5Al3H14__LiGa(H2N)4,log10_retention_tau_s,7.267733158141757,6.7318225,8.081506,9.539009,True
Na5Al3H14__LiGa(H2N)4,log10_retention_tau_s,8.321750456145736,7.0566006,8.222524,9.545625,True
Na5Al3H14__LiGa(H2N)4,log10_retention_tau_s,4.845212891039557,6.024546,7.964076,9.499575,False
Na5Al3H14__LiGa(H2N)4,log10_retention_tau_s,3.750104843002902,5.2514935,7.795823,9.493911,False
KSnPS4__NClO3,log10_retention_tau_s,10.013528996471868,9.058505,9.992213,10.01958,True
KSnPS4__NClO3,log10_retention_tau_s,9.99528032706027,9.069913,9.994844,10.020034,True
KSnPS4__NClO3,log10_retention_tau_s,10.019559298261296,9.083147,9.990652,10.016632,False
KSnPS4__NClO3,log10_retention_tau_s,10.016427025122296,9.066217,9.990608,10.016293,False
KInBr3__KGeCl3,log10_retention_tau_s,10.006842301084664,7.3304415,8.091709,9.532113,False
KInBr3__KGeCl3,log10_retention_tau_s,5.2681644535522185,5.23863,7.754863,9.471517,True
KInBr3__KGeCl3,log10_retention_tau_s,9.63717115779929,7.1921554,8.040668,9.5229,False
KInBr3__KGeCl3,log10_retention_tau_s,3.869586670828692,5.1912494,7.709605,9.485458,False
Na3AsO4__KTe3O6F,log10_retention_tau_s,5.850885580618793,8.265191,9.367326,9.996609,False
Na3AsO4__KTe3O6F,log10_retention_tau_s,7.930991324556097,8.753402,9.557429,10.005972,False
Na3AsO4__KTe3O6F,log10_retention_tau_s,5.149714093943642,8.235048,9.367647,9.9932995,False
Na3AsO4__KTe3O6F,log10_retention_tau_s,4.060541989273689,8.131029,9.363493,9.987648,False
TeI4__P,log10_retention_tau_s,2.3197661253549087,3.372879,6.5427303,8.149487,False
TeI4__P,log10_retention_tau_s,-4.156905339091469,-0.18405025,4.516741,5.1410165,False
TeI4__P,log10_retention_tau_s,0.26257539792428913,2.4933527,5.4692802,7.604222,False
TeI4__P,log10_retention_tau_s,-3.7566249559550076,-0.040966064,5.125734,5.450964,False
NaSe__Ca5P3H,log10_retention_tau_s,3.2950845418384516,-1.5275515,5.4494414,6.067697,True
NaSe__Ca5P3H,log10_retention_tau_s,-1.7906619350078703,-4.680665,3.9364557,5.5591216,True
NaSe__Ca5P3H,log10_retention_tau_s,-1.2207732358959342,-4.0337305,4.093531,5.5721917,True
NaSe__Ca5P3H,log10_retention_tau_s,2.2058460355295053,-2.6811697,4.6521015,5.7559104,True
Na5(InTe3)2__Ca3(AlAs2)2,log10_retention_tau_s,-1.2057296228268344,-1.9860941,1.2949843,5.2373695,True
Na5(InTe3)2__Ca3(AlAs2)2,log10_retention_tau_s,-1.7200949454175123,-2.0159729,0.9028969,5.22667,True
Na5(InTe3)2__Ca3(AlAs2)2,log10_retention_tau_s,1.2916244707578535,-0.6435646,2.8348453,6.3792033,True
Na5(InTe3)2__Ca3(AlAs2)2,log10_retention_tau_s,0.9684507201122124,-0.6439023,2.8349948,6.320063,True
Na5SiAs3__K4Sb2O5,log10_retention_tau_s,7.026211966171932,7.8906116,9.888118,9.985496,False
Na5SiAs3__K4Sb2O5,log10_retention_tau_s,6.284375707140268,7.898598,9.849601,9.987802,False
Na5SiAs3__K4Sb2O5,log10_retention_tau_s,6.709816426822193,7.824551,9.870785,9.980684,False
Na5SiAs3__K4Sb2O5,log10_retention_tau_s,9.98133241092634,8.395756,9.983694,10.019364,True
TeO3__NaLiZnS2,log10_retention_tau_s,10.02401065258919,9.046749,9.998137,10.02532,True
TeO3__NaLiZnS2,log10_retention_tau_s,9.976877188980167,9.042037,9.993312,10.025062,True
TeO3__NaLiZnS2,log10_retention_tau_s,9.993712346674483,9.096803,9.9940405,10.022518,True
TeO3__NaLiZnS2,log10_retention_tau_s,10.003831552005543,9.046451,9.99695,10.023652,True
Na5SnP3__K2Sb4O11,log10_retention_tau_s,5.23336062660519,3.2160037,9.548804,9.9341135,True
Na5SnP3__K2Sb4O11,log10_retention_tau_s,3.3114512094230326,3.462395,9.384267,9.914753,False
Na5SnP3__K2Sb4O11,log10_retention_tau_s,3.569403662013704,3.201208,9.384226,9.934646,True
Na5SnP3__K2Sb4O11,log10_retention_tau_s,6.382478595439252,3.620907,9.607269,9.974403,True
Pb(IO3)2__NaHO,log10_retention_tau_s,1.049587278664587,-1.3270198,5.304902,6.8815956,True
Pb(IO3)2__NaHO,log10_retention_tau_s,3.030563725607807,0.015525067,5.512607,7.9260254,True
Pb(IO3)2__NaHO,log10_retention_tau_s,3.866651072057441,0.32226142,6.1106277,8.264554,True
Pb(IO3)2__NaHO,log10_retention_tau_s,1.2100827012578568,-1.148542,5.4135604,6.9486437,True
NaZnAsO4__K2TiSi3(HO5)2,log10_retention_tau_s,1.1433440532047596,1.3546523,6.188202,6.501853,False
NaZnAsO4__K2TiSi3(HO5)2,log10_retention_tau_s,-0.006575601480164788,1.1227393,5.610681,5.961614,False
NaZnAsO4__K2TiSi3(HO5)2,log10_retention_tau_s,-1.8525141791613828,0.24705143,4.6485834,5.348955,False
NaZnAsO4__K2TiSi3(HO5)2,log10_retention_tau_s,-4.832588372575511,-0.8315462,2.964254,5.263081,False
Zn(SbO3)2__Cd(AsO3)2,log10_retention_tau_s,7.788657158168288,7.6722784,9.928575,10.006901,True
Zn(SbO3)2__Cd(AsO3)2,log10_retention_tau_s,4.1595081469440585,7.214748,9.917325,9.931982,False
Zn(SbO3)2__Cd(AsO3)2,log10_retention_tau_s,3.1459413756029666,6.8550186,9.912398,9.914471,False
Zn(SbO3)2__Cd(AsO3)2,log10_retention_tau_s,5.341235742000608,7.4748683,9.92013,9.98075,False
CdHOF__Li2ZnGeS4,log10_retention_tau_s,10.007793103009073,9.058405,9.994995,10.022215,True
CdHOF__Li2ZnGeS4,log10_retention_tau_s,10.01656026580704,9.057944,9.992255,10.019084,True
CdHOF__Li2ZnGeS4,log10_retention_tau_s,10.004725796757699,9.085377,9.99395,10.024018,True
CdHOF__Li2ZnGeS4,log10_retention_tau_s,10.00997008052792,9.0547695,10.000153,10.024267,True
Na2SnGe2(HO4)2__ZnSeO4,log10_retention_tau_s,6.337489964863762,6.006041,9.843535,9.919285,True
Na2SnGe2(HO4)2__ZnSeO4,log10_retention_tau_s,10.014306770869007,7.9601064,10.003274,10.018476,True
Na2SnGe2(HO4)2__ZnSeO4,log10_retention_tau_s,5.824489423415295,5.8758974,9.797796,9.841842,False
Na2SnGe2(HO4)2__ZnSeO4,log10_retention_tau_s,6.688054586886862,5.913595,9.846238,9.92002,True
Sb2Te2O9__TiSn6F16,log10_retention_tau_s,1.3621136683916084,0.17772691,5.477422,8.186569,True
Sb2Te2O9__TiSn6F16,log10_retention_tau_s,-1.9567103178178638,-1.5115355,5.2785935,6.313757,False
Sb2Te2O9__TiSn6F16,log10_retention_tau_s,2.156829564895967,0.64244753,5.509443,8.257057,True
Sb2Te2O9__TiSn6F16,log10_retention_tau_s,0.11736500033117542,-0.7472016,5.249674,7.0519753,True
InI2__SbAs2Cl13,log10_retention_tau_s,9.999347559278839,8.944745,10.001443,10.036315,True
InI2__SbAs2Cl13,log10_retention_tau_s,10.000223316021122,8.5070505,10.003358,10.036175,True
InI2__SbAs2Cl13,log10_retention_tau_s,9.996587435535083,8.875588,10.011084,10.037657,True
InI2__SbAs2Cl13,log10_retention_tau_s,9.976883305149464,8.603199,10.001847,10.034128,True
SiAs__Na2HF4,log10_retention_tau_s,5.631401845301499,8.310752,9.24205,9.948161,False
SiAs__Na2HF4,log10_retention_tau_s,6.762817132280532,8.499158,9.247587,9.936887,False
SiAs__Na2HF4,log10_retention_tau_s,4.4751520220858785,8.508564,9.211935,9.937319,False
SiAs__Na2HF4,log10_retention_tau_s,8.950688702586623,8.805069,9.49726,9.963831,True
Li2SnTeO6__Al2ZnSe4,log10_retention_tau_s,1.6107823770450114,1.4929656,6.3631287,7.4500036,True
Li2SnTeO6__Al2ZnSe4,log10_retention_tau_s,2.457619824594442,1.7970492,6.497161,7.5256596,True
Li2SnTeO6__Al2ZnSe4,log10_retention_tau_s,-2.9382424858421983,-1.3542852,5.138775,5.2187986,False
Li2SnTeO6__Al2ZnSe4,log10_retention_tau_s,0.008022246584348393,0.54480284,5.413386,6.9870896,False
Na5AlO4__PbF4,log10_retention_tau_s,10.026442910554112,9.094264,10.001169,10.028088,True
Na5AlO4__PbF4,log10_retention_tau_s,10.013306236000568,9.081553,10.001441,10.027287,True
Na5AlO4__PbF4,log10_retention_tau_s,10.007633028058756,9.055639,10.002714,10.03366,True
Na5AlO4__PbF4,log10_retention_tau_s,10.00823838900579,9.055639,10.003143,10.03452,True
KSn2(PO4)3__TeCl4,log10_retention_tau_s,10.039230252252183,9.035726,10.007192,10.033732,False
KSn2(PO4)3__TeCl4,log10_retention_tau_s,9.937703716698854,9.068738,10.004581,10.031292,True
KSn2(PO4)3__TeCl4,log10_retention_tau_s,10.020458229606001,8.8118515,10.006172,10.0307455,True
KSn2(PO4)3__TeCl4,log10_retention_tau_s,9.979902102625495,9.042122,10.008706,10.0383835,True
NaP3(PbO3)4__SIO3F,log10_retention_tau_s,9.955987729849063,9.05115,9.997858,10.025617,True
NaP3(PbO3)4__SIO3F,log10_retention_tau_s,10.008907120735001,9.054428,9.997068,10.022805,True
NaP3(PbO3)4__SIO3F,log10_retention_tau_s,10.022673761873458,9.067073,9.989596,10.018194,False
NaP3(PbO3)4__SIO3F,log10_retention_tau_s,10.019519494049124,9.085115,9.995429,10.019487,False
AlP__Na2Zn(GeS3)2,log10_retention_tau_s,-0.05950040498238842,0.15995336,0.7564696,4.6752677,False
AlP__Na2Zn(GeS3)2,log10_retention_tau_s,-0.5229638742433794,-0.5970303,0.7081696,4.574438,True
AlP__Na2Zn(GeS3)2,log10_retention_tau_s,0.022546188900173517,0.3543701,0.8321978,4.7594695,False
AlP__Na2Zn(GeS3)2,log10_retention_tau_s,-3.0860770881669377,-2.0401497,-0.4583044,4.2931447,False
Na3Ca3AlAs4__SnCl2,log10_retention_tau_s,9.94200977222741,9.157044,9.995562,10.025328,True
Na3Ca3AlAs4__SnCl2,log10_retention_tau_s,10.035104358230067,9.125429,9.991894,10.016257,False
Na3Ca3AlAs4__SnCl2,log10_retention_tau_s,10.023338556302447,9.156588,9.998321,10.028075,True
Na3Ca3AlAs4__SnCl2,log10_retention_tau_s,10.029767290199388,9.131278,10.005341,10.028153,False
SbBr5F6__NaP15,log10_retention_tau_s,10.04124939963524,9.071536,9.986086,10.017268,False
SbBr5F6__NaP15,log10_retention_tau_s,10.011741415063499,9.039958,9.988362,10.016796,True
SbBr5F6__NaP15,log10_retention_tau_s,9.968853495164412,9.086963,9.989014,10.015985,True
SbBr5F6__NaP15,log10_retention_tau_s,10.017436981227059,9.054973,9.990444,10.017281,False
Al4CdO7__Te(S2O7)2,log10_retention_tau_s,9.989222908203658,9.097527,10.017136,10.04206,True
Al4CdO7__Te(S2O7)2,log10_retention_tau_s,10.02511171487624,9.158524,10.013513,10.041286,True
Al4CdO7__Te(S2O7)2,log10_retention_tau_s,9.97791670196673,8.919508,10.014914,10.043993,True
Al4CdO7__Te(S2O7)2,log10_retention_tau_s,9.956364991681383,9.107575,10.013504,10.04021,True
SnTe3O8__As2Pb3O8,log10_retention_tau_s,-3.939677742891213,-2.8581326,3.4722555,5.2330356,False
SnTe3O8__As2Pb3O8,log10_retention_tau_s,-1.776643235189249,-1.8455087,4.69634,5.3592877,True
SnTe3O8__As2Pb3O8,log10_retention_tau_s,-3.9039617053030384,-2.7785585,3.5680482,5.236404,False
SnTe3O8__As2Pb3O8,log10_retention_tau_s,-3.5648217330883494,-2.7519493,3.6301916,5.232859,False
Cd2AsO4F__Br2O3,log10_retention_tau_s,7.993644528760006,8.754478,9.787719,9.97253,False
Cd2AsO4F__Br2O3,log10_retention_tau_s,9.579880748604788,9.03967,9.909123,9.991284,True
Cd2AsO4F__Br2O3,log10_retention_tau_s,6.094756474512706,8.730384,9.83514,9.974162,False
Cd2AsO4F__Br2O3,log10_retention_tau_s,8.694935913220087,9.021542,9.853195,9.98937,False
ZnI2__P2Pb3O8,log10_retention_tau_s,-3.2655689321986645,-1.07889,-0.3100096,4.727475,False
ZnI2__P2Pb3O8,log10_retention_tau_s,-4.449056488433579,-2.3966713,-1.4872575,4.425402,False
ZnI2__P2Pb3O8,log10_retention_tau_s,-5.998587172272932,-3.9192333,-2.3317344,4.26657,False
ZnI2__P2Pb3O8,log10_retention_tau_s,-5.929396315670576,-3.4027896,-2.9947984,4.2591996,False
Zn2AsHO5__HC2N3,log10_retention_tau_s,9.997316902737959,8.639517,9.584748,9.965403,False
Zn2AsHO5__HC2N3,log10_retention_tau_s,8.622061151789648,7.000762,9.307376,9.934028,True
Zn2AsHO5__HC2N3,log10_retention_tau_s,10.007524983865071,7.5398874,9.476653,9.933218,False
Zn2AsHO5__HC2N3,log10_retention_tau_s,10.00534263425341,7.694134,9.543371,9.940927,False
K10Zn4Sn4S17__Sb9S4F39,log10_retention_tau_s,10.002900165163231,9.050451,9.992531,10.017836,True
K10Zn4Sn4S17__Sb9S4F39,log10_retention_tau_s,10.048164610347568,9.092024,9.990604,10.016318,False
K10Zn4Sn4S17__Sb9S4F39,log10_retention_tau_s,9.954742806435105,9.0827,9.975781,10.011808,True
K10Zn4Sn4S17__Sb9S4F39,log10_retention_tau_s,9.99483154354474,9.059896,9.993776,10.018958,True
Na2Zn2Si2O7__P2Pb3O8,log10_retention_tau_s,7.982438360929125,8.278966,9.063421,9.773298,False
Na2Zn2Si2O7__P2Pb3O8,log10_retention_tau_s,8.413822608444729,8.334069,9.054138,9.772467,True
Na2Zn2Si2O7__P2Pb3O8,log10_retention_tau_s,8.352680169283568,8.324341,9.062908,9.771449,True
Na2Zn2Si2O7__P2Pb3O8,log10_retention_tau_s,8.752614472159431,8.626021,9.104048,9.771257,True
CaAlH5__NaLi3(H2N)4,log10_retention_tau_s,4.670048960539108,8.344016,9.144105,9.935586,False
CaAlH5__NaLi3(H2N)4,log10_retention_tau_s,4.665420430623327,8.239939,9.19598,9.947572,False
CaAlH5__NaLi3(H2N)4,log10_retention_tau_s,5.218207987582812,8.243593,9.210459,9.949023,False
CaAlH5__NaLi3(H2N)4,log10_retention_tau_s,6.319238195176137,8.3415575,9.249776,9.948983,False
K6ZnSe4__As3Pb5ClO12,log10_retention_tau_s,9.968449064143451,9.152876,10.008547,10.03173,True
K6ZnSe4__As3Pb5ClO12,log10_retention_tau_s,10.030216596322479,9.034375,10.009482,10.036611,True
K6ZnSe4__As3Pb5ClO12,log10_retention_tau_s,9.995799086377275,8.742793,9.985404,10.0418625,True
K6ZnSe4__As3Pb5ClO12,log10_retention_tau_s,9.987645510317424,9.050088,10.009452,10.035193,True
Ca4SiN4__CaGeN2,log10_retention_tau_s,5.265452168434074,3.2061846,7.2245035,8.272957,True
Ca4SiN4__CaGeN2,log10_retention_tau_s,1.922180792381399,2.6011808,6.4420576,7.4774356,False
Ca4SiN4__CaGeN2,log10_retention_tau_s,2.311440801802641,2.7171018,6.4777694,7.4317026,False
Ca4SiN4__CaGeN2,log10_retention_tau_s,0.7235485436781809,1.8660175,6.3235183,7.171935,False
Ca2Ti3O8__SbAs2Cl13,log10_retention_tau_s,10.027163850126477,9.098501,9.998142,10.024582,False
Ca2Ti3O8__SbAs2Cl13,log10_retention_tau_s,9.99606379340975,9.078419,9.997061,10.019741,True
Ca2Ti3O8__SbAs2Cl13,log10_retention_tau_s,9.98990311870074,9.099945,9.993084,10.018429,True
Ca2Ti3O8__SbAs2Cl13,log10_retention_tau_s,10.023214344034304,8.970816,10.01068,10.024245,True
PICl6__Na6Ge2S7,log10_retention_tau_s,10.031318445173573,9.095414,9.992804,10.020342,False
PICl6__Na6Ge2S7,log10_retention_tau_s,10.013379638897092,9.0908985,9.995444,10.02154,True
PICl6__Na6Ge2S7,log10_retention_tau_s,10.019862524122585,9.103832,9.994906,10.024204,True
PICl6__Na6Ge2S7,log10_retention_tau_s,10.004828791278472,9.095657,9.993654,10.022761,True
NaAsSe2__LiTiPO5,log10_retention_tau_s,8.417026066443293,8.0379095,9.992933,10.022081,True
NaAsSe2__LiTiPO5,log10_retention_tau_s,5.661429869176283,7.701911,9.911912,10.00825,False
NaAsSe2__LiTiPO5,log10_retention_tau_s,6.951825952556875,7.862459,9.919441,10.022445,False
NaAsSe2__LiTiPO5,log10_retention_tau_s,9.972779435362893,7.553709,9.99741,10.01981,True
KSbS2__BrF3,log10_retention_tau_s,10.037459220285992,9.051267,9.987398,10.013226,False
KSbS2__BrF3,log10_retention_tau_s,10.002969888530075,9.019174,9.999636,10.027139,True
KSbS2__BrF3,log10_retention_tau_s,9.99086951714949,9.038488,9.992876,10.017572,True
KSbS2__BrF3,log10_retention_tau_s,10.014165742048089,9.048166,9.990077,10.025274,True
Ca21(Zn2As9)2__NClO3,log10_retention_tau_s,9.996907894550493,9.0513315,9.992175,10.017848,True
Ca21(Zn2As9)2__NClO3,log10_retention_tau_s,10.032297514897863,9.08062,9.982959,10.015355,False
Ca21(Zn2As9)2__NClO3,log10_retention_tau_s,10.013240088055863,9.052198,9.986894,10.016789,True
Ca21(Zn2As9)2__NClO3,log10_retention_tau_s,9.990313148346356,9.081372,9.989928,10.018851,True
NaInSn2__CdSe2,log10_retention_tau_s,9.988114197635273,8.946822,10.006339,10.026803,True
NaInSn2__CdSe2,log10_retention_tau_s,10.012127361435306,8.91287,10.009973,10.034543,True
NaInSn2__CdSe2,log10_retention_tau_s,9.977340352503552,8.882025,10.010227,10.0288515,True
NaInSn2__CdSe2,log10_retention_tau_s,9.983622361222354,8.928311,10.00769,10.02494,True
SeBr4__Li5SiP3,log10_retention_tau_s,10.027079690512691,9.054254,10.000659,10.028598,True
SeBr4__Li5SiP3,log10_retention_tau_s,10.028790714403549,9.088961,9.998646,10.033054,True
SeBr4__Li5SiP3,log10_retention_tau_s,10.00433657077413,9.110084,10.004371,10.030327,True
SeBr4__Li5SiP3,log10_retention_tau_s,9.96981754335831,9.068925,9.997705,10.03069,True
K6ZnSe4__CaTiN2,log10_retention_tau_s,-0.5223968225005664,-2.0562127,5.1823783,5.4562984,True
K6ZnSe4__CaTiN2,log10_retention_tau_s,2.426371071008369,-1.3001418,6.040532,6.513408,True
K6ZnSe4__CaTiN2,log10_retention_tau_s,-2.9291739482778327,-2.7548208,3.6643267,5.2233176,False
K6ZnSe4__CaTiN2,log10_retention_tau_s,1.2403025701505461,-1.3907887,5.954342,6.0829043,True
In2(PS3)3__TiPCl9,log10_retention_tau_s,9.969729655673321,7.0330257,8.841275,9.540481,False
In2(PS3)3__TiPCl9,log10_retention_tau_s,5.4247746461247806,5.7665334,8.378512,9.487977,False
In2(PS3)3__TiPCl9,log10_retention_tau_s,10.014863363358105,7.363798,8.911639,9.546213,False
In2(PS3)3__TiPCl9,log10_retention_tau_s,7.312442505109285,5.955109,8.644038,9.511079,True
K4PbO4__LiAlSe2,log10_retention_tau_s,8.867307486613804,6.6893535,7.8487177,8.833514,False
K4PbO4__LiAlSe2,log10_retention_tau_s,3.8619802423500293,4.5352182,4.9760027,8.447661,False
K4PbO4__LiAlSe2,log10_retention_tau_s,4.528678151491994,5.3222165,5.952181,8.5124655,False
K4PbO4__LiAlSe2,log10_retention_tau_s,6.758652306899017,5.955077,6.8585486,8.67112,True
In3SnI5__Na2Se2O7,log10_retention_tau_s,6.311200494790934,4.8995905,8.68883,9.893622,True
In3SnI5__Na2Se2O7,log10_retention_tau_s,9.6367625481561,5.845874,8.979928,9.973149,True
In3SnI5__Na2Se2O7,log10_retention_tau_s,6.521820825978218,4.8630905,8.734085,9.917787,True
In3SnI5__Na2Se2O7,log10_retention_tau_s,5.37107910151263,4.3146305,8.559505,9.899723,True
K6Sn3As5__TiGeS3,log10_retention_tau_s,5.463152078359193,7.221351,8.5478735,9.309635,False
K6Sn3As5__TiGeS3,log10_retention_tau_s,10.022207009136501,8.088384,9.2838545,9.693659,False
K6Sn3As5__TiGeS3,log10_retention_tau_s,8.20009455481991,7.990941,9.015044,9.4129095,True
K6Sn3As5__TiGeS3,log10_retention_tau_s,8.347786097925912,7.8861957,9.053749,9.42645,True
Na3PS4__K3SbTe3,log10_retention_tau_s,7.536948969241416,7.4470177,7.8264775,8.210529,True
Na3PS4__K3SbTe3,log10_retention_tau_s,4.104112069300487,4.838646,5.2649097,7.984601,False
Na3PS4__K3SbTe3,log10_retention_tau_s,7.242872963908085,7.0523915,7.723156,8.148161,True
Na3PS4__K3SbTe3,log10_retention_tau_s,6.031002833443668,6.5590963,6.5811157,8.102326,False
Ca3(SiP2)2__K2Ge2S5,log10_retention_tau_s,5.623072575304163,7.1607,9.922328,10.007658,False
Ca3(SiP2)2__K2Ge2S5,log10_retention_tau_s,9.978705757923882,7.740913,10.006462,10.034771,True
Ca3(SiP2)2__K2Ge2S5,log10_retention_tau_s,8.002211977250989,7.971664,9.987237,10.024948,True
Ca3(SiP2)2__K2Ge2S5,log10_retention_tau_s,8.373911249631217,8.027431,9.986299,10.024643,True
NaSbTe2__LiTiAsO5,log10_retention_tau_s,9.99442679812565,9.175759,10.006714,10.02776,True
NaSbTe2__LiTiAsO5,log10_retention_tau_s,9.996382287083525,8.812217,9.994566,10.026527,True
NaSbTe2__LiTiAsO5,log10_retention_tau_s,10.006648137431833,9.018716,9.983652,10.021958,True
NaSbTe2__LiTiAsO5,log10_retention_tau_s,10.02176937750672,9.10819,10.001265,10.026761,True
K3SbO4__Na2GeO3,log10_retention_tau_s,5.233226379633841,7.1176147,9.163084,9.514492,False
K3SbO4__Na2GeO3,log10_retention_tau_s,1.3722126597159325,6.543689,9.149941,9.391624,False
K3SbO4__Na2GeO3,log10_retention_tau_s,5.429273507913087,7.0572696,9.162662,9.528656,False
K3SbO4__Na2GeO3,log10_retention_tau_s,1.3634640819654271,6.6323957,9.147326,9.398199,False
Sb2BrF15__GaTeI7,log10_retention_tau_s,9.99739748387782,9.2370615,10.002929,10.035772,True
Sb2BrF15__GaTeI7,log10_retention_tau_s,10.005267624998686,9.27825,10.007407,10.035674,True
Sb2BrF15__GaTeI7,log10_retention_tau_s,10.005327553992096,9.03385,10.002349,10.031708,True
Sb2BrF15__GaTeI7,log10_retention_tau_s,10.017409587519833,9.033257,9.994498,10.027768,True
K2Ga2As3__K4PbO4,log10_retention_tau_s,7.0919458417744865,6.1253223,8.755731,9.543244,True
K2Ga2As3__K4PbO4,log10_retention_tau_s,9.969502113551444,7.1971936,8.926491,9.574237,False
K2Ga2As3__K4PbO4,log10_retention_tau_s,6.317400793924769,5.936482,8.770664,9.5462,True
K2Ga2As3__K4PbO4,log10_retention_tau_s,9.988075920110758,7.3073783,8.934915,9.574255,False
KInO2__KIn(TeO3)2,log10_retention_tau_s,2.7863485051001704,4.596914,9.361797,9.804614,False
KInO2__KIn(TeO3)2,log10_retention_tau_s,1.5794375840293267,4.576551,9.326657,9.818472,False
KInO2__KIn(TeO3)2,log10_retention_tau_s,4.237827904895994,5.0309644,9.535734,9.82841,False
KInO2__KIn(TeO3)2,log10_retention_tau_s,7.214382717752856,5.401351,9.624002,9.916006,True
Li2TeS3__Na2Sb4O7,log10_retention_tau_s,3.9732680086994763,3.3963761,7.236824,7.9618444,True
Li2TeS3__Na2Sb4O7,log10_retention_tau_s,0.16098201992113131,1.788665,6.4244556,7.122333,False
Li2TeS3__Na2Sb4O7,log10_retention_tau_s,-1.574063578447632,1.7399325,6.4145637,6.7431884,False
Li2TeS3__Na2Sb4O7,log10_retention_tau_s,-1.8416356098253022,1.0415583,6.3673677,6.6934075,False
K2Sn2O3__Li2Ti6Zn3O16,log10_retention_tau_s,2.211117386405311,6.8625755,9.902864,9.907937,False
K2Sn2O3__Li2Ti6Zn3O16,log10_retention_tau_s,7.865276459244509,7.3933353,9.928964,10.002166,True
K2Sn2O3__Li2Ti6Zn3O16,log10_retention_tau_s,5.014246978354539,7.4040165,9.917766,9.949879,False
K2Sn2O3__Li2Ti6Zn3O16,log10_retention_tau_s,5.805469393047857,7.62894,9.920521,9.980831,False
KZnSb__Na2CaTi2(GeO4)3,log10_retention_tau_s,10.012694250418871,8.749437,9.991598,10.028116,True
KZnSb__Na2CaTi2(GeO4)3,log10_retention_tau_s,7.855907794423527,8.159514,9.809463,9.996071,False
KZnSb__Na2CaTi2(GeO4)3,log10_retention_tau_s,7.705796061804079,8.495303,9.819522,9.997222,False
KZnSb__Na2CaTi2(GeO4)3,log10_retention_tau_s,7.031761270877506,8.256077,9.818523,9.994832,False
Zn(SbO3)2__KSi5N7,log10_retention_tau_s,10.001641315006625,7.484538,9.919612,9.943407,False
Zn(SbO3)2__KSi5N7,log10_retention_tau_s,10.032997148061607,7.4125137,9.949304,9.96926,False
Zn(SbO3)2__KSi5N7,log10_retention_tau_s,10.016283033272556,7.844166,9.955287,10.007086,False
Zn(SbO3)2__KSi5N7,log10_retention_tau_s,10.000159919860936,7.880704,9.981873,10.008194,True
P7Pb__Na6S2O9,log10_retention_tau_s,9.998420927228041,8.65421,9.929622,10.024394,True
P7Pb__Na6S2O9,log10_retention_tau_s,10.003025893000675,8.545133,9.7799015,10.0075035,True
P7Pb__Na6S2O9,log10_retention_tau_s,9.987113302871016,8.621514,9.845015,10.014788,True
P7Pb__Na6S2O9,log10_retention_tau_s,10.009151679816254,8.535215,9.837678,10.0121565,True
Na6GaAs3__KSnPO5,log10_retention_tau_s,10.008053089475888,8.229254,9.873991,10.014204,True
Na6GaAs3__KSnPO5,log10_retention_tau_s,9.993091000965121,8.903074,9.986925,10.020078,True
Na6GaAs3__KSnPO5,log10_retention_tau_s,10.031843740587126,8.675665,9.978327,10.024966,False
Na6GaAs3__KSnPO5,log10_retention_tau_s,10.02687986029438,8.874727,9.996079,10.023991,False
IO2F__K2LiAlH6,log10_retention_tau_s,10.02579980802392,9.070094,9.983574,10.018807,False
IO2F__K2LiAlH6,log10_retention_tau_s,10.021932949152303,9.035671,9.993268,10.022588,True
IO2F__K2LiAlH6,log10_retention_tau_s,10.025613122713692,9.035671,9.992577,10.021298,False
IO2F__K2LiAlH6,log10_retention_tau_s,9.970861239047832,9.03548,9.990731,10.020641,True
BrNO3__Ca2As2O7,log10_retention_tau_s,9.999152673897026,9.075739,10.000683,10.023647,True
BrNO3__Ca2As2O7,log10_retention_tau_s,10.008435301809474,9.074126,9.9915,10.021076,True
BrNO3__Ca2As2O7,log10_retention_tau_s,10.007528715831802,9.0606985,9.980523,10.017271,True
BrNO3__Ca2As2O7,log10_retention_tau_s,10.000767384759707,9.05952,9.992495,10.0216465,True
SbSI__Sb2IBr2F11,log10_retention_tau_s,9.974139547920661,9.2365055,10.021826,10.043469,True
SbSI__Sb2IBr2F11,log10_retention_tau_s,9.999314603492026,9.411798,10.025906,10.041162,True
SbSI__Sb2IBr2F11,log10_retention_tau_s,9.984819728325823,8.978419,10.014004,10.040133,True
SbSI__Sb2IBr2F11,log10_retention_tau_s,10.010410466021158,9.182095,10.016348,10.043863,True
Li3SbS4__K2SbCl5,log10_retention_tau_s,4.465038213048336,5.3342347,8.054233,8.263212,False
Li3SbS4__K2SbCl5,log10_retention_tau_s,4.013711133575233,5.344441,7.9376698,8.248793,False
Li3SbS4__K2SbCl5,log10_retention_tau_s,4.898181635501707,5.2965455,8.207044,8.26531,False
Li3SbS4__K2SbCl5,log10_retention_tau_s,-0.4884373430410267,4.1207023,7.8429856,7.9073305,False
Na5SnP3__K2Li3GaO4,log10_retention_tau_s,10.008576365937587,8.664595,9.99892,10.02863,True
Na5SnP3__K2Li3GaO4,log10_retention_tau_s,10.004844371889437,8.656356,9.998268,10.032625,True
Na5SnP3__K2Li3GaO4,log10_retention_tau_s,9.985214053191159,8.597099,9.984161,10.02229,True
Na5SnP3__K2Li3GaO4,log10_retention_tau_s,9.995586057550955,8.808464,10.002491,10.039619,True
SnO2__Al6Cd4SO12,log10_retention_tau_s,10.023888775912752,7.109119,9.927942,9.964445,False
SnO2__Al6Cd4SO12,log10_retention_tau_s,10.015191206624634,7.339502,9.869852,9.95895,False
SnO2__Al6Cd4SO12,log10_retention_tau_s,9.991806166577717,8.583296,10.009298,10.015913,True
SnO2__Al6Cd4SO12,log10_retention_tau_s,9.977580912691312,8.852971,9.987515,10.026938,True
Na4Ge2PbS6__SbCl5,log10_retention_tau_s,9.968167311708648,9.053998,10.005795,10.035045,True
Na4Ge2PbS6__SbCl5,log10_retention_tau_s,9.970944434747022,9.096644,10.001811,10.032756,True
Na4Ge2PbS6__SbCl5,log10_retention_tau_s,9.986611259984514,9.114656,10.004598,10.029659,True
Na4Ge2PbS6__SbCl5,log10_retention_tau_s,10.041696710480403,9.115368,10.001133,10.028862,False
HI3__LiInI4,log10_retention_tau_s,9.983235682914826,9.08553,9.991442,10.022629,True
HI3__LiInI4,log10_retention_tau_s,10.043039841972853,9.098921,9.992857,10.0241585,False
HI3__LiInI4,log10_retention_tau_s,10.018566824437038,9.106341,9.988469,10.019451,True
HI3__LiInI4,log10_retention_tau_s,9.98746934302518,9.10047,10.017721,10.024124,True
KSbO3__K2Zn(GeO3)2,log10_retention_tau_s,-5.626278461896655,-3.5336974,-2.3961318,4.3799787,False
KSbO3__K2Zn(GeO3)2,log10_retention_tau_s,-4.292026251474122,-2.4021924,-0.9802358,4.745128,False
KSbO3__K2Zn(GeO3)2,log10_retention_tau_s,-4.364877838047244,-2.2783642,-1.0718052,4.7001944,False
KSbO3__K2Zn(GeO3)2,log10_retention_tau_s,-6.025573879948779,-4.465423,-3.5021884,4.2395067,False
Ca2Ge__P3HT,log10_retention_tau_s,10.021673159769195,9.09706,9.987935,10.014694,False
Ca2Ge__P3HT,log10_retention_tau_s,10.005017999619817,9.054438,9.990503,10.01818,True
Ca2Ge__P3HT,log10_retention_tau_s,10.001005531301814,9.066779,9.989741,10.019081,True
Ca2Ge__P3HT,log10_retention_tau_s,10.001720818206685,9.064041,9.991832,10.021752,True
K4Ti3S14__K2In2P3Se10,log10_retention_tau_s,0.49188184279602254,1.7294663,7.510019,7.5132856,False
K4Ti3S14__K2In2P3Se10,log10_retention_tau_s,-0.40777625693272135,1.7571392,7.4337883,7.4995284,False
K4Ti3S14__K2In2P3Se10,log10_retention_tau_s,5.540284696684977,3.4280078,7.9547276,8.022057,True
K4Ti3S14__K2In2P3Se10,log10_retention_tau_s,3.4652031557541676,2.7881637,7.6197233,7.7367015,True
TeS7Cl2__Na2LiAlH6,log10_retention_tau_s,10.019670133577199,9.057645,9.989776,10.018762,False
TeS7Cl2__Na2LiAlH6,log10_retention_tau_s,10.002082375073277,9.050905,9.996509,10.024563,True
TeS7Cl2__Na2LiAlH6,log10_retention_tau_s,9.99984110313255,9.046925,9.986792,10.016387,True
TeS7Cl2__Na2LiAlH6,log10_retention_tau_s,9.998843560787227,9.0706625,9.992454,10.020969,True
K2Sb4O11__Al2Te3,log10_retention_tau_s,-2.8809609246331798,-2.7383702,4.0392265,5.2404356,False
K2Sb4O11__Al2Te3,log10_retention_tau_s,0.11151644079350727,-1.0907067,5.486963,5.8429456,True
K2Sb4O11__Al2Te3,log10_retention_tau_s,1.0235870242388814,-1.0298202,6.0405817,6.3471556,True
K2Sb4O11__Al2Te3,log10_retention_tau_s,0.23370587248525113,-1.0014651,5.569927,5.9284873,True
K4PbO3__SICl7,log10_retention_tau_s,10.045086732621375,9.079985,9.994744,10.019743,False
K4PbO3__SICl7,log10_retention_tau_s,10.00207104259313,9.059964,9.99558,10.019243,True
K4PbO3__SICl7,log10_retention_tau_s,10.001239439756228,9.051344,9.989534,10.017276,True
K4PbO3__SICl7,log10_retention_tau_s,9.995904723121123,9.078341,9.989189,10.015612,True
Na2SnAs2__CaTeO3,log10_retention_tau_s,9.978927675526327,8.755172,9.911994,10.0176735,True
Na2SnAs2__CaTeO3,log10_retention_tau_s,10.017271621863852,8.6621685,9.997232,10.025551,True
Na2SnAs2__CaTeO3,log10_retention_tau_s,10.02535764088978,9.167827,10.004464,10.030312,True
Na2SnAs2__CaTeO3,log10_retention_tau_s,10.00019998331287,8.960813,9.991507,10.024618,True
Sb2O5__K3Li3TeO6,log10_retention_tau_s,10.00832920790917,8.476115,9.986458,10.011322,True
Sb2O5__K3Li3TeO6,log10_retention_tau_s,10.027572577053778,8.402089,9.990931,10.021947,False
Sb2O5__K3Li3TeO6,log10_retention_tau_s,10.014233456634475,7.916384,9.911292,9.991679,False
Sb2O5__K3Li3TeO6,log10_retention_tau_s,9.994515359990862,8.512906,9.979566,10.01778,True
K2Pb2O3__Ca2PN3,log10_retention_tau_s,3.4408797002132525,4.981451,9.48306,9.794176,False
K2Pb2O3__Ca2PN3,log10_retention_tau_s,7.206339925141938,6.0695972,9.659956,9.856645,True
K2Pb2O3__Ca2PN3,log10_retention_tau_s,3.1764628071359913,4.802746,9.463989,9.807645,False
K2Pb2O3__Ca2PN3,log10_retention_tau_s,5.00094617459581,5.456234,9.528252,9.810898,False
SCl4__NaGa(SeO3)2,log10_retention_tau_s,10.01836337393756,8.745554,9.997408,10.025162,True
SCl4__NaGa(SeO3)2,log10_retention_tau_s,9.992422024879026,8.714098,9.9895115,10.021425,True
SCl4__NaGa(SeO3)2,log10_retention_tau_s,10.023071399117692,8.636385,9.997015,10.021532,False
SCl4__NaGa(SeO3)2,log10_retention_tau_s,10.00934013289,8.779265,9.993963,10.024879,True
TeHO3__Cd(GaTe2)2,log10_retention_tau_s,9.995840504408607,9.098979,9.996391,10.020951,True
TeHO3__Cd(GaTe2)2,log10_retention_tau_s,9.983414369603729,9.084139,10.001954,10.029565,True
TeHO3__Cd(GaTe2)2,log10_retention_tau_s,9.9885061971668,9.091259,9.998346,10.0304,True
TeHO3__Cd(GaTe2)2,log10_retention_tau_s,10.036606622858992,9.104538,9.996601,10.026945,False
K2GeSe3__CdPbF6,log10_retention_tau_s,9.99624123807574,8.921639,10.01721,10.042705,True
K2GeSe3__CdPbF6,log10_retention_tau_s,9.993941452933763,9.200053,10.012287,10.04297,True
K2GeSe3__CdPbF6,log10_retention_tau_s,10.004410972551181,8.850438,9.992126,10.045156,True
K2GeSe3__CdPbF6,log10_retention_tau_s,9.9620362062913,8.996179,10.017526,10.044141,True
Pentacene__LiCaAlN2,log10_retention_tau_s,10.022465990924282,9.075465,9.990142,10.020822,False
Pentacene__LiCaAlN2,log10_retention_tau_s,9.99529668897596,9.065846,9.986726,10.019209,True
Pentacene__LiCaAlN2,log10_retention_tau_s,10.01899210193837,9.031727,9.993401,10.021057,True
Pentacene__LiCaAlN2,log10_retention_tau_s,9.999970009188383,8.980913,9.986399,10.0180645,True
SbBr5F6__Na2In2GeS6,log10_retention_tau_s,10.000156588407474,9.077539,9.9893265,10.019267,True
SbBr5F6__Na2In2GeS6,log10_retention_tau_s,10.030138924239084,9.068123,9.987512,10.022359,False
SbBr5F6__Na2In2GeS6,log10_retention_tau_s,10.002182952003656,9.088977,9.9883375,10.016225,True
SbBr5F6__Na2In2GeS6,log10_retention_tau_s,10.010383521737358,9.090455,9.99222,10.023579,True
Li3As7(H3N)13__Na2Se2O7,log10_retention_tau_s,5.188004793750779,-1.072801,6.380423,6.4191103,True
Li3As7(H3N)13__Na2Se2O7,log10_retention_tau_s,2.6612896849844128,-1.83548,5.2604117,6.272977,True
Li3As7(H3N)13__Na2Se2O7,log10_retention_tau_s,7.0429705305431565,-0.30646077,6.659501,7.434134,True
Li3As7(H3N)13__Na2Se2O7,log10_retention_tau_s,4.777676544811768,-1.3773949,6.2170243,6.3129425,True
LiZnN__Ca(AlSe2)2,log10_retention_tau_s,9.99739881299575,5.9433722,9.960632,10.020356,True
LiZnN__Ca(AlSe2)2,log10_retention_tau_s,10.009206408418043,6.24986,9.978179,10.000363,False
LiZnN__Ca(AlSe2)2,log10_retention_tau_s,10.019214549369808,6.2411547,9.961321,10.022846,True
LiZnN__Ca(AlSe2)2,log10_retention_tau_s,10.01751624357287,5.8860555,9.964375,10.008383,False
Na5GeP3__K2Zn3O4,log10_retention_tau_s,-1.5986767400108504,-1.2621256,-0.57606447,5.0492644,False
Na5GeP3__K2Zn3O4,log10_retention_tau_s,-5.729214138262484,-3.5812843,-3.341771,3.9032302,False
Na5GeP3__K2Zn3O4,log10_retention_tau_s,-0.7380350969732457,-0.8330306,-0.2689336,5.5469613,True
Na5GeP3__K2Zn3O4,log10_retention_tau_s,-2.85092295855941,-2.2538757,-1.7032627,4.3115687,False
Ti(SeO3)2__Sb2S19F12,log10_retention_tau_s,9.98571429412763,8.885467,10.010274,10.041249,True
Ti(SeO3)2__Sb2S19F12,log10_retention_tau_s,9.987732775806931,8.744594,10.01275,10.038741,True
Ti(SeO3)2__Sb2S19F12,log10_retention_tau_s,10.002003817308445,8.928471,10.013767,10.049132,True
Ti(SeO3)2__Sb2S19F12,log10_retention_tau_s,9.977237527370978,8.939734,10.0132885,10.046917,True
Li10Sn(PSe6)2__NaInS2,log10_retention_tau_s,10.010105975697265,5.8361545,9.055285,9.529059,False
Li10Sn(PSe6)2__NaInS2,log10_retention_tau_s,6.848315324513425,4.010935,8.366743,8.610179,True
Li10Sn(PSe6)2__NaInS2,log10_retention_tau_s,6.287007098942188,3.9273105,8.03686,8.599388,True
Li10Sn(PSe6)2__NaInS2,log10_retention_tau_s,7.786376575701909,4.3175,8.698972,8.776083,True
K5In3(SiO3)7__SnTe3O8,log10_retention_tau_s,9.993230815704488,9.012717,10.015351,10.041408,True
K5In3(SiO3)7__SnTe3O8,log10_retention_tau_s,9.979035265817298,8.748758,10.013626,10.0406685,True
K5In3(SiO3)7__SnTe3O8,log10_retention_tau_s,9.99900245134768,8.776345,10.013379,10.041007,True
K5In3(SiO3)7__SnTe3O8,log10_retention_tau_s,9.968201744953491,8.807319,10.018078,10.041188,True
LiCa11Sb9__KPSe6,log10_retention_tau_s,9.953538292009679,8.182057,9.974037,9.996991,True
LiCa11Sb9__KPSe6,log10_retention_tau_s,9.998396083050658,8.342952,9.979094,9.992554,False
LiCa11Sb9__KPSe6,log10_retention_tau_s,9.993053858498856,7.721239,9.966943,9.996965,True
LiCa11Sb9__KPSe6,log10_retention_tau_s,9.961712648612801,7.0457907,9.931896,9.99766,True
PTCDA__TeBrO3F5,log10_retention_tau_s,9.987906992179127,9.09555,9.990431,10.021532,True
PTCDA__TeBrO3F5,log10_retention_tau_s,10.018477877051419,9.050182,10.020993,10.031936,True
PTCDA__TeBrO3F5,log10_retention_tau_s,9.991012513634601,9.107359,9.999761,10.025114,True
PTCDA__TeBrO3F5,log10_retention_tau_s,9.995364483251159,9.076858,9.993459,10.0257015,True
In5S5Br__AlPI8,log10_retention_tau_s,-0.3100149500602381,-1.6203815,5.2898874,5.411358,True
In5S5Br__AlPI8,log10_retention_tau_s,1.4950823562247806,-0.5183239,6.1444077,6.380474,True
In5S5Br__AlPI8,log10_retention_tau_s,-0.7506073572454728,-1.6557444,4.904457,5.411943,True
In5S5Br__AlPI8,log10_retention_tau_s,0.5242818442047769,-0.815025,5.481817,5.8315215,True
LiSb3O8__TeSe,log10_retention_tau_s,9.139811777692703,9.132604,9.843467,10.015593,True
LiSb3O8__TeSe,log10_retention_tau_s,5.426589914503024,8.98001,9.792823,10.006434,False
LiSb3O8__TeSe,log10_retention_tau_s,9.842758288878022,9.12392,9.845008,10.012728,True
LiSb3O8__TeSe,log10_retention_tau_s,5.820906679046374,8.986867,9.789251,10.0112705,False
ZnSe2__NaH2N,log10_retention_tau_s,2.047522166788354,6.5182276,9.553592,9.876778,False
ZnSe2__NaH2N,log10_retention_tau_s,1.977775302222888,6.9581604,9.484054,9.858008,False
ZnSe2__NaH2N,log10_retention_tau_s,4.464411394866727,7.0675545,9.649301,9.897,False
ZnSe2__NaH2N,log10_retention_tau_s,1.9103887692872399,6.8015904,9.499492,9.864797,False
Na2SnAs2__SnPCl9,log10_retention_tau_s,9.968833438675643,9.103439,10.026542,10.038779,True
Na2SnAs2__SnPCl9,log10_retention_tau_s,10.001182128491356,8.654924,9.980063,10.024736,True
Na2SnAs2__SnPCl9,log10_retention_tau_s,9.936434458582902,8.952536,9.997579,10.030339,True
Na2SnAs2__SnPCl9,log10_retention_tau_s,10.01561039461823,8.893206,9.979397,10.029413,True
KGaI4__SbS8Cl3,log10_retention_tau_s,10.00051617045464,8.7755785,9.997829,10.023808,True
KGaI4__SbS8Cl3,log10_retention_tau_s,10.006956866120918,9.028021,9.997493,10.022741,True
KGaI4__SbS8Cl3,log10_retention_tau_s,10.012396253218737,9.25399,10.000249,10.02635,True
KGaI4__SbS8Cl3,log10_retention_tau_s,9.987034925882451,8.990188,9.998376,10.026743,True
Si__ZnSe2O5,log10_retention_tau_s,9.995659485085906,7.788741,9.974437,10.021351,True
Si__ZnSe2O5,log10_retention_tau_s,9.970247780623424,7.8343525,9.9743805,10.023012,True
Si__ZnSe2O5,log10_retention_tau_s,9.951029346295227,8.0280075,9.980294,9.983657,True
Si__ZnSe2O5,log10_retention_tau_s,9.996391774711592,7.4391346,9.973641,10.016779,True
IBr__K4Ge(PS3)4,log10_retention_tau_s,10.016925758851434,9.107094,9.996265,10.017541,True
IBr__K4Ge(PS3)4,log10_retention_tau_s,10.009132549953794,9.098702,9.988256,10.022894,True
IBr__K4Ge(PS3)4,log10_retention_tau_s,9.986164732201733,9.107094,9.994158,10.02426,True
IBr__K4Ge(PS3)4,log10_retention_tau_s,10.023761463085414,9.111805,9.996602,10.026507,True
Li2S__P2Pb3S8,log10_retention_tau_s,9.997771104588175,7.0063267,9.940636,10.004142,True
Li2S__P2Pb3S8,log10_retention_tau_s,10.021265035258578,6.9844956,9.972865,10.021321,True
Li2S__P2Pb3S8,log10_retention_tau_s,9.982054154085843,7.652697,9.987099,10.018392,True
Li2S__P2Pb3S8,log10_retention_tau_s,8.748420885765878,6.4631877,9.880529,9.885537,True
K6Ti2S6O__PbBr2,log10_retention_tau_s,10.037274904274023,8.761334,9.830988,9.969701,False
K6Ti2S6O__PbBr2,log10_retention_tau_s,10.02898391544812,8.73075,9.864441,9.975746,False
K6Ti2S6O__PbBr2,log10_retention_tau_s,6.363930293113689,7.9796686,9.697823,9.96404,False
K6Ti2S6O__PbBr2,log10_retention_tau_s,10.016553818105459,8.725151,9.8609085,9.966975,False
BrF5__K2ZnTe2,log10_retention_tau_s,9.980687918325959,9.039307,9.990281,10.023099,True
BrF5__K2ZnTe2,log10_retention_tau_s,10.046286604104266,9.076201,9.991178,10.015803,False
BrF5__K2ZnTe2,log10_retention_tau_s,9.982229453030884,9.036676,9.990489,10.017191,True
BrF5__K2ZnTe2,log10_retention_tau_s,9.986960944279467,9.078067,9.97651,10.010426,True
Al2PbSe4__SbPO5,log10_retention_tau_s,9.97247654643306,9.039984,10.015112,10.041253,True
Al2PbSe4__SbPO5,log10_retention_tau_s,10.006584235735803,9.146801,10.012047,10.039937,True
Al2PbSe4__SbPO5,log10_retention_tau_s,10.009879178964866,9.176833,10.015674,10.038692,True
Al2PbSe4__SbPO5,log10_retention_tau_s,9.979032073456072,9.033315,10.013006,10.041984,True
Na7Al2Sb5__Na6ZnSe4,log10_retention_tau_s,10.000583561459305,7.3285837,9.862127,9.96175,False
Na7Al2Sb5__Na6ZnSe4,log10_retention_tau_s,10.029040966644104,7.4673157,9.895134,9.982169,False
Na7Al2Sb5__Na6ZnSe4,log10_retention_tau_s,10.005755011344847,7.497416,9.895393,9.970206,False
Na7Al2Sb5__Na6ZnSe4,log10_retention_tau_s,10.011356638371417,7.390362,9.713083,9.939475,False
K3LiGe4__P2H9(CBr)3,log10_retention_tau_s,9.997414186417519,9.075392,9.988174,10.016652,True
K3LiGe4__P2H9(CBr)3,log10_retention_tau_s,10.000662625100793,9.099343,9.99015,10.018212,True
K3LiGe4__P2H9(CBr)3,log10_retention_tau_s,9.98397565233352,9.0947,9.987058,10.011366,True
K3LiGe4__P2H9(CBr)3,log10_retention_tau_s,10.012299018462059,9.0869,9.985545,10.014403,True
SnSe__GeSe,log10_retention_tau_s,-5.778496995841789,-5.9755287,-3.9199767,3.7157397,True
SnSe__GeSe,log10_retention_tau_s,-1.6167789439789118,-3.1942043,-0.7245559,4.5057335,True
SnSe__GeSe,log10_retention_tau_s,-4.030399088770336,-4.5449033,-2.5926955,4.0509377,True
SnSe__GeSe,log10_retention_tau_s,-5.972984935336726,-5.823519,-5.027219,3.810227,False
Ca3GaN3__Na10Zn4O9,log10_retention_tau_s,10.012027095410248,7.819502,9.07863,9.744741,False
Ca3GaN3__Na10Zn4O9,log10_retention_tau_s,10.003787979048314,8.102288,9.082705,9.764352,False
Ca3GaN3__Na10Zn4O9,log10_retention_tau_s,9.982129361449376,8.564989,9.139869,9.714311,False
Ca3GaN3__Na10Zn4O9,log10_retention_tau_s,9.96950799891201,8.179688,9.093267,9.725064,False
GeS2__SbClF8,log10_retention_tau_s,9.98837809988483,8.836896,10.005732,10.034491,True
GeS2__SbClF8,log10_retention_tau_s,9.996481045551267,8.819442,10.006169,10.03628,True
GeS2__SbClF8,log10_retention_tau_s,9.97761188790438,9.04082,10.005709,10.030377,True
GeS2__SbClF8,log10_retention_tau_s,10.014305314292947,8.824415,10.0115385,10.040179,True
TiSnP2SO12__KSiSbO5,log10_retention_tau_s,2.229019527221041,0.3114353,6.254614,7.5021286,True
TiSnP2SO12__KSiSbO5,log10_retention_tau_s,2.0973504515456627,0.20585196,6.252067,7.448089,True
TiSnP2SO12__KSiSbO5,log10_retention_tau_s,5.09904978071254,2.02611,6.3342533,8.770556,True
TiSnP2SO12__KSiSbO5,log10_retention_tau_s,7.406284241284749,3.4295123,7.1667085,9.545333,True
Na3TiF8__Sn5O6,log10_retention_tau_s,9.994095776058865,8.707826,10.0152855,10.039188,True
Na3TiF8__Sn5O6,log10_retention_tau_s,10.02754700962391,8.188825,10.004301,10.037434,True
Na3TiF8__Sn5O6,log10_retention_tau_s,9.183208675342645,7.807476,9.9900875,10.030468,True
Na3TiF8__Sn5O6,log10_retention_tau_s,9.997117377942663,8.738846,9.98207,10.020557,True
In2Si2Pb2O9__H4CSN2,log10_retention_tau_s,9.958543194868813,9.140609,10.009852,10.032591,True
In2Si2Pb2O9__H4CSN2,log10_retention_tau_s,9.97865121031626,9.045535,10.004934,10.029484,True
In2Si2Pb2O9__H4CSN2,log10_retention_tau_s,9.96081915613362,9.216075,10.008249,10.034882,True
In2Si2Pb2O9__H4CSN2,log10_retention_tau_s,9.995526663503124,9.1269,10.003805,10.030339,True
K4I2O9__SbBr(OF3)2,log10_retention_tau_s,9.999592441482651,9.112362,9.994679,10.02337,True
K4I2O9__SbBr(OF3)2,log10_retention_tau_s,9.994734674472877,9.079808,9.999507,10.023509,True
K4I2O9__SbBr(OF3)2,log10_retention_tau_s,10.021926991051105,9.026472,10.0018425,10.028323,True
K4I2O9__SbBr(OF3)2,log10_retention_tau_s,10.022022473646356,9.087624,9.99552,10.021704,False
SnO__K2Ga2As3,log10_retention_tau_s,10.0435887856836,9.098908,9.985041,10.0183935,False
SnO__K2Ga2As3,log10_retention_tau_s,9.985860665781555,9.068715,9.994427,10.022181,True
SnO__K2Ga2As3,log10_retention_tau_s,10.00402064163607,9.094729,9.986299,10.020008,True
SnO__K2Ga2As3,log10_retention_tau_s,9.987974619541324,9.071859,9.989487,10.023209,True
Li2TiO3__Sn(SO4)2,log10_retention_tau_s,9.98416094359386,8.985041,10.007609,10.034339,True
Li2TiO3__Sn(SO4)2,log10_retention_tau_s,9.99626304958895,8.783295,10.0250435,10.04351,True
Li2TiO3__Sn(SO4)2,log10_retention_tau_s,10.022365094473773,8.793699,10.015606,10.039727,True
Li2TiO3__Sn(SO4)2,log10_retention_tau_s,9.966576162766488,8.986764,10.014366,10.037494,True
SbPS4__CdSiP2,log10_retention_tau_s,5.945927433852943,6.054966,6.748256,9.47677,False
SbPS4__CdSiP2,log10_retention_tau_s,4.51087023154056,5.272208,6.1495824,9.401716,False
SbPS4__CdSiP2,log10_retention_tau_s,8.547292876674554,7.913132,8.76527,9.773348,True
SbPS4__CdSiP2,log10_retention_tau_s,9.959792599890323,8.179779,9.487503,9.91521,False
Na3AsO4__Ca2SnO4,log10_retention_tau_s,7.147343631400986,7.9652033,8.518845,9.236364,False
Na3AsO4__Ca2SnO4,log10_retention_tau_s,5.7089601502649545,6.77577,7.9936733,9.151251,False
Na3AsO4__Ca2SnO4,log10_retention_tau_s,10.004785926707298,8.418854,9.671304,9.744801,False
Na3AsO4__Ca2SnO4,log10_retention_tau_s,3.866370358680448,6.0733733,6.8425417,9.041054,False
K4Ti3S14__P4S9,log10_retention_tau_s,9.9811768721218,9.108505,10.002996,10.029247,True
K4Ti3S14__P4S9,log10_retention_tau_s,10.006868979818588,9.133296,10.001479,10.031724,True
K4Ti3S14__P4S9,log10_retention_tau_s,9.946428468234782,9.120941,10.004373,10.032167,True
K4Ti3S14__P4S9,log10_retention_tau_s,10.017679011599304,9.157044,10.004625,10.033049,True
Li2CdGeO4__Rubrene,log10_retention_tau_s,10.010780831220528,9.074298,9.987505,10.019966,True
Li2CdGeO4__Rubrene,log10_retention_tau_s,10.020278365215058,9.057431,9.9910555,10.01791,False
Li2CdGeO4__Rubrene,log10_retention_tau_s,9.982502742492429,9.058192,9.992742,10.019379,True
Li2CdGeO4__Rubrene,log10_retention_tau_s,9.984846106156281,9.058505,9.991836,10.018689,True
Li2CdGeS4__CaSiN2,log10_retention_tau_s,1.311141734813558,0.8841329,5.3682957,6.4442515,True
Li2CdGeS4__CaSiN2,log10_retention_tau_s,4.102482595743129,1.6390148,5.542349,7.627357,True
Li2CdGeS4__CaSiN2,log10_retention_tau_s,1.8569860211586167,0.9653107,5.3618846,6.6056633,True
Li2CdGeS4__CaSiN2,log10_retention_tau_s,3.1984945169608174,1.5372102,5.499628,7.288324,True
SbCl(OF3)2__Na4Al3Ge3IO12,log10_retention_tau_s,10.03463605208012,9.066463,9.991685,10.024824,False
SbCl(OF3)2__Na4Al3Ge3IO12,log10_retention_tau_s,9.978752612868888,9.083713,9.993706,10.022189,True
SbCl(OF3)2__Na4Al3Ge3IO12,log10_retention_tau_s,10.007771257409958,9.053872,9.987858,10.027043,True
SbCl(OF3)2__Na4Al3Ge3IO12,log10_retention_tau_s,10.007522706157058,9.088939,9.989975,10.024541,True
K2Sn2Se5__CaSb10(S3O5)2,log10_retention_tau_s,9.943708430957301,7.3187184,9.959727,10.019825,True
K2Sn2Se5__CaSb10(S3O5)2,log10_retention_tau_s,9.954640283132475,6.533715,9.912242,10.017451,True
K2Sn2Se5__CaSb10(S3O5)2,log10_retention_tau_s,10.031124697570416,8.083941,9.972917,10.020327,False
K2Sn2Se5__CaSb10(S3O5)2,log10_retention_tau_s,9.96656315820253,7.988925,9.971459,10.016222,True
Ca3In2(GeO4)3__K2Zn(H2N)4,log10_retention_tau_s,10.022044822697568,6.6558394,9.908221,10.008049,False
Ca3In2(GeO4)3__K2Zn(H2N)4,log10_retention_tau_s,9.970806354132552,8.065024,9.933991,10.011826,True
Ca3In2(GeO4)3__K2Zn(H2N)4,log10_retention_tau_s,9.974531859117048,6.898699,9.918981,10.01852,True
Ca3In2(GeO4)3__K2Zn(H2N)4,log10_retention_tau_s,9.98490370582536,7.093075,9.92368,10.037254,True
Sn(SeO3)2__Zn(IO3)2,log10_retention_tau_s,3.7067260427980426,0.98152685,5.701338,6.1520963,True
Sn(SeO3)2__Zn(IO3)2,log10_retention_tau_s,3.4943499416104227,0.8295047,5.535866,6.0628605,True
Sn(SeO3)2__Zn(IO3)2,log10_retention_tau_s,4.410667687253982,1.065697,5.904655,6.634273,True
Sn(SeO3)2__Zn(IO3)2,log10_retention_tau_s,5.436945107462706,1.245151,6.1572757,6.776102,True
KSb(PO4)2__Li2Se,log10_retention_tau_s,-3.141252344527728,-0.3384412,5.193199,6.1509213,False
KSb(PO4)2__Li2Se,log10_retention_tau_s,1.3511082231932265,2.1817067,5.5356183,8.9629965,False
KSb(PO4)2__Li2Se,log10_retention_tau_s,-2.2388650176243576,0.37266946,5.2901754,7.0648766,False
KSb(PO4)2__Li2Se,log10_retention_tau_s,-3.4179863521781675,-0.50235504,5.182603,5.9009604,False
Li3N__K2O,log10_retention_tau_s,4.4189925651764055,-1.7150723,5.4573894,6.403736,True
Li3N__K2O,log10_retention_tau_s,6.2889313964842115,-0.81575435,6.092189,7.2571607,True
Li3N__K2O,log10_retention_tau_s,6.5748617452172216,-0.7604637,6.430982,7.285451,True
Li3N__K2O,log10_retention_tau_s,6.382494656622047,-0.78735036,6.109947,7.1841083,True
Sn2SI2__SnTe3O8,log10_retention_tau_s,4.305039817300087,3.1064289,7.090113,7.815697,True
Sn2SI2__SnTe3O8,log10_retention_tau_s,1.0365816592301065,2.3186562,6.812493,7.1485305,False
Sn2SI2__SnTe3O8,log10_retention_tau_s,5.919590278085865,2.9851377,7.6640787,7.86469,True
Sn2SI2__SnTe3O8,log10_retention_tau_s,4.077902479750144,3.1003234,7.0225925,7.774622,True
GaSbO4__LiGa5O8,log10_retention_tau_s,10.043996642081344,6.2680774,9.97723,10.024783,False
GaSbO4__LiGa5O8,log10_retention_tau_s,10.009224819161973,6.267288,9.975432,10.026557,True
GaSbO4__LiGa5O8,log10_retention_tau_s,9.968977465311681,6.241382,9.976284,10.025416,True
GaSbO4__LiGa5O8,log10_retention_tau_s,9.979805883203511,6.1802316,9.968448,10.018836,True
SbBr5F6__I2O5,log10_retention_tau_s,-0.6355747199516533,-0.3468591,5.2498574,5.7716885,False
SbBr5F6__I2O5,log10_retention_tau_s,-0.08074544064426327,-0.2236865,5.2494783,6.0154676,True
SbBr5F6__I2O5,log10_retention_tau_s,-2.121734849505753,-0.6273865,4.360688,5.2255917,False
SbBr5F6__I2O5,log10_retention_tau_s,-1.3559645105232867,-0.25726694,5.228454,5.246161,False
K2GaAs2__K2NaGaP2,log10_retention_tau_s,-1.999360192373042,-1.9331955,-0.7584484,5.5272317,False
K2GaAs2__K2NaGaP2,log10_retention_tau_s,-1.4809253374913363,-1.7758869,-0.7440597,5.6074533,True
K2GaAs2__K2NaGaP2,log10_retention_tau_s,-2.6286530795306424,-2.1944547,-1.2404454,4.6948266,False
K2GaAs2__K2NaGaP2,log10_retention_tau_s,-1.572356557069603,-1.595455,-0.74476683,5.6073384,True
CdIn2O4__Cd2AsHO5,log10_retention_tau_s,9.979443663835575,9.086744,9.960625,10.003067,True
CdIn2O4__Cd2AsHO5,log10_retention_tau_s,9.971106408396786,9.053975,9.953292,10.008051,True
CdIn2O4__Cd2AsHO5,log10_retention_tau_s,10.009757031477363,9.071589,9.953459,9.999775,False
CdIn2O4__Cd2AsHO5,log10_retention_tau_s,9.981344642339906,9.09347,10.003924,10.033126,True
K2SnO2__SeO2,log10_retention_tau_s,9.99201939232751,9.049542,10.005883,10.032906,True
K2SnO2__SeO2,log10_retention_tau_s,9.958515342480746,8.8798275,10.003958,10.031453,True
K2SnO2__SeO2,log10_retention_tau_s,10.001355777374549,8.885207,10.002889,10.028552,True
K2SnO2__SeO2,log10_retention_tau_s,10.014578654565835,8.918308,10.009712,10.037127,True
In2(SeO4)3__NaTi2(PO4)3,log10_retention_tau_s,5.968504815440558,4.3107944,6.4865537,9.405425,True
In2(SeO4)3__NaTi2(PO4)3,log10_retention_tau_s,10.021706170313902,7.1076097,9.42081,9.99769,False
In2(SeO4)3__NaTi2(PO4)3,log10_retention_tau_s,6.699957571436832,4.799334,6.8987617,9.537426,True
In2(SeO4)3__NaTi2(PO4)3,log10_retention_tau_s,6.35265981518459,4.647329,6.8699236,9.53224,True
Na2ZnO2__SnO,log10_retention_tau_s,10.004871410816516,8.130402,9.996819,10.014985,True
Na2ZnO2__SnO,log10_retention_tau_s,9.9793154577755,8.296559,9.999882,10.030132,True
Na2ZnO2__SnO,log10_retention_tau_s,9.997506030755721,8.544195,9.999665,10.026147,True
Na2ZnO2__SnO,log10_retention_tau_s,9.96241546891365,8.335847,10.000177,10.030043,True
K4ZnAs2__Na2SnO3,log10_retention_tau_s,10.010919896919704,7.6145115,9.874563,10.012451,True
K4ZnAs2__Na2SnO3,log10_retention_tau_s,10.00265385186525,7.925622,9.955726,10.0139265,True
K4ZnAs2__Na2SnO3,log10_retention_tau_s,10.007965770386239,7.9169164,9.952008,10.012152,True
K4ZnAs2__Na2SnO3,log10_retention_tau_s,9.975253011319074,8.415691,9.945146,10.0226965,True
NaS__KSi5N7,log10_retention_tau_s,10.038267373098675,8.948184,9.981541,10.026673,False
NaS__KSi5N7,log10_retention_tau_s,10.006634289882626,8.979794,9.978547,10.006804,True
NaS__KSi5N7,log10_retention_tau_s,9.997842860355487,9.058034,9.980689,10.028867,True
NaS__KSi5N7,log10_retention_tau_s,10.008982443955789,8.979737,9.9838505,10.015705,True
Ti4S24Cl6O__K5Na(Ti2Se9)3,log10_retention_tau_s,10.016809753265091,9.025116,9.993093,10.02255,True
Ti4S24Cl6O__K5Na(Ti2Se9)3,log10_retention_tau_s,10.026477674972215,9.08773,10.002077,10.021441,False
Ti4S24Cl6O__K5Na(Ti2Se9)3,log10_retention_tau_s,10.008175652146866,9.023578,9.9929905,10.021942,True
Ti4S24Cl6O__K5Na(Ti2Se9)3,log10_retention_tau_s,9.980180169497526,9.095672,10.004994,10.019834,True
Na6ZnSe4__Ca3In2(GeO4)3,log10_retention_tau_s,1.9258546826144989,-0.34562704,5.0486617,5.306109,True
Na6ZnSe4__Ca3In2(GeO4)3,log10_retention_tau_s,3.8202272687375243,0.12634705,5.3520923,5.997849,True
Na6ZnSe4__Ca3In2(GeO4)3,log10_retention_tau_s,4.458229252816328,0.7518586,5.499939,6.3771095,True
Na6ZnSe4__Ca3In2(GeO4)3,log10_retention_tau_s,6.161117646049587,1.51102,5.6617723,7.2393703,True
K9InSe7__GaAsO4,log10_retention_tau_s,9.987988778793989,8.560311,9.925751,10.014813,True
K9InSe7__GaAsO4,log10_retention_tau_s,9.996989136318524,8.775395,10.003784,10.020182,True
K9InSe7__GaAsO4,log10_retention_tau_s,9.995185348300357,8.785907,9.96889,10.019743,True
K9InSe7__GaAsO4,log10_retention_tau_s,9.981229008360492,8.715899,9.952773,10.017425,True
ZnGeP2__K2Ge(IO3)6,log10_retention_tau_s,5.312346250698461,7.9855824,9.868137,9.980265,False
ZnGeP2__K2Ge(IO3)6,log10_retention_tau_s,5.826618176205386,7.950002,9.8890085,9.978029,False
ZnGeP2__K2Ge(IO3)6,log10_retention_tau_s,9.278768298810625,8.824592,9.990384,10.027132,True
ZnGeP2__K2Ge(IO3)6,log10_retention_tau_s,9.537095010615417,8.82281,9.993628,10.0254965,True
KNa7Pb2O7__K3Na2InO4,log10_retention_tau_s,5.419343724621043,1.6976591,5.7044644,7.3761997,True
KNa7Pb2O7__K3Na2InO4,log10_retention_tau_s,6.111601612019627,2.034495,6.512001,7.606646,True
KNa7Pb2O7__K3Na2InO4,log10_retention_tau_s,5.322246939124937,1.5342667,5.6487794,7.4039106,True
KNa7Pb2O7__K3Na2InO4,log10_retention_tau_s,4.119711442161022,0.88595414,5.5023775,7.0959806,True
Cd3(PO4)2__Al(IO3)3,log10_retention_tau_s,0.8360169104693237,-0.16459423,5.326076,5.498265,True
Cd3(PO4)2__Al(IO3)3,log10_retention_tau_s,1.104633003613415,-0.20462437,5.329292,5.624809,True
Cd3(PO4)2__Al(IO3)3,log10_retention_tau_s,4.514199453746982,1.3810803,5.6413164,7.231679,True
Cd3(PO4)2__Al(IO3)3,log10_retention_tau_s,1.884217277718784,0.018236214,5.346981,5.8709407,True
Ca4CN4__KSbO2,log10_retention_tau_s,-4.00842643221137,-2.8708088,-2.6948302,4.39831,False
Ca4CN4__KSbO2,log10_retention_tau_s,-3.398509521841281,-3.025124,-2.4841354,4.366612,False
Ca4CN4__KSbO2,log10_retention_tau_s,-2.261360959073525,-1.5246694,-1.3867681,4.628461,False
Ca4CN4__KSbO2,log10_retention_tau_s,-1.4945932469869565,-1.4411185,-0.9021395,5.1892495,False
K4CdAs2__K5InO4,log10_retention_tau_s,5.181583852779666,6.952924,9.852449,10.013886,False
K4CdAs2__K5InO4,log10_retention_tau_s,4.447191412231362,7.0202417,9.871124,10.011707,False
K4CdAs2__K5InO4,log10_retention_tau_s,5.402987069976697,7.1551404,9.905873,10.016327,False
K4CdAs2__K5InO4,log10_retention_tau_s,5.793302274486722,7.417811,9.94464,10.02659,False
KZnSb__In6Te10Pb,log10_retention_tau_s,1.7646300349155049,4.5508914,9.42181,9.839458,False
KZnSb__In6Te10Pb,log10_retention_tau_s,7.740971987588952,5.782541,9.642853,9.900848,True
KZnSb__In6Te10Pb,log10_retention_tau_s,4.363908050528891,4.673567,9.455796,9.836523,False
KZnSb__In6Te10Pb,log10_retention_tau_s,6.551668412735834,5.4185934,9.526913,9.873116,True
K2Sb4O11__GeBr4,log10_retention_tau_s,9.965080973316665,8.217129,9.958559,10.019011,True
K2Sb4O11__GeBr4,log10_retention_tau_s,9.98486424983729,8.798868,10.004578,10.034201,True
K2Sb4O11__GeBr4,log10_retention_tau_s,10.01670090471432,8.329773,10.013457,10.035576,True
K2Sb4O11__GeBr4,log10_retention_tau_s,9.980198522237473,8.993712,10.021237,10.039622,True
KLiS__AsS,log10_retention_tau_s,10.006121477836734,8.912111,10.003955,10.031703,True
KLiS__AsS,log10_retention_tau_s,10.015414304916423,9.177929,10.004237,10.029359,True
KLiS__AsS,log10_retention_tau_s,10.008696546231723,9.307348,10.004348,10.0285425,True
KLiS__AsS,log10_retention_tau_s,10.036294630939553,8.878633,10.00189,10.033823,False
KNaTe__KGaI4,log10_retention_tau_s,5.995488823259103,4.152403,8.702456,8.978892,True
KNaTe__KGaI4,log10_retention_tau_s,1.4114410631895498,2.4150274,8.385164,8.8475485,False
KNaTe__KGaI4,log10_retention_tau_s,0.6046406827208819,2.5253253,8.292494,8.806676,False
KNaTe__KGaI4,log10_retention_tau_s,4.338628127571529,3.4979827,8.61577,8.846293,True
LiInSiO4__AsN(OF3)2,log10_retention_tau_s,10.027844445771793,9.058541,10.000996,10.028052,True
LiInSiO4__AsN(OF3)2,log10_retention_tau_s,10.012699263094387,9.099343,9.99151,10.017273,True
LiInSiO4__AsN(OF3)2,log10_retention_tau_s,10.006454607613927,9.065325,9.990975,10.017317,True
LiInSiO4__AsN(OF3)2,log10_retention_tau_s,10.02745652756628,9.086805,9.987791,10.015343,False
K2Na3SiP3__CaSnN2,log10_retention_tau_s,-0.770395195676237,-0.13511945,6.022134,7.2117133,False
K2Na3SiP3__CaSnN2,log10_retention_tau_s,0.2842248136695011,-0.061855663,6.213856,7.226651,True
K2Na3SiP3__CaSnN2,log10_retention_tau_s,3.8343225262357654,2.0301273,6.6752615,7.39957,True
K2Na3SiP3__CaSnN2,log10_retention_tau_s,0.15260507750895388,-0.18895416,6.2504478,7.2293243,True
AlI3__TeHO3,log10_retention_tau_s,9.95842402251913,8.770091,10.006044,10.035705,True
AlI3__TeHO3,log10_retention_tau_s,9.982550082647114,8.726567,10.013497,10.041166,True
AlI3__TeHO3,log10_retention_tau_s,9.988368916900496,8.772211,10.00976,10.036265,True
AlI3__TeHO3,log10_retention_tau_s,10.002780686920488,9.006166,10.01007,10.034551,True
Ca3(GaP2)2__Al2Se3,log10_retention_tau_s,9.996962308851849,7.840585,9.983128,9.98661,False
Ca3(GaP2)2__Al2Se3,log10_retention_tau_s,9.990999241589856,7.3943367,9.935807,9.997278,True
Ca3(GaP2)2__Al2Se3,log10_retention_tau_s,9.988601818530995,8.211347,9.98637,9.999788,True
Ca3(GaP2)2__Al2Se3,log10_retention_tau_s,10.002010246600952,7.9494696,9.989257,9.994642,False
Cd(InTe2)2__Ca4As3,log10_retention_tau_s,6.313096746286196,7.6970243,8.1616535,8.922602,False
Cd(InTe2)2__Ca4As3,log10_retention_tau_s,2.6926336413940484,5.930325,6.4492745,8.018444,False
Cd(InTe2)2__Ca4As3,log10_retention_tau_s,2.806319583256989,6.1621647,6.819984,8.015092,False
Cd(InTe2)2__Ca4As3,log10_retention_tau_s,6.173627614058828,7.649183,8.152779,8.754021,False
KNaSe__Al2Cd3(GeO4)3,log10_retention_tau_s,9.968363465130722,8.792329,10.020897,10.03792,True
KNaSe__Al2Cd3(GeO4)3,log10_retention_tau_s,9.979357346537027,8.809226,10.02163,10.036816,True
KNaSe__Al2Cd3(GeO4)3,log10_retention_tau_s,10.018049186004154,8.365914,10.002828,10.042161,True
KNaSe__Al2Cd3(GeO4)3,log10_retention_tau_s,10.003627004906221,8.781976,10.020517,10.038346,True
InSiTe3__SbBr3,log10_retention_tau_s,10.02498902706025,6.7656403,9.973667,10.012788,False
InSiTe3__SbBr3,log10_retention_tau_s,9.958134282109656,8.211251,9.998711,10.030417,True
InSiTe3__SbBr3,log10_retention_tau_s,9.959761520716627,6.9499097,9.952299,10.003981,True
InSiTe3__SbBr3,log10_retention_tau_s,9.991346786269553,6.967474,9.967898,10.0325775,True
KCdGeAs2__Cd3(PO4)2,log10_retention_tau_s,9.999160912643104,9.1289835,10.012441,10.024767,True
KCdGeAs2__Cd3(PO4)2,log10_retention_tau_s,10.002022696313492,8.420324,9.977084,9.997229,False
KCdGeAs2__Cd3(PO4)2,log10_retention_tau_s,9.976361720654921,8.949854,9.999631,10.029299,True
KCdGeAs2__Cd3(PO4)2,log10_retention_tau_s,9.980739588002251,9.100452,10.00346,10.023349,True
K2Al2Sb3__In2Se3,log10_retention_tau_s,6.212437834606795,8.429835,9.365055,9.947468,False
K2Al2Sb3__In2Se3,log10_retention_tau_s,5.9384113683538295,8.210264,9.357448,9.952483,False
K2Al2Sb3__In2Se3,log10_retention_tau_s,9.651301119192938,8.918158,9.578203,10.02122,True
K2Al2Sb3__In2Se3,log10_retention_tau_s,9.974490530200196,8.930561,9.581581,10.0029545,True
Li3AsH16(SO2)4__KBrF4,log10_retention_tau_s,4.23066050037433,2.1918824,6.4026804,6.936087,True
Li3AsH16(SO2)4__KBrF4,log10_retention_tau_s,3.0142475775861657,1.6020298,5.9920955,6.32071,True
Li3AsH16(SO2)4__KBrF4,log10_retention_tau_s,3.666002525281365,1.9209518,6.394636,6.642265,True
Li3AsH16(SO2)4__KBrF4,log10_retention_tau_s,3.6361984171898647,1.8262728,6.438029,6.4505095,True
Ca2PI__K2TiCl6,log10_retention_tau_s,-4.13020203208435,-2.9679074,3.5783885,5.2187414,False
Ca2PI__K2TiCl6,log10_retention_tau_s,1.271646646438802,-0.6314381,6.1161356,6.42072,True
Ca2PI__K2TiCl6,log10_retention_tau_s,0.10021224005441935,-1.1238586,5.4904838,5.826588,True
Ca2PI__K2TiCl6,log10_retention_tau_s,-2.152284289924795,-2.393043,4.2979302,5.2466083,True
Na6Ge2S7__PICl6,log10_retention_tau_s,10.02305261257442,9.085324,9.990356,10.01811,False
Na6Ge2S7__PICl6,log10_retention_tau_s,9.967516827237043,9.024322,9.994273,10.021391,True
Na6Ge2S7__PICl6,log10_retention_tau_s,10.005217229056333,9.089063,9.994302,10.024169,True
Na6Ge2S7__PICl6,log10_retention_tau_s,9.994465317172988,9.059759,9.992804,10.022957,True
Ca4Sb2O__LiInI4,log10_retention_tau_s,8.870330241339785,5.309991,7.7063646,8.736648,False
Ca4Sb2O__LiInI4,log10_retention_tau_s,5.269261308218467,4.4669476,5.849354,8.4768505,True
Ca4Sb2O__LiInI4,log10_retention_tau_s,5.562665634934894,4.435113,5.8603683,8.513227,True
Ca4Sb2O__LiInI4,log10_retention_tau_s,10.005290397791025,5.903071,7.8571725,8.844693,False
K2CdSiO4__GaSeBr7,log10_retention_tau_s,6.917250793486583,5.7239747,9.646926,9.682703,True
K2CdSiO4__GaSeBr7,log10_retention_tau_s,6.453774102262759,5.3053226,9.605017,9.640622,True
K2CdSiO4__GaSeBr7,log10_retention_tau_s,10.00829568605616,7.417099,9.926317,9.935721,False
K2CdSiO4__GaSeBr7,log10_retention_tau_s,9.955320192001686,7.517197,9.949358,9.963075,True
Na2GeSe3__K2Na(H2N)3,log10_retention_tau_s,-3.612733462019477,-2.4782698,-1.9115576,4.341305,False
Na2GeSe3__K2Na(H2N)3,log10_retention_tau_s,-3.1508053153547935,-2.372131,-1.7287612,4.414132,False
Na2GeSe3__K2Na(H2N)3,log10_retention_tau_s,-2.894190177250464,-2.336201,-1.6856186,4.4157577,False
Na2GeSe3__K2Na(H2N)3,log10_retention_tau_s,-0.9128454215000893,-0.4974068,-0.111923665,5.184465,False
Na6P4Pb3S16__K2SnCl6,log10_retention_tau_s,-2.5541170415668963,-2.0606394,-0.5004868,5.610844,False
Na6P4Pb3S16__K2SnCl6,log10_retention_tau_s,-3.3719668968404064,-2.2626514,-0.6125546,5.4812,False
Na6P4Pb3S16__K2SnCl6,log10_retention_tau_s,-4.475444369402838,-3.0656323,-1.8965205,4.5986443,False
Na6P4Pb3S16__K2SnCl6,log10_retention_tau_s,-5.978866506221021,-3.9460008,-3.8127468,4.243431,False
Sb2S3__Na4GeO4,log10_retention_tau_s,10.024547627841867,5.6917224,9.951408,10.016203,False
Sb2S3__Na4GeO4,log10_retention_tau_s,9.988887287252338,4.9717746,9.925302,9.998545,True
Sb2S3__Na4GeO4,log10_retention_tau_s,10.014436208860657,6.027699,9.948556,10.013058,False
Sb2S3__Na4GeO4,log10_retention_tau_s,10.0508324530339,5.3106847,9.955568,10.015921,False
CaGaGeH__Sn2S3,log10_retention_tau_s,9.987867848116714,8.847348,10.0095,10.024812,True
CaGaGeH__Sn2S3,log10_retention_tau_s,10.017372699987021,8.932783,10.007257,10.01355,False
CaGaGeH__Sn2S3,log10_retention_tau_s,9.958163953071061,8.899829,10.008042,10.024924,True
CaGaGeH__Sn2S3,log10_retention_tau_s,9.957356857531458,8.929895,10.00782,10.020984,True
NaP__CaTi2(HO3)2,log10_retention_tau_s,10.039482734263204,8.682531,9.978962,10.0116205,False
NaP__CaTi2(HO3)2,log10_retention_tau_s,10.000101371947347,8.818478,9.98672,10.022759,True
NaP__CaTi2(HO3)2,log10_retention_tau_s,9.974312037971355,9.129689,10.000953,10.026012,True
NaP__CaTi2(HO3)2,log10_retention_tau_s,10.034061065901561,8.999685,9.998154,10.02576,False
InBr3__Al2(SeO4)3,log10_retention_tau_s,2.8430222493785275,1.3200604,6.8774905,7.2662377,True
InBr3__Al2(SeO4)3,log10_retention_tau_s,-0.20907882357464638,-0.6927501,6.6064515,7.2232857,True
InBr3__Al2(SeO4)3,log10_retention_tau_s,3.212347626442618,1.7393057,6.918015,7.3624783,True
InBr3__Al2(SeO4)3,log10_retention_tau_s,2.5338397935018286,1.1329764,6.7843585,7.2982926,True
Li2ZnGeS4__CBP,log10_retention_tau_s,9.979804520998936,9.089253,10.001164,10.033446,True
Li2ZnGeS4__CBP,log10_retention_tau_s,10.032349704676436,9.052198,9.98666,10.014311,False
Li2ZnGeS4__CBP,log10_retention_tau_s,9.992096025717611,9.058505,9.99086,10.016331,True
Li2ZnGeS4__CBP,log10_retention_tau_s,10.007041360614895,9.075705,9.990789,10.017645,True
K3GeTe3__CaH3NO5,log10_retention_tau_s,10.004286161486316,6.4039974,9.988448,10.035589,True
K3GeTe3__CaH3NO5,log10_retention_tau_s,9.971998636653527,6.5665903,9.981535,10.03022,True
K3GeTe3__CaH3NO5,log10_retention_tau_s,10.00178894858309,7.869027,9.999212,10.037188,True
K3GeTe3__CaH3NO5,log10_retention_tau_s,9.98308123932134,6.6126475,9.98576,10.029579,True
Ca3(GeP2)2__SiH17S3N5,log10_retention_tau_s,9.982404126252334,9.09368,9.987972,10.023057,True
Ca3(GeP2)2__SiH17S3N5,log10_retention_tau_s,10.031261074183346,9.102887,9.993508,10.02415,False
Ca3(GeP2)2__SiH17S3N5,log10_retention_tau_s,9.962285784577162,9.103252,9.995205,10.026526,True
Ca3(GeP2)2__SiH17S3N5,log10_retention_tau_s,9.987075618526735,9.1297035,9.998531,10.027282,True
K4I2O9__Li2GeN2,log10_retention_tau_s,4.95031509834391,-0.63074154,6.1316223,7.2114167,True
K4I2O9__Li2GeN2,log10_retention_tau_s,5.137396734553883,-0.72276413,6.455915,7.259,True
K4I2O9__Li2GeN2,log10_retention_tau_s,4.338719336930984,-0.5405968,5.5786095,6.993819,True
K4I2O9__Li2GeN2,log10_retention_tau_s,-0.193800888365333,-2.0213358,4.668957,5.3150163,True
CdSO4__InPO4,log10_retention_tau_s,6.921909168581624,6.744222,8.672428,9.8567295,True
CdSO4__InPO4,log10_retention_tau_s,10.028553623052014,8.308157,9.920583,10.003889,False
CdSO4__InPO4,log10_retention_tau_s,9.987456984571299,8.27104,9.973824,10.00597,True
CdSO4__InPO4,log10_retention_tau_s,5.57286217907125,6.5834985,7.8759665,9.746432,False
Br2O3__LiGaTe2,log10_retention_tau_s,9.991562007292552,9.050341,9.990804,10.023723,True
Br2O3__LiGaTe2,log10_retention_tau_s,10.026313701117497,9.048815,9.985545,10.01733,False
Br2O3__LiGaTe2,log10_retention_tau_s,10.014908566604364,9.04704,9.989834,10.0206995,True
Br2O3__LiGaTe2,log10_retention_tau_s,10.0330054292259,9.0719795,9.990417,10.019816,False
NOF__LiTiAsO5,log10_retention_tau_s,9.968616972018031,9.055116,9.9898815,10.0179205,True
NOF__LiTiAsO5,log10_retention_tau_s,10.005839433175563,9.085958,9.988027,10.018129,True
NOF__LiTiAsO5,log10_retention_tau_s,10.024784544992011,9.034834,9.990482,10.017194,False
NOF__LiTiAsO5,log10_retention_tau_s,10.022607623013515,8.98921,9.989298,10.016188,False
Cd(GaSe2)2__K4SiO4,log10_retention_tau_s,4.945127109641419,7.619568,9.905502,10.006367,False
Cd(GaSe2)2__K4SiO4,log10_retention_tau_s,3.6875392741296142,7.2693725,9.90846,10.000222,False
Cd(GaSe2)2__K4SiO4,log10_retention_tau_s,5.195566647028268,7.7307587,9.884483,10.010705,False
Cd(GaSe2)2__K4SiO4,log10_retention_tau_s,2.982815637284154,6.8019915,9.827927,9.999922,False
TiI4__Al2ZnSe4,log10_retention_tau_s,4.967300741486141,3.3800426,5.6634355,8.581829,True
TiI4__Al2ZnSe4,log10_retention_tau_s,8.053070468525563,3.4852016,7.3176723,8.72032,True
TiI4__Al2ZnSe4,log10_retention_tau_s,7.756825982339879,3.707562,6.822188,8.707732,True
TiI4__Al2ZnSe4,log10_retention_tau_s,5.6453473748600596,3.542033,5.9167595,8.614588,True
K2Ti2O5__Zn(SbO3)2,log10_retention_tau_s,10.003733474015231,5.4618683,9.947588,9.994738,False
K2Ti2O5__Zn(SbO3)2,log10_retention_tau_s,9.989738378653962,6.623892,9.98507,10.025499,True
K2Ti2O5__Zn(SbO3)2,log10_retention_tau_s,9.987476151470121,6.3295603,9.97775,10.019173,True
K2Ti2O5__Zn(SbO3)2,log10_retention_tau_s,9.975267076310628,5.465415,9.952686,10.00039,True
TeI4__SbH36S4N11,log10_retention_tau_s,-2.5064728060350947,-1.6105522,-1.3200142,3.9864762,False
TeI4__SbH36S4N11,log10_retention_tau_s,-1.000006744336988,-0.63955784,-0.46148798,4.2157974,False
TeI4__SbH36S4N11,log10_retention_tau_s,-3.7481009101964915,-2.1681435,-1.2751229,3.9432821,False
TeI4__SbH36S4N11,log10_retention_tau_s,0.2917906338272147,-0.14805768,0.63111055,4.5335283,True
ZnSb4H18S7N6__Te2O3F2,log10_retention_tau_s,9.989933949847574,8.919462,9.996446,10.02341,True
ZnSb4H18S7N6__Te2O3F2,log10_retention_tau_s,9.976771984962806,8.53537,9.996785,10.02641,True
ZnSb4H18S7N6__Te2O3F2,log10_retention_tau_s,9.996205066067844,8.533989,9.995299,10.019403,True
ZnSb4H18S7N6__Te2O3F2,log10_retention_tau_s,9.996077176005402,8.450091,9.993753,10.010691,True
ICl3__GaP,log10_retention_tau_s,10.028979588126807,9.081968,9.9886055,10.0211115,False
ICl3__GaP,log10_retention_tau_s,9.978084105720113,9.03548,9.994039,10.017937,True
ICl3__GaP,log10_retention_tau_s,9.996687099902372,9.083017,9.983722,10.016112,True
ICl3__GaP,log10_retention_tau_s,10.038506018626387,9.071683,9.990141,10.0183115,False
SiH17S3N5__Na6GaP3,log10_retention_tau_s,9.961605176886183,9.0932455,9.996905,10.026532,True
SiH17S3N5__Na6GaP3,log10_retention_tau_s,10.005372362501285,9.087844,9.996991,10.025568,True
SiH17S3N5__Na6GaP3,log10_retention_tau_s,9.998725388692446,8.896536,9.99731,10.029998,True
SiH17S3N5__Na6GaP3,log10_retention_tau_s,10.038317171195501,9.076708,9.998872,10.028836,False
Na2PbO3__K3As11,log10_retention_tau_s,5.750713648910947,6.9330688,8.29827,9.164628,False
Na2PbO3__K3As11,log10_retention_tau_s,8.579383198496751,8.108017,9.303323,9.476578,True
Na2PbO3__K3As11,log10_retention_tau_s,8.667141946622518,8.334148,9.369273,9.512419,True
Na2PbO3__K3As11,log10_retention_tau_s,7.6895156760999415,8.126381,9.264108,9.3111515,False
TiSO5__Li4Zn(H2N)6,log10_retention_tau_s,-1.7359872144286401,-0.83109,-0.5798606,4.934214,False
TiSO5__Li4Zn(H2N)6,log10_retention_tau_s,-0.45181993223631356,-0.16405065,-0.14869626,5.8086,False
TiSO5__Li4Zn(H2N)6,log10_retention_tau_s,-2.8792655451641815,-1.9944427,-1.869364,4.582228,False
TiSO5__Li4Zn(H2N)6,log10_retention_tau_s,-6.015336586218974,-3.3342228,-2.8604503,4.486063,False
Na3SiTe3__SbPO5,log10_retention_tau_s,9.952112068370434,9.101243,10.013806,10.03978,True
Na3SiTe3__SbPO5,log10_retention_tau_s,10.017137880682723,9.017189,10.020886,10.050362,True
Na3SiTe3__SbPO5,log10_retention_tau_s,9.974752880426118,9.0280905,10.013423,10.047708,True
Na3SiTe3__SbPO5,log10_retention_tau_s,10.00855073527343,9.2319355,10.018091,10.041555,True
KSb(PO4)2__Ca3Ga2(GeO4)3,log10_retention_tau_s,7.4201518076845865,6.0773444,7.798801,9.555167,True
KSb(PO4)2__Ca3Ga2(GeO4)3,log10_retention_tau_s,3.232502995959824,4.0663447,6.5454607,8.021491,False
KSb(PO4)2__Ca3Ga2(GeO4)3,log10_retention_tau_s,5.476390844264386,5.641656,6.7624903,9.194844,False
KSb(PO4)2__Ca3Ga2(GeO4)3,log10_retention_tau_s,5.318527565585267,5.451969,6.7469425,9.143918,False
Ti(SO4)2__Sn2(SO4)3,log10_retention_tau_s,-0.4549909101832893,-3.8068347,1.2876384,4.839156,True
Ti(SO4)2__Sn2(SO4)3,log10_retention_tau_s,1.2921875213170186,-2.69988,1.647929,5.0167236,True
Ti(SO4)2__Sn2(SO4)3,log10_retention_tau_s,-0.07455177049506782,-3.6700027,1.2940247,4.8161273,True
Ti(SO4)2__Sn2(SO4)3,log10_retention_tau_s,3.569636821602958,-1.1971054,2.8521936,5.8647823,True
Li7SbN4__Ti5(PO5)4,log10_retention_tau_s,6.439792312529581,4.559016,8.020612,9.499864,True
Li7SbN4__Ti5(PO5)4,log10_retention_tau_s,7.142318675917618,4.8209925,8.03241,9.542784,True
Li7SbN4__Ti5(PO5)4,log10_retention_tau_s,2.3750497741952286,3.2354634,7.6056395,9.465362,False
Li7SbN4__Ti5(PO5)4,log10_retention_tau_s,2.145074837142376,3.1671786,7.5579,9.438722,False
KSb(PSe3)2__KH(IO3)2,log10_retention_tau_s,10.001098818694237,6.262985,9.970309,10.0320635,True
KSb(PSe3)2__KH(IO3)2,log10_retention_tau_s,9.98713848343763,6.1569176,9.980391,10.030346,True
KSb(PSe3)2__KH(IO3)2,log10_retention_tau_s,10.006695178067915,7.2167745,9.988636,10.010737,True
KSb(PSe3)2__KH(IO3)2,log10_retention_tau_s,9.985198920939377,6.8066406,9.995037,10.01973,True
Ca11InSb9__Ga2PbO4,log10_retention_tau_s,9.986927239986287,6.7879806,9.987418,10.02862,True
Ca11InSb9__Ga2PbO4,log10_retention_tau_s,10.006818377700627,7.4548984,10.00612,10.030451,True
Ca11InSb9__Ga2PbO4,log10_retention_tau_s,9.986511865604689,7.161554,9.9868765,10.02888,True
Ca11InSb9__Ga2PbO4,log10_retention_tau_s,9.941922485872071,6.982303,9.991907,10.0287895,True
K2Se5__K3AlSe3,log10_retention_tau_s,9.798584920029564,2.3960295,7.295939,8.380362,False
K2Se5__K3AlSe3,log10_retention_tau_s,5.8159641789781205,2.1280541,6.145981,6.8950443,True
K2Se5__K3AlSe3,log10_retention_tau_s,5.4174062110099745,1.8923953,6.2121077,6.890914,True
K2Se5__K3AlSe3,log10_retention_tau_s,9.595237759949173,3.046267,7.234423,8.417786,False
NaInS2__CaPS3,log10_retention_tau_s,6.234167099107684,6.896605,9.706384,9.961051,False
NaInS2__CaPS3,log10_retention_tau_s,7.040709964328022,6.7198505,9.76186,9.965713,True
NaInS2__CaPS3,log10_retention_tau_s,5.880827460286988,7.044116,9.658372,9.945212,False
NaInS2__CaPS3,log10_retention_tau_s,9.992733418731095,8.003351,9.954299,10.01535,True
K2GeTe4__Na3GeSe3,log10_retention_tau_s,6.453866511014125,5.041918,9.071248,9.275132,True
K2GeTe4__Na3GeSe3,log10_retention_tau_s,3.2991441813162488,4.2086024,8.961438,9.157559,False
K2GeTe4__Na3GeSe3,log10_retention_tau_s,3.0021354379672935,4.188324,8.926304,9.033212,False
K2GeTe4__Na3GeSe3,log10_retention_tau_s,2.5483187772548583,3.7442467,8.94676,9.032017,False
AlP__Zn(GaO2)2,log10_retention_tau_s,5.103365379280882,4.1618004,8.732187,9.89524,True
AlP__Zn(GaO2)2,log10_retention_tau_s,2.97431251150764,3.5725205,8.600362,9.896153,False
AlP__Zn(GaO2)2,log10_retention_tau_s,5.81242280533969,4.1923127,8.75926,9.898535,True
AlP__Zn(GaO2)2,log10_retention_tau_s,8.682182583899293,5.1573963,9.010737,9.956992,True
Na5InTe4__ICl,log10_retention_tau_s,10.033861989337334,9.052609,9.989882,10.017263,False
Na5InTe4__ICl,log10_retention_tau_s,9.992923604328881,8.898197,9.9879875,10.015075,True
Na5InTe4__ICl,log10_retention_tau_s,9.971699286059827,9.052609,9.988852,10.016373,True
Na5InTe4__ICl,log10_retention_tau_s,10.022462667404465,9.080024,9.984572,10.011729,False
Ga2PbSe4__Ca3CdO4,log10_retention_tau_s,-5.941802523646044,-3.6001608,-1.8811485,4.3434124,False
Ga2PbSe4__Ca3CdO4,log10_retention_tau_s,-5.228314925434428,-3.0605588,-0.8117309,5.093411,False
Ga2PbSe4__Ca3CdO4,log10_retention_tau_s,-4.305533200014868,-2.7628174,-0.5733682,5.561497,False
Ga2PbSe4__Ca3CdO4,log10_retention_tau_s,-5.957638221774018,-3.9036539,-2.2878084,4.201557,False
KIO3__NaCdPO4,log10_retention_tau_s,-5.792125872608811,-5.1048946,-3.6213646,4.160809,False
KIO3__NaCdPO4,log10_retention_tau_s,-3.5457812861345626,-3.8867326,-2.155173,4.449459,True
KIO3__NaCdPO4,log10_retention_tau_s,-2.8836512683179163,-2.908304,-1.220906,4.6159286,True
KIO3__NaCdPO4,log10_retention_tau_s,-1.8733227318385324,-2.1713977,-0.75322604,5.500037,True
LiCa3As2H__SiI3,log10_retention_tau_s,10.032884280288785,8.950237,10.01482,10.017337,False
LiCa3As2H__SiI3,log10_retention_tau_s,9.995427005171349,9.222915,10.031989,10.099473,True
LiCa3As2H__SiI3,log10_retention_tau_s,9.99487402588292,8.418016,10.004808,10.026205,True
LiCa3As2H__SiI3,log10_retention_tau_s,9.964069209478877,9.183531,10.028562,10.067213,True
K2Sn2Se5__InSb3Pb4O13,log10_retention_tau_s,8.40922829233987,6.5228705,7.9167295,9.440152,True
K2Sn2Se5__InSb3Pb4O13,log10_retention_tau_s,5.2632479153637615,5.6333914,7.659201,9.476665,False
K2Sn2Se5__InSb3Pb4O13,log10_retention_tau_s,6.436349394783804,5.7912917,7.6448116,9.476064,True
K2Sn2Se5__InSb3Pb4O13,log10_retention_tau_s,4.754683809151668,5.4999866,7.6246247,9.47131,False
C__KH2(IO3)3,log10_retention_tau_s,10.024225801878867,6.2541513,9.988226,10.023844,False
C__KH2(IO3)3,log10_retention_tau_s,9.992590153200357,6.0186415,9.974025,10.019456,True
C__KH2(IO3)3,log10_retention_tau_s,10.012737357357416,6.0503674,9.98055,10.011547,False
C__KH2(IO3)3,log10_retention_tau_s,9.978523532122967,6.010942,9.987602,10.024216,True
CaHN__AsI3,log10_retention_tau_s,8.608380064980073,8.766295,9.985058,10.015891,False
CaHN__AsI3,log10_retention_tau_s,7.814930357502414,8.676074,9.94075,10.015,False
CaHN__AsI3,log10_retention_tau_s,9.968181011367422,8.968111,10.003869,10.018848,True
CaHN__AsI3,log10_retention_tau_s,10.017273257090405,9.0316725,10.0093,10.02188,True
Ca3(GaP2)2__Zn(InSe2)2,log10_retention_tau_s,7.046912693775218,7.944903,9.116523,9.736838,False
Ca3(GaP2)2__Zn(InSe2)2,log10_retention_tau_s,4.445963957603332,7.1446853,8.998208,9.737644,False
Ca3(GaP2)2__Zn(InSe2)2,log10_retention_tau_s,4.936831947088187,7.2850776,8.999484,9.721452,False
Ca3(GaP2)2__Zn(InSe2)2,log10_retention_tau_s,4.1226603921328175,7.061492,9.01137,9.737863,False
ICl3__Na2SnO2,log10_retention_tau_s,9.992590998580097,9.060505,9.982076,10.022962,True
ICl3__Na2SnO2,log10_retention_tau_s,10.012008796294932,9.086012,9.990849,10.01912,True
ICl3__Na2SnO2,log10_retention_tau_s,10.025687622325822,9.087795,9.988175,10.021561,False
ICl3__Na2SnO2,log10_retention_tau_s,9.996538453686679,9.089783,9.992564,10.020102,True
SiSe2__Ca4CN4,log10_retention_tau_s,6.503415996218212,6.9520664,7.7656646,9.039314,False
SiSe2__Ca4CN4,log10_retention_tau_s,7.191297753847938,7.1224804,7.9562926,9.222805,True
SiSe2__Ca4CN4,log10_retention_tau_s,4.038784943280054,5.6073956,7.435428,7.5110297,False
SiSe2__Ca4CN4,log10_retention_tau_s,7.44696683208838,7.0944285,8.600771,9.337359,True
CaSe__K2CdGeO4,log10_retention_tau_s,7.47245954192433,6.997915,7.639146,9.410119,True
CaSe__K2CdGeO4,log10_retention_tau_s,7.206021687962498,6.948875,7.6315713,9.42562,True
CaSe__K2CdGeO4,log10_retention_tau_s,2.6662035085115576,5.423454,7.1838956,9.3954735,False
CaSe__K2CdGeO4,log10_retention_tau_s,6.516342709465375,6.715629,7.5490365,9.383206,False
K2Li(H2N)3__NaIn(GeO3)2,log10_retention_tau_s,-5.164839386330441,-2.65699,0.015538879,5.0497046,False
K2Li(H2N)3__NaIn(GeO3)2,log10_retention_tau_s,0.8979464621602837,-0.45855024,3.0220983,6.4202714,True
K2Li(H2N)3__NaIn(GeO3)2,log10_retention_tau_s,-0.5887786050814275,-0.9730517,2.723145,5.4625664,True
K2Li(H2N)3__NaIn(GeO3)2,log10_retention_tau_s,-5.093455547775632,-2.431834,-0.07318365,5.0629697,False
K2Ge(IO3)6__Si2H2S3,log10_retention_tau_s,9.959042216374657,9.02996,9.917814,10.036061,True
K2Ge(IO3)6__Si2H2S3,log10_retention_tau_s,8.48377149435554,8.57681,9.704838,9.999909,False
K2Ge(IO3)6__Si2H2S3,log10_retention_tau_s,8.307777972676472,8.7746525,9.683988,10.006355,False
K2Ge(IO3)6__Si2H2S3,log10_retention_tau_s,10.022313612527512,9.216089,9.967734,10.039955,True
LiZnP__ZnPbF6,log10_retention_tau_s,9.993898004413067,8.948407,10.00114,10.045115,True
LiZnP__ZnPbF6,log10_retention_tau_s,10.012870718055328,9.163393,10.018002,10.0412655,True
LiZnP__ZnPbF6,log10_retention_tau_s,9.975440993214686,9.222297,10.013178,10.044049,True
LiZnP__ZnPbF6,log10_retention_tau_s,9.980352952560649,9.182223,10.023253,10.040961,True
LiCaP__Ca2Al2Sn2O9,log10_retention_tau_s,7.130936539831894,6.412596,9.661583,9.96462,True
LiCaP__Ca2Al2Sn2O9,log10_retention_tau_s,9.994389002740677,7.0432286,9.948483,10.014473,True
LiCaP__Ca2Al2Sn2O9,log10_retention_tau_s,6.642221737690722,6.413005,9.487968,9.949359,True
LiCaP__Ca2Al2Sn2O9,log10_retention_tau_s,9.995655557969549,7.2143664,9.972267,10.018032,True
K4CdAs2__CaSn(SO4)3,log10_retention_tau_s,9.95120151755649,7.6100907,9.985504,10.005112,True
K4CdAs2__CaSn(SO4)3,log10_retention_tau_s,9.990400678137842,6.728123,9.950391,10.001657,True
K4CdAs2__CaSn(SO4)3,log10_retention_tau_s,9.960524260877104,6.2398157,9.923398,9.993663,True
K4CdAs2__CaSn(SO4)3,log10_retention_tau_s,9.97996713781146,7.289044,9.966141,9.993014,True
Na8Ga2O7__NClOF4,log10_retention_tau_s,9.995031782282052,9.014737,9.99069,10.013596,True
Na8Ga2O7__NClOF4,log10_retention_tau_s,10.008775851527902,9.095589,9.987014,10.015398,True
Na8Ga2O7__NClOF4,log10_retention_tau_s,10.046882687511676,9.071558,9.994251,10.019353,False
Na8Ga2O7__NClOF4,log10_retention_tau_s,10.004494959625417,9.090172,9.985921,10.015813,True
KSnS4__Cd3SiO5,log10_retention_tau_s,10.000133945408184,8.635587,10.000952,10.033837,True
KSnS4__Cd3SiO5,log10_retention_tau_s,9.99132027533665,9.180486,10.010426,10.036067,True
KSnS4__Cd3SiO5,log10_retention_tau_s,10.01106414557221,8.558855,9.998881,10.032598,True
KSnS4__Cd3SiO5,log10_retention_tau_s,9.985174092037749,9.14487,10.011658,10.034097,True
SCl__K3Si6H6N11,log10_retention_tau_s,9.977350448002666,8.975115,9.992867,10.024146,True
SCl__K3Si6H6N11,log10_retention_tau_s,10.02352837212055,9.00156,9.999583,10.027108,True
SCl__K3Si6H6N11,log10_retention_tau_s,10.036400389118057,8.698494,9.996718,10.02801,False
SCl__K3Si6H6N11,log10_retention_tau_s,10.004675051669237,9.016634,9.996381,10.024182,True
LiInSiO4__TiI2O7,log10_retention_tau_s,10.036088240716193,9.058673,10.009992,10.047646,True
LiInSiO4__TiI2O7,log10_retention_tau_s,9.967097823001916,9.360799,10.0126295,10.037137,True
LiInSiO4__TiI2O7,log10_retention_tau_s,9.995063984751987,8.989462,10.010095,10.0377655,True
LiInSiO4__TiI2O7,log10_retention_tau_s,9.96945679858158,8.758765,10.003901,10.035391,True
K3TiCl6__CaAlH5,log10_retention_tau_s,10.00735350022037,8.48943,9.917862,10.017042,True
K3TiCl6__CaAlH5,log10_retention_tau_s,10.001207079842338,7.6912427,9.681167,9.938264,False
K3TiCl6__CaAlH5,log10_retention_tau_s,10.02882622995217,8.806818,9.913695,10.021943,False
K3TiCl6__CaAlH5,log10_retention_tau_s,10.022119812361852,8.756435,9.918632,10.019764,False
GeS__SnBr2,log10_retention_tau_s,4.8597437861912764,6.81881,9.254756,9.947983,False
GeS__SnBr2,log10_retention_tau_s,7.981690879269342,7.594664,9.41641,9.989718,True
GeS__SnBr2,log10_retention_tau_s,7.784147870496519,7.449317,9.41644,9.97647,True
GeS__SnBr2,log10_retention_tau_s,7.35673647118035,7.45414,9.41778,9.973363,False
Na5InS4__Ca3Ga2Si(SnO6)2,log10_retention_tau_s,5.050020445461813,5.969929,9.066479,9.175642,False
Na5InS4__Ca3Ga2Si(SnO6)2,log10_retention_tau_s,0.523939228940649,4.947677,8.916286,9.037072,False
Na5InS4__Ca3Ga2Si(SnO6)2,log10_retention_tau_s,5.419173769744816,6.0564013,9.08892,9.184299,False
Na5InS4__Ca3Ga2Si(SnO6)2,log10_retention_tau_s,0.1790052359132831,5.0834928,8.909092,9.03422,False
CdP14Pb__Sb2Te2O9,log10_retention_tau_s,9.964414867361366,8.869237,9.819699,9.999826,True
CdP14Pb__Sb2Te2O9,log10_retention_tau_s,9.987470472359105,8.21522,9.786594,10.001298,True
CdP14Pb__Sb2Te2O9,log10_retention_tau_s,9.998423369680312,8.376096,9.79379,9.990494,False
CdP14Pb__Sb2Te2O9,log10_retention_tau_s,9.990338593545713,8.145709,9.779906,9.996924,True
Na2Si2Se5__K4GeS4,log10_retention_tau_s,-4.052217596313943,-3.253238,-2.9256399,4.492552,False
Na2Si2Se5__K4GeS4,log10_retention_tau_s,-0.4097182194344641,-1.1027907,-0.3520168,5.78838,True
Na2Si2Se5__K4GeS4,log10_retention_tau_s,-4.024298786883207,-3.4694629,-2.9994628,4.3894105,False
Na2Si2Se5__K4GeS4,log10_retention_tau_s,-2.190558928569228,-2.6951487,-1.6857531,4.7450194,True
Ca(GaSe2)2__KAlSe2,log10_retention_tau_s,2.7131237773052015,6.841724,9.157149,9.461599,False
Ca(GaSe2)2__KAlSe2,log10_retention_tau_s,4.0823458827137244,6.950633,9.167477,9.52167,False
Ca(GaSe2)2__KAlSe2,log10_retention_tau_s,0.9105678574290313,6.4028764,9.152315,9.410943,False
Ca(GaSe2)2__KAlSe2,log10_retention_tau_s,5.831929321326489,7.039111,9.239562,9.569997,False
SiAs2__Na4SeO5,log10_retention_tau_s,-5.986129669906495,-3.8346732,-2.6791804,4.256392,False
SiAs2__Na4SeO5,log10_retention_tau_s,-4.700402968976852,-2.4347632,-1.6741225,4.420012,False
SiAs2__Na4SeO5,log10_retention_tau_s,-5.986056730338466,-3.4917967,-2.692657,4.2666273,False
SiAs2__Na4SeO5,log10_retention_tau_s,-5.970901876133283,-3.9024708,-2.8119314,4.2650304,False
K2CdO2__Cd2Te2O7,log10_retention_tau_s,10.003288457201194,8.87679,10.009178,10.042919,True
K2CdO2__Cd2Te2O7,log10_retention_tau_s,9.974230796986701,9.204193,10.016767,10.042919,True
K2CdO2__Cd2Te2O7,log10_retention_tau_s,9.994616382847635,9.218521,10.0171175,10.037406,True
K2CdO2__Cd2Te2O7,log10_retention_tau_s,10.01206649668514,9.223989,10.009686,10.043039,True
As2Pb8O13__TiCl4,log10_retention_tau_s,6.658350447668898,4.9776154,8.18329,8.261268,True
As2Pb8O13__TiCl4,log10_retention_tau_s,3.674149309278081,5.0138087,7.8537164,7.8979344,False
As2Pb8O13__TiCl4,log10_retention_tau_s,4.221354880205478,4.983381,7.912903,8.010767,False
As2Pb8O13__TiCl4,log10_retention_tau_s,2.4905839716552687,3.9862459,7.708084,7.8327713,False
Ca2BrN__Sn2(SO4)3,log10_retention_tau_s,5.542974109890434,7.1894474,8.641977,9.691082,False
Ca2BrN__Sn2(SO4)3,log10_retention_tau_s,6.982227313313979,7.859946,8.792518,9.700408,False
Ca2BrN__Sn2(SO4)3,log10_retention_tau_s,10.013892914161277,8.491682,9.013985,9.748465,False
Ca2BrN__Sn2(SO4)3,log10_retention_tau_s,8.620485472307484,8.347655,9.007866,9.727073,True
Al(TeCl2)2__NaP3(PbO3)4,log10_retention_tau_s,9.992805969325051,8.558744,9.990094,10.0147915,True
Al(TeCl2)2__NaP3(PbO3)4,log10_retention_tau_s,10.02511718937632,9.033445,9.995343,10.029381,True
Al(TeCl2)2__NaP3(PbO3)4,log10_retention_tau_s,9.995810242298667,8.706567,9.985204,10.022382,True
Al(TeCl2)2__NaP3(PbO3)4,log10_retention_tau_s,9.988468627897076,8.062746,9.986046,10.0187645,True
K3LiGe4__Li2GePbS4,log10_retention_tau_s,9.980241036626301,7.5164704,9.355887,9.555638,False
K3LiGe4__Li2GePbS4,log10_retention_tau_s,10.010800627466592,7.538965,9.259651,9.543007,False
K3LiGe4__Li2GePbS4,log10_retention_tau_s,9.983154452045204,7.087041,9.357861,9.535746,False
K3LiGe4__Li2GePbS4,log10_retention_tau_s,9.951108678919855,7.6463056,9.266093,9.550439,False
K2Ti2O5__CaGeO3,log10_retention_tau_s,-3.8726829066886825,-5.0632377,-2.333171,3.9125898,True
K2Ti2O5__CaGeO3,log10_retention_tau_s,0.05996585740275805,-2.2988377,0.5415779,5.0521064,True
K2Ti2O5__CaGeO3,log10_retention_tau_s,-3.365967619074752,-4.8261905,-2.0897934,3.9117863,True
K2Ti2O5__CaGeO3,log10_retention_tau_s,-2.9404698527620923,-4.704475,-1.6667762,3.9515002,True
CdSO4__TiSnP2SO12,log10_retention_tau_s,1.5597365075902696,3.9075837,6.0531616,6.774599,False
CdSO4__TiSnP2SO12,log10_retention_tau_s,3.933913134680381,4.822031,6.849368,7.7427135,False
CdSO4__TiSnP2SO12,log10_retention_tau_s,5.725953379149816,6.2450185,7.0497026,8.862525,False
CdSO4__TiSnP2SO12,log10_retention_tau_s,3.7057574261698263,4.820686,6.8287487,7.6621094,False
Te3As2__LiSb3O8,log10_retention_tau_s,7.136247944049682,-0.0076603834,6.498446,8.264857,True
Te3As2__LiSb3O8,log10_retention_tau_s,5.612496502436819,-0.9498393,6.415521,7.423031,True
Te3As2__LiSb3O8,log10_retention_tau_s,4.177577848559574,-1.8859631,6.2559524,6.7876096,True
Te3As2__LiSb3O8,log10_retention_tau_s,8.621758061108206,0.74000776,7.239244,8.474548,False
KZnP__Li10Zn4O9,log10_retention_tau_s,9.991973703113306,7.2434855,9.916092,9.968576,False
KZnP__Li10Zn4O9,log10_retention_tau_s,10.04167175977494,7.2487884,9.90094,10.002758,False
KZnP__Li10Zn4O9,log10_retention_tau_s,9.97028357982288,6.904974,9.915318,9.994547,True
KZnP__Li10Zn4O9,log10_retention_tau_s,10.013431535605259,7.4093513,9.976106,10.013697,True
K2ZnSe2__KH2(IO3)3,log10_retention_tau_s,10.00109208221467,9.033661,10.007953,10.037535,True
K2ZnSe2__KH2(IO3)3,log10_retention_tau_s,10.006746038423508,8.783891,9.998228,10.037248,True
K2ZnSe2__KH2(IO3)3,log10_retention_tau_s,9.979585492164846,8.748301,9.998043,10.038215,True
K2ZnSe2__KH2(IO3)3,log10_retention_tau_s,9.962568079980745,8.973594,10.012095,10.034357,True
PbSe2O5__TeO2,log10_retention_tau_s,9.52724906411331,8.828941,9.654685,10.010101,True
PbSe2O5__TeO2,log10_retention_tau_s,4.640348854164747,8.100314,9.477583,9.994436,False
PbSe2O5__TeO2,log10_retention_tau_s,7.475123753870573,8.650773,9.647614,10.004394,False
PbSe2O5__TeO2,log10_retention_tau_s,5.221125384342338,8.245475,9.478304,9.99711,False
BrF3__NaCa2IO6,log10_retention_tau_s,10.016413138754451,9.087697,9.988551,10.01791,True
BrF3__NaCa2IO6,log10_retention_tau_s,9.971175296438277,9.057028,9.983266,10.017811,True
BrF3__NaCa2IO6,log10_retention_tau_s,10.002118070647814,9.047361,9.977893,10.010916,True
BrF3__NaCa2IO6,log10_retention_tau_s,10.01667250927313,9.089824,9.994852,10.016709,True
PbS__GaP,log10_retention_tau_s,9.995411236532092,5.9125957,9.929863,10.012865,True
PbS__GaP,log10_retention_tau_s,10.036441945445508,6.1313763,9.954747,10.019889,False
PbS__GaP,log10_retention_tau_s,10.012420104606623,4.8772197,9.925514,10.0065,False
PbS__GaP,log10_retention_tau_s,9.97659993611638,6.1700964,9.953091,10.0213995,True
GaN__TePb5O8,log10_retention_tau_s,5.789559009315202,5.298213,7.8829083,9.456749,True
GaN__TePb5O8,log10_retention_tau_s,8.239152898746104,6.1184683,8.010895,9.501074,True
GaN__TePb5O8,log10_retention_tau_s,8.301776931722216,6.2609277,7.996985,9.51533,True
GaN__TePb5O8,log10_retention_tau_s,7.965376573095996,6.033527,8.010047,9.501604,True
K10In5Sb9__Na2In2SiS6,log10_retention_tau_s,9.973837261985498,7.697984,9.974945,10.01706,True
K10In5Sb9__Na2In2SiS6,log10_retention_tau_s,9.979926467930966,7.307952,9.932225,10.006968,True
K10In5Sb9__Na2In2SiS6,log10_retention_tau_s,10.052015751193924,7.380081,9.935148,10.007482,False
K10In5Sb9__Na2In2SiS6,log10_retention_tau_s,9.996223879293709,7.2665224,9.957187,9.994909,False
Li2ZnGeO4__CBP,log10_retention_tau_s,9.989713123746633,9.051772,9.986591,10.013322,True
Li2ZnGeO4__CBP,log10_retention_tau_s,10.013047563008428,9.097124,9.98913,10.016076,True
Li2ZnGeO4__CBP,log10_retention_tau_s,10.008093743670239,9.087947,9.988954,10.013156,True
Li2ZnGeO4__CBP,log10_retention_tau_s,9.994364467024482,9.055263,9.980424,10.010431,True
SiAs__Ca(H2N)2,log10_retention_tau_s,4.496934211822247,2.5808885,5.5361047,7.5288925,True
SiAs__Ca(H2N)2,log10_retention_tau_s,3.237098279265208,1.6939195,5.369092,6.963785,True
SiAs__Ca(H2N)2,log10_retention_tau_s,4.9455679815448415,2.4952638,5.5530615,8.094446,True
SiAs__Ca(H2N)2,log10_retention_tau_s,2.3088948858712115,1.5726656,5.3601246,6.5285416,True
K3P11__KF2,log10_retention_tau_s,9.976148811009663,9.070343,9.944474,10.016257,True
K3P11__KF2,log10_retention_tau_s,9.949078241855334,9.401289,9.971717,10.034264,True
K3P11__KF2,log10_retention_tau_s,9.949328029183022,9.008227,9.914663,9.997098,True
K3P11__KF2,log10_retention_tau_s,9.992613920311687,9.118586,9.991407,10.019728,True
K5Zn4Sn5H4S17N__Cd(InS2)2,log10_retention_tau_s,7.873970200751274,7.4217873,8.428661,8.902562,True
K5Zn4Sn5H4S17N__Cd(InS2)2,log10_retention_tau_s,6.507992045714642,7.0224476,7.413815,8.171368,False
K5Zn4Sn5H4S17N__Cd(InS2)2,log10_retention_tau_s,6.789532857337439,6.814782,7.4828606,8.185017,False
K5Zn4Sn5H4S17N__Cd(InS2)2,log10_retention_tau_s,8.268780769390116,7.4962726,8.440789,8.941019,True
KP15__K3Li3TeO6,log10_retention_tau_s,9.955981786551835,5.9341273,9.493639,9.917769,False
KP15__K3Li3TeO6,log10_retention_tau_s,5.433815367490148,4.916942,9.263903,9.852715,True
KP15__K3Li3TeO6,log10_retention_tau_s,9.99177155918379,5.9838843,9.584896,9.944707,False
KP15__K3Li3TeO6,log10_retention_tau_s,7.102710366756263,5.4299345,9.486001,9.873305,True
Cd(InSe2)2__TePCl9,log10_retention_tau_s,10.011029870755447,9.11755,10.006165,10.034268,True
Cd(InSe2)2__TePCl9,log10_retention_tau_s,10.002111724293096,9.117596,10.0045,10.0346575,True
Cd(InSe2)2__TePCl9,log10_retention_tau_s,10.006157185773816,9.123537,10.005055,10.0342865,True
Cd(InSe2)2__TePCl9,log10_retention_tau_s,9.969767592807086,9.11755,10.004124,10.033937,True
Na4TiP2O9__KGaI4,log10_retention_tau_s,8.106497057323294,7.5360827,9.049958,9.53404,True
Na4TiP2O9__KGaI4,log10_retention_tau_s,9.044498585065826,7.9518423,9.178484,9.66085,True
Na4TiP2O9__KGaI4,log10_retention_tau_s,5.379621671910452,6.269047,8.272301,8.347239,False
Na4TiP2O9__KGaI4,log10_retention_tau_s,7.345289926102802,7.3224154,8.432931,9.208309,True
Na2TeS3__LiIn(IO3)4,log10_retention_tau_s,1.0741280397265913,6.631225,9.140883,9.457718,False
Na2TeS3__LiIn(IO3)4,log10_retention_tau_s,6.293982360846764,7.0676513,9.22257,9.613563,False
Na2TeS3__LiIn(IO3)4,log10_retention_tau_s,1.097250543561698,6.570369,9.155034,9.497927,False
Na2TeS3__LiIn(IO3)4,log10_retention_tau_s,6.425615618369721,7.013595,9.223265,9.623157,False
LiZnP__TiSO5,log10_retention_tau_s,9.986413791159816,7.0075173,9.801245,9.967356,False
LiZnP__TiSO5,log10_retention_tau_s,9.993994504626997,8.584247,9.93053,9.969003,False
LiZnP__TiSO5,log10_retention_tau_s,9.959952487244927,8.283614,9.848438,9.960909,True
LiZnP__TiSO5,log10_retention_tau_s,9.985273820881533,7.1468997,9.79511,9.967283,False
Li3As__CdIn2O4,log10_retention_tau_s,4.86289527414551,5.5493655,8.101081,9.399925,False
Li3As__CdIn2O4,log10_retention_tau_s,1.9223413371828808,4.383626,7.9491343,9.385323,False
Li3As__CdIn2O4,log10_retention_tau_s,3.914956447507645,5.18862,7.9500656,9.392403,False
Li3As__CdIn2O4,log10_retention_tau_s,2.109105263573186,4.513073,7.9503093,9.387866,False
K14In4O13__Sn3(PO4)2,log10_retention_tau_s,9.991803681251245,8.987245,9.694914,10.019952,True
K14In4O13__Sn3(PO4)2,log10_retention_tau_s,9.939234567868565,9.063234,9.739586,10.030098,True
K14In4O13__Sn3(PO4)2,log10_retention_tau_s,9.990934030075515,8.971032,9.893919,10.019946,True
K14In4O13__Sn3(PO4)2,log10_retention_tau_s,9.965945150384327,9.002716,9.709751,10.017624,True
InSb3F18__NPB,log10_retention_tau_s,10.002376286485296,9.066573,9.996492,10.0201645,True
InSb3F18__NPB,log10_retention_tau_s,9.981273042850633,9.392413,9.994626,10.019475,True
InSb3F18__NPB,log10_retention_tau_s,10.034350843490959,8.936576,9.997811,10.025445,False
InSb3F18__NPB,log10_retention_tau_s,10.004472278402442,9.3604,9.994649,10.02111,True
NaCa2IO6__Na2Ti2Si2O9,log10_retention_tau_s,-0.5719046955365117,0.37428856,0.5490519,4.7326784,False
NaCa2IO6__Na2Ti2Si2O9,log10_retention_tau_s,-2.783876593493504,-1.5417973,-0.8779426,4.2619615,False
NaCa2IO6__Na2Ti2Si2O9,log10_retention_tau_s,0.8485893771783505,0.8320263,1.2262547,5.5960875,True
NaCa2IO6__Na2Ti2Si2O9,log10_retention_tau_s,-0.8380464988183729,-0.41415536,0.4333709,4.630819,False
K3Na2InO4__K3SbSe3,log10_retention_tau_s,3.50905398302018,3.2681556,7.389258,8.399591,True
K3Na2InO4__K3SbSe3,log10_retention_tau_s,4.299700332207813,3.5741637,7.514446,8.419553,True
K3Na2InO4__K3SbSe3,log10_retention_tau_s,4.735908276059545,4.0468664,7.5725594,8.431967,True
K3Na2InO4__K3SbSe3,log10_retention_tau_s,2.144462019676401,2.627607,7.1769257,8.392368,False
Cd(GaSe2)2__Na4TiP2O9,log10_retention_tau_s,8.952135917560696,7.9540386,9.99391,10.020332,True
Cd(GaSe2)2__Na4TiP2O9,log10_retention_tau_s,3.753136714581798,6.970484,9.883825,9.995506,False
Cd(GaSe2)2__Na4TiP2O9,log10_retention_tau_s,6.681779443179681,7.6492367,9.920695,10.009957,False
Cd(GaSe2)2__Na4TiP2O9,log10_retention_tau_s,7.03715849979869,8.006203,9.949495,10.019173,False
Na5GeP3__SnS,log10_retention_tau_s,10.004905175462833,9.071114,10.021034,10.022324,True
Na5GeP3__SnS,log10_retention_tau_s,5.634140543196049,8.235384,9.947099,10.004276,False
Na5GeP3__SnS,log10_retention_tau_s,7.14875132608533,8.320872,9.899927,9.9946375,False
Na5GeP3__SnS,log10_retention_tau_s,9.998797108277133,8.800764,9.977572,10.008887,True
K2PbO2__K4SiO4,log10_retention_tau_s,4.7612484546804215,6.1051617,9.476025,9.867016,False
K2PbO2__K4SiO4,log10_retention_tau_s,5.4041159883306165,6.120849,9.514301,9.866843,False
K2PbO2__K4SiO4,log10_retention_tau_s,7.357227101137634,6.829855,9.605065,9.886034,True
K2PbO2__K4SiO4,log10_retention_tau_s,6.266483955421526,6.532589,9.590166,9.885619,False
CdTe__Na2S5,log10_retention_tau_s,10.017055710986607,5.5279264,9.929571,10.009963,False
CdTe__Na2S5,log10_retention_tau_s,10.031777338825963,5.5278244,9.933234,10.009748,False
CdTe__Na2S5,log10_retention_tau_s,9.965259669341577,5.145626,9.921269,10.013596,True
CdTe__Na2S5,log10_retention_tau_s,9.993169910509815,5.5496564,9.950678,10.013798,True
KGe__K6Se2O9,log10_retention_tau_s,9.98334652039344,9.101364,9.990253,10.035858,True
KGe__K6Se2O9,log10_retention_tau_s,9.978986448300024,9.087554,9.9866295,10.03576,True
KGe__K6Se2O9,log10_retention_tau_s,9.98424949032735,9.059068,9.969368,10.03839,True
KGe__K6Se2O9,log10_retention_tau_s,9.97554310047918,9.031463,9.913897,10.038035,True
In4SnS4__CaGeO3,log10_retention_tau_s,10.0175946965625,9.132749,9.922991,10.001147,False
In4SnS4__CaGeO3,log10_retention_tau_s,9.996564139104613,9.113354,9.991201,10.014019,True
In4SnS4__CaGeO3,log10_retention_tau_s,9.995403312379608,9.269344,9.982276,10.02447,True
In4SnS4__CaGeO3,log10_retention_tau_s,10.019114032239022,8.857874,9.922406,9.994759,False
K2NaInSb2__Na2Zn2O3,log10_retention_tau_s,9.967390265158244,9.077506,10.021331,10.03412,True
K2NaInSb2__Na2Zn2O3,log10_retention_tau_s,10.005622313299176,9.113147,10.024099,10.037896,True
K2NaInSb2__Na2Zn2O3,log10_retention_tau_s,9.998857882212304,9.050533,9.9815235,10.035727,True
K2NaInSb2__Na2Zn2O3,log10_retention_tau_s,9.967327969024252,9.098038,10.020939,10.033488,True
Na6GaAs3__Na2TiS2O,log10_retention_tau_s,10.007375820273554,7.378492,9.962464,10.023245,True
Na6GaAs3__Na2TiS2O,log10_retention_tau_s,9.971659895407896,7.6352587,9.916802,10.006225,True
Na6GaAs3__Na2TiS2O,log10_retention_tau_s,9.992471082671184,7.6682124,9.975496,10.020802,True
Na6GaAs3__Na2TiS2O,log10_retention_tau_s,9.973707985159608,7.5107207,9.938944,10.020371,True
K2Ge2Se5__AlH3,log10_retention_tau_s,6.2574552139856605,6.0997777,7.9528856,9.501922,True
K2Ge2Se5__AlH3,log10_retention_tau_s,5.618901895912316,5.678091,7.9464393,9.503656,False
K2Ge2Se5__AlH3,log10_retention_tau_s,5.318951694594132,5.5531764,7.962191,9.517444,False
K2Ge2Se5__AlH3,log10_retention_tau_s,7.000293680204364,6.374658,8.091976,9.514784,True
P3NCl12__Ga2PbS4,log10_retention_tau_s,9.994275083075058,9.100575,9.987243,10.019748,True
P3NCl12__Ga2PbS4,log10_retention_tau_s,10.005755841873441,9.096736,9.993405,10.023,True
P3NCl12__Ga2PbS4,log10_retention_tau_s,10.033588714386534,9.051795,9.994304,10.0225315,False
P3NCl12__Ga2PbS4,log10_retention_tau_s,10.030623730491019,9.09611,9.993775,10.021139,False
InSiTe3__K(GeAs)3,log10_retention_tau_s,-1.870297879865665,-1.371781,4.7521367,5.77876,False
InSiTe3__K(GeAs)3,log10_retention_tau_s,-2.1457820468247464,-1.7913532,4.776832,5.6559925,False
InSiTe3__K(GeAs)3,log10_retention_tau_s,-0.5704953723138919,-1.2238714,4.7695546,6.3598304,True
InSiTe3__K(GeAs)3,log10_retention_tau_s,2.387992090822961,0.7244682,5.680006,8.076304,True
Li2TeO4__Na4As2O7,log10_retention_tau_s,2.9062803022826675,1.5083102,5.5764875,7.2780037,True
Li2TeO4__Na4As2O7,log10_retention_tau_s,3.7447791667115413,1.8480601,6.282761,7.5132146,True
Li2TeO4__Na4As2O7,log10_retention_tau_s,0.144137157596288,-0.47899315,5.2494745,5.7913074,True
Li2TeO4__Na4As2O7,log10_retention_tau_s,2.504556750023008,0.7061668,5.527051,7.142252,True
K2GeTe4__Na2CaSn2(GeO4)3,log10_retention_tau_s,5.147338035309779,3.2434409,7.3222246,8.009917,True
K2GeTe4__Na2CaSn2(GeO4)3,log10_retention_tau_s,-1.0670774779539196,1.6105739,6.4222703,6.97003,False
K2GeTe4__Na2CaSn2(GeO4)3,log10_retention_tau_s,4.589572193900942,3.2389076,7.3195415,8.027414,True
K2GeTe4__Na2CaSn2(GeO4)3,log10_retention_tau_s,0.24283588751917332,2.0155234,6.4266434,7.1589823,False
K6Si2S6O__Na3H5(SeO4)4,log10_retention_tau_s,3.4073277574746075,4.767533,7.9524474,9.461244,False
K6Si2S6O__Na3H5(SeO4)4,log10_retention_tau_s,4.510791015120379,5.557764,7.925043,9.467324,False
K6Si2S6O__Na3H5(SeO4)4,log10_retention_tau_s,7.666420114689763,6.6965685,8.245249,9.515801,True
K6Si2S6O__Na3H5(SeO4)4,log10_retention_tau_s,2.0315407583464093,4.5982866,7.9324865,9.469354,False
Zn2(PS3)3__LiTi2(PO4)3,log10_retention_tau_s,6.946695423495008,4.185768,9.383403,9.891795,True
Zn2(PS3)3__LiTi2(PO4)3,log10_retention_tau_s,7.308930583523962,4.389079,9.321753,9.92458,True
Zn2(PS3)3__LiTi2(PO4)3,log10_retention_tau_s,9.99496000124613,7.159583,9.996436,10.032076,True
Zn2(PS3)3__LiTi2(PO4)3,log10_retention_tau_s,8.790514266473302,5.4408593,9.590137,9.978478,True
SbCl5__Li2Te,log10_retention_tau_s,9.987509159480485,9.058457,9.98977,10.017428,True
SbCl5__Li2Te,log10_retention_tau_s,10.017015106682454,9.098013,9.995841,10.027395,True
SbCl5__Li2Te,log10_retention_tau_s,10.010919350050912,9.094829,9.993108,10.022521,True
SbCl5__Li2Te,log10_retention_tau_s,9.994493593092917,9.100036,9.990773,10.021496,True
PICl6__K2SbCl5,log10_retention_tau_s,10.028205737419265,9.210251,9.993259,10.02331,False
PICl6__K2SbCl5,log10_retention_tau_s,9.987132002796931,8.7766285,9.990953,10.019041,True
PICl6__K2SbCl5,log10_retention_tau_s,10.054182376750015,8.955494,9.991804,10.021026,False
PICl6__K2SbCl5,log10_retention_tau_s,9.996567774999516,9.076306,9.984198,10.022393,True
K3SbSe3__Te2O3F2,log10_retention_tau_s,10.017939016142794,9.097995,9.981966,10.010901,False
K3SbSe3__Te2O3F2,log10_retention_tau_s,9.98486767488224,9.052609,9.987182,10.019071,True
K3SbSe3__Te2O3F2,log10_retention_tau_s,9.976694000206484,9.039886,9.9891405,10.010701,True
K3SbSe3__Te2O3F2,log10_retention_tau_s,10.023551762196256,9.066827,9.984493,10.012149,False
K2LiGaAs2__Sb2O5,log10_retention_tau_s,10.012852393530508,9.019585,10.007134,10.039678,True
K2LiGaAs2__Sb2O5,log10_retention_tau_s,9.99568204973039,9.044191,9.989082,10.014305,True
K2LiGaAs2__Sb2O5,log10_retention_tau_s,10.001996361809018,9.092993,9.99096,10.018138,True
K2LiGaAs2__Sb2O5,log10_retention_tau_s,10.015493101299658,9.052153,9.993271,10.019569,True
AlI3__NaAlI4,log10_retention_tau_s,1.4241478116534763,0.79080755,5.5336895,6.2647877,True
AlI3__NaAlI4,log10_retention_tau_s,7.118894914275258,3.7814302,6.769451,9.559536,True
AlI3__NaAlI4,log10_retention_tau_s,4.146911228516849,2.215978,5.6884184,8.314118,True
AlI3__NaAlI4,log10_retention_tau_s,7.604608642565885,3.61309,6.822547,9.507994,True
GeS__NaHO,log10_retention_tau_s,7.03964089928764,7.8113847,9.823285,9.9955635,False
GeS__NaHO,log10_retention_tau_s,6.874270703862004,7.831598,9.815797,9.990382,False
GeS__NaHO,log10_retention_tau_s,8.436840053165412,7.9126763,9.880573,10.005375,True
GeS__NaHO,log10_retention_tau_s,8.997929014932721,8.148074,9.907744,10.027148,True
Na2CaTi2(GeO4)3__KCd6P7O24,log10_retention_tau_s,6.94899643635472,6.679485,9.229359,9.545548,True
Na2CaTi2(GeO4)3__KCd6P7O24,log10_retention_tau_s,8.82423646771766,7.587748,9.264803,9.54409,True
Na2CaTi2(GeO4)3__KCd6P7O24,log10_retention_tau_s,6.24336743637184,6.3768845,9.216243,9.536537,False
Na2CaTi2(GeO4)3__KCd6P7O24,log10_retention_tau_s,10.023140234045671,8.424299,9.433914,9.577038,False
Na3TiF8__HS2IO8,log10_retention_tau_s,9.996132802026771,9.146838,9.999261,10.02923,True
Na3TiF8__HS2IO8,log10_retention_tau_s,10.004768232769896,9.108505,10.002333,10.033001,True
Na3TiF8__HS2IO8,log10_retention_tau_s,9.961821305079345,9.125341,10.001813,10.030978,True
Na3TiF8__HS2IO8,log10_retention_tau_s,10.00423526127522,9.144991,10.0030985,10.030234,True
K(TeO3)2__Ge(PbS2)2,log10_retention_tau_s,1.5947591172031774,3.4934297,7.6535883,7.6899953,False
K(TeO3)2__Ge(PbS2)2,log10_retention_tau_s,1.4956109421455688,3.5058591,7.5625753,7.680468,False
K(TeO3)2__Ge(PbS2)2,log10_retention_tau_s,1.7091583213411297,2.7989507,7.6527033,7.6897016,False
K(TeO3)2__Ge(PbS2)2,log10_retention_tau_s,3.4299876433239302,4.3848367,7.7551794,7.757519,False
Na2TeO4__PSe,log10_retention_tau_s,7.6985989762359885,7.182502,8.295068,9.469581,True
Na2TeO4__PSe,log10_retention_tau_s,7.034930012356718,6.8151374,8.321793,9.479259,True
Na2TeO4__PSe,log10_retention_tau_s,9.988507167814115,7.947713,8.577673,9.502635,False
Na2TeO4__PSe,log10_retention_tau_s,6.238270170516417,6.5499673,8.3101425,9.469906,False
K2Zn(SnSe3)2__Al2PbS4,log10_retention_tau_s,6.024419472230157,6.646822,9.167962,9.265861,False
K2Zn(SnSe3)2__Al2PbS4,log10_retention_tau_s,4.382243950485011,6.2691836,9.085716,9.138223,False
K2Zn(SnSe3)2__Al2PbS4,log10_retention_tau_s,3.16042882582544,5.5738997,9.075199,9.090222,False
K2Zn(SnSe3)2__Al2PbS4,log10_retention_tau_s,4.982392904877444,6.236923,9.107734,9.156465,False
LiNO3__Ca5(IO6)2,log10_retention_tau_s,7.969456559683426,6.8169785,8.129457,9.539261,True
LiNO3__Ca5(IO6)2,log10_retention_tau_s,5.685351071034743,6.029619,7.074818,9.080192,False
LiNO3__Ca5(IO6)2,log10_retention_tau_s,6.844551430224897,6.5845823,7.351,9.41232,True
LiNO3__Ca5(IO6)2,log10_retention_tau_s,5.218221757272027,5.7817593,7.0571494,8.555319,False
Ca5(IO6)2__K3In(IO3)6,log10_retention_tau_s,0.3199641919779279,-2.8102434,5.0531793,5.269951,True
Ca5(IO6)2__K3In(IO3)6,log10_retention_tau_s,2.2422055026633805,-2.506685,5.288853,5.7966356,True
Ca5(IO6)2__K3In(IO3)6,log10_retention_tau_s,3.2523834816682493,-1.9881546,5.454473,6.2993894,True
Ca5(IO6)2__K3In(IO3)6,log10_retention_tau_s,4.526611925717006,-1.0742706,5.5160656,6.9319897,True
KAlTe2__PTCDA,log10_retention_tau_s,10.009347817027498,9.084298,9.990668,10.01885,True
KAlTe2__PTCDA,log10_retention_tau_s,9.977672558149461,9.045167,9.992372,10.022238,True
KAlTe2__PTCDA,log10_retention_tau_s,10.01425232197455,9.047755,9.991542,10.023965,True
KAlTe2__PTCDA,log10_retention_tau_s,10.033600764728455,9.074473,9.984241,10.013109,False
K(TeO3)2__ClF5,log10_retention_tau_s,10.023784981892158,9.09706,9.987088,10.015262,False
K(TeO3)2__ClF5,log10_retention_tau_s,10.002310706438742,9.07802,9.988274,10.015054,True
K(TeO3)2__ClF5,log10_retention_tau_s,9.986148893830958,9.08234,9.988014,10.0152235,True
K(TeO3)2__ClF5,log10_retention_tau_s,10.009905649394748,9.094016,9.986708,10.011886,True
TiP2PbO8__Cd(NO3)2,log10_retention_tau_s,9.961855030571162,8.331733,10.010129,10.037191,True
TiP2PbO8__Cd(NO3)2,log10_retention_tau_s,10.007330247701045,9.043061,10.027135,10.072879,True
TiP2PbO8__Cd(NO3)2,log10_retention_tau_s,9.993671340900235,9.06582,10.0400305,10.071798,True
TiP2PbO8__Cd(NO3)2,log10_retention_tau_s,10.014783384626941,8.757506,10.012761,10.04041,True
K3SbO4__NOF,log10_retention_tau_s,10.005223669753624,9.087357,9.987875,10.007974,True
K3SbO4__NOF,log10_retention_tau_s,9.960305587327463,9.096785,9.979013,10.011573,True
K3SbO4__NOF,log10_retention_tau_s,10.036811459692318,9.060838,9.989189,10.014935,False
K3SbO4__NOF,log10_retention_tau_s,10.005261330323592,9.076811,9.9899845,10.018194,True
K14In4O13__ZnO,log10_retention_tau_s,9.953960796466363,9.093685,10.003536,10.032376,True
K14In4O13__ZnO,log10_retention_tau_s,9.984903341952785,9.085841,10.002435,10.027014,True
K14In4O13__ZnO,log10_retention_tau_s,10.017377460319814,9.054802,10.001725,10.03227,True
K14In4O13__ZnO,log10_retention_tau_s,9.9869663895162,9.086811,10.005349,10.0340605,True
LiCaP__NaTi2(AsO4)3,log10_retention_tau_s,9.960579928249832,8.372241,9.998384,10.02031,True
LiCaP__NaTi2(AsO4)3,log10_retention_tau_s,9.990904723158357,8.722369,9.999675,10.016371,True
LiCaP__NaTi2(AsO4)3,log10_retention_tau_s,10.031984372517698,8.763288,10.006029,10.023165,False
LiCaP__NaTi2(AsO4)3,log10_retention_tau_s,10.000177959221173,8.799516,10.006645,10.023697,True
Na4Si2PbSe6__S3(NO7)2,log10_retention_tau_s,10.018906352114639,9.089918,9.99428,10.017368,False
Na4Si2PbSe6__S3(NO7)2,log10_retention_tau_s,9.98210874111006,9.082013,9.989947,10.016891,True
Na4Si2PbSe6__S3(NO7)2,log10_retention_tau_s,10.00926813490819,9.082458,9.992289,10.0181675,True
Na4Si2PbSe6__S3(NO7)2,log10_retention_tau_s,9.995006100482549,9.037746,9.994131,10.017796,True
Li7PSe6__CdI2,log10_retention_tau_s,9.301278709052019,6.3329325,9.935842,10.003033,True
Li7PSe6__CdI2,log10_retention_tau_s,10.018457758760585,7.696954,9.998143,10.030058,True
Li7PSe6__CdI2,log10_retention_tau_s,9.996590941660662,6.453457,9.964423,10.0211935,True
Li7PSe6__CdI2,log10_retention_tau_s,10.038869378209405,7.0751724,9.994527,10.024473,False
K2CdGeO4__Na3In(PO4)2,log10_retention_tau_s,0.5135829131824883,2.7028227,5.3989387,6.566373,False
K2CdGeO4__Na3In(PO4)2,log10_retention_tau_s,-0.941664053562038,2.1298423,5.1359315,5.452915,False
K2CdGeO4__Na3In(PO4)2,log10_retention_tau_s,1.755885496193837,2.7714982,6.077057,7.046051,False
K2CdGeO4__Na3In(PO4)2,log10_retention_tau_s,-3.2387244132286828,1.4984984,4.5820975,5.1050234,False
Al(IO3)3__NPB,log10_retention_tau_s,9.992523219549302,8.85491,9.971204,10.025572,True
Al(IO3)3__NPB,log10_retention_tau_s,9.993342834604308,9.289599,10.001348,10.024938,True
Al(IO3)3__NPB,log10_retention_tau_s,9.995580080987757,9.375654,10.001102,10.025399,True
Al(IO3)3__NPB,log10_retention_tau_s,10.014737314717358,9.077702,9.996924,10.022334,True
As(BrF2)3__KSn2Cl5,log10_retention_tau_s,10.025021633910924,9.111536,9.998363,10.025205,True
As(BrF2)3__KSn2Cl5,log10_retention_tau_s,9.995605283497001,9.109966,10.006995,10.027025,True
As(BrF2)3__KSn2Cl5,log10_retention_tau_s,10.007790217324011,9.022888,9.989325,10.020282,True
As(BrF2)3__KSn2Cl5,log10_retention_tau_s,10.04782854742304,9.103832,9.987586,10.019864,False
Ca3PN__Ca3AlN3,log10_retention_tau_s,10.010062777628274,6.637288,9.998569,10.026332,True
Ca3PN__Ca3AlN3,log10_retention_tau_s,10.031687898208839,5.7942076,9.976152,10.016856,False
Ca3PN__Ca3AlN3,log10_retention_tau_s,9.994720792743072,5.9632616,9.958986,10.016257,True
Ca3PN__Ca3AlN3,log10_retention_tau_s,10.01537463120773,6.472002,10.003296,10.029357,True
K2CdSiO4__KGaO2,log10_retention_tau_s,2.0406677106527433,-1.9435264,5.2916007,6.5236654,True
K2CdSiO4__KGaO2,log10_retention_tau_s,5.430290115781743,0.2776141,5.749313,8.2188225,True
K2CdSiO4__KGaO2,log10_retention_tau_s,2.8864352475827357,-1.1249866,5.420915,7.018612,True
K2CdSiO4__KGaO2,log10_retention_tau_s,0.7535629098793016,-2.1709862,5.2886806,6.0586543,True
CdP14Pb__K4Ti3S14,log10_retention_tau_s,8.629780935858003,7.876877,9.150878,9.56902,True
CdP14Pb__K4Ti3S14,log10_retention_tau_s,3.0820498396098603,5.3132586,6.5177584,8.237548,False
CdP14Pb__K4Ti3S14,log10_retention_tau_s,5.58056649201224,6.571712,8.279061,8.33336,False
CdP14Pb__K4Ti3S14,log10_retention_tau_s,8.45385208445422,7.5720763,9.1531,9.474444,True
K2NaInAs2__NaSi,log10_retention_tau_s,5.330814013000087,4.1851315,8.537328,9.02326,True
K2NaInAs2__NaSi,log10_retention_tau_s,5.591302089997655,3.8042881,8.598027,9.022722,True
K2NaInAs2__NaSi,log10_retention_tau_s,2.591722594913293,3.0533028,8.266109,8.873781,False
K2NaInAs2__NaSi,log10_retention_tau_s,1.0550274460448545,2.488826,8.103975,8.867142,False
GeSe2__NaAsS2,log10_retention_tau_s,2.545006541070417,4.2634583,6.351846,8.42078,False
GeSe2__NaAsS2,log10_retention_tau_s,5.323663560626172,5.5885363,7.293777,9.557474,False
GeSe2__NaAsS2,log10_retention_tau_s,2.7196550893198843,4.1848063,6.3728275,8.479885,False
GeSe2__NaAsS2,log10_retention_tau_s,1.518599941649574,3.721068,6.219385,7.972319,False
Te3As2__Ca3AsCl3,log10_retention_tau_s,10.01868625039941,4.871478,9.290419,9.970191,False
Te3As2__Ca3AsCl3,log10_retention_tau_s,10.031097788519391,5.341591,9.939182,10.015091,False
Te3As2__Ca3AsCl3,log10_retention_tau_s,10.011518825924847,4.8933663,9.925492,10.005411,False
Te3As2__Ca3AsCl3,log10_retention_tau_s,9.99888671743612,4.969379,9.935728,10.009856,True
Ca2ZnN2__K6Ge2O7,log10_retention_tau_s,10.00370890491744,8.852999,9.984864,10.018255,True
Ca2ZnN2__K6Ge2O7,log10_retention_tau_s,9.98305961073625,8.651963,9.979691,10.017876,True
Ca2ZnN2__K6Ge2O7,log10_retention_tau_s,9.98683384809564,9.109049,10.004432,10.028318,True
Ca2ZnN2__K6Ge2O7,log10_retention_tau_s,10.01927573691357,8.95104,9.983855,10.023655,True
K2Se5__Na2SnO2,log10_retention_tau_s,9.991621493783514,5.9966984,9.840892,9.984959,False
K2Se5__Na2SnO2,log10_retention_tau_s,10.014329143924327,7.144282,9.920118,10.015657,True
K2Se5__Na2SnO2,log10_retention_tau_s,9.982197719060363,6.1222944,9.864393,10.011283,True
K2Se5__Na2SnO2,log10_retention_tau_s,9.984697849100739,7.4939184,9.915345,9.99936,True
NaAs__PbBr2,log10_retention_tau_s,9.983322335307891,6.7496567,9.895013,9.935229,False
NaAs__PbBr2,log10_retention_tau_s,10.015191243845376,6.6068645,9.888872,9.97016,False
NaAs__PbBr2,log10_retention_tau_s,10.008604860398368,6.891056,9.908601,9.977071,False
NaAs__PbBr2,log10_retention_tau_s,9.973660689787893,8.360578,9.964805,9.999869,True
Ca(ZnP)2__SbI3Cl8,log10_retention_tau_s,9.98449377547997,9.089899,9.99518,10.021809,True
Ca(ZnP)2__SbI3Cl8,log10_retention_tau_s,10.016238440840919,9.052228,9.994821,10.017985,True
Ca(ZnP)2__SbI3Cl8,log10_retention_tau_s,9.983240955488315,9.025956,9.997716,10.024687,True
Ca(ZnP)2__SbI3Cl8,log10_retention_tau_s,10.032538027091913,9.059013,9.998163,10.02079,False
Li2ZnGeS4__Li2P7(H3N)9,log10_retention_tau_s,9.9886953061418,9.062061,9.998574,10.016153,True
Li2ZnGeS4__Li2P7(H3N)9,log10_retention_tau_s,7.558107903778017,8.585883,9.957728,10.012025,False
Li2ZnGeS4__Li2P7(H3N)9,log10_retention_tau_s,6.662312986301304,8.505779,9.919729,10.0092945,False
Li2ZnGeS4__Li2P7(H3N)9,log10_retention_tau_s,9.504173513204417,8.971804,9.979454,10.016377,True
AsClF8__Ca3(SiAs2)2,log10_retention_tau_s,10.040818506625918,9.08019,9.978573,10.013558,False
AsClF8__Ca3(SiAs2)2,log10_retention_tau_s,9.984492040116423,9.040084,9.993644,10.018307,True
AsClF8__Ca3(SiAs2)2,log10_retention_tau_s,10.017723067887308,9.059915,10.003905,10.021528,True
AsClF8__Ca3(SiAs2)2,log10_retention_tau_s,10.021178372662554,9.034834,9.988661,10.017007,False
LiCaGaN2__In3SnI5,log10_retention_tau_s,9.002026725185162,8.710818,9.661655,9.986388,True
LiCaGaN2__In3SnI5,log10_retention_tau_s,9.911855167096638,8.727441,9.693169,9.998042,True
LiCaGaN2__In3SnI5,log10_retention_tau_s,4.726941865998746,7.983202,9.374712,9.966289,False
LiCaGaN2__In3SnI5,log10_retention_tau_s,8.201073851269616,8.579552,9.58919,9.9396305,False
K2PS3__NaCdF3,log10_retention_tau_s,5.464252688641704,4.6553035,7.735222,9.4556875,True
K2PS3__NaCdF3,log10_retention_tau_s,4.507984001750205,4.475673,7.734445,9.459132,True
K2PS3__NaCdF3,log10_retention_tau_s,7.208137642890208,5.292715,7.874841,9.468689,True
K2PS3__NaCdF3,log10_retention_tau_s,5.600349649915228,4.5209265,7.7330422,9.444755,True
Ga2Te2Cl7__KSb(PSe3)2,log10_retention_tau_s,8.59894401017555,5.336236,9.089323,9.773087,True
Ga2Te2Cl7__KSb(PSe3)2,log10_retention_tau_s,7.237318382327341,4.8887773,8.618151,9.671014,True
Ga2Te2Cl7__KSb(PSe3)2,log10_retention_tau_s,9.636610166213014,5.6512346,9.671693,9.803149,True
Ga2Te2Cl7__KSb(PSe3)2,log10_retention_tau_s,8.359019721756324,5.3160934,9.0131855,9.765082,True
K4Ge(PSe3)4__Ge(PbS2)2,log10_retention_tau_s,2.323107819519545,3.4315639,8.753839,9.762033,False
K4Ge(PSe3)4__Ge(PbS2)2,log10_retention_tau_s,6.031225682469515,4.6643987,9.012887,9.850186,True
K4Ge(PSe3)4__Ge(PbS2)2,log10_retention_tau_s,6.841408299732959,5.054926,9.09312,9.820785,True
K4Ge(PSe3)4__Ge(PbS2)2,log10_retention_tau_s,4.18200108578884,4.036123,8.957798,9.771705,True
Cd3(PO4)2__CdH3NO5,log10_retention_tau_s,9.121060602796708,6.49771,9.647142,10.0347185,True
Cd3(PO4)2__CdH3NO5,log10_retention_tau_s,9.971109607096999,7.703878,9.660673,10.033761,True
Cd3(PO4)2__CdH3NO5,log10_retention_tau_s,10.010920774399674,8.104506,9.70737,9.97946,False
Cd3(PO4)2__CdH3NO5,log10_retention_tau_s,10.001855629227187,7.4671273,9.710612,10.042953,True
AsClOF8__PbBr2,log10_retention_tau_s,9.978071786388305,8.962777,9.998948,10.026032,True
AsClOF8__PbBr2,log10_retention_tau_s,10.010942047646607,8.986966,10.004027,10.032543,True
AsClOF8__PbBr2,log10_retention_tau_s,10.008855632497696,8.930631,10.002781,10.030398,True
AsClOF8__PbBr2,log10_retention_tau_s,10.01738266330934,8.737958,9.995342,10.02937,True
CdPS3__K8Ti5P2(O4F11)2,log10_retention_tau_s,8.160806874657505,3.0874135,7.273962,8.415235,True
CdPS3__K8Ti5P2(O4F11)2,log10_retention_tau_s,7.990847793487643,3.1078844,7.229904,8.392616,True
CdPS3__K8Ti5P2(O4F11)2,log10_retention_tau_s,2.7583475974635023,1.4619517,6.0650096,6.070585,True
CdPS3__K8Ti5P2(O4F11)2,log10_retention_tau_s,7.754988285776553,3.1031222,7.1723332,8.376613,True
CdSe2__Si,log10_retention_tau_s,-1.0523041593929308,-1.0006933,-0.45109507,5.6165166,False
CdSe2__Si,log10_retention_tau_s,-0.8564598030689619,-1.0385419,-0.4480097,5.6518574,True
CdSe2__Si,log10_retention_tau_s,-1.0810570576211886,-0.90639937,-0.4599117,5.6177216,False
CdSe2__Si,log10_retention_tau_s,-5.98660141515912,-4.6010733,-4.501811,4.1994205,False
TiZn(SO4)3__ZnCN2,log10_retention_tau_s,9.989998294255356,6.924097,9.980255,9.997719,True
TiZn(SO4)3__ZnCN2,log10_retention_tau_s,9.996161859499994,7.2615867,9.983688,10.021882,True
TiZn(SO4)3__ZnCN2,log10_retention_tau_s,10.031881967929213,6.9866657,9.978815,10.027484,False
TiZn(SO4)3__ZnCN2,log10_retention_tau_s,10.008727943938057,6.946063,9.98889,9.991131,False
Zn(GaS2)2__SeCl4,log10_retention_tau_s,10.023060193101399,9.057593,9.995389,10.022385,False
Zn(GaS2)2__SeCl4,log10_retention_tau_s,9.999860748232903,8.867969,9.999563,10.022275,True
Zn(GaS2)2__SeCl4,log10_retention_tau_s,10.024548369818916,9.058831,9.994898,10.024859,True
Zn(GaS2)2__SeCl4,log10_retention_tau_s,10.022316884612005,8.725591,9.994551,10.033273,True
KBrF4__ClF5,log10_retention_tau_s,9.99871827967658,9.090946,9.988343,10.0121155,True
KBrF4__ClF5,log10_retention_tau_s,9.988107021099383,9.089879,9.983749,10.010013,True
KBrF4__ClF5,log10_retention_tau_s,10.019495817771292,9.064806,9.990555,10.015692,False
KBrF4__ClF5,log10_retention_tau_s,9.988860303023541,9.09824,9.999831,10.024641,True
Al2CdTe4__Li4GeS4,log10_retention_tau_s,3.0742946172842855,6.687256,9.8504305,10.0083685,False
Al2CdTe4__Li4GeS4,log10_retention_tau_s,7.374803146216081,7.542865,9.92746,10.023481,False
Al2CdTe4__Li4GeS4,log10_retention_tau_s,7.259219703368138,7.547163,9.927746,10.023872,False
Al2CdTe4__Li4GeS4,log10_retention_tau_s,3.3581434386102575,6.891497,9.845806,10.007834,False
NaAlSe2__Li2TiTeO6,log10_retention_tau_s,6.047757311610834,7.2778506,8.979599,9.691579,False
NaAlSe2__Li2TiTeO6,log10_retention_tau_s,5.893794129354138,7.252346,8.981817,9.680356,False
NaAlSe2__Li2TiTeO6,log10_retention_tau_s,2.4268892719047033,5.8788924,8.749007,9.655087,False
NaAlSe2__Li2TiTeO6,log10_retention_tau_s,7.240127650611822,7.4843144,8.990112,9.699545,False
K3GaO3__PbSe2O5,log10_retention_tau_s,9.96577531438625,9.346821,10.012577,10.038284,True
K3GaO3__PbSe2O5,log10_retention_tau_s,10.020086697341137,9.048821,10.010702,10.035993,True
K3GaO3__PbSe2O5,log10_retention_tau_s,9.97531573236602,8.841836,10.020246,10.047274,True
K3GaO3__PbSe2O5,log10_retention_tau_s,10.022772427288512,9.051941,10.014757,10.038929,True
KGe__AlSCl7,log10_retention_tau_s,9.969410110362137,9.1506815,10.005244,10.031095,True
KGe__AlSCl7,log10_retention_tau_s,9.950262124745278,9.152556,10.003818,10.03278,True
KGe__AlSCl7,log10_retention_tau_s,9.965846473946842,9.1268635,10.001404,10.026158,True
KGe__AlSCl7,log10_retention_tau_s,10.02499814447647,9.093967,10.005302,10.031946,True
K11Cd2Sb5__K4Sb2O5,log10_retention_tau_s,10.021339049226404,6.3242407,9.906337,10.002832,False
K11Cd2Sb5__K4Sb2O5,log10_retention_tau_s,10.007986316995039,7.54285,9.991804,10.016216,True
K11Cd2Sb5__K4Sb2O5,log10_retention_tau_s,10.028956128700408,7.1967688,9.972135,10.011018,False
K11Cd2Sb5__K4Sb2O5,log10_retention_tau_s,9.993227413583018,7.232915,9.870891,9.957107,False
Ca3N2__PbO,log10_retention_tau_s,10.014114496233837,9.110889,10.008906,10.037604,True
Ca3N2__PbO,log10_retention_tau_s,9.99132557334555,9.150498,10.006982,10.038819,True
Ca3N2__PbO,log10_retention_tau_s,10.003287648798013,9.131174,10.01001,10.037272,True
Ca3N2__PbO,log10_retention_tau_s,9.977684698432194,9.14685,10.008142,10.038066,True
NaCl7__InI2,log10_retention_tau_s,4.2333974596806385,4.0610933,5.665324,8.517017,True
NaCl7__InI2,log10_retention_tau_s,4.350154274720314,4.0309963,6.596443,8.524749,True
NaCl7__InI2,log10_retention_tau_s,4.371980443527491,4.2436423,6.6130786,8.541354,True
NaCl7__InI2,log10_retention_tau_s,4.4153524424053066,4.1621685,6.47841,8.504765,True
Cd3(PO4)2__K2LiAlH6,log10_retention_tau_s,9.973446182433289,8.9914665,10.002865,10.032478,True
Cd3(PO4)2__K2LiAlH6,log10_retention_tau_s,10.037436577906993,9.046389,10.000551,10.034104,False
Cd3(PO4)2__K2LiAlH6,log10_retention_tau_s,9.992290421270821,8.894995,10.001053,10.037152,True
Cd3(PO4)2__K2LiAlH6,log10_retention_tau_s,10.03674170258959,9.051226,10.004957,10.037394,True
KAlTe2__Li3SbO4,log10_retention_tau_s,10.008067518446847,8.453979,9.987652,9.990443,False
KAlTe2__Li3SbO4,log10_retention_tau_s,10.031138108345829,8.573897,9.990783,9.994696,False
KAlTe2__Li3SbO4,log10_retention_tau_s,9.969298728219037,8.183137,9.943944,9.981882,True
KAlTe2__Li3SbO4,log10_retention_tau_s,9.944799588695714,8.382785,9.986534,9.997961,True
K2TiO3__Al(IO3)3,log10_retention_tau_s,9.990256290899902,9.489711,10.022407,10.042447,True
K2TiO3__Al(IO3)3,log10_retention_tau_s,9.982963247482553,9.230168,10.017606,10.042709,True
K2TiO3__Al(IO3)3,log10_retention_tau_s,9.985590175716327,9.160005,10.016229,10.041252,True
K2TiO3__Al(IO3)3,log10_retention_tau_s,10.01662655076198,9.018717,10.014017,10.043095,True
NaP7__CdF2,log10_retention_tau_s,9.999261515465241,9.050531,9.9964695,10.020896,True
NaP7__CdF2,log10_retention_tau_s,9.965783338717769,9.1036215,9.995528,10.020685,True
NaP7__CdF2,log10_retention_tau_s,10.02946755149659,9.09585,9.996978,10.023583,False
NaP7__CdF2,log10_retention_tau_s,10.035641348323836,9.029977,10.002333,10.022601,False
K2SiP2__GaSbO4,log10_retention_tau_s,9.433418782136757,7.4322224,9.887613,9.930966,True
K2SiP2__GaSbO4,log10_retention_tau_s,10.053795926460975,7.8814635,9.945551,9.950458,False
K2SiP2__GaSbO4,log10_retention_tau_s,10.042099955268707,8.213039,9.953815,9.953818,False
K2SiP2__GaSbO4,log10_retention_tau_s,6.52163762761767,6.488965,9.791991,9.803573,True
AlSb__GaS,log10_retention_tau_s,7.757839681703008,5.5158744,9.107803,9.934019,True
AlSb__GaS,log10_retention_tau_s,8.659731651270112,5.5253177,9.102626,9.960089,True
AlSb__GaS,log10_retention_tau_s,7.81492502949274,5.431328,9.095197,9.926201,True
AlSb__GaS,log10_retention_tau_s,7.993126883112672,5.3939753,9.101302,9.959688,True
Ca3PCl3__K4SnSe4,log10_retention_tau_s,6.720295032230687,6.67395,7.961696,9.483699,True
Ca3PCl3__K4SnSe4,log10_retention_tau_s,6.792352989043241,6.6900377,7.966626,9.433436,True
Ca3PCl3__K4SnSe4,log10_retention_tau_s,6.693784457652305,6.7854247,7.96322,9.526613,False
Ca3PCl3__K4SnSe4,log10_retention_tau_s,5.537924371999733,6.444866,7.0599313,9.195421,False
KSnS4__CdHOF,log10_retention_tau_s,9.972225460427687,9.084519,9.991914,10.017574,True
KSnS4__CdHOF,log10_retention_tau_s,10.045461501825523,9.077732,10.000372,10.028337,False
KSnS4__CdHOF,log10_retention_tau_s,10.024904928419385,9.077139,9.988385,10.014558,False
KSnS4__CdHOF,log10_retention_tau_s,9.977821010934203,9.059059,9.99103,10.016732,True
Ca2HN__CaSb10(S3O5)2,log10_retention_tau_s,-6.010719843261112,-5.1734104,-4.078515,4.210438,False
Ca2HN__CaSb10(S3O5)2,log10_retention_tau_s,-3.9130491195681225,-2.9643621,-1.4194192,4.5871162,False
Ca2HN__CaSb10(S3O5)2,log10_retention_tau_s,-5.9748024099588894,-5.1115026,-3.8446472,4.2075124,False
Ca2HN__CaSb10(S3O5)2,log10_retention_tau_s,-2.09516881567584,-2.1163514,-0.6901593,5.6320167,True
Na2SnGe2(HO4)2__SbI3,log10_retention_tau_s,5.8964561620471025,5.675277,8.358852,8.829525,True
Na2SnGe2(HO4)2__SbI3,log10_retention_tau_s,6.679744464001685,5.8912396,8.503934,8.794054,True
Na2SnGe2(HO4)2__SbI3,log10_retention_tau_s,5.61148795146154,5.165206,8.178303,8.723071,True
Na2SnGe2(HO4)2__SbI3,log10_retention_tau_s,8.085546279902383,6.3043647,9.202852,9.338762,True
K4Sb2O5__Ga3Sb7(S4Cl7)2,log10_retention_tau_s,8.112580250966108,8.210822,9.043178,9.766927,False
K4Sb2O5__Ga3Sb7(S4Cl7)2,log10_retention_tau_s,5.7760345860980715,8.055161,8.917334,9.721967,False
K4Sb2O5__Ga3Sb7(S4Cl7)2,log10_retention_tau_s,5.954528871968561,8.030172,8.922704,9.714664,False
K4Sb2O5__Ga3Sb7(S4Cl7)2,log10_retention_tau_s,9.163746779339087,8.485706,9.19611,9.751747,True
Na3SiTe3__Ca3Ga2(GeO4)3,log10_retention_tau_s,5.962837222523382,1.5338073,5.658645,7.171683,True
Na3SiTe3__Ca3Ga2(GeO4)3,log10_retention_tau_s,5.082748006964961,0.8080872,5.5129495,7.0024805,True
Na3SiTe3__Ca3Ga2(GeO4)3,log10_retention_tau_s,2.0576338537852816,-0.32738566,5.1856885,5.301791,True
Na3SiTe3__Ca3Ga2(GeO4)3,log10_retention_tau_s,4.137627841016215,0.806478,5.4847326,6.3545814,True
NaCdIn2(PO4)3__Ca3Si2SnO9,log10_retention_tau_s,-2.2958905242725627,-2.8387556,-1.1692015,4.7313213,True
NaCdIn2(PO4)3__Ca3Si2SnO9,log10_retention_tau_s,-5.967818177900012,-4.801068,-4.5325603,4.261701,False
NaCdIn2(PO4)3__Ca3Si2SnO9,log10_retention_tau_s,-6.021472437580037,-4.7735643,-4.1028824,4.2331424,False
NaCdIn2(PO4)3__Ca3Si2SnO9,log10_retention_tau_s,-0.5236597442976928,-2.3676188,-0.71126664,5.66559,True
AsSe6IF6__Ca5(IO6)2,log10_retention_tau_s,9.99873801922339,8.700176,9.995509,10.020242,True
AsSe6IF6__Ca5(IO6)2,log10_retention_tau_s,10.015595294549021,8.674873,9.992839,10.022914,True
AsSe6IF6__Ca5(IO6)2,log10_retention_tau_s,10.016051521560339,8.907243,9.995419,10.0231285,True
AsSe6IF6__Ca5(IO6)2,log10_retention_tau_s,10.009866311741511,8.886595,9.988627,10.020532,True
KGaGeO4__NO3,log10_retention_tau_s,10.016946096581737,9.029987,9.993437,10.019861,True
KGaGeO4__NO3,log10_retention_tau_s,10.071078238493978,9.081822,9.990217,10.011478,False
KGaGeO4__NO3,log10_retention_tau_s,10.023912250687427,9.096057,9.992083,10.018316,False
KGaGeO4__NO3,log10_retention_tau_s,10.030839160926954,9.05589,9.99139,10.015748,False
K3SnTe3__CaC2,log10_retention_tau_s,-0.7699821849992641,-0.16418588,5.328734,5.7235966,False
K3SnTe3__CaC2,log10_retention_tau_s,0.31061183773722606,0.88885295,5.487769,6.373622,False
K3SnTe3__CaC2,log10_retention_tau_s,2.8344002309063154,2.0198069,6.5056643,7.3908315,True
K3SnTe3__CaC2,log10_retention_tau_s,0.16167772584140302,0.76487225,5.4767685,6.343697,False
Ga2Se3__SbAsPCl13,log10_retention_tau_s,10.000947365557018,8.612697,9.558948,10.020487,True
Ga2Se3__SbAsPCl13,log10_retention_tau_s,9.990263923813421,8.995695,9.591379,10.016259,True
Ga2Se3__SbAsPCl13,log10_retention_tau_s,9.963957701719218,8.640533,9.563832,10.01966,True
Ga2Se3__SbAsPCl13,log10_retention_tau_s,10.004791196864243,8.57533,9.5792885,10.000415,False
Ca3InP3__Pb2SeN2O9,log10_retention_tau_s,10.012786224268632,9.130085,9.993639,10.023082,True
Ca3InP3__Pb2SeN2O9,log10_retention_tau_s,10.015082545733584,9.117031,9.999333,10.026916,True
Ca3InP3__Pb2SeN2O9,log10_retention_tau_s,10.004152822649889,9.139488,9.999015,10.0269375,True
Ca3InP3__Pb2SeN2O9,log10_retention_tau_s,10.011541295026882,9.041243,9.996852,10.029239,True
Na3PSe4__KTiPS5,log10_retention_tau_s,0.5325980299801425,0.4249523,5.491464,7.062267,True
Na3PSe4__KTiPS5,log10_retention_tau_s,-3.5977923600721176,-1.8752192,4.7398224,5.2417,False
Na3PSe4__KTiPS5,log10_retention_tau_s,-2.708658074512225,-1.3645629,4.9829044,5.2357597,False
Na3PSe4__KTiPS5,log10_retention_tau_s,-2.9332668497591574,-1.5784776,4.858522,5.2384872,False
K6Sn3As5__AsClOF8,log10_retention_tau_s,9.973590686590928,9.083147,9.9891,10.021058,True
K6Sn3As5__AsClOF8,log10_retention_tau_s,10.026322031559282,9.0818815,9.9883175,10.016775,False
K6Sn3As5__AsClOF8,log10_retention_tau_s,10.019867283291479,8.944347,9.98998,10.018486,False
K6Sn3As5__AsClOF8,log10_retention_tau_s,9.993591709147127,9.1037855,9.991584,10.028993,True
TeS7Br2__CdBr2,log10_retention_tau_s,6.6551276122862895,0.35600385,6.4558654,8.63987,True
TeS7Br2__CdBr2,log10_retention_tau_s,6.441789421425779,0.36381465,6.4551277,8.714478,True
TeS7Br2__CdBr2,log10_retention_tau_s,6.670209980007125,0.53252935,6.448741,8.74978,True
TeS7Br2__CdBr2,log10_retention_tau_s,2.6884104259911528,-1.2113416,5.694182,6.2087884,True
P2Pb3O8__ZnH2N2O7,log10_retention_tau_s,8.295553815146798,8.877316,9.731003,10.001913,False
P2Pb3O8__ZnH2N2O7,log10_retention_tau_s,10.037106818840924,8.907264,9.86945,10.010235,False
P2Pb3O8__ZnH2N2O7,log10_retention_tau_s,7.566442983277928,8.560443,9.703671,9.995473,False
P2Pb3O8__ZnH2N2O7,log10_retention_tau_s,5.637571736548121,8.393788,9.716242,10.006362,False
K14In4O13__Zn3S2O9,log10_retention_tau_s,10.003899379015914,9.094005,10.006554,10.035788,True
K14In4O13__Zn3S2O9,log10_retention_tau_s,9.983387830763272,9.02674,10.007007,10.037136,True
K14In4O13__Zn3S2O9,log10_retention_tau_s,9.983514678979887,9.089555,10.008852,10.035583,True
K14In4O13__Zn3S2O9,log10_retention_tau_s,10.00233020816135,8.960261,10.006255,10.036868,True
Zn(GaSe2)2__K3AsS3,log10_retention_tau_s,-0.35978394028573124,1.6090729,5.1878448,6.1537614,False
Zn(GaSe2)2__K3AsS3,log10_retention_tau_s,4.100083235655184,2.526316,5.626152,8.100557,True
Zn(GaSe2)2__K3AsS3,log10_retention_tau_s,1.785050621597288,2.3051314,5.2313724,6.8619423,False
Zn(GaSe2)2__K3AsS3,log10_retention_tau_s,-0.7660684573752533,1.413823,5.1464987,5.4497533,False
P3NCl12__K3P11,log10_retention_tau_s,10.002712665975379,9.047668,9.99588,10.02189,True
P3NCl12__K3P11,log10_retention_tau_s,10.023745516652061,9.041801,9.994321,10.019896,False
P3NCl12__K3P11,log10_retention_tau_s,10.04483061592563,9.045273,9.988887,10.019655,False
P3NCl12__K3P11,log10_retention_tau_s,10.004838929453419,9.078986,9.993659,10.021275,True
NaZnAs__LiCa3Si2N5,log10_retention_tau_s,9.986097456773987,9.10317,10.008775,10.0364275,True
NaZnAs__LiCa3Si2N5,log10_retention_tau_s,10.007095082896017,9.176959,10.012262,10.036881,True
NaZnAs__LiCa3Si2N5,log10_retention_tau_s,9.992441843776241,9.024165,9.995216,10.035236,True
NaZnAs__LiCa3Si2N5,log10_retention_tau_s,10.011149680300553,8.847152,9.901468,10.024008,True
GaSeBr7__ClO2,log10_retention_tau_s,9.97326796580893,9.066089,9.993233,10.02341,True
GaSeBr7__ClO2,log10_retention_tau_s,10.040542557485162,9.0437765,9.994838,10.018898,False
GaSeBr7__ClO2,log10_retention_tau_s,10.030696400852662,9.02959,9.995448,10.021061,False
GaSeBr7__ClO2,log10_retention_tau_s,10.006466868457524,9.095975,9.988033,10.019183,True
LiAl(PS3)2__K2Ti(SiO3)3,log10_retention_tau_s,-4.399413887533142,-1.8384956,3.501868,5.266485,False
LiAl(PS3)2__K2Ti(SiO3)3,log10_retention_tau_s,-2.096750394773772,-1.5431325,4.4738092,5.3914742,False
LiAl(PS3)2__K2Ti(SiO3)3,log10_retention_tau_s,-4.595140528184066,-2.3258042,3.0740578,5.2668877,False
LiAl(PS3)2__K2Ti(SiO3)3,log10_retention_tau_s,-3.7527323915074517,-2.230165,3.5477946,5.2844205,False
Na5SnP3__K3In3(PO4)4,log10_retention_tau_s,10.012458756142149,9.086958,10.001194,10.029901,True
Na5SnP3__K3In3(PO4)4,log10_retention_tau_s,9.983081418729663,8.84285,9.946135,10.02468,True
Na5SnP3__K3In3(PO4)4,log10_retention_tau_s,9.980947011711551,8.952462,10.001675,10.027417,True
Na5SnP3__K3In3(PO4)4,log10_retention_tau_s,10.03015575354884,9.042517,9.987238,10.027086,False
NaLiSe__K2Pb3C3O9F2,log10_retention_tau_s,9.997665778815419,8.946962,10.014081,10.041545,True
NaLiSe__K2Pb3C3O9F2,log10_retention_tau_s,9.99898217725308,8.939055,10.007519,10.036466,True
NaLiSe__K2Pb3C3O9F2,log10_retention_tau_s,9.975790930881168,9.051289,10.010717,10.039228,True
NaLiSe__K2Pb3C3O9F2,log10_retention_tau_s,9.99622537121149,8.943224,10.009939,10.039954,True
K3GaO3__KGaO2,log10_retention_tau_s,-5.232797041701277,-2.6426687,-1.1564157,4.422576,False
K3GaO3__KGaO2,log10_retention_tau_s,-4.720228715709589,-2.3490813,-1.2008667,4.425676,False
K3GaO3__KGaO2,log10_retention_tau_s,-4.35847148844675,-1.9699488,-1.0440916,4.5481644,False
K3GaO3__KGaO2,log10_retention_tau_s,-2.7765717413517037,-0.5852575,0.50784045,5.555146,False
K2Al2Sb3__Na2TeSe3,log10_retention_tau_s,10.00126430086772,9.052596,9.948391,10.007319,True
K2Al2Sb3__Na2TeSe3,log10_retention_tau_s,9.936173824245047,9.084138,10.011813,10.037975,True
K2Al2Sb3__Na2TeSe3,log10_retention_tau_s,9.771344145322903,9.031716,9.945654,10.004774,True
K2Al2Sb3__Na2TeSe3,log10_retention_tau_s,9.963391665645208,9.106597,9.9605875,10.005075,True
Ca21(Zn2As9)2__K3As11,log10_retention_tau_s,-1.7784052495114286,-1.8214558,-1.5262271,4.837219,True
Ca21(Zn2As9)2__K3As11,log10_retention_tau_s,-1.5862757778191237,-1.5223904,-1.4827437,4.8738084,False
Ca21(Zn2As9)2__K3As11,log10_retention_tau_s,-0.5749579359990248,-1.2760538,-0.31566054,5.751792,True
Ca21(Zn2As9)2__K3As11,log10_retention_tau_s,-1.5955759487781018,-1.6983886,-1.5305737,4.8648534,True
K2GeAs2__Cd4As2Br3,log10_retention_tau_s,9.999388351438999,9.133023,10.009568,10.03685,True
K2GeAs2__Cd4As2Br3,log10_retention_tau_s,9.950952983003763,9.119247,10.009571,10.038023,True
K2GeAs2__Cd4As2Br3,log10_retention_tau_s,10.004069460838643,9.107403,10.009467,10.040309,True
K2GeAs2__Cd4As2Br3,log10_retention_tau_s,10.016471733675061,9.14116,10.008867,10.036133,True
Zn3(PO4)2__K3H(SeO4)2,log10_retention_tau_s,3.1074717483230914,3.166908,5.567843,6.438224,False
Zn3(PO4)2__K3H(SeO4)2,log10_retention_tau_s,-2.511902326975084,-0.13650121,2.4428732,5.0811067,False
Zn3(PO4)2__K3H(SeO4)2,log10_retention_tau_s,-2.2259950199831597,0.61639184,2.5843596,5.084565,False
Zn3(PO4)2__K3H(SeO4)2,log10_retention_tau_s,1.2718521996491978,2.3566637,5.327946,5.4829535,False
NaS2__Li3PS4,log10_retention_tau_s,7.8302874690978275,5.3066115,9.100888,9.922414,True
NaS2__Li3PS4,log10_retention_tau_s,9.630643026171482,5.754972,9.23963,9.957352,True
NaS2__Li3PS4,log10_retention_tau_s,4.089660310287266,3.905978,8.8535385,9.889283,True
NaS2__Li3PS4,log10_retention_tau_s,3.331841422355749,3.9825575,8.716389,9.889788,False
CdS__LiH2BrO5,log10_retention_tau_s,10.01926335677373,7.7111278,9.9739685,10.017213,False
CdS__LiH2BrO5,log10_retention_tau_s,10.022583712975138,8.496331,9.995913,10.023676,True
CdS__LiH2BrO5,log10_retention_tau_s,9.979308666126409,8.101516,9.9935875,10.02131,True
CdS__LiH2BrO5,log10_retention_tau_s,10.012545339168952,8.610637,10.011707,10.02785,True
Ca3PCl3__Na2Zn2Si2O7,log10_retention_tau_s,6.280277277508689,7.128161,9.29861,9.58133,False
Ca3PCl3__Na2Zn2Si2O7,log10_retention_tau_s,7.073378076700517,7.2961044,9.306312,9.605674,False
Ca3PCl3__Na2Zn2Si2O7,log10_retention_tau_s,3.249962627571034,6.264206,9.268824,9.376555,False
Ca3PCl3__Na2Zn2Si2O7,log10_retention_tau_s,6.290884352334567,7.16239,9.290726,9.5607605,False
Sb4H2SO10__K3InP2,log10_retention_tau_s,9.99837620826126,9.086563,10.000444,10.028619,True
Sb4H2SO10__K3InP2,log10_retention_tau_s,10.044275983442358,9.090983,9.999255,10.02855,False
Sb4H2SO10__K3InP2,log10_retention_tau_s,10.004198659729752,9.100889,9.991927,10.025724,True
Sb4H2SO10__K3InP2,log10_retention_tau_s,9.961109599005617,9.086607,9.998667,10.028525,True
NClOF4__As2S3,log10_retention_tau_s,10.001367505703628,9.043593,9.983919,10.017273,True
NClOF4__As2S3,log10_retention_tau_s,9.993280515514272,9.076804,9.981921,10.014236,True
NClOF4__As2S3,log10_retention_tau_s,10.010289115963404,9.072156,9.991191,10.014731,True
NClOF4__As2S3,log10_retention_tau_s,9.996281244248538,9.086046,9.991279,10.020665,True
KAs2HO6__Al2CdS4,log10_retention_tau_s,5.175953895417343,5.2538996,6.575717,9.444965,False
KAs2HO6__Al2CdS4,log10_retention_tau_s,0.389905819843692,3.176349,6.2147913,7.466897,False
KAs2HO6__Al2CdS4,log10_retention_tau_s,6.029368545976133,5.698231,7.343024,9.591187,True
KAs2HO6__Al2CdS4,log10_retention_tau_s,5.812984924628964,5.6534123,7.3462534,9.58214,True
K6CdO4__NaNO3,log10_retention_tau_s,9.98875722234993,7.744204,9.9938345,10.038824,True
K6CdO4__NaNO3,log10_retention_tau_s,9.962873017407754,7.6282587,9.9958,10.034106,True
K6CdO4__NaNO3,log10_retention_tau_s,10.030954026094731,6.9180245,9.90695,10.028426,False
K6CdO4__NaNO3,log10_retention_tau_s,9.983576299164547,8.274018,9.9933605,10.034629,True
Cd(GaSe2)2__KP15,log10_retention_tau_s,4.186804732027321,-0.08029464,6.258556,7.7692504,True
Cd(GaSe2)2__KP15,log10_retention_tau_s,5.791053023922705,1.0425186,6.447573,8.935291,True
Cd(GaSe2)2__KP15,log10_retention_tau_s,3.501979357848084,-0.303119,6.2652016,7.5239196,True
Cd(GaSe2)2__KP15,log10_retention_tau_s,3.9494396891188757,-0.19157293,6.25809,7.5963,True
GaSb3Pb4O13__Li2GePbS4,log10_retention_tau_s,7.385805762784808,-0.96420294,6.242407,6.841268,False
GaSb3Pb4O13__Li2GePbS4,log10_retention_tau_s,1.6167035997140478,-2.418369,4.181782,4.9040647,True
GaSb3Pb4O13__Li2GePbS4,log10_retention_tau_s,2.7381589883953423,-2.4209025,4.5893507,4.890194,True
GaSb3Pb4O13__Li2GePbS4,log10_retention_tau_s,6.68033513344661,-1.1705877,6.135527,6.8275995,True
Ca2Ge__Zn2AsHO5,log10_retention_tau_s,9.99186257577184,9.1103735,9.992473,10.0214815,True
Ca2Ge__Zn2AsHO5,log10_retention_tau_s,10.019006411260662,9.073511,9.989964,10.019193,True
Ca2Ge__Zn2AsHO5,log10_retention_tau_s,10.042756557967307,9.109398,9.984955,10.01358,False
Ca2Ge__Zn2AsHO5,log10_retention_tau_s,9.95833445167147,9.110328,9.994582,10.021787,True
Na2In2GeSe6__ZnP2,log10_retention_tau_s,9.983459762098107,8.987172,9.791377,9.998204,True
Na2In2GeSe6__ZnP2,log10_retention_tau_s,7.252315233281442,8.612203,9.431544,9.991869,False
Na2In2GeSe6__ZnP2,log10_retention_tau_s,9.977965616972178,9.010875,9.767679,9.995443,True
Na2In2GeSe6__ZnP2,log10_retention_tau_s,10.018603889586114,8.978212,9.835482,10.004611,False
Na5SiP3__LiS4,log10_retention_tau_s,1.6998424092165896,0.9709989,1.9323516,5.6175222,True
Na5SiP3__LiS4,log10_retention_tau_s,0.6534984805544771,0.50230956,1.2222669,4.757568,True
Na5SiP3__LiS4,log10_retention_tau_s,-1.712293094438475,-1.4025633,0.20436695,4.305991,False
Na5SiP3__LiS4,log10_retention_tau_s,-1.4481903759377632,-1.2348876,0.5899388,4.441393,False
Te(HO)6__K4TiO4,log10_retention_tau_s,9.994572568029145,9.202425,9.997923,10.024612,True
Te(HO)6__K4TiO4,log10_retention_tau_s,10.010232964787257,8.756037,9.992674,10.02414,True
Te(HO)6__K4TiO4,log10_retention_tau_s,10.01884557929387,9.00998,9.990033,10.0195675,True
Te(HO)6__K4TiO4,log10_retention_tau_s,10.031870712888136,8.73812,9.995538,10.023668,False
KSb5S8__KGaTe2,log10_retention_tau_s,3.7961834909883945,5.2707667,7.5070763,7.8578663,False
KSb5S8__KGaTe2,log10_retention_tau_s,3.0976450210668816,5.013254,7.448855,7.504925,False
KSb5S8__KGaTe2,log10_retention_tau_s,6.111146375186866,6.614185,7.6858397,9.100446,False
KSb5S8__KGaTe2,log10_retention_tau_s,4.3267255858829055,5.57779,7.516732,7.996303,False
K5SnAs3__Na3P11,log10_retention_tau_s,7.16369428722179,5.7158394,9.890371,10.032318,True
K5SnAs3__Na3P11,log10_retention_tau_s,8.140082790647208,5.788573,9.892083,10.03253,True
K5SnAs3__Na3P11,log10_retention_tau_s,4.477445217210238,5.843764,9.808834,10.018205,False
K5SnAs3__Na3P11,log10_retention_tau_s,8.191252766533065,5.811029,9.890933,10.024578,True
Na2Cd(GeS3)2__Na2Zn2S3,log10_retention_tau_s,-0.7382665278603537,-0.43432915,1.1953814,5.5971274,False
Na2Cd(GeS3)2__Na2Zn2S3,log10_retention_tau_s,-5.13264874407564,-3.2892985,-0.6367529,4.5386977,False
Na2Cd(GeS3)2__Na2Zn2S3,log10_retention_tau_s,-1.7397969771417892,-1.5150373,0.9184837,4.8656287,False
Na2Cd(GeS3)2__Na2Zn2S3,log10_retention_tau_s,-1.7159720044258766,-1.3805989,0.7119464,4.866384,False
NaTe3__NO2,log10_retention_tau_s,10.002536496821842,9.07229,9.99246,10.021014,True
NaTe3__NO2,log10_retention_tau_s,10.023095767714329,9.071879,9.994699,10.025293,True
NaTe3__NO2,log10_retention_tau_s,10.036200631445713,9.103078,9.987547,10.01805,False
NaTe3__NO2,log10_retention_tau_s,10.000109752567353,9.118962,9.982914,10.016318,True
Zn(NO3)2__KTe,log10_retention_tau_s,9.971306722036198,9.019089,9.956155,10.007968,True
Zn(NO3)2__KTe,log10_retention_tau_s,10.00724726105706,9.057362,9.996957,10.029548,True
Zn(NO3)2__KTe,log10_retention_tau_s,10.017533100961792,8.993981,9.976002,10.014385,False
Zn(NO3)2__KTe,log10_retention_tau_s,10.005954235263292,9.091117,10.011965,10.03197,True
K4I2O9__Zn4SiTePbO10,log10_retention_tau_s,-5.691700216220644,-3.658889,-3.432101,3.9059873,False
K4I2O9__Zn4SiTePbO10,log10_retention_tau_s,-1.3203968364765633,-0.7891094,-0.44848707,5.4926143,False
K4I2O9__Zn4SiTePbO10,log10_retention_tau_s,-3.36940131491085,-2.1592216,-2.1331227,4.168123,False
K4I2O9__Zn4SiTePbO10,log10_retention_tau_s,-3.7676808425942183,-2.4402363,-2.1938179,4.1860466,False
IF7__Ca2PbO4,log10_retention_tau_s,9.983472737379723,9.071352,9.981401,10.030469,True
IF7__Ca2PbO4,log10_retention_tau_s,9.999255919904453,9.028283,9.986595,10.020658,True
IF7__Ca2PbO4,log10_retention_tau_s,10.003703306409813,9.039276,9.99437,10.021907,True
IF7__Ca2PbO4,log10_retention_tau_s,10.016525286037666,9.071683,9.989638,10.0183115,True
SiSe2__Na2GeO3,log10_retention_tau_s,9.986142924342884,5.518872,9.759942,10.005137,True
SiSe2__Na2GeO3,log10_retention_tau_s,6.66339764238616,4.6738987,9.191504,9.918994,True
SiSe2__Na2GeO3,log10_retention_tau_s,6.633086342024175,4.771235,9.162764,9.912014,True
SiSe2__Na2GeO3,log10_retention_tau_s,7.403390030946502,4.8272357,9.315733,9.949469,True
CaS__K5In3(SiO3)7,log10_retention_tau_s,3.156983455205431,5.578248,9.336449,9.926991,False
CaS__K5In3(SiO3)7,log10_retention_tau_s,7.5854570048264245,6.669331,9.518655,9.962526,True
CaS__K5In3(SiO3)7,log10_retention_tau_s,8.734893549655967,7.043415,9.597161,9.977718,True
CaS__K5In3(SiO3)7,log10_retention_tau_s,7.478754318551856,6.4797516,9.516689,9.965328,True
K2TiSi3(HO5)2__As2Pb3O8,log10_retention_tau_s,1.5341842087943776,6.23815,8.2384615,9.076315,False
K2TiSi3(HO5)2__As2Pb3O8,log10_retention_tau_s,7.275188108675092,7.8020606,8.718083,9.206916,False
K2TiSi3(HO5)2__As2Pb3O8,log10_retention_tau_s,2.8929086943165854,6.780306,8.144568,9.043379,False
K2TiSi3(HO5)2__As2Pb3O8,log10_retention_tau_s,6.656287545482931,7.513393,8.565055,9.143699,False
Ga2TeSe2__Li2CdSiO4,log10_retention_tau_s,0.26346813654767426,2.0058527,6.4189253,7.0971293,False
Ga2TeSe2__Li2CdSiO4,log10_retention_tau_s,2.5080264029531874,2.8265553,6.585605,7.489914,False
Ga2TeSe2__Li2CdSiO4,log10_retention_tau_s,2.665741531931311,2.8664443,6.58978,7.5510054,False
Ga2TeSe2__Li2CdSiO4,log10_retention_tau_s,1.0289178522036366,2.1919684,6.424615,7.1798987,False
Na2Ti3O7__As3Pb5ClO12,log10_retention_tau_s,9.97590970351045,8.927715,10.013197,10.04203,True
Na2Ti3O7__As3Pb5ClO12,log10_retention_tau_s,9.988239515242663,9.09795,10.009319,10.035866,True
Na2Ti3O7__As3Pb5ClO12,log10_retention_tau_s,9.975326507927589,8.866476,10.012924,10.042688,True
Na2Ti3O7__As3Pb5ClO12,log10_retention_tau_s,10.008178938961946,8.861847,10.013374,10.040868,True
K2In2P3Se10__Ti6CCl14,log10_retention_tau_s,10.025428505592174,8.942732,10.002526,10.024865,False
K2In2P3Se10__Ti6CCl14,log10_retention_tau_s,9.979012572862935,8.965544,10.000676,10.025321,True
K2In2P3Se10__Ti6CCl14,log10_retention_tau_s,9.967120396675563,8.9346695,9.990597,10.026015,True
K2In2P3Se10__Ti6CCl14,log10_retention_tau_s,10.010819338849924,8.913032,10.000344,10.02178,True
NaH2N__SO2,log10_retention_tau_s,9.951615366209058,9.211413,10.014759,10.033783,True
NaH2N__SO2,log10_retention_tau_s,10.025289604880909,9.027897,10.006961,10.035533,True
NaH2N__SO2,log10_retention_tau_s,10.000796871668129,9.135184,10.012887,10.045044,True
NaH2N__SO2,log10_retention_tau_s,10.00865940578316,9.096861,10.018794,10.042736,True
InTeO3F__Ca(Ga3Te5)2,log10_retention_tau_s,10.023234367836231,8.889943,9.984779,10.0251665,True
InTeO3F__Ca(Ga3Te5)2,log10_retention_tau_s,9.9673608943296,9.02929,9.9959345,10.024589,True
InTeO3F__Ca(Ga3Te5)2,log10_retention_tau_s,10.032674388683636,9.071538,9.992559,10.02645,False
InTeO3F__Ca(Ga3Te5)2,log10_retention_tau_s,9.99187340338084,9.004908,9.991992,10.02284,True
Al2Cd3(GeO4)3__SCl,log10_retention_tau_s,9.99213416020188,9.1390295,10.003837,10.028106,True
Al2Cd3(GeO4)3__SCl,log10_retention_tau_s,9.985751084505615,9.028356,10.004439,10.026626,True
Al2Cd3(GeO4)3__SCl,log10_retention_tau_s,10.022522643584974,8.983217,10.00044,10.024307,True
Al2Cd3(GeO4)3__SCl,log10_retention_tau_s,10.022366939958609,9.099018,10.006695,10.028558,True
Ti6In2Si2P12O49__Cd2AsHO5,log10_retention_tau_s,9.974551289051407,9.1448765,10.012462,10.033322,True
Ti6In2Si2P12O49__Cd2AsHO5,log10_retention_tau_s,10.001884610631155,8.802772,10.008464,10.034339,True
Ti6In2Si2P12O49__Cd2AsHO5,log10_retention_tau_s,10.008577582193688,9.093587,10.016572,10.037956,True
Ti6In2Si2P12O49__Cd2AsHO5,log10_retention_tau_s,9.99933171959585,8.573801,10.006947,10.035208,True
Na5AlO4__Li2CdSiO4,log10_retention_tau_s,2.72211352360551,4.0819063,7.7448735,9.335259,False
Na5AlO4__Li2CdSiO4,log10_retention_tau_s,1.9766756165499717,3.8510127,7.726703,9.368747,False
Na5AlO4__Li2CdSiO4,log10_retention_tau_s,3.072111740878323,4.1470394,7.6994023,9.346767,False
Na5AlO4__Li2CdSiO4,log10_retention_tau_s,2.6334058794715984,4.0781846,7.706763,9.38401,False
Na4Ge2Te5__K3P11,log10_retention_tau_s,7.776774255499706,-1.563789,6.4203925,7.1771812,False
Na4Ge2Te5__K3P11,log10_retention_tau_s,9.971305526471191,-0.40485856,7.2868404,7.560976,False
Na4Ge2Te5__K3P11,log10_retention_tau_s,5.68955017087969,-2.4260595,5.8887777,6.252531,True
Na4Ge2Te5__K3P11,log10_retention_tau_s,4.177921455922361,-2.5584893,5.4251065,6.253944,True
ZnSiPbO4__Ca(SbO3)2,log10_retention_tau_s,3.068142338408339,5.555326,7.0334253,8.2345705,False
ZnSiPbO4__Ca(SbO3)2,log10_retention_tau_s,4.4164670928702385,6.164231,7.5370984,8.255895,False
ZnSiPbO4__Ca(SbO3)2,log10_retention_tau_s,3.913786553720894,5.901667,7.337323,8.264274,False
ZnSiPbO4__Ca(SbO3)2,log10_retention_tau_s,4.381873042128153,6.1950974,7.544266,8.257459,False
K11Cd2Sb5__K2In2P3Se10,log10_retention_tau_s,6.716761202165555,6.52677,9.595584,9.888027,True
K11Cd2Sb5__K2In2P3Se10,log10_retention_tau_s,7.400343614724697,6.66455,9.630991,9.881529,True
K11Cd2Sb5__K2In2P3Se10,log10_retention_tau_s,3.3780006875518844,5.3240128,9.453087,9.849195,False
K11Cd2Sb5__K2In2P3Se10,log10_retention_tau_s,7.740188123612284,6.7584667,9.64124,9.886221,True
Na3AlAs2__SbSBr,log10_retention_tau_s,10.031661841080812,9.1250515,9.992596,10.021226,False
Na3AlAs2__SbSBr,log10_retention_tau_s,10.052093078496553,9.113815,9.992332,10.023288,False
Na3AlAs2__SbSBr,log10_retention_tau_s,10.015255411248518,9.047067,10.001984,10.030855,True
Na3AlAs2__SbSBr,log10_retention_tau_s,10.051298870395046,9.090023,9.99538,10.02133,False
CaH3NO5__ZnF2,log10_retention_tau_s,9.989820911116775,9.011193,10.01451,10.044145,True
CaH3NO5__ZnF2,log10_retention_tau_s,9.989624789351126,9.177821,10.01696,10.042798,True
CaH3NO5__ZnF2,log10_retention_tau_s,10.00520151647557,9.467372,10.019368,10.04246,True
CaH3NO5__ZnF2,log10_retention_tau_s,9.99744381799427,9.136513,10.017218,10.04171,True
NO3__Sb2IBr2F11,log10_retention_tau_s,0.19747159210409324,-0.781445,2.7914443,6.2365546,True
NO3__Sb2IBr2F11,log10_retention_tau_s,-3.6535902612942603,-2.5501356,0.06079169,5.024429,False
NO3__Sb2IBr2F11,log10_retention_tau_s,-0.7757691813518995,-1.0851641,1.8924664,5.350294,True
NO3__Sb2IBr2F11,log10_retention_tau_s,-2.5114727485119395,-1.8417937,0.67870384,5.196352,False
K2GaAs2__Li2Te2O5,log10_retention_tau_s,10.004359414148869,7.3012867,9.990973,9.99564,False
K2GaAs2__Li2Te2O5,log10_retention_tau_s,9.992245255020148,7.460272,9.998513,10.028982,True
K2GaAs2__Li2Te2O5,log10_retention_tau_s,9.941287018985701,7.164019,9.997619,10.027747,True
K2GaAs2__Li2Te2O5,log10_retention_tau_s,9.988739799081326,7.479542,9.999119,10.031646,True
K3GeTe3__Li2SnSe3,log10_retention_tau_s,2.016463953475735,-1.9039851,0.5735896,5.354078,True
K3GeTe3__Li2SnSe3,log10_retention_tau_s,-2.3085112519923507,-4.3030562,-2.4836297,3.7588873,True
K3GeTe3__Li2SnSe3,log10_retention_tau_s,0.45656515032519124,-3.2403593,-1.0512452,4.195937,True
K3GeTe3__Li2SnSe3,log10_retention_tau_s,-0.9560429784635749,-4.0187016,-1.74255,3.789642,True
GaSbO4__Zn3Te2P2(PbO7)2,log10_retention_tau_s,9.98991458438318,8.886561,9.986899,10.021153,True
GaSbO4__Zn3Te2P2(PbO7)2,log10_retention_tau_s,10.001618063800224,8.952702,9.991981,10.021834,True
GaSbO4__Zn3Te2P2(PbO7)2,log10_retention_tau_s,10.021022414451785,8.92718,9.99263,10.024135,True
GaSbO4__Zn3Te2P2(PbO7)2,log10_retention_tau_s,10.006369082334743,8.7482195,9.987501,10.017568,True
K6Na3AlSb4__Na4CdP2,log10_retention_tau_s,8.632721750455804,8.892928,9.447403,9.782777,False
K6Na3AlSb4__Na4CdP2,log10_retention_tau_s,2.8354237359136887,8.123213,9.146944,9.733852,False
K6Na3AlSb4__Na4CdP2,log10_retention_tau_s,4.358540446777617,8.323023,9.145895,9.723938,False
K6Na3AlSb4__Na4CdP2,log10_retention_tau_s,6.455074055895773,8.800607,9.314418,9.733744,False
Ga10GePb3O20__K3In3(PO4)4,log10_retention_tau_s,-1.3950177414944265,-1.953452,4.7057,5.402766,True
Ga10GePb3O20__K3In3(PO4)4,log10_retention_tau_s,-2.190957537712982,-2.2990134,4.2896185,5.2056227,True
Ga10GePb3O20__K3In3(PO4)4,log10_retention_tau_s,-1.1048851059173934,-1.9157058,5.150064,5.4195995,True
Ga10GePb3O20__K3In3(PO4)4,log10_retention_tau_s,1.1101286873374037,-0.46491107,6.011281,6.421987,True
Na5GaO4__Ca2GeS4,log10_retention_tau_s,-5.993565584069246,-4.5023255,-3.6461554,4.2459545,False
Na5GaO4__Ca2GeS4,log10_retention_tau_s,-6.00242035957735,-4.5232897,-3.590697,4.1835794,False
Na5GaO4__Ca2GeS4,log10_retention_tau_s,-2.048265990133168,-1.7002245,-1.0271719,4.8329997,False
Na5GaO4__Ca2GeS4,log10_retention_tau_s,-2.125354353773988,-1.7817333,-1.0319664,4.74347,False
Na5GeAs3__K6ZnSe4,log10_retention_tau_s,4.981369466480544,1.9719946,5.690763,8.39289,True
Na5GeAs3__K6ZnSe4,log10_retention_tau_s,3.687254387917188,1.8804969,5.5533004,8.059969,True
Na5GeAs3__K6ZnSe4,log10_retention_tau_s,0.1051312198580841,0.7083141,5.337302,5.820745,False
Na5GeAs3__K6ZnSe4,log10_retention_tau_s,1.8022852802692222,0.7155868,5.363803,6.945254,True
ClO3__Ti(SO4)2,log10_retention_tau_s,9.987197842872655,9.102496,9.989966,10.021582,True
ClO3__Ti(SO4)2,log10_retention_tau_s,10.010896180257395,9.071553,9.991159,10.021291,True
ClO3__Ti(SO4)2,log10_retention_tau_s,10.010919037891274,9.111536,9.992477,10.024322,True
ClO3__Ti(SO4)2,log10_retention_tau_s,10.006954304800997,9.081439,9.9866705,10.0211935,True
SCl__LiZnAs,log10_retention_tau_s,9.998717042476967,9.018323,9.9998045,10.030329,True
SCl__LiZnAs,log10_retention_tau_s,10.00624488753,9.065427,9.9987335,10.026778,True
SCl__LiZnAs,log10_retention_tau_s,10.028157252267839,9.065964,9.999984,10.024642,False
SCl__LiZnAs,log10_retention_tau_s,9.972459053726013,9.108982,9.991575,10.024794,True
InTeO3F__ZnCN2,log10_retention_tau_s,-2.9908080458031234,-3.557429,-2.11051,4.452623,True
InTeO3F__ZnCN2,log10_retention_tau_s,-3.770020205345095,-3.80258,-2.7721052,4.328983,True
InTeO3F__ZnCN2,log10_retention_tau_s,-3.4522905414403304,-3.7885842,-2.4809897,4.3269143,True
InTeO3F__ZnCN2,log10_retention_tau_s,-5.979410762147589,-4.92882,-3.9338858,4.1496315,False
K3Ga3As4__KSn2(PO4)3,log10_retention_tau_s,9.975266243093628,8.152803,9.997675,10.029101,True
K3Ga3As4__KSn2(PO4)3,log10_retention_tau_s,9.980370619805278,7.9095745,9.898802,10.01891,True
K3Ga3As4__KSn2(PO4)3,log10_retention_tau_s,10.005226214630177,7.764555,9.959896,10.023275,True
K3Ga3As4__KSn2(PO4)3,log10_retention_tau_s,10.015781330346533,7.9054284,9.982738,10.010349,False
As3Pb5ClO12__H2SeO4,log10_retention_tau_s,7.425193606274043,7.417279,8.80391,9.649753,True
As3Pb5ClO12__H2SeO4,log10_retention_tau_s,5.166169201166963,6.494429,8.625779,9.636892,False
As3Pb5ClO12__H2SeO4,log10_retention_tau_s,3.895552705447088,6.263236,8.608472,9.619878,False
As3Pb5ClO12__H2SeO4,log10_retention_tau_s,4.604518868975448,6.451481,8.579087,9.609005,False
Li3Sb__AsS(IF3)2,log10_retention_tau_s,10.000578627809642,9.059059,9.9936495,10.016801,True
Li3Sb__AsS(IF3)2,log10_retention_tau_s,9.999528727565918,9.063832,9.989286,10.01301,True
Li3Sb__AsS(IF3)2,log10_retention_tau_s,10.055388330879577,9.064339,9.990363,10.017663,False
Li3Sb__AsS(IF3)2,log10_retention_tau_s,9.990060073981798,9.064339,9.989139,10.015431,True
Cd(GaO2)2__Ga10GePb3O20,log10_retention_tau_s,5.496314451461007,2.4936888,7.1895165,7.268364,True
Cd(GaO2)2__Ga10GePb3O20,log10_retention_tau_s,5.83463524269191,2.771932,7.203704,7.351545,True
Cd(GaO2)2__Ga10GePb3O20,log10_retention_tau_s,2.749923274520692,1.219298,6.678748,7.046554,True
Cd(GaO2)2__Ga10GePb3O20,log10_retention_tau_s,2.6368222221965882,1.0509824,6.6721926,7.0143614,True
In7Cl9__Li2GeTeO6,log10_retention_tau_s,1.6513103411130292,0.6981,5.502749,6.485051,True
In7Cl9__Li2GeTeO6,log10_retention_tau_s,0.6694718474899595,0.09658068,5.3476977,5.9494467,True
In7Cl9__Li2GeTeO6,log10_retention_tau_s,1.2127225655604623,0.6500191,5.480623,6.3334594,True
In7Cl9__Li2GeTeO6,log10_retention_tau_s,2.58753059719706,1.2161297,5.5506706,6.955527,True
SbN(OF3)2__NF2,log10_retention_tau_s,9.992636078022306,9.083701,10.011178,10.039771,True
SbN(OF3)2__NF2,log10_retention_tau_s,9.989973225381718,8.779411,10.008757,10.037249,True
SbN(OF3)2__NF2,log10_retention_tau_s,9.993529585387895,8.821192,10.014841,10.04354,True
SbN(OF3)2__NF2,log10_retention_tau_s,9.970924743570864,9.252224,10.014055,10.040297,True
Na2SnGe2(HO4)2__SbOF,log10_retention_tau_s,10.006236289722182,9.070182,10.004462,10.029808,True
Na2SnGe2(HO4)2__SbOF,log10_retention_tau_s,10.021654653855638,9.192126,10.006873,10.030169,True
Na2SnGe2(HO4)2__SbOF,log10_retention_tau_s,9.9688754386262,9.069666,10.004233,10.032285,True
Na2SnGe2(HO4)2__SbOF,log10_retention_tau_s,9.951176661252637,9.051209,10.0085745,10.031848,True
K3SnTe3__K6Na3AlSb4,log10_retention_tau_s,7.293606226228523,7.2351522,7.9493976,8.103809,True
K3SnTe3__K6Na3AlSb4,log10_retention_tau_s,3.3791301156798146,4.5187654,4.5575676,7.7364097,False
K3SnTe3__K6Na3AlSb4,log10_retention_tau_s,6.798676024381606,6.750971,7.5971828,8.027509,True
K3SnTe3__K6Na3AlSb4,log10_retention_tau_s,8.161095169766233,7.322145,8.490745,8.7675295,True
Sb9S4F39__K3As(PSe3)3,log10_retention_tau_s,10.028022528558171,9.093465,9.995583,10.024104,False
Sb9S4F39__K3As(PSe3)3,log10_retention_tau_s,10.007015882445941,9.072085,9.995005,10.025713,True
Sb9S4F39__K3As(PSe3)3,log10_retention_tau_s,10.012785379198395,9.096807,9.982284,10.01643,True
Sb9S4F39__K3As(PSe3)3,log10_retention_tau_s,9.995366194210426,9.102964,9.990092,10.021134,True
K4SnSe4__CdSe,log10_retention_tau_s,9.973148456104996,8.1913185,9.62133,9.996497,True
K4SnSe4__CdSe,log10_retention_tau_s,9.976206852498933,6.68078,9.502339,9.744085,False
K4SnSe4__CdSe,log10_retention_tau_s,10.030232136930008,8.096632,9.748633,9.934809,False
K4SnSe4__CdSe,log10_retention_tau_s,9.974232992578232,7.249692,9.671626,9.893846,False
SnO__Cd4P6SN12,log10_retention_tau_s,9.997484034031245,9.011234,9.841568,9.996872,False
SnO__Cd4P6SN12,log10_retention_tau_s,9.97006807510909,9.167511,10.001873,10.027157,True
SnO__Cd4P6SN12,log10_retention_tau_s,10.03506053547363,9.265169,10.003143,10.030878,False
SnO__Cd4P6SN12,log10_retention_tau_s,10.015647490990359,9.104222,9.924267,9.999604,False
Na4SnO4__Ti6In2Si2P12O49,log10_retention_tau_s,-5.383928194089882,-3.3122227,-1.9349232,4.168291,False
Na4SnO4__Ti6In2Si2P12O49,log10_retention_tau_s,-1.7030981299725407,-0.9608875,-0.4339057,4.391575,False
Na4SnO4__Ti6In2Si2P12O49,log10_retention_tau_s,-0.07813370518831197,0.59651315,0.8740222,5.166866,False
Na4SnO4__Ti6In2Si2P12O49,log10_retention_tau_s,-0.14383898982368482,0.6010082,0.82980686,5.166187,False
LiCaP__KPS3,log10_retention_tau_s,9.984029824625997,9.159811,10.017442,10.021829,True
LiCaP__KPS3,log10_retention_tau_s,10.004012913527907,8.940081,10.015976,10.018365,True
LiCaP__KPS3,log10_retention_tau_s,9.703077235188177,8.892749,9.986084,10.016175,True
LiCaP__KPS3,log10_retention_tau_s,9.986216353556323,9.203563,10.02151,10.023278,True
Li10Si(PSe6)2__KSnI3,log10_retention_tau_s,8.166102518575933,2.834332,7.5229764,8.718184,True
Li10Si(PSe6)2__KSnI3,log10_retention_tau_s,9.98887721190674,4.0394897,7.7041917,8.987693,False
Li10Si(PSe6)2__KSnI3,log10_retention_tau_s,4.876682316574621,2.0385988,5.673844,8.572937,True
Li10Si(PSe6)2__KSnI3,log10_retention_tau_s,5.991069521754561,2.3112469,6.1761036,8.592331,True
Ca3CdO4__KNO2,log10_retention_tau_s,10.025036866036976,9.057087,9.606069,10.05398,True
Ca3CdO4__KNO2,log10_retention_tau_s,4.856722260366997,8.085521,9.270605,9.978624,False
Ca3CdO4__KNO2,log10_retention_tau_s,8.977056247041045,8.694396,9.583883,9.988384,True
Ca3CdO4__KNO2,log10_retention_tau_s,4.331364607456066,8.186952,9.410171,9.984925,False
KSi__KInP2S7,log10_retention_tau_s,8.790407897478033,6.0010867,8.946339,9.557866,True
KSi__KInP2S7,log10_retention_tau_s,7.735309602822453,6.025087,8.83666,9.547787,True
KSi__KInP2S7,log10_retention_tau_s,5.454044165730533,5.457089,8.798118,9.539267,False
KSi__KInP2S7,log10_retention_tau_s,6.611614518025508,5.5743594,8.800876,9.533728,True
TeO3__K4SnO4,log10_retention_tau_s,10.007345174595017,8.912389,10.000048,10.030887,True
TeO3__K4SnO4,log10_retention_tau_s,9.996714010336786,9.04474,10.003644,10.034764,True
TeO3__K4SnO4,log10_retention_tau_s,10.006747581924783,8.902393,10.002836,10.034099,True
TeO3__K4SnO4,log10_retention_tau_s,10.044253892085818,9.081214,9.999355,10.029763,False
LiTiAsO5__AsSe6IF6,log10_retention_tau_s,10.027334589530113,8.946172,9.997086,10.022016,False
LiTiAsO5__AsSe6IF6,log10_retention_tau_s,10.025355178856058,9.012587,10.0145645,10.0266075,True
LiTiAsO5__AsSe6IF6,log10_retention_tau_s,10.018584190998357,8.939693,9.995104,10.0267935,True
LiTiAsO5__AsSe6IF6,log10_retention_tau_s,10.005256702633245,8.988286,9.992467,10.019196,True
AlAs__KH2N,log10_retention_tau_s,9.995071171522241,8.28962,9.88783,9.989972,False
AlAs__KH2N,log10_retention_tau_s,10.001980037615334,7.9503636,9.873598,9.988743,False
AlAs__KH2N,log10_retention_tau_s,9.985909093802482,8.113322,9.890209,9.994758,True
AlAs__KH2N,log10_retention_tau_s,9.784790197188109,7.5965943,9.832181,9.996481,True
KNaTe__SnBr4,log10_retention_tau_s,9.986584450830238,9.11562,10.0043745,10.032517,True
KNaTe__SnBr4,log10_retention_tau_s,10.040244621123342,9.1068945,9.994513,10.020707,False
KNaTe__SnBr4,log10_retention_tau_s,10.020907195071675,9.110217,9.995262,10.023402,True
KNaTe__SnBr4,log10_retention_tau_s,10.010404500317081,9.134496,9.998238,10.023899,True
Na4SnTe4__Ca(Ga3Te5)2,log10_retention_tau_s,2.1426550174839005,2.3199363,5.96075,8.204028,False
Na4SnTe4__Ca(Ga3Te5)2,log10_retention_tau_s,2.0752384399611192,2.307261,5.964171,8.143973,False
Na4SnTe4__Ca(Ga3Te5)2,log10_retention_tau_s,5.849113119509563,4.328213,7.1739535,9.57368,True
Na4SnTe4__Ca(Ga3Te5)2,log10_retention_tau_s,1.703227726772652,2.2326674,5.9367576,7.961605,False
Na4TiP2O9__Na2Sb4O7,log10_retention_tau_s,-0.6481367398661131,-2.4268668,-0.4880867,5.524907,True
Na4TiP2O9__Na2Sb4O7,log10_retention_tau_s,-1.8597047342736568,-3.20719,-0.87980926,4.5420694,True
Na4TiP2O9__Na2Sb4O7,log10_retention_tau_s,-2.102339354680706,-3.2213156,-0.96332854,4.494292,True
Na4TiP2O9__Na2Sb4O7,log10_retention_tau_s,-1.126841569361508,-2.6003454,-0.5028153,5.4548078,True
ClO2__SbCl(OF3)2,log10_retention_tau_s,7.621195346905811,-0.76725304,6.5520053,7.2593493,False
ClO2__SbCl(OF3)2,log10_retention_tau_s,4.7035419269556,-1.9282172,5.750695,6.2981296,True
ClO2__SbCl(OF3)2,log10_retention_tau_s,8.87958855352061,-0.5656378,7.261355,7.462156,False
ClO2__SbCl(OF3)2,log10_retention_tau_s,7.629605480710478,-0.79879564,6.551659,7.2625756,False
NaInTe2__Na2Ga2GeS6,log10_retention_tau_s,10.023771540208088,8.824022,9.987485,10.01742,False
NaInTe2__Na2Ga2GeS6,log10_retention_tau_s,9.98772269722559,8.771776,9.981945,10.019077,True
NaInTe2__Na2Ga2GeS6,log10_retention_tau_s,10.014663930047039,9.109751,10.005253,10.02452,True
NaInTe2__Na2Ga2GeS6,log10_retention_tau_s,9.982229595032155,8.881948,9.989239,10.016913,True
K6CdO4__Na2TiGeO5,log10_retention_tau_s,8.461240361684707,7.603395,9.998903,10.02792,True
K6CdO4__Na2TiGeO5,log10_retention_tau_s,5.52534288020821,7.399391,9.951363,10.02533,False
K6CdO4__Na2TiGeO5,log10_retention_tau_s,4.86911409547033,7.3745937,9.935507,10.016489,False
K6CdO4__Na2TiGeO5,log10_retention_tau_s,6.986274540789024,7.616136,9.994887,10.0291,False
Ti(NO3)4__Zn(NO3)2,log10_retention_tau_s,3.2892395375936543,3.620612,7.834327,9.366224,False
Ti(NO3)4__Zn(NO3)2,log10_retention_tau_s,4.760730396444263,4.155594,7.9691477,9.379659,True
Ti(NO3)4__Zn(NO3)2,log10_retention_tau_s,2.1030267072205,3.4661138,7.845771,9.375446,False
Ti(NO3)4__Zn(NO3)2,log10_retention_tau_s,3.4956993875602707,3.6862674,7.8421135,9.366661,False
Na4CdP2__K2ZnSe2,log10_retention_tau_s,5.476948943328485,4.407985,8.041118,8.170051,True
Na4CdP2__K2ZnSe2,log10_retention_tau_s,7.355992982260337,5.004697,8.18417,8.224863,True
Na4CdP2__K2ZnSe2,log10_retention_tau_s,8.59481877797004,5.2205534,8.287114,8.299435,False
Na4CdP2__K2ZnSe2,log10_retention_tau_s,5.992597573121524,4.804477,8.07478,8.207688,True
LiIn(CN2)2__K4TiO4,log10_retention_tau_s,4.108517693925637,1.5216107,5.519043,8.529802,True
LiIn(CN2)2__K4TiO4,log10_retention_tau_s,1.5645915776159451,-0.52080697,5.289545,7.061029,True
LiIn(CN2)2__K4TiO4,log10_retention_tau_s,2.462917220244364,0.3076863,5.4118605,7.6750107,True
LiIn(CN2)2__K4TiO4,log10_retention_tau_s,3.026868082247479,0.57300276,5.4704566,8.052778,True
Na2CdH4(SeO5)2__PI2,log10_retention_tau_s,9.966617181043143,8.046764,9.943506,9.954268,False
Na2CdH4(SeO5)2__PI2,log10_retention_tau_s,9.978984709821452,6.614977,9.554925,9.8710575,False
Na2CdH4(SeO5)2__PI2,log10_retention_tau_s,9.992411081202881,7.988117,9.942408,10.015782,True
Na2CdH4(SeO5)2__PI2,log10_retention_tau_s,9.962703938499834,6.6885724,9.670081,9.781669,False
KNa4GeAs3__KGaGeO4,log10_retention_tau_s,10.02367829809029,9.089436,9.995787,10.02405,True
KNa4GeAs3__KGaGeO4,log10_retention_tau_s,10.017510156169807,9.167276,10.000876,10.027548,True
KNa4GeAs3__KGaGeO4,log10_retention_tau_s,9.993895691604592,8.678656,9.9817915,10.018001,True
KNa4GeAs3__KGaGeO4,log10_retention_tau_s,10.02746281405274,9.056879,10.004086,10.028432,True
K3Al2As3__Na2Cd(GeS3)2,log10_retention_tau_s,9.965425762177865,6.529652,9.907232,10.02049,True
K3Al2As3__Na2Cd(GeS3)2,log10_retention_tau_s,9.982145585267485,7.0855203,9.983107,10.025744,True
K3Al2As3__Na2Cd(GeS3)2,log10_retention_tau_s,10.008639506635625,8.160678,10.001073,10.024475,True
K3Al2As3__Na2Cd(GeS3)2,log10_retention_tau_s,10.03144866364358,6.4239316,9.932708,10.02493,False
P2Pb4O9__Cd(NO3)2,log10_retention_tau_s,6.374164435303591,6.4811587,8.20456,9.550252,False
P2Pb4O9__Cd(NO3)2,log10_retention_tau_s,4.720584647824989,5.944074,7.982509,9.512774,False
P2Pb4O9__Cd(NO3)2,log10_retention_tau_s,2.750237618729102,5.203345,7.928026,9.497423,False
P2Pb4O9__Cd(NO3)2,log10_retention_tau_s,5.919679780899885,6.339011,8.214283,9.511685,False
K3Na2SnAs3__K2Al2Sb3,log10_retention_tau_s,-4.281329552054428,-3.1718912,-2.4478798,4.528153,False
K3Na2SnAs3__K2Al2Sb3,log10_retention_tau_s,-1.719433610613315,-1.8531103,-1.7275138,4.774027,True
K3Na2SnAs3__K2Al2Sb3,log10_retention_tau_s,-2.020898199238482,-2.7286904,-1.9044207,4.6534815,True
K3Na2SnAs3__K2Al2Sb3,log10_retention_tau_s,-2.6705828215469465,-2.275337,-2.1493688,4.642349,False
CdTe__SiP2,log10_retention_tau_s,1.4204104290187716,4.6238394,9.001436,9.040097,False
CdTe__SiP2,log10_retention_tau_s,2.1608063361355994,4.616647,9.007366,9.022365,False
CdTe__SiP2,log10_retention_tau_s,6.205725386820779,5.630639,9.13455,9.339533,True
CdTe__SiP2,log10_retention_tau_s,4.691843717312185,5.278138,9.03214,9.200025,False
SICl7__CdH3NO5,log10_retention_tau_s,10.023207306433898,6.115562,9.258768,9.945579,False
SICl7__CdH3NO5,log10_retention_tau_s,10.003241643039003,5.936931,9.965352,10.018367,True
SICl7__CdH3NO5,log10_retention_tau_s,9.955371209191519,6.293451,9.989661,10.023638,True
SICl7__CdH3NO5,log10_retention_tau_s,10.01640015594885,6.8001323,10.006501,10.040822,True
NaCaAs__K2TeSe3,log10_retention_tau_s,9.853642274970674,8.646097,9.830071,9.99741,True
NaCaAs__K2TeSe3,log10_retention_tau_s,7.914579902449454,8.429829,9.8176775,9.996048,False
NaCaAs__K2TeSe3,log10_retention_tau_s,9.977669225778795,9.065626,9.914315,9.994368,True
NaCaAs__K2TeSe3,log10_retention_tau_s,9.100131734773624,8.584907,9.819166,9.994001,True
P2Pb4O9__CaZnAsHO5,log10_retention_tau_s,4.269588534044566,5.1858807,5.365331,7.9077716,False
P2Pb4O9__CaZnAsHO5,log10_retention_tau_s,8.28926599432788,7.0352364,8.505104,8.900656,True
P2Pb4O9__CaZnAsHO5,log10_retention_tau_s,4.845689605045261,5.260389,5.394278,7.908372,False
P2Pb4O9__CaZnAsHO5,log10_retention_tau_s,3.611791425264585,4.8769627,4.931211,7.9190974,False
In2(PS3)3__K2H6PbO6,log10_retention_tau_s,-3.7240359325724315,-2.633378,-0.388878,4.364167,False
In2(PS3)3__K2H6PbO6,log10_retention_tau_s,-4.1169098869165435,-2.7432556,-0.47056445,4.4600573,False
In2(PS3)3__K2H6PbO6,log10_retention_tau_s,-3.6940694890033274,-2.4808338,-0.40077356,4.4577475,False
In2(PS3)3__K2H6PbO6,log10_retention_tau_s,0.3827936737138803,0.12837577,1.49061,5.8655543,True
Na4Ge2Se5__Li2TiO3,log10_retention_tau_s,0.5794481445569967,6.4822063,9.138949,9.460784,False
Na4Ge2Se5__Li2TiO3,log10_retention_tau_s,5.2579220037777965,7.222817,9.176588,9.605078,False
Na4Ge2Se5__Li2TiO3,log10_retention_tau_s,2.713648917133772,6.705381,9.140185,9.486698,False
Na4Ge2Se5__Li2TiO3,log10_retention_tau_s,6.055089055011763,7.388741,9.221061,9.61814,False
LiAsSe2__NaAs3H2O9,log10_retention_tau_s,10.037339436734612,7.596341,9.914378,9.981092,False
LiAsSe2__NaAs3H2O9,log10_retention_tau_s,10.010887533830791,7.767978,9.944046,9.976259,False
LiAsSe2__NaAs3H2O9,log10_retention_tau_s,10.024072844929604,7.419324,9.9101715,9.992558,False
LiAsSe2__NaAs3H2O9,log10_retention_tau_s,10.0176320619326,8.470533,9.984002,9.996524,False
K2SiAs2__K2TiAl(PO4)3,log10_retention_tau_s,7.316283754727602,7.909899,9.886705,9.988857,False
K2SiAs2__K2TiAl(PO4)3,log10_retention_tau_s,6.537273673217212,7.920354,9.855506,9.981191,False
K2SiAs2__K2TiAl(PO4)3,log10_retention_tau_s,6.346229667378018,7.838262,9.830627,9.990981,False
K2SiAs2__K2TiAl(PO4)3,log10_retention_tau_s,9.99006555996827,8.853832,9.976294,10.020927,True
CdS__CdI2,log10_retention_tau_s,7.080613006308514,7.604733,9.926525,10.037475,False
CdS__CdI2,log10_retention_tau_s,4.751476434211635,7.1423745,9.812109,10.015514,False
CdS__CdI2,log10_retention_tau_s,4.070556361821749,7.2067943,9.763195,10.006286,False
CdS__CdI2,log10_retention_tau_s,5.713269503800389,7.445426,9.852409,10.029435,False
Te(HO)6__NaCaAs,log10_retention_tau_s,9.987289073492658,9.0623665,9.989781,10.017017,True
Te(HO)6__NaCaAs,log10_retention_tau_s,10.021562917821303,9.016243,9.996833,10.027485,True
Te(HO)6__NaCaAs,log10_retention_tau_s,10.003185109213012,9.035642,9.997325,10.019057,True
Te(HO)6__NaCaAs,log10_retention_tau_s,10.010366558999024,9.0623665,9.986199,10.020137,True
SbI3__K2ZnH4(I2O7)2,log10_retention_tau_s,4.328985203734779,2.5825844,5.817091,8.567671,True
SbI3__K2ZnH4(I2O7)2,log10_retention_tau_s,10.02301319884096,4.1996093,7.690845,9.019268,False
SbI3__K2ZnH4(I2O7)2,log10_retention_tau_s,8.139694096056516,3.3105295,7.4706454,8.739838,True
SbI3__K2ZnH4(I2O7)2,log10_retention_tau_s,3.7541777180833993,2.3554943,5.0393124,8.516786,True
Li2P7(H3N)9__NaHS,log10_retention_tau_s,9.104521163293576,4.226944,7.5266376,8.821963,False
Li2P7(H3N)9__NaHS,log10_retention_tau_s,9.738238873078872,4.2528305,7.592361,9.018313,False
Li2P7(H3N)9__NaHS,log10_retention_tau_s,7.997292845054033,3.6360307,7.4136,8.72218,True
Li2P7(H3N)9__NaHS,log10_retention_tau_s,5.738979818896635,3.667065,6.0852323,8.599887,True
Na14Cd2O9__Rubrene,log10_retention_tau_s,9.983508946766417,9.048166,9.991364,10.017152,True
Na14Cd2O9__Rubrene,log10_retention_tau_s,10.04378432630026,9.081372,9.986989,10.0104065,False
Na14Cd2O9__Rubrene,log10_retention_tau_s,10.01081959997711,9.052609,9.990442,10.020607,True
Na14Cd2O9__Rubrene,log10_retention_tau_s,9.956455109815954,9.096317,9.986463,10.01754,True
K6Sn2S7__Sn2OF5,log10_retention_tau_s,10.02995609002254,9.098865,9.988529,10.016689,False
K6Sn2S7__Sn2OF5,log10_retention_tau_s,10.009674793106582,9.040724,9.99167,10.015145,True
K6Sn2S7__Sn2OF5,log10_retention_tau_s,10.010900494498976,9.079894,9.987217,10.015249,True
K6Sn2S7__Sn2OF5,log10_retention_tau_s,9.987418477484315,9.039718,9.990387,10.013734,True
KSb(PSe3)2__NaTi2(PO4)3,log10_retention_tau_s,-0.8443822405646421,-0.07594039,0.9772411,4.648828,False
KSb(PSe3)2__NaTi2(PO4)3,log10_retention_tau_s,1.0120831173561795,0.5806764,1.4618229,5.666419,True
KSb(PSe3)2__NaTi2(PO4)3,log10_retention_tau_s,-5.555358365056908,-3.487383,-1.9326086,4.2114205,False
KSb(PSe3)2__NaTi2(PO4)3,log10_retention_tau_s,-1.7613617656045437,-1.2204983,-0.13270517,4.4163666,False
Na4SeO5__Al6Cd4TeO12,log10_retention_tau_s,0.34149804317143406,1.0767757,5.3273983,5.4093113,False
Na4SeO5__Al6Cd4TeO12,log10_retention_tau_s,3.9678269342001298,2.625697,5.550117,7.948967,True
Na4SeO5__Al6Cd4TeO12,log10_retention_tau_s,1.055475043245452,1.6289247,5.3585057,6.4084105,False
Na4SeO5__Al6Cd4TeO12,log10_retention_tau_s,4.195467892243001,2.4551947,5.539335,8.096932,True
KAs__Li4SnS4,log10_retention_tau_s,9.98397386341506,9.011683,10.004319,10.02925,True
KAs__Li4SnS4,log10_retention_tau_s,10.004493477499642,8.709121,9.994782,10.019888,True
KAs__Li4SnS4,log10_retention_tau_s,10.016757730860203,8.51075,9.998649,10.02518,True
KAs__Li4SnS4,log10_retention_tau_s,9.990257071319661,8.671807,9.993942,10.022791,True
Na4SiSe4__Ge4Se9,log10_retention_tau_s,9.994109257044311,7.074255,9.955269,10.023107,True
Na4SiSe4__Ge4Se9,log10_retention_tau_s,9.988989320374477,7.673402,9.996797,10.015577,True
Na4SiSe4__Ge4Se9,log10_retention_tau_s,10.00166876168623,6.735845,9.940094,10.01954,True
Na4SiSe4__Ge4Se9,log10_retention_tau_s,9.99532624343379,7.912969,10.00162,10.036,True
Ca11Sn3C8__Sb6S2O15,log10_retention_tau_s,10.009150299226079,9.006,10.00449,10.020412,True
Ca11Sn3C8__Sb6S2O15,log10_retention_tau_s,9.99298578904984,9.074922,10.007736,10.027688,True
Ca11Sn3C8__Sb6S2O15,log10_retention_tau_s,9.966829623147806,9.089452,10.022729,10.0463085,True
Ca11Sn3C8__Sb6S2O15,log10_retention_tau_s,10.003364824490363,9.081719,10.013863,10.0441065,True
NaInTe2__PCBM,log10_retention_tau_s,9.9970865679437,9.051398,9.989758,10.018697,True
NaInTe2__PCBM,log10_retention_tau_s,10.007760768246756,9.098865,9.989831,10.017703,True
NaInTe2__PCBM,log10_retention_tau_s,10.01583310467093,9.045167,9.986855,10.015391,False
NaInTe2__PCBM,log10_retention_tau_s,9.989434874959182,9.052609,9.988053,10.016862,True
Na2Zn2S3__SeCl4,log10_retention_tau_s,9.943028785248373,8.803651,9.998395,10.025109,True
Na2Zn2S3__SeCl4,log10_retention_tau_s,10.011632592428223,8.782873,9.994485,10.023163,True
Na2Zn2S3__SeCl4,log10_retention_tau_s,10.011920585326903,9.0003195,9.994721,10.02099,True
Na2Zn2S3__SeCl4,log10_retention_tau_s,10.05726933205728,8.767261,9.994711,10.022346,False
Ca6GaN5__Sn2OF5,log10_retention_tau_s,10.0040971531842,9.083147,9.990959,10.019396,True
Ca6GaN5__Sn2OF5,log10_retention_tau_s,9.983735786041551,9.058505,9.990715,10.018099,True
Ca6GaN5__Sn2OF5,log10_retention_tau_s,10.02933016973149,9.046657,9.992236,10.020605,False
Ca6GaN5__Sn2OF5,log10_retention_tau_s,9.99173427615644,9.065061,9.989401,10.01585,True
CaHN__K3SbS3,log10_retention_tau_s,3.868618705760058,2.8143592,6.1310987,8.514011,True
CaHN__K3SbS3,log10_retention_tau_s,9.997075384074318,5.3537183,9.0522,9.172715,False
CaHN__K3SbS3,log10_retention_tau_s,9.68466230334541,5.219339,9.019079,9.148877,False
CaHN__K3SbS3,log10_retention_tau_s,5.495116856265499,3.4123285,7.6834793,8.615423,True
Pb5SO8__LiPH21S3N7,log10_retention_tau_s,-3.6352736966740724,-2.7748566,-0.40422902,4.538142,False
Pb5SO8__LiPH21S3N7,log10_retention_tau_s,-2.598838095027102,-2.1323261,0.2535167,4.6766458,False
Pb5SO8__LiPH21S3N7,log10_retention_tau_s,-3.0744923893321627,-2.2379668,0.347126,4.6553826,False
Pb5SO8__LiPH21S3N7,log10_retention_tau_s,-2.599398574949866,-2.0941558,0.39469817,4.6787777,False
Na2CdH4(SeO5)2__TiCdO3,log10_retention_tau_s,-0.5833940422603131,0.38081473,5.4493446,6.886442,False
Na2CdH4(SeO5)2__TiCdO3,log10_retention_tau_s,-4.143002656887688,-1.4393617,4.9326625,5.2377124,False
Na2CdH4(SeO5)2__TiCdO3,log10_retention_tau_s,-3.9449797780582836,-1.4419856,4.914112,5.2405267,False
Na2CdH4(SeO5)2__TiCdO3,log10_retention_tau_s,-4.007503380057233,-1.6133511,4.923395,5.241166,False
PCBM__Li3AsH16(SO2)4,log10_retention_tau_s,10.005451433801682,9.086849,9.991835,10.015225,True
PCBM__Li3AsH16(SO2)4,log10_retention_tau_s,9.987851441832408,9.040014,9.993026,10.019083,True
PCBM__Li3AsH16(SO2)4,log10_retention_tau_s,9.981150040766815,9.06208,9.996627,10.0237465,True
PCBM__Li3AsH16(SO2)4,log10_retention_tau_s,10.037637715757262,9.087795,9.992151,10.02048,False
NaAs__Ca(AlSe2)2,log10_retention_tau_s,10.001078408323483,8.723435,9.994618,10.01568,True
NaAs__Ca(AlSe2)2,log10_retention_tau_s,10.02110657381419,8.664141,9.991417,10.0262575,True
NaAs__Ca(AlSe2)2,log10_retention_tau_s,9.956523492448321,8.625964,9.985271,10.012217,True
NaAs__Ca(AlSe2)2,log10_retention_tau_s,10.015778849687242,8.672635,9.986444,10.019307,True
Na2CdO2__TiPbO3,log10_retention_tau_s,0.499507763021545,0.6003835,0.87780154,4.879721,False
Na2CdO2__TiPbO3,log10_retention_tau_s,-1.0757832678981243,-0.8143165,0.42919123,4.454683,False
Na2CdO2__TiPbO3,log10_retention_tau_s,-3.708115065462221,-2.2245615,-0.7063377,4.2931724,False
Na2CdO2__TiPbO3,log10_retention_tau_s,-3.682153242598165,-2.1323447,-0.6009224,4.2981296,False
Ca(CdP)2__SBr,log10_retention_tau_s,10.00606948029324,9.064848,9.998113,10.032102,True
Ca(CdP)2__SBr,log10_retention_tau_s,9.986127342954926,9.067487,9.988639,10.016979,True
Ca(CdP)2__SBr,log10_retention_tau_s,10.039227223821781,9.0757265,9.992815,10.0201435,False
Ca(CdP)2__SBr,log10_retention_tau_s,10.01841813596302,9.076733,9.990716,10.018412,False
Na2ZnH4(SeO5)2__ClF3,log10_retention_tau_s,9.991168838761581,9.058438,9.986645,10.015219,True
Na2ZnH4(SeO5)2__ClF3,log10_retention_tau_s,10.0326268745716,9.0967655,10.006418,10.020656,False
Na2ZnH4(SeO5)2__ClF3,log10_retention_tau_s,10.005281171079622,9.073645,9.991397,10.017387,True
Na2ZnH4(SeO5)2__ClF3,log10_retention_tau_s,10.008928038510366,9.060194,9.991799,10.01785,True
Na7Al2Sb5__CdH3NO5,log10_retention_tau_s,9.99032009431431,9.105135,9.996825,10.026909,True
Na7Al2Sb5__CdH3NO5,log10_retention_tau_s,10.013497242783297,9.1209,9.999421,10.024229,True
Na7Al2Sb5__CdH3NO5,log10_retention_tau_s,10.010292838229402,9.136078,10.003911,10.030122,True
Na7Al2Sb5__CdH3NO5,log10_retention_tau_s,10.049318658366518,9.101424,9.999955,10.02683,False
GeAs__PI2,log10_retention_tau_s,10.002944816422772,7.673392,9.984853,10.033922,True
GeAs__PI2,log10_retention_tau_s,10.000811722877128,7.601978,9.989043,10.042038,True
GeAs__PI2,log10_retention_tau_s,9.961464801960412,8.820929,10.026085,10.046097,True
GeAs__PI2,log10_retention_tau_s,9.978151610845993,7.766506,9.993958,10.042139,True
NaInSe2__CaTe2O5,log10_retention_tau_s,10.013253533274023,8.602998,9.986368,10.024774,True
NaInSe2__CaTe2O5,log10_retention_tau_s,10.008051051609444,8.637028,9.993691,10.0323305,True
NaInSe2__CaTe2O5,log10_retention_tau_s,10.00208082295935,8.5255575,9.987339,10.023309,True
NaInSe2__CaTe2O5,log10_retention_tau_s,9.99464883061035,8.5193405,9.988293,10.02523,True
Rubrene__PPbS3,log10_retention_tau_s,10.029850343239964,9.027511,9.987919,10.017868,False
Rubrene__PPbS3,log10_retention_tau_s,10.004269764394836,9.047209,9.993278,10.017262,True
Rubrene__PPbS3,log10_retention_tau_s,10.006689394625905,9.061868,9.989828,10.017175,True
Rubrene__PPbS3,log10_retention_tau_s,9.9800342928778,9.080211,9.9876795,10.0171585,True
K2Sn(S2O7)3__Zn2NCl,log10_retention_tau_s,9.988348248046128,8.630788,10.0009,10.029127,True
K2Sn(S2O7)3__Zn2NCl,log10_retention_tau_s,9.974807398115374,8.732863,10.001703,10.03644,True
K2Sn(S2O7)3__Zn2NCl,log10_retention_tau_s,9.977287439130173,9.007383,10.002512,10.027734,True
K2Sn(S2O7)3__Zn2NCl,log10_retention_tau_s,9.999646624638752,9.057848,10.009739,10.030458,True
Li3P__InBr2,log10_retention_tau_s,9.99851768267882,8.410654,10.02059,10.021097,True
Li3P__InBr2,log10_retention_tau_s,9.979253099716688,8.380835,9.986091,10.015938,True
Li3P__InBr2,log10_retention_tau_s,10.003446744155417,8.166887,9.982075,10.01052,True
Li3P__InBr2,log10_retention_tau_s,10.014976692859527,8.435076,10.005787,10.018285,True
Al2CdS4__K5As3O10,log10_retention_tau_s,-5.059471218953744,-5.6872487,-3.462523,3.867342,True
Al2CdS4__K5As3O10,log10_retention_tau_s,-5.630068303923248,-5.842675,-3.7841508,3.8740609,True
Al2CdS4__K5As3O10,log10_retention_tau_s,-0.3225435928562639,-2.4094713,-0.3082494,5.504226,True
Al2CdS4__K5As3O10,log10_retention_tau_s,-3.787275767478989,-4.6031427,-2.5754683,4.043762,True
Na3SiTe3__In2PO5,log10_retention_tau_s,5.791374298016364,7.4997053,8.799561,9.702284,False
Na3SiTe3__In2PO5,log10_retention_tau_s,9.664982661455646,8.56565,9.09885,9.748219,True
Na3SiTe3__In2PO5,log10_retention_tau_s,6.803535205877689,8.074568,8.927647,9.699368,False
Na3SiTe3__In2PO5,log10_retention_tau_s,5.969634807065894,7.538966,8.80837,9.687549,False
LiSbO3__NaLi3(H2N)4,log10_retention_tau_s,-5.1633995940650586,-2.0819607,-0.76152015,5.056119,False
LiSbO3__NaLi3(H2N)4,log10_retention_tau_s,0.0006997499826156653,-0.8097137,2.8696685,5.951202,True
LiSbO3__NaLi3(H2N)4,log10_retention_tau_s,-1.8784256615941934,-1.6407495,1.2152474,5.2460732,False
LiSbO3__NaLi3(H2N)4,log10_retention_tau_s,-1.777866734816881,-1.5436234,1.2304107,5.255787,False
LiAlTe2__K3As(PSe3)3,log10_retention_tau_s,10.02718526119446,7.1679435,9.959119,9.959508,False
LiAlTe2__K3As(PSe3)3,log10_retention_tau_s,9.337810093919591,6.374176,9.803451,9.877238,True
LiAlTe2__K3As(PSe3)3,log10_retention_tau_s,6.559615403941322,5.282805,9.6635065,9.684268,True
LiAlTe2__K3As(PSe3)3,log10_retention_tau_s,5.145488957055649,4.278893,9.380148,9.566517,True
Sb2ClO2F11__GaP2I9,log10_retention_tau_s,10.016778373730414,9.058208,9.992885,10.022101,True
Sb2ClO2F11__GaP2I9,log10_retention_tau_s,9.956160324170957,9.083208,9.992197,10.021854,True
Sb2ClO2F11__GaP2I9,log10_retention_tau_s,10.000678513666172,9.086577,9.987083,10.017438,True
Sb2ClO2F11__GaP2I9,log10_retention_tau_s,10.01984943118513,9.071425,9.994134,10.023364,True
K2TiS3__TCTA,log10_retention_tau_s,9.998953232878812,9.073631,9.975532,10.011714,True
K2TiS3__TCTA,log10_retention_tau_s,10.005545558041629,9.048166,9.986959,10.011963,True
K2TiS3__TCTA,log10_retention_tau_s,10.058212791535315,9.039726,9.988211,10.015007,False
K2TiS3__TCTA,log10_retention_tau_s,10.038151441151793,9.07526,9.98542,10.013759,False
GaHO2__GaBr2,log10_retention_tau_s,3.9881963538298293,4.658144,6.459123,9.11435,False
GaHO2__GaBr2,log10_retention_tau_s,2.2544145493361505,3.5908282,6.244045,8.067823,False
GaHO2__GaBr2,log10_retention_tau_s,2.374296896742212,3.4796135,6.2131457,8.100272,False
GaHO2__GaBr2,log10_retention_tau_s,2.0637655342993018,3.3622017,6.267481,7.9471726,False
K2Se5__NaAs3(PbO3)4,log10_retention_tau_s,10.008189940259957,8.257727,9.984567,10.017826,True
K2Se5__NaAs3(PbO3)4,log10_retention_tau_s,9.98691472303874,8.734748,9.986537,10.026933,True
K2Se5__NaAs3(PbO3)4,log10_retention_tau_s,10.001704182503131,8.223259,9.98262,10.026362,True
K2Se5__NaAs3(PbO3)4,log10_retention_tau_s,10.025035149461822,8.573131,9.988083,10.028131,True
Cd2AsO4F__K2ZnSiO4,log10_retention_tau_s,10.007568335541292,8.495983,9.924475,9.998366,False
Cd2AsO4F__K2ZnSiO4,log10_retention_tau_s,10.023339440122973,8.678319,9.965521,10.010623,False
Cd2AsO4F__K2ZnSiO4,log10_retention_tau_s,10.000778690689733,8.990584,9.990949,10.022925,True
Cd2AsO4F__K2ZnSiO4,log10_retention_tau_s,9.988033964073717,8.891665,9.992894,10.020548,True
CdGeN2__Ga2I3,log10_retention_tau_s,8.368647420054245,2.7441866,6.856826,8.700164,True
CdGeN2__Ga2I3,log10_retention_tau_s,9.987256472494328,4.0257354,7.484481,9.020805,False
CdGeN2__Ga2I3,log10_retention_tau_s,7.426430580040482,2.6247063,6.4624314,8.602148,True
CdGeN2__Ga2I3,log10_retention_tau_s,7.175215017864808,2.2817576,6.2404437,8.559934,True
KTiPSe5__Na2LiGaAs2,log10_retention_tau_s,1.4207555182520535,3.3418784,6.2395163,7.9259543,False
KTiPSe5__Na2LiGaAs2,log10_retention_tau_s,1.278355619377822,3.3275607,6.223507,7.763775,False
KTiPSe5__Na2LiGaAs2,log10_retention_tau_s,2.22588836614197,3.6765175,6.2519584,8.230133,False
KTiPSe5__Na2LiGaAs2,log10_retention_tau_s,3.1478083108570227,4.4037914,6.410072,8.58638,False
Ca2Al2Sn2O9__IO2F,log10_retention_tau_s,10.050854743983521,9.097592,9.990386,10.018262,False
Ca2Al2Sn2O9__IO2F,log10_retention_tau_s,9.99998425706536,9.08234,9.986379,10.011478,True
Ca2Al2Sn2O9__IO2F,log10_retention_tau_s,10.00683271742852,9.051098,9.990483,10.012925,True
Ca2Al2Sn2O9__IO2F,log10_retention_tau_s,9.983190102840146,9.052609,9.987529,10.018046,True
TPD__Na5SnAs3,log10_retention_tau_s,10.015571234965906,9.080273,9.985482,10.007988,False
TPD__Na5SnAs3,log10_retention_tau_s,9.995329175028953,9.088377,9.9894,10.008005,True
TPD__Na5SnAs3,log10_retention_tau_s,10.001110306964392,9.0337925,9.987148,10.0079775,True
TPD__Na5SnAs3,log10_retention_tau_s,10.014640705181792,9.043563,9.987565,10.008595,False
Zn3P2__Ca3AsN,log10_retention_tau_s,3.0668933474951063,-2.1856635,5.1272855,6.2187853,True
Zn3P2__Ca3AsN,log10_retention_tau_s,4.3689967100518095,-2.044412,6.2454553,6.565777,True
Zn3P2__Ca3AsN,log10_retention_tau_s,7.005822959868979,-0.6292798,6.443685,8.102564,True
Zn3P2__Ca3AsN,log10_retention_tau_s,9.183231302099118,0.83423394,7.2737737,8.428325,False
CaP__Ga2Te2Br7,log10_retention_tau_s,9.979530078741764,9.13304,10.013284,10.028308,True
CaP__Ga2Te2Br7,log10_retention_tau_s,9.973246977614147,9.148401,10.002955,10.020211,True
CaP__Ga2Te2Br7,log10_retention_tau_s,10.020632226649278,9.08233,10.002453,10.026093,True
CaP__Ga2Te2Br7,log10_retention_tau_s,10.000664793689376,9.11641,10.005546,10.028989,True
K3SbSe4__KGe,log10_retention_tau_s,6.527936263013648,7.093449,8.745307,9.877844,False
K3SbSe4__KGe,log10_retention_tau_s,6.311893358202892,7.0651555,8.627534,9.843382,False
K3SbSe4__KGe,log10_retention_tau_s,7.304818921418492,7.699084,8.872234,9.91349,False
K3SbSe4__KGe,log10_retention_tau_s,8.083773509808259,8.234958,9.064871,9.952234,False
GaN5O14__SnS2,log10_retention_tau_s,1.6122184959563384,-1.236935,5.466593,7.1158566,True
GaN5O14__SnS2,log10_retention_tau_s,3.3312187123708172,-0.072790965,6.4211307,7.5192437,True
GaN5O14__SnS2,log10_retention_tau_s,-0.4333886511282997,-2.0432189,5.2893376,5.7626505,True
GaN5O14__SnS2,log10_retention_tau_s,2.1937124991484875,-0.82666004,5.4783955,7.0688386,True
Li2P7(H3N)9__P2Pb4O9,log10_retention_tau_s,-0.06831102933286297,2.1921105,6.416336,7.2722197,False
Li2P7(H3N)9__P2Pb4O9,log10_retention_tau_s,1.0886282553207924,2.779475,6.5701528,7.3937454,False
Li2P7(H3N)9__P2Pb4O9,log10_retention_tau_s,1.7851677338669167,3.0161657,6.581827,7.679927,False
Li2P7(H3N)9__P2Pb4O9,log10_retention_tau_s,-1.100856623731079,1.9298843,6.4147506,7.0762644,False
Na2GeTeO6__InCl2,log10_retention_tau_s,-4.127799039140556,-4.8994727,-3.4065983,3.9341388,True
Na2GeTeO6__InCl2,log10_retention_tau_s,0.8382934200323333,-2.3408449,0.49765685,4.483914,True
Na2GeTeO6__InCl2,log10_retention_tau_s,-0.8986470830965292,-3.436835,-1.0544033,4.1582046,True
Na2GeTeO6__InCl2,log10_retention_tau_s,-3.1428934953026837,-4.5678935,-2.1565237,3.9448526,True
LiInO2__InPS4,log10_retention_tau_s,5.943935793307175,5.7582974,7.90453,9.493197,True
LiInO2__InPS4,log10_retention_tau_s,6.653399607352669,5.8370767,7.954738,9.473579,True
LiInO2__InPS4,log10_retention_tau_s,6.292912894297913,5.930001,7.9191604,9.462002,True
LiInO2__InPS4,log10_retention_tau_s,4.179794256858638,5.3047333,7.7581015,9.487285,False
Ca2SnO4__Cd3(AsO4)2,log10_retention_tau_s,9.96025561545366,8.964626,10.001945,10.033023,True
Ca2SnO4__Cd3(AsO4)2,log10_retention_tau_s,9.951372445877999,8.55126,10.003304,10.032554,True
Ca2SnO4__Cd3(AsO4)2,log10_retention_tau_s,10.00146300968582,9.17858,10.007383,10.034868,True
Ca2SnO4__Cd3(AsO4)2,log10_retention_tau_s,9.997801671002778,9.041953,10.005486,10.03405,True
NaSe2__Na2In2SiS6,log10_retention_tau_s,2.627171966679177,2.633116,5.6151075,8.271129,False
NaSe2__Na2In2SiS6,log10_retention_tau_s,2.4473957667055912,2.5366728,5.5267534,8.077072,False
NaSe2__Na2In2SiS6,log10_retention_tau_s,3.7642509156411763,2.912653,6.5313907,8.580097,True
NaSe2__Na2In2SiS6,log10_retention_tau_s,2.519544139583869,2.6727326,5.590645,8.170959,False
K3Li3TeO6__TeBrO3F5,log10_retention_tau_s,9.997128722425057,9.071743,9.989483,10.018628,True
K3Li3TeO6__TeBrO3F5,log10_retention_tau_s,10.02615832286381,9.057609,9.99121,10.015303,False
K3Li3TeO6__TeBrO3F5,log10_retention_tau_s,10.002594749795142,9.090046,9.984199,10.00986,True
K3Li3TeO6__TeBrO3F5,log10_retention_tau_s,10.012893361114463,9.070012,9.988705,10.014623,True
In2(PS3)3__Sb7Se8F35,log10_retention_tau_s,9.985054513198671,9.125778,10.008246,10.036931,True
In2(PS3)3__Sb7Se8F35,log10_retention_tau_s,9.965717696652145,9.140494,10.005168,10.034001,True
In2(PS3)3__Sb7Se8F35,log10_retention_tau_s,10.010941139928955,9.119018,10.005992,10.036839,True
In2(PS3)3__Sb7Se8F35,log10_retention_tau_s,10.005024229084492,9.117482,10.007337,10.038424,True
Ca2As2O7__GeBr2,log10_retention_tau_s,9.962220653361934,9.030478,10.002837,10.034881,True
Ca2As2O7__GeBr2,log10_retention_tau_s,9.996630210150824,8.614839,10.004421,10.032636,True
Ca2As2O7__GeBr2,log10_retention_tau_s,9.96498466904352,9.048337,10.000335,10.03468,True
Ca2As2O7__GeBr2,log10_retention_tau_s,9.990799949138422,9.109165,10.001718,10.032694,True
KTeP2__AsSe6IF6,log10_retention_tau_s,9.99330072756459,9.110821,9.991203,10.014661,True
KTeP2__AsSe6IF6,log10_retention_tau_s,10.020188324109963,9.082283,9.994133,10.017895,False
KTeP2__AsSe6IF6,log10_retention_tau_s,10.018372936568795,9.1103735,9.998343,10.019673,True
KTeP2__AsSe6IF6,log10_retention_tau_s,10.016086084045872,9.11769,9.994533,10.017875,True
Ca3CdO4__NO2,log10_retention_tau_s,9.989181957331132,9.0513115,9.986592,10.015652,True
Ca3CdO4__NO2,log10_retention_tau_s,10.016375806189975,9.090861,9.989245,10.018681,True
Ca3CdO4__NO2,log10_retention_tau_s,10.003327414366149,9.044756,9.991453,10.018506,True
Ca3CdO4__NO2,log10_retention_tau_s,10.011652912333782,9.092642,9.986084,10.01564,True
LiInSe2__CaHN,log10_retention_tau_s,9.995814008579217,8.12984,10.003971,10.027172,True
LiInSe2__CaHN,log10_retention_tau_s,10.023376152939623,7.619713,9.994793,10.032227,True
LiInSe2__CaHN,log10_retention_tau_s,9.980430926121702,7.6752257,10.003649,10.028218,True
LiInSe2__CaHN,log10_retention_tau_s,9.982550840656796,7.34457,9.999226,10.031287,True
Ca3PN__Na5SiAs3,log10_retention_tau_s,-1.6432106794385506,-0.009906182,0.38501632,4.3462195,False
Ca3PN__Na5SiAs3,log10_retention_tau_s,-4.25987266172718,-2.551807,-1.5726446,3.77274,False
Ca3PN__Na5SiAs3,log10_retention_tau_s,-0.8298843396335326,0.18060952,0.4060479,4.9025545,False
Ca3PN__Na5SiAs3,log10_retention_tau_s,0.2185739694288393,0.5445594,0.57449543,5.34773,False
C__Si2H2S3,log10_retention_tau_s,10.013611522958335,8.511424,9.737812,9.971267,False
C__Si2H2S3,log10_retention_tau_s,9.984287479607964,8.833997,9.844039,10.020468,True
C__Si2H2S3,log10_retention_tau_s,10.042688615717516,8.797302,9.836165,10.018343,False
C__Si2H2S3,log10_retention_tau_s,9.969379103085378,8.610503,9.76345,9.988014,True
CdSiP2__KZn4(SbO4)3,log10_retention_tau_s,0.7679569782735393,-0.74656916,5.4750156,7.8154745,True
CdSiP2__KZn4(SbO4)3,log10_retention_tau_s,-3.1948006393282786,-1.9239686,5.215329,5.245212,False
CdSiP2__KZn4(SbO4)3,log10_retention_tau_s,1.3337508056470702,-0.36727557,5.518767,7.832725,True
CdSiP2__KZn4(SbO4)3,log10_retention_tau_s,0.8434068036178639,-0.5854523,5.4747896,7.8073654,True
ZnSe__NaAlAsO4F,log10_retention_tau_s,10.007758414422796,9.024298,9.995194,10.028214,True
ZnSe__NaAlAsO4F,log10_retention_tau_s,9.973664481735359,8.799061,9.976594,10.021091,True
ZnSe__NaAlAsO4F,log10_retention_tau_s,10.001708862921719,8.917957,10.031606,10.033295,True
ZnSe__NaAlAsO4F,log10_retention_tau_s,10.008681933728045,8.593863,10.008666,10.02915,True
Na2ZnSe2__KSb3O5,log10_retention_tau_s,5.149671726428178,6.1700244,9.079826,9.239332,False
Na2ZnSe2__KSb3O5,log10_retention_tau_s,5.780627809021212,6.179195,9.0965,9.249225,False
Na2ZnSe2__KSb3O5,log10_retention_tau_s,0.3211286349488038,4.66747,9.001668,9.033541,False
Na2ZnSe2__KSb3O5,log10_retention_tau_s,5.045154249300711,6.1398535,9.06452,9.2028885,False
KSb3O5__LiC,log10_retention_tau_s,-3.3449313737981186,-3.0309312,-0.72921973,5.318396,False
KSb3O5__LiC,log10_retention_tau_s,-3.898084559500863,-3.2579873,-0.9734035,4.6873283,False
KSb3O5__LiC,log10_retention_tau_s,-5.8647723697585885,-4.703616,-2.828629,4.246657,False
KSb3O5__LiC,log10_retention_tau_s,-4.173097904578565,-3.3665988,-1.2292471,4.5991898,False
SbClF8__K3Na2SnAs3,log10_retention_tau_s,10.022955656464065,9.046067,9.99136,10.025723,True
SbClF8__K3Na2SnAs3,log10_retention_tau_s,9.996076411188296,9.06662,9.991247,10.020073,True
SbClF8__K3Na2SnAs3,log10_retention_tau_s,10.028870872653055,9.037735,9.9861,10.01666,False
SbClF8__K3Na2SnAs3,log10_retention_tau_s,9.968646820075481,9.048935,9.986716,10.01572,True
S3(NO7)2__NaSe2,log10_retention_tau_s,10.014705536537617,9.028417,9.990995,10.018787,True
S3(NO7)2__NaSe2,log10_retention_tau_s,10.057006023462508,9.034132,9.997145,10.020815,False
S3(NO7)2__NaSe2,log10_retention_tau_s,10.011761244345765,9.042329,9.989544,10.017365,True
S3(NO7)2__NaSe2,log10_retention_tau_s,9.98803421879665,9.064419,9.992112,10.020468,True
KAsSe2__Zn(NO3)2,log10_retention_tau_s,9.94347673049403,9.100037,10.007908,10.032895,True
KAsSe2__Zn(NO3)2,log10_retention_tau_s,10.021785683108291,8.85349,10.001102,10.0323,True
KAsSe2__Zn(NO3)2,log10_retention_tau_s,9.978387085060534,8.89101,10.003327,10.035883,True
KAsSe2__Zn(NO3)2,log10_retention_tau_s,9.986897193752613,9.080051,10.005532,10.030835,True
Al2PbSe4__Na5Al3H14,log10_retention_tau_s,-3.2476109043579604,-1.775454,3.7414021,5.282343,False
Al2PbSe4__Na5Al3H14,log10_retention_tau_s,-1.0218270836674712,-0.972279,4.85635,5.440097,False
Al2PbSe4__Na5Al3H14,log10_retention_tau_s,0.8946578018896234,-0.41458967,5.939823,6.072119,True
Al2PbSe4__Na5Al3H14,log10_retention_tau_s,-3.4439096010001364,-1.6383812,3.4886854,5.1836863,False
PICl8__TeBrO3F5,log10_retention_tau_s,10.009818689453727,6.680275,9.806431,9.846533,False
PICl8__TeBrO3F5,log10_retention_tau_s,10.008489941885047,7.4494915,9.901511,9.993928,False
PICl8__TeBrO3F5,log10_retention_tau_s,10.025099343224182,6.799697,9.8931055,9.971068,False
PICl8__TeBrO3F5,log10_retention_tau_s,9.811886333534677,6.0953283,9.896763,9.9036045,True
Cd2GeO4__ZnSe,log10_retention_tau_s,-3.6474506541368563,-2.924372,-1.7324617,4.5541267,False
Cd2GeO4__ZnSe,log10_retention_tau_s,-3.3119645001221123,-2.6751595,-1.1783988,4.644714,False
Cd2GeO4__ZnSe,log10_retention_tau_s,-3.879181452897994,-3.5749507,-2.107848,4.475727,False
Cd2GeO4__ZnSe,log10_retention_tau_s,-5.964106018102484,-5.150365,-3.6603925,4.212039,False
Na2Ti2Se9__KIn(TeO3)2,log10_retention_tau_s,9.998122309997909,9.02273,9.999112,10.022607,True
Na2Ti2Se9__KIn(TeO3)2,log10_retention_tau_s,10.003282233003793,8.865976,9.9864645,10.021712,True
Na2Ti2Se9__KIn(TeO3)2,log10_retention_tau_s,10.019030365538667,8.903391,9.988058,10.020467,True
Na2Ti2Se9__KIn(TeO3)2,log10_retention_tau_s,10.01526778528781,8.904873,9.98884,10.021922,True
Ca21(Zn2Sb9)2__ZnSeO4,log10_retention_tau_s,9.996467847729368,8.946197,10.00013,10.027526,True
Ca21(Zn2Sb9)2__ZnSeO4,log10_retention_tau_s,9.987429939519982,9.121449,10.001928,10.021738,True
Ca21(Zn2Sb9)2__ZnSeO4,log10_retention_tau_s,9.98643981257486,9.057691,10.00312,10.028693,True
Ca21(Zn2Sb9)2__ZnSeO4,log10_retention_tau_s,10.001798256296933,9.14516,10.0055685,10.032007,True
Ge2S3Br2__Ca3Al3N5,log10_retention_tau_s,9.992884863631252,8.785595,9.9981785,10.030417,True
Ge2S3Br2__Ca3Al3N5,log10_retention_tau_s,9.983914841968517,8.770272,10.01013,10.035887,True
Ge2S3Br2__Ca3Al3N5,log10_retention_tau_s,10.001227305637316,8.974244,9.997249,10.02471,True
Ge2S3Br2__Ca3Al3N5,log10_retention_tau_s,10.030621187114061,9.19016,9.9966,10.028374,False
LiZnSb__Si(PbS2)2,log10_retention_tau_s,9.969293354662886,7.60816,10.006522,10.011172,True
LiZnSb__Si(PbS2)2,log10_retention_tau_s,9.994654666681193,7.568662,9.978746,9.99272,False
LiZnSb__Si(PbS2)2,log10_retention_tau_s,10.000969093453408,7.3496413,9.969477,10.008726,True
LiZnSb__Si(PbS2)2,log10_retention_tau_s,10.009795331991553,7.183643,9.946884,10.007515,False
LiTi2(PO4)3__ZnI2,log10_retention_tau_s,9.97824072832575,8.307239,9.266777,9.568781,False
LiTi2(PO4)3__ZnI2,log10_retention_tau_s,7.4787169961241355,6.828233,9.08937,9.557873,True
LiTi2(PO4)3__ZnI2,log10_retention_tau_s,7.2381765297987615,6.844595,9.082682,9.554555,True
LiTi2(PO4)3__ZnI2,log10_retention_tau_s,10.003644901214155,8.125335,9.263542,9.571115,False
KInSnSe4__SiS2,log10_retention_tau_s,9.97216791724725,8.5925045,9.917487,9.997125,True
KInSnSe4__SiS2,log10_retention_tau_s,9.980230364624752,8.247091,9.963502,10.002515,True
KInSnSe4__SiS2,log10_retention_tau_s,10.005492571082815,8.726393,9.970537,10.007966,True
KInSnSe4__SiS2,log10_retention_tau_s,10.015626177149459,9.087314,10.039753,10.05725,True
GeTe__LiPH21S3N7,log10_retention_tau_s,9.987278414601521,9.096736,9.996517,10.024892,True
GeTe__LiPH21S3N7,log10_retention_tau_s,10.037183666010797,8.952356,10.016517,10.038442,True
GeTe__LiPH21S3N7,log10_retention_tau_s,10.008370408432288,9.126345,9.998786,10.024623,True
GeTe__LiPH21S3N7,log10_retention_tau_s,9.995994253658102,9.192077,10.002423,10.029451,True
KCO3__Ge19(PBr)4,log10_retention_tau_s,9.969471588853104,7.9687424,9.394939,10.011561,True
KCO3__Ge19(PBr)4,log10_retention_tau_s,10.025428138582123,8.361212,9.401461,10.009224,False
KCO3__Ge19(PBr)4,log10_retention_tau_s,10.011920735631165,8.612038,9.507292,10.01429,True
KCO3__Ge19(PBr)4,log10_retention_tau_s,9.972826808900027,8.303261,9.402785,9.979463,True
LiP__KP,log10_retention_tau_s,-2.1469873574943046,-1.8166516,5.272006,6.0037675,False
LiP__KP,log10_retention_tau_s,3.4557283350030525,0.4252659,6.576805,8.239982,True
LiP__KP,log10_retention_tau_s,-3.105944893213412,-2.1208653,4.889139,5.1883216,False
LiP__KP,log10_retention_tau_s,-2.3661032406139357,-1.909456,5.2881165,5.9801235,False
KIn(TeO3)2__BrF5,log10_retention_tau_s,9.961825055031218,9.084298,9.987572,10.012931,True
KIn(TeO3)2__BrF5,log10_retention_tau_s,9.97692793217357,9.098865,9.990404,10.0204735,True
KIn(TeO3)2__BrF5,log10_retention_tau_s,10.018664661353618,9.066679,9.991629,10.024008,True
KIn(TeO3)2__BrF5,log10_retention_tau_s,10.050591706166548,9.080455,9.985213,10.014661,False
NaCO3__AlTeI7,log10_retention_tau_s,6.647442400018751,2.5966632,6.6870666,8.428869,True
NaCO3__AlTeI7,log10_retention_tau_s,7.8536055720058675,3.0382957,7.2841997,8.497319,True
NaCO3__AlTeI7,log10_retention_tau_s,7.814943886439833,2.9490247,7.276324,8.539732,True
NaCO3__AlTeI7,log10_retention_tau_s,1.9890572562939253,1.0275382,6.2468457,6.3272696,True
K4Na2TeO6__TiP2O7,log10_retention_tau_s,9.956255299614607,8.837423,9.97983,10.031329,True
K4Na2TeO6__TiP2O7,log10_retention_tau_s,9.950270621621932,9.138362,10.0098095,10.0322275,True
K4Na2TeO6__TiP2O7,log10_retention_tau_s,9.994840285941848,8.5386095,9.977365,10.026042,True
K4Na2TeO6__TiP2O7,log10_retention_tau_s,9.979749588617834,8.551877,9.983088,10.026674,True
SbSBr__AsSe6IF6,log10_retention_tau_s,5.866517652155216,5.1164503,6.753262,7.702521,True
SbSBr__AsSe6IF6,log10_retention_tau_s,3.6819715399925568,3.7373729,6.111931,7.3386464,False
SbSBr__AsSe6IF6,log10_retention_tau_s,7.694485677533831,6.183287,7.2307596,8.311493,True
SbSBr__AsSe6IF6,log10_retention_tau_s,3.9290050400828536,3.9954607,6.038626,7.352434,False
Li2P7(H3N)9__In3SnI5,log10_retention_tau_s,9.975290194631064,8.531437,9.936286,10.022439,True
Li2P7(H3N)9__In3SnI5,log10_retention_tau_s,4.979986563951797,6.54872,8.621543,9.784596,False
Li2P7(H3N)9__In3SnI5,log10_retention_tau_s,8.26024567130295,8.190726,9.796829,9.943611,True
Li2P7(H3N)9__In3SnI5,log10_retention_tau_s,8.629401321271086,8.208567,9.827031,9.947935,True
P__IO2F,log10_retention_tau_s,10.003265665166957,9.118648,9.999985,10.023482,True
P__IO2F,log10_retention_tau_s,9.992317296641257,9.101424,10.0041065,10.028955,True
P__IO2F,log10_retention_tau_s,10.006207984543943,9.111762,10.0058155,10.030106,True
P__IO2F,log10_retention_tau_s,9.992140859058583,9.097588,10.003537,10.028646,True
NaZnAsO4__GeO2,log10_retention_tau_s,10.00878829586392,8.072753,9.979389,10.025717,True
NaZnAsO4__GeO2,log10_retention_tau_s,9.952585497060907,8.006899,9.989133,10.029915,True
NaZnAsO4__GeO2,log10_retention_tau_s,9.986787901567416,6.3584194,9.8892565,9.948057,False
NaZnAsO4__GeO2,log10_retention_tau_s,10.027088192128387,8.41935,10.008411,10.018031,False
K2Sn(AsS3)2__Zn(HO)2,log10_retention_tau_s,9.97143257423158,9.004504,9.901821,10.012094,True
K2Sn(AsS3)2__Zn(HO)2,log10_retention_tau_s,9.970856825942482,9.234518,9.9957,10.0327215,True
K2Sn(AsS3)2__Zn(HO)2,log10_retention_tau_s,9.988805649024068,9.27085,10.006449,10.074548,True
K2Sn(AsS3)2__Zn(HO)2,log10_retention_tau_s,10.010046375633022,8.926197,9.959032,10.012871,True
Ca(GaSe2)2__Na2Li3GaO4,log10_retention_tau_s,9.738980489019434,7.95717,9.689135,10.005056,True
Ca(GaSe2)2__Na2Li3GaO4,log10_retention_tau_s,5.805233091012448,7.9022007,9.543801,9.966811,False
Ca(GaSe2)2__Na2Li3GaO4,log10_retention_tau_s,9.999192598398956,8.42524,9.689945,10.016016,True
Ca(GaSe2)2__Na2Li3GaO4,log10_retention_tau_s,5.759529517138176,8.023186,9.550324,9.972573,False
InAsH2O5__Zn3TeAs2Pb3O14,log10_retention_tau_s,-0.6934316923486161,-1.9294914,4.080481,5.311531,True
InAsH2O5__Zn3TeAs2Pb3O14,log10_retention_tau_s,2.5344321986879335,-0.98711693,5.4988666,6.33594,True
InAsH2O5__Zn3TeAs2Pb3O14,log10_retention_tau_s,3.3628020054833465,-0.89936364,5.511746,6.887293,True
InAsH2O5__Zn3TeAs2Pb3O14,log10_retention_tau_s,3.547832507145896,-1.0341558,5.5294156,6.9173365,True
Na3As4H5O14__TePCl9,log10_retention_tau_s,10.001921660705365,7.6097765,9.987002,10.028455,True
Na3As4H5O14__TePCl9,log10_retention_tau_s,9.996588781008265,6.0888667,9.940827,9.961937,False
Na3As4H5O14__TePCl9,log10_retention_tau_s,9.948816668269394,6.879374,9.984705,10.026211,True
Na3As4H5O14__TePCl9,log10_retention_tau_s,10.035380927287974,6.243593,9.950856,9.963134,False
K2Al2Sb3__GaN5O14,log10_retention_tau_s,9.97313305789523,9.029977,10.0033655,10.02876,True
K2Al2Sb3__GaN5O14,log10_retention_tau_s,9.953092780135808,9.067549,10.009835,10.040273,True
K2Al2Sb3__GaN5O14,log10_retention_tau_s,9.995152424333375,9.045416,9.996811,10.022984,True
K2Al2Sb3__GaN5O14,log10_retention_tau_s,10.049410075292892,9.07229,9.999921,10.024825,False
CdSiP2__Ca7SiN6,log10_retention_tau_s,7.821752668215378,1.9480448,7.2148585,9.03972,True
CdSiP2__Ca7SiN6,log10_retention_tau_s,3.856111004232226,-0.5913972,6.2716837,7.3500714,True
CdSiP2__Ca7SiN6,log10_retention_tau_s,7.855050520961291,1.9068159,7.218916,9.039976,True
CdSiP2__Ca7SiN6,log10_retention_tau_s,6.720630925012349,1.3779417,6.640853,8.9642935,True
K3AsS3__Ca2Al2Sn2O9,log10_retention_tau_s,2.3275438322978332,-0.14204192,6.066945,7.560406,True
K3AsS3__Ca2Al2Sn2O9,log10_retention_tau_s,0.0075137696104771315,-1.2031398,5.444464,6.611926,True
K3AsS3__Ca2Al2Sn2O9,log10_retention_tau_s,-0.4214940819522406,-1.3406118,5.3553896,6.3313212,True
K3AsS3__Ca2Al2Sn2O9,log10_retention_tau_s,-1.7788026134407982,-2.2991962,5.2781606,5.6575327,True
AlTeCl7__CaPbF6,log10_retention_tau_s,6.90696781677341,4.7498064,7.3878856,9.288342,True
AlTeCl7__CaPbF6,log10_retention_tau_s,6.854985552462277,4.641234,7.390112,9.282885,True
AlTeCl7__CaPbF6,log10_retention_tau_s,8.118253994803569,5.2249875,7.717105,9.516405,True
AlTeCl7__CaPbF6,log10_retention_tau_s,3.030901506816185,3.060259,6.567296,7.137479,False
Na6Ge2Se7__LiAsO3,log10_retention_tau_s,9.999459389120556,7.7235055,9.930925,9.992068,False
Na6Ge2Se7__LiAsO3,log10_retention_tau_s,10.019494486645678,8.570135,9.972757,9.986177,False
Na6Ge2Se7__LiAsO3,log10_retention_tau_s,9.986512698887694,7.637687,9.93472,9.992228,True
Na6Ge2Se7__LiAsO3,log10_retention_tau_s,9.986472380704972,8.104819,9.988502,10.029591,True
K4As2Se5__SiP,log10_retention_tau_s,9.12635128096248,8.415681,9.595316,9.747616,True
K4As2Se5__SiP,log10_retention_tau_s,6.129939193882505,7.342037,9.438715,9.7437935,False
K4As2Se5__SiP,log10_retention_tau_s,8.172149062123196,8.266232,9.4777155,9.738898,False
K4As2Se5__SiP,log10_retention_tau_s,9.983313500567705,8.511453,9.642824,9.768668,False
K2GeTe4__Na2In2GeSe6,log10_retention_tau_s,-6.048447078561548,-4.2813597,-2.8374577,4.273295,False
K2GeTe4__Na2In2GeSe6,log10_retention_tau_s,-5.854604341412115,-3.8764498,-2.329,4.4149055,False
K2GeTe4__Na2In2GeSe6,log10_retention_tau_s,-4.531010059043837,-2.920029,-0.9950324,4.7184534,False
K2GeTe4__Na2In2GeSe6,log10_retention_tau_s,-5.9976389293316865,-3.7047524,-2.6028397,4.412766,False
K4GeSe4__K7NaGe8,log10_retention_tau_s,6.1163486906177,6.8790736,8.025121,9.775975,False
K4GeSe4__K7NaGe8,log10_retention_tau_s,10.012515317114486,8.582748,9.949175,10.021475,True
K4GeSe4__K7NaGe8,log10_retention_tau_s,6.7888527956690705,7.050284,8.696049,9.828365,False
K4GeSe4__K7NaGe8,log10_retention_tau_s,10.02273287348615,8.613574,9.952283,10.017174,False
Na4Cd3Se5__K2SnCl6,log10_retention_tau_s,5.761233062517681,6.467318,9.541159,9.853144,False
Na4Cd3Se5__K2SnCl6,log10_retention_tau_s,7.133868669189835,6.917576,9.548865,9.87987,True
Na4Cd3Se5__K2SnCl6,log10_retention_tau_s,4.0249976794728,6.011907,9.309381,9.834304,False
Na4Cd3Se5__K2SnCl6,log10_retention_tau_s,4.32668187942092,6.0478435,9.352283,9.832088,False
Ca11Sn3C8__Cd7(P2Cl3)2,log10_retention_tau_s,9.994520380871409,9.102481,10.008534,10.035907,True
Ca11Sn3C8__Cd7(P2Cl3)2,log10_retention_tau_s,10.002151519358897,9.069537,10.010165,10.035663,True
Ca11Sn3C8__Cd7(P2Cl3)2,log10_retention_tau_s,9.99325229441602,9.143275,10.002415,10.035729,True
Ca11Sn3C8__Cd7(P2Cl3)2,log10_retention_tau_s,9.978842170758886,8.953166,10.005936,10.035112,True
NaSb5O13__In6Te10Pb,log10_retention_tau_s,6.435612543049133,3.216375,7.36253,8.616985,True
NaSb5O13__In6Te10Pb,log10_retention_tau_s,10.008894287362233,4.8043003,8.69142,8.995464,False
NaSb5O13__In6Te10Pb,log10_retention_tau_s,5.5410455844872075,3.1933773,7.0311513,8.60689,True
NaSb5O13__In6Te10Pb,log10_retention_tau_s,6.890686560314125,3.552265,7.623938,8.679923,True
P__Sb2IBr2F11,log10_retention_tau_s,9.970027449244968,9.4163475,10.018043,10.043535,True
P__Sb2IBr2F11,log10_retention_tau_s,9.984152625354305,8.87161,10.0197,10.046146,True
P__Sb2IBr2F11,log10_retention_tau_s,10.009940427394898,9.18734,10.016599,10.039646,True
P__Sb2IBr2F11,log10_retention_tau_s,9.970753975603781,9.15551,10.017102,10.043506,True
Na2PbO3__SbCl5,log10_retention_tau_s,9.99124514976473,9.069469,10.004952,10.034661,True
Na2PbO3__SbCl5,log10_retention_tau_s,9.981523441058492,9.062158,10.003776,10.033796,True
Na2PbO3__SbCl5,log10_retention_tau_s,10.02338765416997,9.120154,10.004186,10.0320215,True
Na2PbO3__SbCl5,log10_retention_tau_s,9.969125611299399,9.0609665,10.0061035,10.0339155,True
Ga7Te10__K2GeTe4,log10_retention_tau_s,-5.4659080435196445,-3.5193126,-3.4079664,4.4518814,False
Ga7Te10__K2GeTe4,log10_retention_tau_s,-5.371800856563395,-3.51347,-3.110225,4.475315,False
Ga7Te10__K2GeTe4,log10_retention_tau_s,-4.320806418863131,-3.187452,-2.8804903,4.478606,False
Ga7Te10__K2GeTe4,log10_retention_tau_s,0.36830451208264564,-0.74466324,-0.35319674,5.851335,True
NaCdIn2(PO4)3__GaSeBr7,log10_retention_tau_s,10.046525004988997,6.967948,9.950903,10.013303,False
NaCdIn2(PO4)3__GaSeBr7,log10_retention_tau_s,9.958527754156028,7.7882056,10.001509,10.029066,True
NaCdIn2(PO4)3__GaSeBr7,log10_retention_tau_s,9.998633607467172,6.956502,9.951304,10.01301,True
NaCdIn2(PO4)3__GaSeBr7,log10_retention_tau_s,9.971928764388455,8.549582,10.022785,10.038692,True
Na2Si2Se5__Te(HO)6,log10_retention_tau_s,9.986467165907367,8.691139,9.997123,10.025679,True
Na2Si2Se5__Te(HO)6,log10_retention_tau_s,9.997537905755435,9.093052,9.996727,10.022902,True
Na2Si2Se5__Te(HO)6,log10_retention_tau_s,10.01828834350546,8.809158,9.9974985,10.025672,True
Na2Si2Se5__Te(HO)6,log10_retention_tau_s,9.99312715593318,8.768535,9.998691,10.028735,True
Ca4GeN4__K2CdGeO4,log10_retention_tau_s,0.3932920710949529,0.51259345,5.3473487,5.9861856,False
Ca4GeN4__K2CdGeO4,log10_retention_tau_s,2.066528316199245,1.3039972,5.714662,6.1271954,True
Ca4GeN4__K2CdGeO4,log10_retention_tau_s,4.8286266198773475,2.2373154,6.5821757,6.965768,True
Ca4GeN4__K2CdGeO4,log10_retention_tau_s,0.5777557948968061,0.7853015,5.38303,5.9749928,False
K2SiAs2__Li2ZnSnS4,log10_retention_tau_s,9.99824821928866,7.93253,9.702085,9.959219,False
K2SiAs2__Li2ZnSnS4,log10_retention_tau_s,8.51127270484612,7.1858597,9.605069,9.936988,True
K2SiAs2__Li2ZnSnS4,log10_retention_tau_s,6.538133749122695,6.895645,9.458438,9.9273,False
K2SiAs2__Li2ZnSnS4,log10_retention_tau_s,8.145281733812773,7.1401787,9.57242,9.920108,True
K6Zn4Sn5S17__LiTi2(PO4)3,log10_retention_tau_s,8.622603935628058,5.1816635,9.127604,9.93937,True
K6Zn4Sn5S17__LiTi2(PO4)3,log10_retention_tau_s,5.133398226286635,3.6474996,8.856664,9.88525,True
K6Zn4Sn5S17__LiTi2(PO4)3,log10_retention_tau_s,8.41091656118396,5.1641793,9.118969,9.94417,True
K6Zn4Sn5S17__LiTi2(PO4)3,log10_retention_tau_s,7.179894965405991,4.7522545,8.9755535,9.867569,True
Cd(SbO3)2__Na14Cd2O9,log10_retention_tau_s,5.829325752632571,6.4999723,8.5012455,8.85701,False
Cd(SbO3)2__Na14Cd2O9,log10_retention_tau_s,9.254629359498875,7.8585043,9.408891,9.613148,True
Cd(SbO3)2__Na14Cd2O9,log10_retention_tau_s,4.489090537901406,6.106711,8.134427,8.764226,False
Cd(SbO3)2__Na14Cd2O9,log10_retention_tau_s,5.468920073800326,6.493914,8.447079,8.802872,False
NF2__Na3AlH6,log10_retention_tau_s,10.028356330507965,9.039276,9.988114,10.018836,False
NF2__Na3AlH6,log10_retention_tau_s,10.026392028453165,9.035445,9.990599,10.01605,False
NF2__Na3AlH6,log10_retention_tau_s,10.01418850125811,9.065001,9.986206,10.018029,True
NF2__Na3AlH6,log10_retention_tau_s,10.00390908654126,9.058822,9.990884,10.020246,True
Pentacene__Ge2S3Br2,log10_retention_tau_s,10.023912047678479,9.065829,9.9906,10.019297,False
Pentacene__Ge2S3Br2,log10_retention_tau_s,10.019721517088705,9.111031,9.986241,10.019188,False
Pentacene__Ge2S3Br2,log10_retention_tau_s,9.991283616424786,9.069974,9.995873,10.0206785,True
Pentacene__Ge2S3Br2,log10_retention_tau_s,10.02779529464612,9.100498,9.994581,10.019042,False
K2PbO2__K6Sn2S7,log10_retention_tau_s,-4.504558872033566,-4.052254,-2.429299,4.382076,False
K2PbO2__K6Sn2S7,log10_retention_tau_s,-5.979635401017803,-4.998991,-3.462151,4.2231464,False
K2PbO2__K6Sn2S7,log10_retention_tau_s,-2.6392042630824655,-2.523757,-0.7480508,5.4744678,False
K2PbO2__K6Sn2S7,log10_retention_tau_s,-5.996395078580962,-5.6133895,-4.02146,4.210447,False
S3(NO7)2__Na8Ga2O7,log10_retention_tau_s,9.98519197969502,9.101064,9.995034,10.024513,True
S3(NO7)2__Na8Ga2O7,log10_retention_tau_s,10.00045218265743,9.062439,9.991722,10.022968,True
S3(NO7)2__Na8Ga2O7,log10_retention_tau_s,10.012253565173447,9.08898,9.993118,10.025124,True
S3(NO7)2__Na8Ga2O7,log10_retention_tau_s,10.004555662230265,9.102271,9.997832,10.020949,True
Sb2Se3__PbSeO4,log10_retention_tau_s,10.028678954253097,9.1653185,9.999273,10.025525,False
Sb2Se3__PbSeO4,log10_retention_tau_s,9.97678202656324,8.852153,9.983948,10.024165,True
Sb2Se3__PbSeO4,log10_retention_tau_s,10.042845505557409,9.030696,9.994641,10.024155,False
Sb2Se3__PbSeO4,log10_retention_tau_s,10.02594606274527,8.8859005,9.994756,10.02352,False
Ca7SiN6__Ca2Al2Sn2O9,log10_retention_tau_s,5.1202930309931345,-1.1225389,6.2748137,6.4181013,True
Ca7SiN6__Ca2Al2Sn2O9,log10_retention_tau_s,4.919934207031893,-1.4778699,6.170634,6.3055954,True
Ca7SiN6__Ca2Al2Sn2O9,log10_retention_tau_s,8.116486318239499,-0.10321385,7.211339,7.524066,False
Ca7SiN6__Ca2Al2Sn2O9,log10_retention_tau_s,4.344044384044962,-1.6006403,5.89092,6.294624,True
K4CdAs2__KSn2(PO4)3,log10_retention_tau_s,10.028901735418556,8.97653,9.987835,10.027361,False
K4CdAs2__KSn2(PO4)3,log10_retention_tau_s,10.03060868306101,9.073417,10.002981,10.028477,False
K4CdAs2__KSn2(PO4)3,log10_retention_tau_s,9.999758685034298,8.681411,9.904486,10.004173,True
K4CdAs2__KSn2(PO4)3,log10_retention_tau_s,10.024720711100702,8.99035,9.989953,10.028273,True
KSn__TeO3,log10_retention_tau_s,10.001052020122506,9.038798,9.99221,10.021345,True
KSn__TeO3,log10_retention_tau_s,10.022393011695213,9.083147,9.991938,10.020196,False
KSn__TeO3,log10_retention_tau_s,10.00002147301594,9.046758,9.994388,10.021535,True
KSn__TeO3,log10_retention_tau_s,9.966381457606994,9.080575,9.98449,10.017126,True
K4TiSn3(PO5)4__GaSeBr7,log10_retention_tau_s,10.018288908681669,8.133508,9.981496,10.014864,False
K4TiSn3(PO5)4__GaSeBr7,log10_retention_tau_s,9.989570212367555,8.220272,9.993137,10.025244,True
K4TiSn3(PO5)4__GaSeBr7,log10_retention_tau_s,9.95642462040701,7.2554393,9.975455,10.022733,True
K4TiSn3(PO5)4__GaSeBr7,log10_retention_tau_s,10.014954365857628,7.0291038,9.963806,10.015169,True
K2Zn3O4__NaInSe2,log10_retention_tau_s,4.548905368588074,5.728091,6.859064,6.914015,False
K2Zn3O4__NaInSe2,log10_retention_tau_s,1.5629962644064592,4.2340107,5.6434565,6.668574,False
K2Zn3O4__NaInSe2,log10_retention_tau_s,7.362733360945308,6.8053675,7.95171,9.0676365,True
K2Zn3O4__NaInSe2,log10_retention_tau_s,5.321913279720148,6.106724,6.92824,8.156821,False
K3Na2SnAs3__Na2LiAlP2,log10_retention_tau_s,0.5388872768998605,3.6624682,6.821439,7.163806,False
K3Na2SnAs3__Na2LiAlP2,log10_retention_tau_s,2.404350357921396,4.4308605,6.9667864,7.2089405,False
K3Na2SnAs3__Na2LiAlP2,log10_retention_tau_s,2.7769209681071247,4.5191617,6.9906077,7.3974385,False
K3Na2SnAs3__Na2LiAlP2,log10_retention_tau_s,-0.24243333819492505,3.5608282,6.8119383,7.1394253,False
K2H6PbO6__K4Ge9O20,log10_retention_tau_s,3.5784602884308554,-1.6832112,5.769554,6.2914047,True
K2H6PbO6__K4Ge9O20,log10_retention_tau_s,4.268394434712849,-1.7387102,5.921278,6.308098,True
K2H6PbO6__K4Ge9O20,log10_retention_tau_s,8.333296319006687,-0.48771665,7.2910304,7.4643493,False
K2H6PbO6__K4Ge9O20,log10_retention_tau_s,8.67300226542593,-0.6597699,7.325676,7.464607,False
In2(Se2O5)3__SnPO4F,log10_retention_tau_s,10.014090819120717,8.53982,9.998377,10.030132,True
In2(Se2O5)3__SnPO4F,log10_retention_tau_s,9.993067295377541,8.7512245,10.011299,10.03842,True
In2(Se2O5)3__SnPO4F,log10_retention_tau_s,10.020628588001097,8.997722,10.008345,10.031722,True
In2(Se2O5)3__SnPO4F,log10_retention_tau_s,9.960038867688505,8.636998,10.003224,10.0331955,True
KNaGeO3__Sb9S4F39,log10_retention_tau_s,10.018290863352338,9.074535,9.99284,10.019886,True
KNaGeO3__Sb9S4F39,log10_retention_tau_s,9.98719531812754,9.063297,9.998211,10.0219755,True
KNaGeO3__Sb9S4F39,log10_retention_tau_s,9.987073565454917,9.07277,9.992942,10.026029,True
KNaGeO3__Sb9S4F39,log10_retention_tau_s,10.005695623135846,9.065486,9.990157,10.019034,True
K2Ti2O5__Rubrene,log10_retention_tau_s,10.01227151676908,9.047329,9.988749,10.017882,True
K2Ti2O5__Rubrene,log10_retention_tau_s,10.017435765646836,9.057431,9.991328,10.015878,False
K2Ti2O5__Rubrene,log10_retention_tau_s,10.003636338477648,9.094332,9.980954,10.011899,True
K2Ti2O5__Rubrene,log10_retention_tau_s,9.982049275643941,9.044661,9.98816,10.013912,True
P4S7__Ge3Pb5O11,log10_retention_tau_s,7.480116736410416,7.3655014,8.422132,9.180402,True
P4S7__Ge3Pb5O11,log10_retention_tau_s,8.326500165865887,7.719872,8.622877,9.539543,True
P4S7__Ge3Pb5O11,log10_retention_tau_s,6.95801570818084,7.2799115,8.389339,9.186189,False
P4S7__Ge3Pb5O11,log10_retention_tau_s,4.079553725390881,5.6865764,7.5994883,8.248948,False
K2SnTe3__In2(SeO4)3,log10_retention_tau_s,10.013925654760397,6.2353673,9.971011,10.026484,True
K2SnTe3__In2(SeO4)3,log10_retention_tau_s,9.972084324865866,6.2316523,9.971268,10.026302,True
K2SnTe3__In2(SeO4)3,log10_retention_tau_s,9.979642715201134,7.4822946,10.0068445,10.029929,True
K2SnTe3__In2(SeO4)3,log10_retention_tau_s,10.008852329043878,6.106983,9.857509,10.02389,True
Na2In2SiS6__LiC,log10_retention_tau_s,3.966755971514645,5.590236,9.434013,9.955317,False
Na2In2SiS6__LiC,log10_retention_tau_s,3.4068650523766464,5.390245,9.436605,9.94882,False
Na2In2SiS6__LiC,log10_retention_tau_s,3.773369919651333,5.3567805,9.433182,9.94858,False
Na2In2SiS6__LiC,log10_retention_tau_s,2.856102087143756,5.5587697,9.43516,9.948783,False
K2Sn(AsS3)2__Na2In2SiS6,log10_retention_tau_s,4.095629860083233,-0.14557673,5.8744226,6.2246656,True
K2Sn(AsS3)2__Na2In2SiS6,log10_retention_tau_s,7.08619064007574,1.2879647,6.523281,7.448272,True
K2Sn(AsS3)2__Na2In2SiS6,log10_retention_tau_s,7.540518364008272,1.6486477,6.662632,7.6625643,True
K2Sn(AsS3)2__Na2In2SiS6,log10_retention_tau_s,3.007337669019593,-0.37941012,5.44357,6.207174,True
TeI__SnPS3,log10_retention_tau_s,9.993169045598686,4.8105392,9.846935,9.996144,True
TeI__SnPS3,log10_retention_tau_s,9.982506206351223,6.3197007,9.9711275,10.013222,True
TeI__SnPS3,log10_retention_tau_s,10.006690666725149,4.891908,9.935951,10.010767,True
TeI__SnPS3,log10_retention_tau_s,10.010772797347675,4.826293,9.908356,10.003771,False
Li7SbN4__Na2GeTeO6,log10_retention_tau_s,-5.967581070853445,-3.744491,-2.4678829,4.1320915,False
Li7SbN4__Na2GeTeO6,log10_retention_tau_s,-5.977485782549505,-3.7669713,-2.714805,4.129923,False
Li7SbN4__Na2GeTeO6,log10_retention_tau_s,-5.971585312469851,-3.769203,-2.5401356,4.13005,False
Li7SbN4__Na2GeTeO6,log10_retention_tau_s,-1.855009780759504,-0.72937065,-0.2905366,5.1860137,False
K5GaSe4__CdSnP14,log10_retention_tau_s,9.993557007417568,8.499628,10.002399,10.032876,True
K5GaSe4__CdSnP14,log10_retention_tau_s,9.960822195154655,8.713294,10.000051,10.035033,True
K5GaSe4__CdSnP14,log10_retention_tau_s,9.953802923957188,8.909753,10.009599,10.034801,True
K5GaSe4__CdSnP14,log10_retention_tau_s,10.036256129705858,8.993674,10.014623,10.041474,True
Li10Zn4O9__SbAs2Cl13,log10_retention_tau_s,9.951963621296926,7.22174,10.004859,10.0287485,True
Li10Zn4O9__SbAs2Cl13,log10_retention_tau_s,9.964243331927284,7.76392,9.9984255,10.02927,True
Li10Zn4O9__SbAs2Cl13,log10_retention_tau_s,9.990941564675156,7.6896453,9.997564,10.031445,True
Li10Zn4O9__SbAs2Cl13,log10_retention_tau_s,10.018938322402319,7.8702283,9.995803,10.028643,True
ZnSe__Li2ZnSn3O8,log10_retention_tau_s,5.154318494592563,2.5098503,5.819088,8.555669,True
ZnSe__Li2ZnSn3O8,log10_retention_tau_s,7.162084122646875,2.9895866,6.780288,8.68574,True
ZnSe__Li2ZnSn3O8,log10_retention_tau_s,7.191779292664051,2.9574015,6.7950673,8.685045,True
ZnSe__Li2ZnSn3O8,log10_retention_tau_s,6.394784903326223,2.9978004,6.417067,8.63952,True
ZnF2__K2LiInAs2,log10_retention_tau_s,10.016547811126243,9.096707,9.995411,10.026878,True
ZnF2__K2LiInAs2,log10_retention_tau_s,10.024264632599053,9.095778,9.993842,10.02694,True
ZnF2__K2LiInAs2,log10_retention_tau_s,9.98989789337315,9.0891485,9.989816,10.027432,True
ZnF2__K2LiInAs2,log10_retention_tau_s,10.030349942898455,9.0921135,9.995879,10.026274,False
Sn2Sb2Pb4O13__InSb(P2O7)2,log10_retention_tau_s,5.565693080503323,7.6454053,9.928945,9.991561,False
Sn2Sb2Pb4O13__InSb(P2O7)2,log10_retention_tau_s,2.648422389821681,6.890669,9.907737,9.911143,False
Sn2Sb2Pb4O13__InSb(P2O7)2,log10_retention_tau_s,5.303959753788582,7.72283,9.927197,9.985518,False
Sn2Sb2Pb4O13__InSb(P2O7)2,log10_retention_tau_s,5.8451410393962755,7.707912,9.9220295,9.991167,False
P3NCl12__AlInI4,log10_retention_tau_s,9.978549709087197,9.0928955,9.991687,10.024586,True
P3NCl12__AlInI4,log10_retention_tau_s,9.993423194545985,9.069873,9.994269,10.0208,True
P3NCl12__AlInI4,log10_retention_tau_s,10.0616583371878,9.088278,9.991587,10.0214815,False
P3NCl12__AlInI4,log10_retention_tau_s,10.005388578995491,9.063338,9.992527,10.020349,True
KSnAsS5__LiPH21S3N7,log10_retention_tau_s,10.007370912734562,7.2579947,9.492427,9.972881,False
KSnAsS5__LiPH21S3N7,log10_retention_tau_s,9.994879066824435,7.1860447,9.55242,9.962628,False
KSnAsS5__LiPH21S3N7,log10_retention_tau_s,9.98951892309543,8.04305,9.56354,9.970935,False
KSnAsS5__LiPH21S3N7,log10_retention_tau_s,9.9498275893185,8.301194,9.643406,9.97716,True
GeClO2F5__K6Zn4Sn5S17,log10_retention_tau_s,9.986768096035599,9.051005,9.986368,10.01776,True
GeClO2F5__K6Zn4Sn5S17,log10_retention_tau_s,10.012343000365856,9.071628,9.983968,10.026955,True
GeClO2F5__K6Zn4Sn5S17,log10_retention_tau_s,10.007167493734732,9.015091,9.990922,10.017182,True
GeClO2F5__K6Zn4Sn5S17,log10_retention_tau_s,9.996175900258462,9.067618,9.988953,10.022122,True
Na3AlH6__K6Te3(H8O7)4,log10_retention_tau_s,9.953372959652587,8.943819,9.9329195,10.0327015,True
Na3AlH6__K6Te3(H8O7)4,log10_retention_tau_s,10.02840129013551,8.6698265,9.69041,10.022609,False
Na3AlH6__K6Te3(H8O7)4,log10_retention_tau_s,9.984783387405255,8.631208,9.690048,10.017155,True
Na3AlH6__K6Te3(H8O7)4,log10_retention_tau_s,10.008997024858543,8.978773,9.906572,10.040814,True
K3AsSe4__Ca2Al2Sn2O9,log10_retention_tau_s,9.290368563278903,6.514223,7.7914515,9.022224,False
K3AsSe4__Ca2Al2Sn2O9,log10_retention_tau_s,9.792866952419155,6.562797,7.728285,9.026319,False
K3AsSe4__Ca2Al2Sn2O9,log10_retention_tau_s,4.501542513139414,4.834601,5.7766294,8.551364,False
K3AsSe4__Ca2Al2Sn2O9,log10_retention_tau_s,7.63288072253543,5.6001024,7.6004505,8.716395,True
KAs2HO6__P2Pb4O9,log10_retention_tau_s,-0.9153567074727891,-4.2912006,2.003944,5.135031,True
KAs2HO6__P2Pb4O9,log10_retention_tau_s,-1.1996051036762554,-4.301165,2.0927982,5.217464,True
KAs2HO6__P2Pb4O9,log10_retention_tau_s,-0.15673264288758249,-3.9707127,2.0889678,5.187465,True
KAs2HO6__P2Pb4O9,log10_retention_tau_s,3.628137771598577,-1.1736667,3.7513788,6.3506703,True
LiGaO2__SnPCl9,log10_retention_tau_s,10.025410526846622,9.039302,10.008375,10.038386,True
LiGaO2__SnPCl9,log10_retention_tau_s,9.930830874818891,9.029667,10.009791,10.034543,True
LiGaO2__SnPCl9,log10_retention_tau_s,10.01072581188236,9.026226,10.012879,10.038496,True
LiGaO2__SnPCl9,log10_retention_tau_s,9.967101930747928,9.03461,10.012634,10.038717,True
P7Pb__Na2Ti2Si2O9,log10_retention_tau_s,10.0240889944407,9.147479,9.975,10.024653,True
P7Pb__Na2Ti2Si2O9,log10_retention_tau_s,9.97623166639852,9.156749,9.997523,10.03494,True
P7Pb__Na2Ti2Si2O9,log10_retention_tau_s,10.011279140405753,9.156356,9.97901,10.026429,True
P7Pb__Na2Ti2Si2O9,log10_retention_tau_s,9.997288601190908,9.318103,9.997723,10.033276,True
Ga2O3__LiIn(IO3)4,log10_retention_tau_s,3.2500111368261817,0.04736572,5.2863026,5.9483595,True
Ga2O3__LiIn(IO3)4,log10_retention_tau_s,1.0574434627072236,-0.7811427,5.0029335,5.2261825,True
Ga2O3__LiIn(IO3)4,log10_retention_tau_s,4.229176228311108,0.6512442,5.5021167,6.5085278,True
Ga2O3__LiIn(IO3)4,log10_retention_tau_s,5.796645019250551,1.4989493,5.662228,7.2281165,True
Zn(InSe2)2__TiZn(SO4)3,log10_retention_tau_s,9.978485397183986,6.055688,9.9326725,10.016361,True
Zn(InSe2)2__TiZn(SO4)3,log10_retention_tau_s,10.02019460483645,7.0132256,9.966793,9.988295,False
Zn(InSe2)2__TiZn(SO4)3,log10_retention_tau_s,9.987218952200044,6.06921,9.762115,9.970917,False
Zn(InSe2)2__TiZn(SO4)3,log10_retention_tau_s,9.992716743774896,6.1905966,9.925905,10.0159,True
TeO2__KInO2,log10_retention_tau_s,9.984351812721817,9.059173,9.996103,10.023881,True
TeO2__KInO2,log10_retention_tau_s,10.046355510001959,9.052252,9.999314,10.027078,False
TeO2__KInO2,log10_retention_tau_s,9.99523561484695,8.910257,9.992392,10.023756,True
TeO2__KInO2,log10_retention_tau_s,10.009028886188483,9.055222,10.00122,10.027697,True
NaLi2Sb__K2Ti2O5,log10_retention_tau_s,10.011845547387107,9.014283,9.984262,10.022268,True
NaLi2Sb__K2Ti2O5,log10_retention_tau_s,9.94019045857681,9.027226,9.98587,10.022644,True
NaLi2Sb__K2Ti2O5,log10_retention_tau_s,10.017510693609456,8.952636,9.987089,10.02271,True
NaLi2Sb__K2Ti2O5,log10_retention_tau_s,10.021218662507737,9.100746,10.002039,10.0295725,True
Na6GaP3__AsI5F6,log10_retention_tau_s,9.972857834126517,9.064339,9.988742,10.016684,True
Na6GaP3__AsI5F6,log10_retention_tau_s,10.034477053073621,9.051617,9.986274,10.013535,False
Na6GaP3__AsI5F6,log10_retention_tau_s,10.011653901313428,9.070233,9.990227,10.019932,True
Na6GaP3__AsI5F6,log10_retention_tau_s,9.983812069018338,9.089899,9.986567,10.017066,True
K2O__K6Pb2O5,log10_retention_tau_s,-1.5937654688490919,-0.8641862,-0.6838823,4.974336,False
K2O__K6Pb2O5,log10_retention_tau_s,-4.446059208056367,-3.192393,-2.1089365,4.537722,False
K2O__K6Pb2O5,log10_retention_tau_s,-2.732715612830113,-2.0969298,-1.3489641,4.671715,False
K2O__K6Pb2O5,log10_retention_tau_s,-5.986619817674846,-3.625971,-2.0028393,4.530513,False
Li2SnSe3__Na2PS3,log10_retention_tau_s,4.678990220540029,5.7678056,9.275011,9.862057,False
Li2SnSe3__Na2PS3,log10_retention_tau_s,9.986790781876202,6.892301,9.668485,9.953043,False
Li2SnSe3__Na2PS3,log10_retention_tau_s,8.391364085471885,6.2867994,9.542205,9.912767,True
Li2SnSe3__Na2PS3,log10_retention_tau_s,7.554876337621105,6.0360394,9.439856,9.889599,True
In2(CN2)3__LiTi2(PO4)3,log10_retention_tau_s,6.645083319929868,2.6487024,6.4549866,9.179322,True
In2(CN2)3__LiTi2(PO4)3,log10_retention_tau_s,5.95586368638024,2.0909302,5.6288285,9.089681,True
In2(CN2)3__LiTi2(PO4)3,log10_retention_tau_s,6.321719277615475,2.448753,6.0662932,9.081625,True
In2(CN2)3__LiTi2(PO4)3,log10_retention_tau_s,3.6393144110108224,1.141101,5.360319,7.932469,True
KTe__PCl5,log10_retention_tau_s,10.03818931451021,9.074277,9.993835,10.020342,False
KTe__PCl5,log10_retention_tau_s,9.993800728951475,9.02073,9.994785,10.02155,True
KTe__PCl5,log10_retention_tau_s,10.005812003344229,9.044998,9.994873,10.020126,True
KTe__PCl5,log10_retention_tau_s,9.98995820614749,9.030848,9.994956,10.024974,True
AsI5F6__Ca3In2(GeO4)3,log10_retention_tau_s,9.99928118548229,9.075144,9.990072,10.024746,True
AsI5F6__Ca3In2(GeO4)3,log10_retention_tau_s,10.018623026232614,9.068616,9.991718,10.022635,True
AsI5F6__Ca3In2(GeO4)3,log10_retention_tau_s,10.005675346952671,9.075696,9.990771,10.02276,True
AsI5F6__Ca3In2(GeO4)3,log10_retention_tau_s,10.021117965790706,9.097928,9.995519,10.018982,False
SbP2O7__KIn7S8,log10_retention_tau_s,10.031444116762845,9.062468,9.996604,10.031752,True
SbP2O7__KIn7S8,log10_retention_tau_s,10.020425194615877,9.072026,10.002864,10.032771,True
SbP2O7__KIn7S8,log10_retention_tau_s,10.01540455053226,9.082219,9.994878,10.030358,True
SbP2O7__KIn7S8,log10_retention_tau_s,10.007960783973129,9.0983925,9.9747715,10.026234,True
Na(GeP)3__LiInSiO4,log10_retention_tau_s,9.332917632589876,8.589275,9.981331,10.009918,True
Na(GeP)3__LiInSiO4,log10_retention_tau_s,5.671391967749761,7.459708,9.793594,9.991404,False
Na(GeP)3__LiInSiO4,log10_retention_tau_s,8.673337578749768,8.629439,9.964797,10.013414,True
Na(GeP)3__LiInSiO4,log10_retention_tau_s,5.834487629992234,8.0942545,9.845607,9.989757,False
Ca2Si__CdI2,log10_retention_tau_s,9.979737859165727,9.105866,10.003284,10.03531,True
Ca2Si__CdI2,log10_retention_tau_s,9.9935572760447,9.123144,9.999728,10.0305805,True
Ca2Si__CdI2,log10_retention_tau_s,10.000904000991426,9.104357,10.005542,10.036049,True
Ca2Si__CdI2,log10_retention_tau_s,10.004648953639975,9.105866,10.005095,10.033134,True
Li4PbO4__TeS7Cl2,log10_retention_tau_s,9.969070080910086,9.112011,10.0064945,10.033157,True
Li4PbO4__TeS7Cl2,log10_retention_tau_s,9.985062942317905,9.134723,10.006346,10.032422,True
Li4PbO4__TeS7Cl2,log10_retention_tau_s,9.971813045644508,9.153604,10.004471,10.030773,True
Li4PbO4__TeS7Cl2,log10_retention_tau_s,9.9890610844807,9.138091,10.004115,10.0332365,True
LiSbO3__Ti(NO3)4,log10_retention_tau_s,9.977178773334824,7.2329383,9.793991,9.968412,False
LiSbO3__Ti(NO3)4,log10_retention_tau_s,9.985336056122927,8.203998,9.864027,9.981257,False
LiSbO3__Ti(NO3)4,log10_retention_tau_s,10.014784842840664,7.9873614,9.807964,9.965179,False
LiSbO3__Ti(NO3)4,log10_retention_tau_s,9.714301877389076,6.9969854,9.735097,9.976149,True
Li2Ca(SiN2)2__AlAs3S5Cl4,log10_retention_tau_s,9.999102729303315,8.819294,10.000912,10.03364,True
Li2Ca(SiN2)2__AlAs3S5Cl4,log10_retention_tau_s,9.982349081731106,8.372949,9.996849,10.033064,True
Li2Ca(SiN2)2__AlAs3S5Cl4,log10_retention_tau_s,10.017110850584642,8.70073,9.989655,10.037795,True
Li2Ca(SiN2)2__AlAs3S5Cl4,log10_retention_tau_s,9.98589380837613,8.411514,9.996856,10.032089,True
KSnAsO5__TiSnP2SO12,log10_retention_tau_s,9.023639142854579,6.8626204,8.16012,9.496722,True
KSnAsO5__TiSnP2SO12,log10_retention_tau_s,8.233062477446628,6.6701374,8.152597,9.502576,True
KSnAsO5__TiSnP2SO12,log10_retention_tau_s,9.216537043398036,6.934298,8.2118,9.498273,True
KSnAsO5__TiSnP2SO12,log10_retention_tau_s,3.322730177356972,4.7688227,7.7655272,9.437819,False
KSbS2__Al2ZnS4,log10_retention_tau_s,1.6943213054658732,4.667676,9.03108,9.114889,False
KSbS2__Al2ZnS4,log10_retention_tau_s,0.31977968470517143,4.325558,9.02598,9.13876,False
KSbS2__Al2ZnS4,log10_retention_tau_s,3.4970163770384834,4.957815,9.040343,9.166854,False
KSbS2__Al2ZnS4,log10_retention_tau_s,4.443544025510379,5.289223,9.052006,9.220715,False
GePbS3__Zn3PBr3,log10_retention_tau_s,9.989869101606,8.958395,9.837825,10.011982,True
GePbS3__Zn3PBr3,log10_retention_tau_s,5.270860475040315,8.466767,9.794009,10.004493,False
GePbS3__Zn3PBr3,log10_retention_tau_s,9.974087801550949,9.252557,9.863198,10.020207,True
GePbS3__Zn3PBr3,log10_retention_tau_s,5.428369245233683,8.417748,9.729065,10.006628,False
Ca11AlSb9__Sb9S4F39,log10_retention_tau_s,9.992163292059818,9.059896,9.991476,10.017328,True
Ca11AlSb9__Sb9S4F39,log10_retention_tau_s,10.025710069599628,9.09706,9.9895935,10.016606,False
Ca11AlSb9__Sb9S4F39,log10_retention_tau_s,10.016148000662984,9.098171,9.982376,10.014772,False
Ca11AlSb9__Sb9S4F39,log10_retention_tau_s,9.992750432442053,9.085692,9.986952,10.012819,True
Ca(Ga3Te5)2__LiZnN,log10_retention_tau_s,10.005745870592055,9.184455,9.989148,10.030576,True
Ca(Ga3Te5)2__LiZnN,log10_retention_tau_s,9.985945080722967,9.164131,9.973132,10.030568,True
Ca(Ga3Te5)2__LiZnN,log10_retention_tau_s,10.01368055349756,9.191429,9.986432,10.032015,True
Ca(Ga3Te5)2__LiZnN,log10_retention_tau_s,9.958856800771594,9.192121,9.984558,10.030994,True
TiBr4__LiZnPS4,log10_retention_tau_s,-3.021754397736273,-0.13663101,5.2379,5.6380363,False
TiBr4__LiZnPS4,log10_retention_tau_s,2.671823521872633,3.1188831,6.547832,8.162913,False
TiBr4__LiZnPS4,log10_retention_tau_s,-3.912936890429533,-0.48170593,4.6310153,5.1235514,False
TiBr4__LiZnPS4,log10_retention_tau_s,-2.544665086287721,0.60635346,5.2332106,5.838203,False
Na2In2GeSe6__Li5SiN3,log10_retention_tau_s,9.985228220535461,8.2524,9.73024,10.028537,True
Na2In2GeSe6__Li5SiN3,log10_retention_tau_s,9.992990252149573,8.614972,9.719454,10.034434,True
Na2In2GeSe6__Li5SiN3,log10_retention_tau_s,8.339314669994653,7.341735,9.604169,10.026543,True
Na2In2GeSe6__Li5SiN3,log10_retention_tau_s,10.030682386537242,8.530373,9.715325,9.995185,False
CdSe2__Sb8(PbS5)3,log10_retention_tau_s,2.445683215051099,0.07384831,5.5111194,7.069119,True
CdSe2__Sb8(PbS5)3,log10_retention_tau_s,-0.09184354775145265,-0.8663796,5.2498875,5.537033,True
CdSe2__Sb8(PbS5)3,log10_retention_tau_s,-0.23878571773546783,-0.8805013,5.2476077,5.342731,True
CdSe2__Sb8(PbS5)3,log10_retention_tau_s,3.4768095360505415,0.7826363,5.6534047,7.4397326,True
KTi2(PO4)3__KICl4,log10_retention_tau_s,9.997587506468548,7.700919,9.361391,9.710365,False
KTi2(PO4)3__KICl4,log10_retention_tau_s,9.73687344013206,7.460858,9.360402,9.7035475,False
KTi2(PO4)3__KICl4,log10_retention_tau_s,5.361436472958285,5.6789503,8.655693,9.1428795,False
KTi2(PO4)3__KICl4,log10_retention_tau_s,9.976247842053503,7.7586236,9.33376,9.743408,False
TeSe2__Zn3Cd3(TeO6)2,log10_retention_tau_s,0.8127106525399359,-1.1393939,5.4947834,6.71875,True
TeSe2__Zn3Cd3(TeO6)2,log10_retention_tau_s,1.716787581719414,-0.70191103,6.0544796,7.074789,True
TeSe2__Zn3Cd3(TeO6)2,log10_retention_tau_s,2.351455434361506,-0.33303624,6.4513187,7.1637673,True
TeSe2__Zn3Cd3(TeO6)2,log10_retention_tau_s,-2.0273444056516925,-2.4764721,5.231147,5.3626785,True
K3AlSe3__Ge19(AsBr)4,log10_retention_tau_s,9.983676227656893,9.091551,10.001437,10.028409,True
K3AlSe3__Ge19(AsBr)4,log10_retention_tau_s,10.000951136329313,9.071841,10.006776,10.024535,True
K3AlSe3__Ge19(AsBr)4,log10_retention_tau_s,9.98381026042304,9.051883,10.002544,10.029416,True
K3AlSe3__Ge19(AsBr)4,log10_retention_tau_s,9.984976910048188,9.065153,10.00386,10.031085,True
KSnS4__Na6Ge2S7,log10_retention_tau_s,2.1410837680202968,-2.713093,4.8598557,5.825167,True
KSnS4__Na6Ge2S7,log10_retention_tau_s,2.320067871004963,-2.6716309,5.09435,5.774886,True
KSnS4__Na6Ge2S7,log10_retention_tau_s,3.4252703372772615,-1.6757406,5.708119,6.0991397,True
KSnS4__Na6Ge2S7,log10_retention_tau_s,4.673769709577609,-0.7812052,6.0141706,6.72359,True
CaGaGeH__In4GeS4,log10_retention_tau_s,5.104809572351193,3.361664,7.499923,9.377613,True
CaGaGeH__In4GeS4,log10_retention_tau_s,7.166760072770237,4.105629,7.595257,9.4009905,True
CaGaGeH__In4GeS4,log10_retention_tau_s,7.907800557660771,4.380796,7.644891,9.431867,True
CaGaGeH__In4GeS4,log10_retention_tau_s,7.212020652719391,4.1122837,7.5892406,9.418554,True
Ca3AlN3__Na3Sb3(AsO7)2,log10_retention_tau_s,9.973637254210285,8.493428,10.002014,10.025707,True
Ca3AlN3__Na3Sb3(AsO7)2,log10_retention_tau_s,9.992080137756673,8.273403,9.996918,10.025938,True
Ca3AlN3__Na3Sb3(AsO7)2,log10_retention_tau_s,10.002015392478372,8.392946,10.004971,10.031836,True
Ca3AlN3__Na3Sb3(AsO7)2,log10_retention_tau_s,10.004899272587757,7.9220057,9.992656,10.02362,True
Na2PS3__ZnSiN2,log10_retention_tau_s,9.98379362851168,7.9738884,8.841795,9.506738,False
Na2PS3__ZnSiN2,log10_retention_tau_s,8.044518547186552,7.3043623,8.809441,9.48844,True
Na2PS3__ZnSiN2,log10_retention_tau_s,9.960777733999288,8.146643,8.848595,9.516134,False
Na2PS3__ZnSiN2,log10_retention_tau_s,10.001924943552615,7.870176,8.841801,9.510769,False
KAlTe2__Ca3(AlN2)2,log10_retention_tau_s,-3.309750117604124,-4.8122377,-1.7319767,3.9518547,True
KAlTe2__Ca3(AlN2)2,log10_retention_tau_s,-2.540029067531796,-3.974268,-1.3477303,4.155282,True
KAlTe2__Ca3(AlN2)2,log10_retention_tau_s,0.6014721826567128,-1.8290539,0.6828121,5.5314937,True
KAlTe2__Ca3(AlN2)2,log10_retention_tau_s,0.30966876127834575,-2.0776656,0.66031224,5.5123415,True
K4I2O9__KInAs3H7O13,log10_retention_tau_s,7.239209412859751,5.332518,6.8845105,8.693324,True
K4I2O9__KInAs3H7O13,log10_retention_tau_s,6.379225613365761,4.866768,6.3938417,8.523382,True
K4I2O9__KInAs3H7O13,log10_retention_tau_s,4.578613431868333,4.5458117,5.750659,8.508559,True
K4I2O9__KInAs3H7O13,log10_retention_tau_s,8.024729594468784,5.1975765,7.5318184,8.724845,True
KSeO2F__K2SbH5O6,log10_retention_tau_s,8.654807348410253,7.8483634,9.169119,9.635641,True
KSeO2F__K2SbH5O6,log10_retention_tau_s,7.417036880438833,7.6017566,8.592738,9.459682,False
KSeO2F__K2SbH5O6,log10_retention_tau_s,2.598738200897019,4.9217806,6.624406,8.23054,False
KSeO2F__K2SbH5O6,log10_retention_tau_s,5.276353017061537,6.520989,8.338021,8.369662,False
Na5Ti2Si2PO13__KSnPO5,log10_retention_tau_s,-5.9939028854942675,-3.9248521,-2.41567,4.258948,False
Na5Ti2Si2PO13__KSnPO5,log10_retention_tau_s,-2.593408577037922,-1.0011286,0.055766795,4.723236,False
Na5Ti2Si2PO13__KSnPO5,log10_retention_tau_s,-1.9165066347621609,-0.55660534,0.66851616,5.548972,False
Na5Ti2Si2PO13__KSnPO5,log10_retention_tau_s,-2.229845294939257,-0.7674547,0.52451956,5.2159986,False
